OS_BSP_Initialize():Maximum user msg queue depth = 512
CFE_PSP: Default Reset SubType = 1
CFE_PSP: Default CPU ID = 1
CFE_PSP: Default Spacecraft ID = 66
CFE_PSP: Default CPU Name: cpu1
OS_Posix_GetSchedulerParams():208:Policy 1: available, min-max: 1-99
OS_Posix_GetSchedulerParams():208:Policy 2: available, min-max: 1-99
OS_Posix_TaskAPI_Impl_Init():401:Selected policy 2 for RT tasks, root task = 99
OS_Posix_TaskAPI_Impl_Init():419:Could not setschedparam in main thread: Operation not permitted (1)
CFE_PSP: initializing module 'soft_timebase' with ID 0110ff00
CFE_PSP: Instantiated software timebase 'cFS-Master' running at 10000 usec
CFE_PSP: initializing module 'timebase_posix_clock' with ID 0110ff01
CFE_PSP: Using POSIX monotonic clock as CFE timebase
CFE_PSP: initializing module 'eeprom_mmap_file' with ID 0110ff02
CFE_PSP: Using MMAP simulated EEPROM implementation
CFE_PSP: EEPROM Range (2) created: Start Address = F5FCD820E000, Size = 00080000 Status = 0
CFE_PSP: initializing module 'port_notimpl' with ID 0110ff03
CFE_PSP: I/O Port access not implemented
CFE_PSP: initializing module 'iodriver' with ID 0110ff04
CFE_PSP: initializing module 'linux_sysmon' with ID 0110ff05
CFE_PSP: initializing module 'endian_api' with ID 0110ff06
CFE_PSP: Host CPU Endian=LITTLE
CFE_PSP: initializing module 'ram_notimpl' with ID 0110ff07
CFE_PSP: Physical RAM access not implemented
CFE_PSP: Normal exit from previous cFE instance
CFE_PSP: Starting the cFE with a PROCESSOR reset.
1980-001-01:35:43.30653 CFE_ES_Main: CFE_ES_Main in EARLY_INIT state
1980-001-01:35:43.32250 CFE_ES_InitializeFileSystems: Volatile Disk has 100 Percent free space.
Number of addresses returned by backtrace = 1
CFE_PSP: CFE_PSP_AttachExceptions called
1980-001-01:35:43.35048 CFE_ES_Main: CFE_ES_Main entering CORE_STARTUP state
1980-001-01:35:43.35080 CFE_ES_CreateObjects: Starting Object Creation calls.
1980-001-01:35:43.35299 CFE_ES_CreateObjects: Calling EarlyInit for CFE_CONFIG
1980-001-01:35:43.35956 CFE_ES_CreateObjects: Calling EarlyInit for CFE_ES
1980-001-01:35:43.37188 CFE_ES_CreateObjects: Calling EarlyInit for CFE_EVS
1980-001-01:35:43.37759 CFE_EVS_EarlyInit: Event Log restored, n=0, c=20, f=1, m=1, o=723
1980-001-01:35:43.37840 CFE_ES_CreateObjects: Calling EarlyInit for CFE_FS
1980-001-01:35:43.38171 CFE_ES_CreateObjects: Calling EarlyInit for CFE_SB
1980-001-01:35:43.42781 CFE_ES_CreateObjects: Calling EarlyInit for CFE_TBL
1980-001-01:35:43.45802 CFE_ES_CreateObjects: Calling EarlyInit for CFE_TIME
EVS Port1 1980-012-14:33:04.99926 66/1/CFE_ES 1: cFE ES Initialized: CFE_ES v7.0.1+dev1 (Draco) DEV BUILD, based on v7.0.1, EDS disabled
EVS Port1 1980-012-14:33:05.00669 66/1/CFE_ES 2: cFS Versions: cfe v7.0.1+dev1, osal v7.0.1+dev1, psp v7.0.1+dev1. cFE chksm 31659
EVS Port1 1980-012-14:33:05.00891 66/1/CFE_ES 91: Version Info: Mission SampleMission, version git:v7.0.1-90-g78c23b0-dirty
EVS Port1 1980-012-14:33:05.00979 66/1/CFE_ES 91: Version Info: Module CORE_API, version git:2612eb0
EVS Port1 1980-012-14:33:05.01153 66/1/CFE_ES 91: Version Info: Module CONFIG, version git:2612eb0
EVS Port1 1980-012-14:33:05.01190 66/1/CFE_ES 91: Version Info: Module ES, version git:2612eb0
EVS Port1 1980-012-14:33:05.01245 66/1/CFE_ES 91: Version Info: Module EVS, version git:2612eb0
EVS Port1 1980-012-14:33:05.01272 66/1/CFE_ES 91: Version Info: Module FS, version git:2612eb0
EVS Port1 1980-012-14:33:05.01528 66/1/CFE_ES 91: Version Info: Module SB, version git:2612eb0
EVS Port1 1980-012-14:33:05.01681 66/1/CFE_ES 91: Version Info: Module TBL, version git:2612eb0
EVS Port1 1980-012-14:33:05.01753 66/1/CFE_ES 91: Version Info: Module TIME, version git:2612eb0
EVS Port1 1980-012-14:33:05.01780 66/1/CFE_ES 91: Version Info: Module OSAL, version git:8111e4a
EVS Port1 1980-012-14:33:05.01948 66/1/CFE_ES 91: Version Info: Module PSP, version git:d1da809
EVS Port1 1980-012-14:33:05.02082 66/1/CFE_ES 91: Version Info: Module MSG, version git:2612eb0
EVS Port1 1980-012-14:33:05.02137 66/1/CFE_ES 91: Version Info: Module SBR, version git:2612eb0
EVS Port1 1980-012-14:33:05.02163 66/1/CFE_ES 91: Version Info: Module RESOURCEID, version git:2612eb0
EVS Port1 1980-012-14:33:05.02456 66/1/CFE_ES 92: Build 202609140214 by root@vm, config aarch64
EVS Port1 1980-012-14:33:05.13818 66/1/CFE_EVS 1: cFE EVS Initialized: CFE_EVS v7.0.1+dev1 (Draco) DEV BUILD, based on v7.0.1, EDS disabled
1980-012-14:33:05.24183 CFE_SB_AppInit: Registered 4 events for filtering
EVS Port1 1980-012-14:33:05.24934 66/1/CFE_SB 1: cFE SB Initialized: CFE_SB v7.0.1+dev1 (Draco) DEV BUILD, based on v7.0.1, EDS disabled
EVS Port1 1980-012-14:33:05.25131 66/1/CFE_SB 14: No subscribers for MsgId 0x808,sender CFE_SB
EVS Port1 1980-012-14:33:05.35067 66/1/CFE_TBL 1: cFE TBL Initialized: CFE_TBL v7.0.1+dev1 (Draco) DEV BUILD, based on v7.0.1, EDS disabled
EVS Port1 1980-012-14:33:05.35145 66/1/CFE_SB 14: No subscribers for MsgId 0x808,sender CFE_TBL
EVS Port1 1980-012-14:33:05.48135 66/1/CFE_TIME 1: cFE TIME Initialized: CFE_TIME v7.0.1+dev1 (Draco) DEV BUILD, based on v7.0.1, EDS disabled
EVS Port1 1980-012-14:33:05.48185 66/1/CFE_SB 14: No subscribers for MsgId 0x808,sender CFE_TIME
1980-012-14:33:05.50335 CFE_ES_CreateObjects: Finished ES CreateObject table entries.
1980-012-14:33:05.50474 CFE_ES_Main: CFE_ES_Main entering CORE_READY state
OS_FileOpen_Impl():110:open(/dev/shm/osal:RAM/cfe_es_startup.scr): No such file or directory
1980-012-14:33:05.51750 CFE_ES_OpenStartupScript: Cannot Open Volatile Startup file: /ram/cfe_es_startup.scr, Trying Nonvolatile.
1980-012-14:33:05.51985 CFE_ES_OpenStartupScript: Opened ES App Startup file: /cf/cfe_es_startup.scr
1980-012-14:33:05.57087 CFE_ES_ParseFileEntry: Loading shared library: /cf/cfe_assert.so
1980-012-14:33:05.58780 [BEGIN] CFE FUNCTIONAL TEST
1980-012-14:33:05.58888 [BEGIN] 01 CFE-STARTUP
1980-012-14:33:05.62239 CFE_ES_ParseFileEntry: Loading shared library: /cf/sample_lib.so
SAMPLE Lib Initialized.Sample Lib v7.0.0+dev1 (Draco) DEV BUILD, based on v7.0.1, EDS disabled
1980-012-14:33:05.66537 CFE_ES_ParseFileEntry: Loading file: /cf/sch_lab.so, APP: SCH_LAB
1980-012-14:33:05.71183 CFE_ES_ParseFileEntry: Loading file: /cf/ci_lab.so, APP: CI_LAB
SCH Lab Initialized.SCH Lab v7.0.1+dev1 (Draco) DEV BUILD, based on v7.0.1, EDS disabled
1980-012-14:33:05.80750 CFE_ES_ParseFileEntry: Loading file: /cf/to_lab.so, APP: TO_LAB
EVS Port1 1980-012-14:33:05.96994 66/1/TO_LAB 1: TO Lab Initialized.TO Lab v7.0.1+dev1 (Draco) DEV BUILD, based on v7.0.1, EDS disabled, Awaiting enable command.
EVS Port1 1980-012-14:33:05.97683 66/1/CFE_SB 14: No subscribers for MsgId 0x808,sender TO_LAB
1980-012-14:33:06.03967 CFE_ES_ParseFileEntry: Loading file: /cf/sample_app.so, APP: SAMPLE_APP
1980-012-14:33:06.14684 CI_LAB listening on UDP port: 1234
EVS Port1 1980-012-14:33:06.15068 66/1/CI_LAB 3: CI Lab Initialized.CI Lab App v7.0.1+dev1 (Draco) DEV BUILD, based on v7.0.1, EDS disabled
EVS Port1 1980-012-14:33:06.17248 66/1/SAMPLE_APP 1: Sample App Initialized.Sample App v7.0.0+dev1 (Draco) DEV BUILD, based on v7.0.1, EDS disabled
1980-012-14:33:06.19065 CFE_ES_ParseFileEntry: Loading file: /cf/ai_learner.so, APP: AI_LEARNER
1980-012-14:33:06.24378 CFE_ES_ParseFileEntry: Loading file: /cf/lc.so, APP: LC
{"app":"AI_LEARNER","stage":"build_config","model":"smartcam","allow_conditional_map":1,"contract_bounded_bytes":18222796,"contract_per_call_bytes":9382092,"contract_const_bytes":8840704,"contract_bound_known":true,"contract_artifact_sha256":"ecffe6e0bcbadf51c8482c73ab147e91fa857927d1183955e03a3257041c78f1"}
{"app":"AI_LEARNER","stage":"stack","es_stack_size":264063,"stack_base_bytes":262144,"contract_kernel_stack_bytes":1919,"kernel_stack_accounted":true}
{"app":"AI_LEARNER","stage":"admission","verdict":"ADMIT_CONDITIONAL_MAP","model":"smartcam","target":"aarch64-unknown-linux-gnu","bounded":18222796,"budget":9382092,"budget_source":"override","per_call":9382092,"constants":8840704,"kernel_stack_bytes":1919,"bound_known":true,"scope":"per_app_local_budget"}
EVS Port1 1980-012-14:33:06.28553 66/1/AI_LEARNER 8: AI_LEARNER stack: es=264063 base=262144 kernel=1919 accounted=1
{"app":"AI_LEARNER","stage":"blob_align","requested_offset":0,"state":"unset","module_ptr_mod64":0}
1980-012-14:33:06.30942 CFE_ES_ParseFileEntry: Loading file: /cf/cf.so, APP: CF
EVS Port1 1980-012-14:33:06.35896 66/1/LC 56: WDT verify results: good = 0, bad = 0, unused = 176
EVS Port1 1980-012-14:33:06.39868 66/1/LC 66: ADT verify results: good = 0, bad = 0, unused = 176
EVS Port1 1980-012-14:33:06.41047 66/1/LC 23: LC use of Critical Data Store disabled, activity mask = 0x00991990
EVS Port1 1980-012-14:33:06.41438 66/1/LC 2: LC Initialized. Version 7.0.1.255
1980-012-14:33:06.47766 CFE_ES_ParseFileEntry: Loading file: /cf/ds.so, APP: DS
EVS Port1 1980-012-14:33:06.53077 66/1/CF 20: CF Initialized. Version 7.0.1.255
1980-012-14:33:06.59164 CFE_ES_ParseFileEntry: Loading file: /cf/fm.so, APP: FM
EVS Port1 1980-012-14:33:06.61169 66/1/DS 10: Destination file table verify results: good entries = 6, bad = 0, unused = 10
EVS Port1 1980-012-14:33:06.63485 66/1/DS 12: Filter table verify results: good entries = 14, bad = 0, unused = 242
EVS Port1 1980-012-14:33:06.66377 66/1/DS 1: Application initialized, version 7.0.1.255, data at 0xf5fccf150460
1980-012-14:33:06.72152 CFE_ES_ParseFileEntry: Loading file: /cf/hk.so, APP: HK
EVS Port1 1980-012-14:33:06.73239 66/1/FM 80: Free Space Table verify results: good entries = 3, bad = 0, unused = 5
EVS Port1 1980-012-14:33:06.75579 66/1/FM 1: Initialization complete: version 7.0.1.255
EVS Port1 1980-012-14:33:06.81156 66/1/FM 72: Child Task initialization complete
1980-012-14:33:06.84272 CFE_ES_ParseFileEntry: Loading file: /cf/hs.so, APP: HS
EVS Port1 1980-012-14:33:06.86259 66/1/HK 1: HK Initialized.  Version 7.0.1.255
1980-012-14:33:06.94677 CFE_ES_ParseFileEntry: Loading file: /cf/mm.so, APP: MM
EVS Port1 1980-012-14:33:06.98258 66/1/HS 54: ExeCount verify results: good = 5, bad = 0, unused = 27
EVS Port1 1980-012-14:33:07.01055 66/1/HS 50: AppMon verify results: good = 0, bad = 0, unused = 32
EVS Port1 1980-012-14:33:07.03163 66/1/HS 52: EventMon verify results: good = 0, bad = 0, unused = 16
EVS Port1 1980-012-14:33:07.05192 66/1/HS 56: MsgActs verify results: good = 2, bad = 0, unused = 6
1980-012-14:33:07.06792 HS_SysMonInit(): System Monitor using PSP device ID 0110ff05
EVS Port1 1980-012-14:33:07.07788 66/1/MM 1: MM Initialized. Version 7.0.1.255
1980-012-14:33:07.11675 CFE_ES_ParseFileEntry: Loading file: /cf/sc.so, APP: SC
CFE_PSP(Linux_SysMon): Started CPU utilization monitoring on 1 CPU(s)
EVS Port1 1980-012-14:33:07.13281 66/1/HS 1: HS Initialized.  Version 7.0.1.255
1980-012-14:33:07.23652 CFE_ES_ParseFileEntry: Loading file: /cf/md.so, APP: MD
EVS Port1 1980-012-14:33:07.34373 66/1/SC 21: RTS table files not loaded at initialization = 0 of 4
EVS Port1 1980-012-14:33:07.36776 66/1/SC 9: SC Initialized. Version 7.0.1.255
EVS Port1 1980-012-14:33:07.38061 66/1/MD 52: MD Dwell Tbl verify results: good = 0, bad = 0, unused = 25
EVS Port1 1980-012-14:33:07.39855 66/1/MD 3: Recovered Dwell Table #1 is valid and has been copied to the MD App
EVS Port1 1980-012-14:33:07.40791 66/1/MD 52: MD Dwell Tbl verify results: good = 0, bad = 0, unused = 25
EVS Port1 1980-012-14:33:07.41633 66/1/MD 3: Recovered Dwell Table #2 is valid and has been copied to the MD App
1980-012-14:33:07.41861 CFE_ES_ParseFileEntry: Loading file: /cf/cs.so, APP: CS
EVS Port1 1980-012-14:33:07.42848 66/1/MD 52: MD Dwell Tbl verify results: good = 0, bad = 0, unused = 25
EVS Port1 1980-012-14:33:07.43292 66/1/MD 3: Recovered Dwell Table #3 is valid and has been copied to the MD App
EVS Port1 1980-012-14:33:07.44743 66/1/MD 52: MD Dwell Tbl verify results: good = 0, bad = 0, unused = 25
EVS Port1 1980-012-14:33:07.45135 66/1/MD 3: Recovered Dwell Table #4 is valid and has been copied to the MD App
EVS Port1 1980-012-14:33:07.45573 66/1/MD 7: Dwell Tables Recovered: 4, Dwell Tables Initialized: 0
EVS Port1 1980-012-14:33:07.46723 66/1/MD 1: MD Initialized.  Version 7.0.1.255
EVS Port1 1980-012-14:33:07.56170 66/1/CS 144: CS EEPROM Table verification results: good = 0, bad = 0, unused = 16
EVS Port1 1980-012-14:33:07.56947 66/1/CS 107: CS EEPROM Table: No valid entries in the table
EVS Port1 1980-012-14:33:07.58274 66/1/CS 143: CS Memory Table verification results: good = 0, bad = 0, unused = 16
EVS Port1 1980-012-14:33:07.59169 66/1/CS 107: CS Memory Table: No valid entries in the table
EVS Port1 1980-012-14:33:07.60760 66/1/CS 139: CS Tables Table verification results: good = 1, bad = 0, unused = 23
EVS Port1 1980-012-14:33:07.62483 66/1/CS 142: CS Apps Table verification results: good = 0, bad = 0, unused = 24
EVS Port1 1980-012-14:33:07.63081 66/1/CS 108: CS Apps Table: No valid entries in the table
EVS Port1 1980-012-14:33:07.63676 66/1/CS 127: OS Text Segment disabled due to platform
EVS Port1 1980-012-14:33:07.64143 66/1/CS 1: CS Initialized. Version 7.0.1.255
EVS Port1 1980-012-14:33:08.01783 66/1/CFE_TIME 21: Stop FLYWHEEL
1980-012-14:33:08.52490 CFE_ES_Main: Startup Sync failed - Applications may not have all initialized
1980-012-14:33:08.52550 CFE_ES_Main: CFE_ES_Main entering APPS_INIT state
{"app":"AI_LEARNER","stage":"binding","verdict":"MATCH","artifact_bytes":8991281,"artifact_sha256":"ecffe6e0bcbadf51","contract_sha256":"ecffe6e0bcbadf51"}
{"app":"AI_LEARNER","stage":"map_branch","model":"smartcam","module_ptr_mod64":0,"hal_peak_after_append":0,"contract_const_bytes":8840704,"contract_per_call_bytes":9382092,"arm":"map","admission_mode":"conditional_map"}
{"app":"AI_LEARNER","stage":"mem_init","model":"smartcam","target":"aarch64-unknown-linux-gnu","hal_peak":602112,"hal_allocated":602112,"bounded":18222796,"peak_within_bounded":true,"inferences_so_far":0,"process_rss_kb":15932,"rss_kb_before_runtime":14192,"rss_kb_after_session":14480,"rss_kb_after_init":15932}
{"app":"AI_LEARNER","stage":"e25_mode","active":false,"inputs_path":"/cf/e25_inputs.bin"}
EVS Port1 1980-012-14:33:09.38708 66/1/AI_LEARNER 3: AI_LEARNER initialized: model smartcam (8991281 B), rss_delta_init=1740 KB
1980-012-14:33:09.42897 CFE_ES_Main: CFE_ES_Main entering OPERATIONAL state
EVS Port1 1980-012-14:33:09.47518 66/1/TO_LAB 19: L550 TO Lab subscribed to 32 messages from the table
EVS Port1 1980-012-14:33:14.00671 66/1/CFE_TIME 21: Stop FLYWHEEL
EVS Port1 1980-012-14:33:14.99877 66/1/CFE_TIME 20: Start FLYWHEEL
.EVS Port1 1980-012-14:33:16.02911 66/1/CFE_TIME 21: Stop FLYWHEEL
EVS Port1 1980-012-14:33:16.97587 66/1/CFE_TIME 20: Start FLYWHEEL
.EVS Port1 1980-012-14:33:23.64335 66/1/AI_LEARNER 4: AI_LEARNER completed=1/1 mean=12894981.6us max=12894981.6us hal_peak=9382092 within_bounded=1
{"app":"AI_LEARNER","stage":"run","model":"smartcam","target":"aarch64-unknown-linux-gnu","attempted":1,"completed":1,"fail_input":0,"fail_invoke":0,"fail_output":0,"mean_us":12894981.62,"max_us":12894981.62,"last_us":12894981.62,"out0":0.85892,"out_elems":3,"out_sha256":"989d0c885c469a1267e327d7f6eaaa990ed94dab35f064968afaff7105ad4b34","out_head":[0.858921,0.111592,0.029487],"out_tail":[0.858921,0.111592,0.029487],"out_full_file":"/cf/last_out.json","out_full_file_bytes":117,"out_full_file_reason":"ok","out_record_truncates":false}
{"app":"AI_LEARNER","stage":"mem","model":"smartcam","target":"aarch64-unknown-linux-gnu","completed":1,"hal_peak":9382092,"peak_within_bounded":true,"admitted_budget_bytes":9382092,"peak_within_admitted_budget":true,"admission_mode":"conditional_map","hal_bytes_per_call_amortized":9382092.0,"process_rss_kb":16564,"process_rss_delta_init_kb":1740,"max_active_calls":1,"active_calls_now":0,"call_counter_balanced":true}
..EVS Port1 1980-012-14:33:34.72213 66/1/CFE_SB 17: Msg Limit Err,MsgId 0x800,pipe AI_LEARNER_PIPE,sender CFE_ES
EVS Port1 1980-012-14:33:36.94627 66/1/AI_LEARNER 4: AI_LEARNER completed=2/2 mean=13077088.0us max=13259194.3us hal_peak=9382092 within_bounded=1
{"app":"AI_LEARNER","stage":"run","model":"smartcam","target":"aarch64-unknown-linux-gnu","attempted":2,"completed":2,"fail_input":0,"fail_invoke":0,"fail_output":0,"mean_us":13077087.98,"max_us":13259194.34,"last_us":13259194.34,"out0":0.85892,"out_elems":3,"out_sha256":"989d0c885c469a1267e327d7f6eaaa990ed94dab35f064968afaff7105ad4b34","out_head":[0.858921,0.111592,0.029487],"out_tail":[0.858921,0.111592,0.029487],"out_full_file":"/cf/last_out.json","out_full_file_bytes":117,"out_full_file_reason":"ok","out_record_truncates":false}
{"app":"AI_LEARNER","stage":"mem","model":"smartcam","target":"aarch64-unknown-linux-gnu","completed":2,"hal_peak":9382092,"peak_within_bounded":true,"admitted_budget_bytes":9382092,"peak_within_admitted_budget":true,"admission_mode":"conditional_map","hal_bytes_per_call_amortized":9081036.0,"process_rss_kb":25136,"process_rss_delta_init_kb":1740,"max_active_calls":1,"active_calls_now":0,"call_counter_balanced":true}
.EVS Port1 1980-012-14:33:42.73896 66/1/CFE_SB 17: Msg Limit Err,MsgId 0x800,pipe AI_LEARNER_PIPE,sender CFE_ES
.EVS Port1 1980-012-14:33:46.71786 66/1/CFE_SB 17: Msg Limit Err,MsgId 0x800,pipe AI_LEARNER_PIPE,sender CFE_ES
EVS Port1 1980-012-14:33:49.65347 66/1/AI_LEARNER 4: AI_LEARNER completed=3/3 mean=12937201.1us max=13259194.3us hal_peak=9382092 within_bounded=1
{"app":"AI_LEARNER","stage":"run","model":"smartcam","target":"aarch64-unknown-linux-gnu","attempted":3,"completed":3,"fail_input":0,"fail_invoke":0,"fail_output":0,"mean_us":12937201.12,"max_us":13259194.34,"last_us":12657427.41,"out0":0.85892,"out_elems":3,"out_sha256":"989d0c885c469a1267e327d7f6eaaa990ed94dab35f064968afaff7105ad4b34","out_head":[0.858921,0.111592,0.029487],"out_tail":[0.858921,0.111592,0.029487],"out_full_file":"/cf/last_out.json","out_full_file_bytes":117,"out_full_file_reason":"ok","out_record_truncates":false}
{"app":"AI_LEARNER","stage":"mem","model":"smartcam","target":"aarch64-unknown-linux-gnu","completed":3,"hal_peak":9382092,"peak_within_bounded":true,"admitted_budget_bytes":9382092,"peak_within_admitted_budget":true,"admission_mode":"conditional_map","hal_bytes_per_call_amortized":8980684.0,"process_rss_kb":25136,"process_rss_delta_init_kb":1740,"max_active_calls":1,"active_calls_now":0,"call_counter_balanced":true}
.EVS Port1 1980-012-14:33:54.69813 66/1/CFE_SB 17: Msg Limit Err,MsgId 0x800,pipe AI_LEARNER_PIPE,sender CFE_ES
.EVS Port1 1980-012-14:33:58.72564 66/1/CFE_SB 17: Msg Limit Err,MsgId 0x800,pipe AI_LEARNER_PIPE,sender CFE_ES
EVS Port1 1980-012-14:34:00.99472 66/1/CFE_TIME 20: Start FLYWHEEL
EVS Port1 1980-012-14:34:01.00679 66/1/CFE_TIME 21: Stop FLYWHEEL
EVS Port1 1980-012-14:34:02.71696 66/1/CFE_SB 17: Msg Limit Err,MsgId 0x800,pipe AI_LEARNER_PIPE,sender CFE_ES
EVS Port1 1980-012-14:34:02.87797 66/1/AI_LEARNER 4: AI_LEARNER completed=4/4 mean=13003746.8us max=13259194.3us hal_peak=9382092 within_bounded=1
{"app":"AI_LEARNER","stage":"run","model":"smartcam","target":"aarch64-unknown-linux-gnu","attempted":4,"completed":4,"fail_input":0,"fail_invoke":0,"fail_output":0,"mean_us":13003746.82,"max_us":13259194.34,"last_us":13203383.94,"out0":0.85892,"out_elems":3,"out_sha256":"989d0c885c469a1267e327d7f6eaaa990ed94dab35f064968afaff7105ad4b34","out_head":[0.858921,0.111592,0.029487],"out_tail":[0.858921,0.111592,0.029487],"out_full_file":"/cf/last_out.json","out_full_file_bytes":117,"out_full_file_reason":"ok","out_record_truncates":false}
{"app":"AI_LEARNER","stage":"mem","model":"smartcam","target":"aarch64-unknown-linux-gnu","completed":4,"hal_peak":9382092,"peak_within_bounded":true,"admitted_budget_bytes":9382092,"peak_within_admitted_budget":true,"admission_mode":"conditional_map","hal_bytes_per_call_amortized":8930508.0,"process_rss_kb":25140,"process_rss_delta_init_kb":1740,"max_active_calls":1,"active_calls_now":0,"call_counter_balanced":true}
..EVS Port1 1980-012-14:34:10.70336 66/1/CFE_SB 17: Msg Limit Err,MsgId 0x800,pipe AI_LEARNER_PIPE,sender CFE_ES
EVS Port1 1980-012-14:34:14.70472 66/1/CFE_SB 17: Msg Limit Err,MsgId 0x800,pipe AI_LEARNER_PIPE,sender CFE_ES
EVS Port1 1980-012-14:34:15.52732 66/1/AI_LEARNER 4: AI_LEARNER completed=5/5 mean=12925808.4us max=13259194.3us hal_peak=9382092 within_bounded=1
{"app":"AI_LEARNER","stage":"run","model":"smartcam","target":"aarch64-unknown-linux-gnu","attempted":5,"completed":5,"fail_input":0,"fail_invoke":0,"fail_output":0,"mean_us":12925808.41,"max_us":13259194.34,"last_us":12614054.75,"out0":0.85892,"out_elems":3,"out_sha256":"989d0c885c469a1267e327d7f6eaaa990ed94dab35f064968afaff7105ad4b34","out_head":[0.858921,0.111592,0.029487],"out_tail":[0.858921,0.111592,0.029487],"out_full_file":"/cf/last_out.json","out_full_file_bytes":117,"out_full_file_reason":"ok","out_record_truncates":false}
{"app":"AI_LEARNER","stage":"mem","model":"smartcam","target":"aarch64-unknown-linux-gnu","completed":5,"hal_peak":9382092,"peak_within_bounded":true,"admitted_budget_bytes":9382092,"peak_within_admitted_budget":true,"admission_mode":"conditional_map","hal_bytes_per_call_amortized":8900402.4,"process_rss_kb":25140,"process_rss_delta_init_kb":1740,"max_active_calls":1,"active_calls_now":0,"call_counter_balanced":true}
.EVS Port1 1980-012-14:34:18.00633 66/1/CFE_TIME 21: Stop FLYWHEEL
EVS Port1 1980-012-14:34:18.98594 66/1/CFE_TIME 20: Start FLYWHEEL
.EVS Port1 1980-012-14:34:22.70509 66/1/CFE_SB 17: Msg Limit Err,MsgId 0x800,pipe AI_LEARNER_PIPE,sender CFE_ES
EVS Port1 1980-012-14:34:26.70329 66/1/CFE_SB 17: Msg Limit Err,MsgId 0x800,pipe AI_LEARNER_PIPE,sender CFE_ES
.EVS Port1 1980-012-14:34:28.16531 66/1/AI_LEARNER 4: AI_LEARNER completed=6/6 mean=12874255.7us max=13259194.3us hal_peak=9382092 within_bounded=1
{"app":"AI_LEARNER","stage":"run","model":"smartcam","target":"aarch64-unknown-linux-gnu","attempted":6,"completed":6,"fail_input":0,"fail_invoke":0,"fail_output":0,"mean_us":12874255.68,"max_us":13259194.34,"last_us":12616492.03,"out0":0.85892,"out_elems":3,"out_sha256":"989d0c885c469a1267e327d7f6eaaa990ed94dab35f064968afaff7105ad4b34","out_head":[0.858921,0.111592,0.029487],"out_tail":[0.858921,0.111592,0.029487],"out_full_file":"/cf/last_out.json","out_full_file_bytes":117,"out_full_file_reason":"ok","out_record_truncates":false}
{"app":"AI_LEARNER","stage":"mem","model":"smartcam","target":"aarch64-unknown-linux-gnu","completed":6,"hal_peak":9382092,"peak_within_bounded":true,"admitted_budget_bytes":9382092,"peak_within_admitted_budget":true,"admission_mode":"conditional_map","hal_bytes_per_call_amortized":8880332.0,"process_rss_kb":25140,"process_rss_delta_init_kb":1740,"max_active_calls":1,"active_calls_now":0,"call_counter_balanced":true}
EVS Port1 1980-012-14:34:30.02392 66/1/CFE_TIME 21: Stop FLYWHEEL
EVS Port1 1980-012-14:34:31.00502 66/1/CFE_TIME 20: Start FLYWHEEL
.EVS Port1 1980-012-14:34:34.71206 66/1/CFE_SB 17: Msg Limit Err,MsgId 0x800,pipe AI_LEARNER_PIPE,sender CFE_ES
EVS Port1 1980-012-14:34:38.73739 66/1/CFE_SB 17: Msg Limit Err,MsgId 0x800,pipe AI_LEARNER_PIPE,sender CFE_ES
.EVS Port1 1980-012-14:34:42.00968 66/1/CFE_TIME 21: Stop FLYWHEEL
EVS Port1 1980-012-14:34:42.29570 66/1/AI_LEARNER 4: AI_LEARNER completed=7/7 mean=13057716.8us max=14158483.3us hal_peak=9382092 within_bounded=1
{"app":"AI_LEARNER","stage":"run","model":"smartcam","target":"aarch64-unknown-linux-gnu","attempted":7,"completed":7,"fail_input":0,"fail_invoke":0,"fail_output":0,"mean_us":13057716.76,"max_us":14158483.26,"last_us":14158483.26,"out0":0.85892,"out_elems":3,"out_sha256":"989d0c885c469a1267e327d7f6eaaa990ed94dab35f064968afaff7105ad4b34","out_head":[0.858921,0.111592,0.029487],"out_tail":[0.858921,0.111592,0.029487],"out_full_file":"/cf/last_out.json","out_full_file_bytes":117,"out_full_file_reason":"ok","out_record_truncates":false}
{"app":"AI_LEARNER","stage":"mem","model":"smartcam","target":"aarch64-unknown-linux-gnu","completed":7,"hal_peak":9382092,"peak_within_bounded":true,"admitted_budget_bytes":9382092,"peak_within_admitted_budget":true,"admission_mode":"conditional_map","hal_bytes_per_call_amortized":8865996.0,"process_rss_kb":25140,"process_rss_delta_init_kb":1740,"max_active_calls":1,"active_calls_now":0,"call_counter_balanced":true}
EVS Port1 1980-012-14:34:42.99250 66/1/CFE_TIME 20: Start FLYWHEEL
.EVS Port1 1980-012-14:34:46.70497 66/1/CFE_SB 17: Msg Limit Err,MsgId 0x800,pipe AI_LEARNER_PIPE,sender CFE_ES
EVS Port1 1980-012-14:34:50.70741 66/1/CFE_SB 17: Msg Limit Err,MsgId 0x800,pipe AI_LEARNER_PIPE,sender CFE_ES
.EVS Port1 1980-012-14:34:54.68086 66/1/AI_LEARNER 4: AI_LEARNER completed=8/8 mean=12970780.9us max=14158483.3us hal_peak=9382092 within_bounded=1
EVS Port1 1980-012-14:34:54.70315 66/1/CFE_SB 17: Msg Limit Err,MsgId 0x800,pipe AI_LEARNER_PIPE,sender CFE_ES
{"app":"AI_LEARNER","stage":"run","model":"smartcam","target":"aarch64-unknown-linux-gnu","attempted":8,"completed":8,"fail_input":0,"fail_invoke":0,"fail_output":0,"mean_us":12970780.93,"max_us":14158483.26,"last_us":12362230.06,"out0":0.85892,"out_elems":3,"out_sha256":"989d0c885c469a1267e327d7f6eaaa990ed94dab35f064968afaff7105ad4b34","out_head":[0.858921,0.111592,0.029487],"out_tail":[0.858921,0.111592,0.029487],"out_full_file":"/cf/last_out.json","out_full_file_bytes":117,"out_full_file_reason":"ok","out_record_truncates":false}
{"app":"AI_LEARNER","stage":"mem","model":"smartcam","target":"aarch64-unknown-linux-gnu","completed":8,"hal_peak":9382092,"peak_within_bounded":true,"admitted_budget_bytes":9382092,"peak_within_admitted_budget":true,"admission_mode":"conditional_map","hal_bytes_per_call_amortized":8855244.0,"process_rss_kb":25140,"process_rss_delta_init_kb":1740,"max_active_calls":1,"active_calls_now":0,"call_counter_balanced":true}
.EVS Port1 1980-012-14:35:02.72393 66/1/CFE_SB 17: Msg Limit Err,MsgId 0x800,pipe AI_LEARNER_PIPE,sender CFE_ES
.EVS Port1 1980-012-14:35:06.92509 66/1/AI_LEARNER 4: AI_LEARNER completed=9/9 mean=12884124.9us max=14158483.3us hal_peak=9382092 within_bounded=1
{"app":"AI_LEARNER","stage":"run","model":"smartcam","target":"aarch64-unknown-linux-gnu","attempted":9,"completed":9,"fail_input":0,"fail_invoke":0,"fail_output":0,"mean_us":12884124.92,"max_us":14158483.26,"last_us":12190876.83,"out0":0.85892,"out_elems":3,"out_sha256":"989d0c885c469a1267e327d7f6eaaa990ed94dab35f064968afaff7105ad4b34","out_head":[0.858921,0.111592,0.029487],"out_tail":[0.858921,0.111592,0.029487],"out_full_file":"/cf/last_out.json","out_full_file_bytes":117,"out_full_file_reason":"ok","out_record_truncates":false}
{"app":"AI_LEARNER","stage":"mem","model":"smartcam","target":"aarch64-unknown-linux-gnu","completed":9,"hal_peak":9382092,"peak_within_bounded":true,"admitted_budget_bytes":9382092,"peak_within_admitted_budget":true,"admission_mode":"conditional_map","hal_bytes_per_call_amortized":8846881.3,"process_rss_kb":25140,"process_rss_delta_init_kb":1740,"max_active_calls":1,"active_calls_now":0,"call_counter_balanced":true}
..EVS Port1 1980-012-14:35:18.01184 66/1/CFE_TIME 21: Stop FLYWHEEL
EVS Port1 1980-012-14:35:18.99618 66/1/CFE_TIME 20: Start FLYWHEEL
EVS Port1 1980-012-14:35:19.66444 66/1/AI_LEARNER 4: AI_LEARNER completed=10/10 mean=12872275.6us max=14158483.3us hal_peak=9382092 within_bounded=1
{"app":"AI_LEARNER","stage":"run","model":"smartcam","target":"aarch64-unknown-linux-gnu","attempted":10,"completed":10,"fail_input":0,"fail_invoke":0,"fail_output":0,"mean_us":12872275.57,"max_us":14158483.26,"last_us":12765631.44,"out0":0.85892,"out_elems":3,"out_sha256":"989d0c885c469a1267e327d7f6eaaa990ed94dab35f064968afaff7105ad4b34","out_head":[0.858921,0.111592,0.029487],"out_tail":[0.858921,0.111592,0.029487],"out_full_file":"/cf/last_out.json","out_full_file_bytes":118,"out_full_file_reason":"ok","out_record_truncates":false}
{"app":"AI_LEARNER","stage":"mem","model":"smartcam","target":"aarch64-unknown-linux-gnu","completed":10,"hal_peak":9382092,"peak_within_bounded":true,"admitted_budget_bytes":9382092,"peak_within_admitted_budget":true,"admission_mode":"conditional_map","hal_bytes_per_call_amortized":8840191.2,"process_rss_kb":25140,"process_rss_delta_init_kb":1740,"max_active_calls":1,"active_calls_now":0,"call_counter_balanced":true}
..EVS Port1 1980-012-14:35:32.74861 66/1/AI_LEARNER 4: AI_LEARNER completed=11/11 mean=12889259.7us max=14158483.3us hal_peak=9382092 within_bounded=1
{"app":"AI_LEARNER","stage":"run","model":"smartcam","target":"aarch64-unknown-linux-gnu","attempted":11,"completed":11,"fail_input":0,"fail_invoke":0,"fail_output":0,"mean_us":12889259.71,"max_us":14158483.26,"last_us":13059101.18,"out0":0.85892,"out_elems":3,"out_sha256":"989d0c885c469a1267e327d7f6eaaa990ed94dab35f064968afaff7105ad4b34","out_head":[0.858921,0.111592,0.029487],"out_tail":[0.858921,0.111592,0.029487],"out_full_file":"/cf/last_out.json","out_full_file_bytes":118,"out_full_file_reason":"ok","out_record_truncates":false}
{"app":"AI_LEARNER","stage":"mem","model":"smartcam","target":"aarch64-unknown-linux-gnu","completed":11,"hal_peak":9382092,"peak_within_bounded":true,"admitted_budget_bytes":9382092,"peak_within_admitted_budget":true,"admission_mode":"conditional_map","hal_bytes_per_call_amortized":8834717.5,"process_rss_kb":25140,"process_rss_delta_init_kb":1740,"max_active_calls":1,"active_calls_now":0,"call_counter_balanced":true}
.EVS Port1 1980-012-14:35:35.12513 66/1/HS 61: CPU Hogging Detected
1980-012-14:35:35.14287 HS App: CPU Hogging Detected
.EVS Port1 1980-012-14:35:45.83564 66/1/AI_LEARNER 4: AI_LEARNER completed=12/12 mean=12904141.5us max=14158483.3us hal_peak=9382092 within_bounded=1
{"app":"AI_LEARNER","stage":"run","model":"smartcam","target":"aarch64-unknown-linux-gnu","attempted":12,"completed":12,"fail_input":0,"fail_invoke":0,"fail_output":0,"mean_us":12904141.49,"max_us":14158483.26,"last_us":13067840.98,"out0":0.85892,"out_elems":3,"out_sha256":"989d0c885c469a1267e327d7f6eaaa990ed94dab35f064968afaff7105ad4b34","out_head":[0.858921,0.111592,0.029487],"out_tail":[0.858921,0.111592,0.029487],"out_full_file":"/cf/last_out.json","out_full_file_bytes":118,"out_full_file_reason":"ok","out_record_truncates":false}
{"app":"AI_LEARNER","stage":"mem","model":"smartcam","target":"aarch64-unknown-linux-gnu","completed":12,"hal_peak":9382092,"peak_within_bounded":true,"admitted_budget_bytes":9382092,"peak_within_admitted_budget":true,"admission_mode":"conditional_map","hal_bytes_per_call_amortized":8830156.0,"process_rss_kb":25140,"process_rss_delta_init_kb":1740,"max_active_calls":1,"active_calls_now":0,"call_counter_balanced":true}
...EVS Port1 1980-012-14:35:58.20556 66/1/AI_LEARNER 4: AI_LEARNER completed=13/13 mean=12859655.5us max=14158483.3us hal_peak=9382092 within_bounded=1
{"app":"AI_LEARNER","stage":"run","model":"smartcam","target":"aarch64-unknown-linux-gnu","attempted":13,"completed":13,"fail_input":0,"fail_invoke":0,"fail_output":0,"mean_us":12859655.55,"max_us":14158483.26,"last_us":12325824.30,"out0":0.85892,"out_elems":3,"out_sha256":"989d0c885c469a1267e327d7f6eaaa990ed94dab35f064968afaff7105ad4b34","out_head":[0.858921,0.111592,0.029487],"out_tail":[0.858921,0.111592,0.029487],"out_full_file":"/cf/last_out.json","out_full_file_bytes":118,"out_full_file_reason":"ok","out_record_truncates":false}
{"app":"AI_LEARNER","stage":"mem","model":"smartcam","target":"aarch64-unknown-linux-gnu","completed":13,"hal_peak":9382092,"peak_within_bounded":true,"admitted_budget_bytes":9382092,"peak_within_admitted_budget":true,"admission_mode":"conditional_map","hal_bytes_per_call_amortized":8826296.3,"process_rss_kb":25140,"process_rss_delta_init_kb":1740,"max_active_calls":1,"active_calls_now":0,"call_counter_balanced":true}
..EVS Port1 1980-012-14:36:11.16612 66/1/AI_LEARNER 4: AI_LEARNER completed=14/14 mean=12865014.1us max=14158483.3us hal_peak=9382092 within_bounded=1
{"app":"AI_LEARNER","stage":"run","model":"smartcam","target":"aarch64-unknown-linux-gnu","attempted":14,"completed":14,"fail_input":0,"fail_invoke":0,"fail_output":0,"mean_us":12865014.10,"max_us":14158483.26,"last_us":12934675.26,"out0":0.85892,"out_elems":3,"out_sha256":"989d0c885c469a1267e327d7f6eaaa990ed94dab35f064968afaff7105ad4b34","out_head":[0.858921,0.111592,0.029487],"out_tail":[0.858921,0.111592,0.029487],"out_full_file":"/cf/last_out.json","out_full_file_bytes":118,"out_full_file_reason":"ok","out_record_truncates":false}
{"app":"AI_LEARNER","stage":"mem","model":"smartcam","target":"aarch64-unknown-linux-gnu","completed":14,"hal_peak":9382092,"peak_within_bounded":true,"admitted_budget_bytes":9382092,"peak_within_admitted_budget":true,"admission_mode":"conditional_map","hal_bytes_per_call_amortized":8822988.0,"process_rss_kb":25140,"process_rss_delta_init_kb":1740,"max_active_calls":1,"active_calls_now":0,"call_counter_balanced":true}
EVS Port1 1980-012-14:36:14.01304 66/1/CFE_TIME 21: Stop FLYWHEEL
EVS Port1 1980-012-14:36:14.99505 66/1/CFE_TIME 20: Start FLYWHEEL
.EVS Port1 1980-012-14:36:18.01536 66/1/CFE_TIME 21: Stop FLYWHEEL
EVS Port1 1980-012-14:36:18.98782 66/1/CFE_TIME 20: Start FLYWHEEL
.EVS Port1 1980-012-14:36:24.21508 66/1/AI_LEARNER 4: AI_LEARNER completed=15/15 mean=12876548.8us max=14158483.3us hal_peak=9382092 within_bounded=1
{"app":"AI_LEARNER","stage":"run","model":"smartcam","target":"aarch64-unknown-linux-gnu","attempted":15,"completed":15,"fail_input":0,"fail_invoke":0,"fail_output":0,"mean_us":12876548.75,"max_us":14158483.26,"last_us":13038033.90,"out0":0.85892,"out_elems":3,"out_sha256":"989d0c885c469a1267e327d7f6eaaa990ed94dab35f064968afaff7105ad4b34","out_head":[0.858921,0.111592,0.029487],"out_tail":[0.858921,0.111592,0.029487],"out_full_file":"/cf/last_out.json","out_full_file_bytes":118,"out_full_file_reason":"ok","out_record_truncates":false}
{"app":"AI_LEARNER","stage":"mem","model":"smartcam","target":"aarch64-unknown-linux-gnu","completed":15,"hal_peak":9382092,"peak_within_bounded":true,"admitted_budget_bytes":9382092,"peak_within_admitted_budget":true,"admission_mode":"conditional_map","hal_bytes_per_call_amortized":8820120.8,"process_rss_kb":25140,"process_rss_delta_init_kb":1740,"max_active_calls":1,"active_calls_now":0,"call_counter_balanced":true}
.EVS Port1 1980-012-14:36:34.00633 66/1/CFE_TIME 20: Start FLYWHEEL
EVS Port1 1980-012-14:36:34.00685 66/1/CFE_TIME 21: Stop FLYWHEEL
.EVS Port1 1980-012-14:36:36.65341 66/1/AI_LEARNER 4: AI_LEARNER completed=16/16 mean=12849527.5us max=14158483.3us hal_peak=9382092 within_bounded=1
{"app":"AI_LEARNER","stage":"run","model":"smartcam","target":"aarch64-unknown-linux-gnu","attempted":16,"completed":16,"fail_input":0,"fail_invoke":0,"fail_output":0,"mean_us":12849527.50,"max_us":14158483.26,"last_us":12444208.72,"out0":0.85892,"out_elems":3,"out_sha256":"989d0c885c469a1267e327d7f6eaaa990ed94dab35f064968afaff7105ad4b34","out_head":[0.858921,0.111592,0.029487],"out_tail":[0.858921,0.111592,0.029487],"out_full_file":"/cf/last_out.json","out_full_file_bytes":118,"out_full_file_reason":"ok","out_record_truncates":false}
{"app":"AI_LEARNER","stage":"mem","model":"smartcam","target":"aarch64-unknown-linux-gnu","completed":16,"hal_peak":9382092,"peak_within_bounded":true,"admitted_budget_bytes":9382092,"peak_within_admitted_budget":true,"admission_mode":"conditional_map","hal_bytes_per_call_amortized":8817612.0,"process_rss_kb":25140,"process_rss_delta_init_kb":1740,"max_active_calls":1,"active_calls_now":0,"call_counter_balanced":true}
..EVS Port1 1980-012-14:36:48.67019 66/1/AI_LEARNER 4: AI_LEARNER completed=17/17 mean=12799153.6us max=14158483.3us hal_peak=9382092 within_bounded=1
{"app":"AI_LEARNER","stage":"run","model":"smartcam","target":"aarch64-unknown-linux-gnu","attempted":17,"completed":17,"fail_input":0,"fail_invoke":0,"fail_output":0,"mean_us":12799153.63,"max_us":14158483.26,"last_us":11993171.65,"out0":0.85892,"out_elems":3,"out_sha256":"989d0c885c469a1267e327d7f6eaaa990ed94dab35f064968afaff7105ad4b34","out_head":[0.858921,0.111592,0.029487],"out_tail":[0.858921,0.111592,0.029487],"out_full_file":"/cf/last_out.json","out_full_file_bytes":118,"out_full_file_reason":"ok","out_record_truncates":false}
{"app":"AI_LEARNER","stage":"mem","model":"smartcam","target":"aarch64-unknown-linux-gnu","completed":17,"hal_peak":9382092,"peak_within_bounded":true,"admitted_budget_bytes":9382092,"peak_within_admitted_budget":true,"admission_mode":"conditional_map","hal_bytes_per_call_amortized":8815398.4,"process_rss_kb":25140,"process_rss_delta_init_kb":1740,"max_active_calls":1,"active_calls_now":0,"call_counter_balanced":true}
EVS Port1 1980-012-14:36:52.02229 66/1/CFE_TIME 21: Stop FLYWHEEL
.EVS Port1 1980-012-14:36:52.99822 66/1/CFE_TIME 20: Start FLYWHEEL
EVS Port1 1980-012-14:36:57.00305 66/1/CFE_TIME 20: Start FLYWHEEL
EVS Port1 1980-012-14:36:57.02500 66/1/CFE_TIME 21: Stop FLYWHEEL
.EVS Port1 1980-012-14:37:01.02226 66/1/CFE_TIME 21: Stop FLYWHEEL
EVS Port1 1980-012-14:37:01.97810 66/1/CFE_TIME 20: Start FLYWHEEL
.EVS Port1 1980-012-14:37:07.07518 66/1/AI_LEARNER 4: AI_LEARNER completed=18/18 mean=13116625.6us max=18513649.4us hal_peak=9382092 within_bounded=1
{"app":"AI_LEARNER","stage":"run","model":"smartcam","target":"aarch64-unknown-linux-gnu","attempted":18,"completed":18,"fail_input":0,"fail_invoke":0,"fail_output":0,"mean_us":13116625.61,"max_us":18513649.36,"last_us":18513649.36,"out0":0.85892,"out_elems":3,"out_sha256":"989d0c885c469a1267e327d7f6eaaa990ed94dab35f064968afaff7105ad4b34","out_head":[0.858921,0.111592,0.029487],"out_tail":[0.858921,0.111592,0.029487],"out_full_file":"/cf/last_out.json","out_full_file_bytes":118,"out_full_file_reason":"ok","out_record_truncates":false}
{"app":"AI_LEARNER","stage":"mem","model":"smartcam","target":"aarch64-unknown-linux-gnu","completed":18,"hal_peak":9382092,"peak_within_bounded":true,"admitted_budget_bytes":9382092,"peak_within_admitted_budget":true,"admission_mode":"conditional_map","hal_bytes_per_call_amortized":8813430.7,"process_rss_kb":25140,"process_rss_delta_init_kb":1740,"max_active_calls":1,"active_calls_now":0,"call_counter_balanced":true}
..EVS Port1 1980-012-14:37:20.38792 66/1/AI_LEARNER 4: AI_LEARNER completed=19/19 mean=13126390.7us max=18513649.4us hal_peak=9382092 within_bounded=1
{"app":"AI_LEARNER","stage":"run","model":"smartcam","target":"aarch64-unknown-linux-gnu","attempted":19,"completed":19,"fail_input":0,"fail_invoke":0,"fail_output":0,"mean_us":13126390.73,"max_us":18513649.36,"last_us":13302162.90,"out0":0.85892,"out_elems":3,"out_sha256":"989d0c885c469a1267e327d7f6eaaa990ed94dab35f064968afaff7105ad4b34","out_head":[0.858921,0.111592,0.029487],"out_tail":[0.858921,0.111592,0.029487],"out_full_file":"/cf/last_out.json","out_full_file_bytes":118,"out_full_file_reason":"ok","out_record_truncates":false}
{"app":"AI_LEARNER","stage":"mem","model":"smartcam","target":"aarch64-unknown-linux-gnu","completed":19,"hal_peak":9382092,"peak_within_bounded":true,"admitted_budget_bytes":9382092,"peak_within_admitted_budget":true,"admission_mode":"conditional_map","hal_bytes_per_call_amortized":8811670.1,"process_rss_kb":25140,"process_rss_delta_init_kb":1740,"max_active_calls":1,"active_calls_now":0,"call_counter_balanced":true}
.EVS Port1 1980-012-14:37:25.01490 66/1/CFE_TIME 21: Stop FLYWHEEL
EVS Port1 1980-012-14:37:25.99368 66/1/CFE_TIME 20: Start FLYWHEEL
.EVS Port1 1980-012-14:37:32.73527 66/1/AI_LEARNER 4: AI_LEARNER completed=20/20 mean=13086535.4us max=18513649.4us hal_peak=9382092 within_bounded=1
{"app":"AI_LEARNER","stage":"run","model":"smartcam","target":"aarch64-unknown-linux-gnu","attempted":20,"completed":20,"fail_input":0,"fail_invoke":0,"fail_output":0,"mean_us":13086535.44,"max_us":18513649.36,"last_us":12329284.90,"out0":0.85892,"out_elems":3,"out_sha256":"989d0c885c469a1267e327d7f6eaaa990ed94dab35f064968afaff7105ad4b34","out_head":[0.858921,0.111592,0.029487],"out_tail":[0.858921,0.111592,0.029487],"out_full_file":"/cf/last_out.json","out_full_file_bytes":118,"out_full_file_reason":"ok","out_record_truncates":false}
{"app":"AI_LEARNER","stage":"mem","model":"smartcam","target":"aarch64-unknown-linux-gnu","completed":20,"hal_peak":9382092,"peak_within_bounded":true,"admitted_budget_bytes":9382092,"peak_within_admitted_budget":true,"admission_mode":"conditional_map","hal_bytes_per_call_amortized":8810085.6,"process_rss_kb":25140,"process_rss_delta_init_kb":1740,"max_active_calls":1,"active_calls_now":0,"call_counter_balanced":true}
.EVS Port1 1980-012-14:37:36.00695 66/1/CFE_TIME 21: Stop FLYWHEEL
EVS Port1 1980-012-14:37:36.99586 66/1/CFE_TIME 20: Start FLYWHEEL
.EVS Port1 1980-012-14:37:42.00769 66/1/CFE_TIME 20: Start FLYWHEEL
EVS Port1 1980-012-14:37:42.00764 66/1/CFE_TIME 21: Stop FLYWHEEL
EVS Port1 1980-012-14:37:45.25296 66/1/AI_LEARNER 4: AI_LEARNER completed=21/21 mean=13059301.1us max=18513649.4us hal_peak=9382092 within_bounded=1
{"app":"AI_LEARNER","stage":"run","model":"smartcam","target":"aarch64-unknown-linux-gnu","attempted":21,"completed":21,"fail_input":0,"fail_invoke":0,"fail_output":0,"mean_us":13059301.13,"max_us":18513649.36,"last_us":12514614.83,"out0":0.85892,"out_elems":3,"out_sha256":"989d0c885c469a1267e327d7f6eaaa990ed94dab35f064968afaff7105ad4b34","out_head":[0.858921,0.111592,0.029487],"out_tail":[0.858921,0.111592,0.029487],"out_full_file":"/cf/last_out.json","out_full_file_bytes":118,"out_full_file_reason":"ok","out_record_truncates":false}
{"app":"AI_LEARNER","stage":"mem","model":"smartcam","target":"aarch64-unknown-linux-gnu","completed":21,"hal_peak":9382092,"peak_within_bounded":true,"admitted_budget_bytes":9382092,"peak_within_admitted_budget":true,"admission_mode":"conditional_map","hal_bytes_per_call_amortized":8808652.0,"process_rss_kb":25140,"process_rss_delta_init_kb":1740,"max_active_calls":1,"active_calls_now":0,"call_counter_balanced":true}
..EVS Port1 1980-012-14:37:58.32566 66/1/AI_LEARNER 4: AI_LEARNER completed=22/22 mean=13057572.0us max=18513649.4us hal_peak=9382092 within_bounded=1
{"app":"AI_LEARNER","stage":"run","model":"smartcam","target":"aarch64-unknown-linux-gnu","attempted":22,"completed":22,"fail_input":0,"fail_invoke":0,"fail_output":0,"mean_us":13057571.97,"max_us":18513649.36,"last_us":13021259.68,"out0":0.85892,"out_elems":3,"out_sha256":"989d0c885c469a1267e327d7f6eaaa990ed94dab35f064968afaff7105ad4b34","out_head":[0.858921,0.111592,0.029487],"out_tail":[0.858921,0.111592,0.029487],"out_full_file":"/cf/last_out.json","out_full_file_bytes":118,"out_full_file_reason":"ok","out_record_truncates":false}
{"app":"AI_LEARNER","stage":"mem","model":"smartcam","target":"aarch64-unknown-linux-gnu","completed":22,"hal_peak":9382092,"peak_within_bounded":true,"admitted_budget_bytes":9382092,"peak_within_admitted_budget":true,"admission_mode":"conditional_map","hal_bytes_per_call_amortized":8807348.7,"process_rss_kb":25140,"process_rss_delta_init_kb":1740,"max_active_calls":1,"active_calls_now":0,"call_counter_balanced":true}
.EVS Port1 1980-012-14:37:59.00868 66/1/CFE_TIME 21: Stop FLYWHEEL
EVS Port1 1980-012-14:37:59.99771 66/1/CFE_TIME 20: Start FLYWHEEL
EVS Port1 1980-012-14:38:01.01007 66/1/CFE_TIME 21: Stop FLYWHEEL
EVS Port1 1980-012-14:38:01.99678 66/1/CFE_TIME 20: Start FLYWHEEL
..EVS Port1 1980-012-14:38:12.00942 66/1/CFE_TIME 20: Start FLYWHEEL
EVS Port1 1980-012-14:38:12.01785 66/1/CFE_TIME 21: Stop FLYWHEEL
EVS Port1 1980-012-14:38:12.09542 66/1/AI_LEARNER 4: AI_LEARNER completed=23/23 mean=13089516.5us max=18513649.4us hal_peak=9382092 within_bounded=1
{"app":"AI_LEARNER","stage":"run","model":"smartcam","target":"aarch64-unknown-linux-gnu","attempted":23,"completed":23,"fail_input":0,"fail_invoke":0,"fail_output":0,"mean_us":13089516.46,"max_us":18513649.36,"last_us":13792295.28,"out0":0.85892,"out_elems":3,"out_sha256":"989d0c885c469a1267e327d7f6eaaa990ed94dab35f064968afaff7105ad4b34","out_head":[0.858921,0.111592,0.029487],"out_tail":[0.858921,0.111592,0.029487],"out_full_file":"/cf/last_out.json","out_full_file_bytes":118,"out_full_file_reason":"ok","out_record_truncates":false}
{"app":"AI_LEARNER","stage":"mem","model":"smartcam","target":"aarch64-unknown-linux-gnu","completed":23,"hal_peak":9382092,"peak_within_bounded":true,"admitted_budget_bytes":9382092,"peak_within_admitted_budget":true,"admission_mode":"conditional_map","hal_bytes_per_call_amortized":8806158.8,"process_rss_kb":25140,"process_rss_delta_init_kb":1740,"max_active_calls":1,"active_calls_now":0,"call_counter_balanced":true}
.EVS Port1 1980-012-14:38:22.02218 66/1/CFE_TIME 21: Stop FLYWHEEL
.EVS Port1 1980-012-14:38:22.98410 66/1/CFE_TIME 20: Start FLYWHEEL
EVS Port1 1980-012-14:38:25.00885 66/1/CFE_TIME 21: Stop FLYWHEEL
EVS Port1 1980-012-14:38:25.99993 66/1/CFE_TIME 20: Start FLYWHEEL
EVS Port1 1980-012-14:38:26.82649 66/1/AI_LEARNER 4: AI_LEARNER completed=24/24 mean=13160055.2us max=18513649.4us hal_peak=9382092 within_bounded=1
{"app":"AI_LEARNER","stage":"run","model":"smartcam","target":"aarch64-unknown-linux-gnu","attempted":24,"completed":24,"fail_input":0,"fail_invoke":0,"fail_output":0,"mean_us":13160055.17,"max_us":18513649.36,"last_us":14782445.39,"out0":0.85892,"out_elems":3,"out_sha256":"989d0c885c469a1267e327d7f6eaaa990ed94dab35f064968afaff7105ad4b34","out_head":[0.858921,0.111592,0.029487],"out_tail":[0.858921,0.111592,0.029487],"out_full_file":"/cf/last_out.json","out_full_file_bytes":118,"out_full_file_reason":"ok","out_record_truncates":false}
{"app":"AI_LEARNER","stage":"mem","model":"smartcam","target":"aarch64-unknown-linux-gnu","completed":24,"hal_peak":9382092,"peak_within_bounded":true,"admitted_budget_bytes":9382092,"peak_within_admitted_budget":true,"admission_mode":"conditional_map","hal_bytes_per_call_amortized":8805068.0,"process_rss_kb":25140,"process_rss_delta_init_kb":1740,"max_active_calls":1,"active_calls_now":0,"call_counter_balanced":true}
.EVS Port1 1980-012-14:38:29.99119 66/1/CFE_TIME 20: Start FLYWHEEL
EVS Port1 1980-012-14:38:30.00794 66/1/CFE_TIME 21: Stop FLYWHEEL
.EVS Port1 1980-012-14:38:39.11944 66/1/AI_LEARNER 4: AI_LEARNER completed=25/25 mean=13125024.7us max=18513649.4us hal_peak=9382092 within_bounded=1
{"app":"AI_LEARNER","stage":"run","model":"smartcam","target":"aarch64-unknown-linux-gnu","attempted":25,"completed":25,"fail_input":0,"fail_invoke":0,"fail_output":0,"mean_us":13125024.65,"max_us":18513649.36,"last_us":12284292.34,"out0":0.85892,"out_elems":3,"out_sha256":"989d0c885c469a1267e327d7f6eaaa990ed94dab35f064968afaff7105ad4b34","out_head":[0.858921,0.111592,0.029487],"out_tail":[0.858921,0.111592,0.029487],"out_full_file":"/cf/last_out.json","out_full_file_bytes":118,"out_full_file_reason":"ok","out_record_truncates":false}
{"app":"AI_LEARNER","stage":"mem","model":"smartcam","target":"aarch64-unknown-linux-gnu","completed":25,"hal_peak":9382092,"peak_within_bounded":true,"admitted_budget_bytes":9382092,"peak_within_admitted_budget":true,"admission_mode":"conditional_map","hal_bytes_per_call_amortized":8804064.5,"process_rss_kb":25140,"process_rss_delta_init_kb":1740,"max_active_calls":1,"active_calls_now":0,"call_counter_balanced":true}
.EVS Port1 1980-012-14:38:42.00718 66/1/CFE_TIME 21: Stop FLYWHEEL
EVS Port1 1980-012-14:38:42.99710 66/1/CFE_TIME 20: Start FLYWHEEL
.EVS Port1 1980-012-14:38:51.69517 66/1/AI_LEARNER 4: AI_LEARNER completed=26/26 mean=13104971.5us max=18513649.4us hal_peak=9382092 within_bounded=1
{"app":"AI_LEARNER","stage":"run","model":"smartcam","target":"aarch64-unknown-linux-gnu","attempted":26,"completed":26,"fail_input":0,"fail_invoke":0,"fail_output":0,"mean_us":13104971.47,"max_us":18513649.36,"last_us":12603641.81,"out0":0.85892,"out_elems":3,"out_sha256":"989d0c885c469a1267e327d7f6eaaa990ed94dab35f064968afaff7105ad4b34","out_head":[0.858921,0.111592,0.029487],"out_tail":[0.858921,0.111592,0.029487],"out_full_file":"/cf/last_out.json","out_full_file_bytes":118,"out_full_file_reason":"ok","out_record_truncates":false}
{"app":"AI_LEARNER","stage":"mem","model":"smartcam","target":"aarch64-unknown-linux-gnu","completed":26,"hal_peak":9382092,"peak_within_bounded":true,"admitted_budget_bytes":9382092,"peak_within_admitted_budget":true,"admission_mode":"conditional_map","hal_bytes_per_call_amortized":8803138.2,"process_rss_kb":25140,"process_rss_delta_init_kb":1740,"max_active_calls":1,"active_calls_now":0,"call_counter_balanced":true}
..EVS Port1 1980-012-14:39:04.27484 66/1/AI_LEARNER 4: AI_LEARNER completed=27/27 mean=13084816.7us max=18513649.4us hal_peak=9382092 within_bounded=1
{"app":"AI_LEARNER","stage":"run","model":"smartcam","target":"aarch64-unknown-linux-gnu","attempted":27,"completed":27,"fail_input":0,"fail_invoke":0,"fail_output":0,"mean_us":13084816.73,"max_us":18513649.36,"last_us":12560793.46,"out0":0.85892,"out_elems":3,"out_sha256":"989d0c885c469a1267e327d7f6eaaa990ed94dab35f064968afaff7105ad4b34","out_head":[0.858921,0.111592,0.029487],"out_tail":[0.858921,0.111592,0.029487],"out_full_file":"/cf/last_out.json","out_full_file_bytes":118,"out_full_file_reason":"ok","out_record_truncates":false}
{"app":"AI_LEARNER","stage":"mem","model":"smartcam","target":"aarch64-unknown-linux-gnu","completed":27,"hal_peak":9382092,"peak_within_bounded":true,"admitted_budget_bytes":9382092,"peak_within_admitted_budget":true,"admission_mode":"conditional_map","hal_bytes_per_call_amortized":8802280.4,"process_rss_kb":25140,"process_rss_delta_init_kb":1740,"max_active_calls":1,"active_calls_now":0,"call_counter_balanced":true}
.EVS Port1 1980-012-14:39:09.01315 66/1/CFE_TIME 21: Stop FLYWHEEL
EVS Port1 1980-012-14:39:09.99438 66/1/CFE_TIME 20: Start FLYWHEEL
..EVS Port1 1980-012-14:39:16.56158 66/1/AI_LEARNER 4: AI_LEARNER completed=28/28 mean=13055162.3us max=18513649.4us hal_peak=9382092 within_bounded=1
{"app":"AI_LEARNER","stage":"run","model":"smartcam","target":"aarch64-unknown-linux-gnu","attempted":28,"completed":28,"fail_input":0,"fail_invoke":0,"fail_output":0,"mean_us":13055162.34,"max_us":18513649.36,"last_us":12254493.94,"out0":0.85892,"out_elems":3,"out_sha256":"989d0c885c469a1267e327d7f6eaaa990ed94dab35f064968afaff7105ad4b34","out_head":[0.858921,0.111592,0.029487],"out_tail":[0.858921,0.111592,0.029487],"out_full_file":"/cf/last_out.json","out_full_file_bytes":118,"out_full_file_reason":"ok","out_record_truncates":false}
{"app":"AI_LEARNER","stage":"mem","model":"smartcam","target":"aarch64-unknown-linux-gnu","completed":28,"hal_peak":9382092,"peak_within_bounded":true,"admitted_budget_bytes":9382092,"peak_within_admitted_budget":true,"admission_mode":"conditional_map","hal_bytes_per_call_amortized":8801484.0,"process_rss_kb":25140,"process_rss_delta_init_kb":1740,"max_active_calls":1,"active_calls_now":0,"call_counter_balanced":true}
.EVS Port1 1980-012-14:39:28.48069 66/1/AI_LEARNER 4: AI_LEARNER completed=29/29 mean=13015135.7us max=18513649.4us hal_peak=9382092 within_bounded=1
{"app":"AI_LEARNER","stage":"run","model":"smartcam","target":"aarch64-unknown-linux-gnu","attempted":29,"completed":29,"fail_input":0,"fail_invoke":0,"fail_output":0,"mean_us":13015135.71,"max_us":18513649.36,"last_us":11894390.00,"out0":0.85892,"out_elems":3,"out_sha256":"989d0c885c469a1267e327d7f6eaaa990ed94dab35f064968afaff7105ad4b34","out_head":[0.858921,0.111592,0.029487],"out_tail":[0.858921,0.111592,0.029487],"out_full_file":"/cf/last_out.json","out_full_file_bytes":118,"out_full_file_reason":"ok","out_record_truncates":false}
{"app":"AI_LEARNER","stage":"mem","model":"smartcam","target":"aarch64-unknown-linux-gnu","completed":29,"hal_peak":9382092,"peak_within_bounded":true,"admitted_budget_bytes":9382092,"peak_within_admitted_budget":true,"admission_mode":"conditional_map","hal_bytes_per_call_amortized":8800742.5,"process_rss_kb":25140,"process_rss_delta_init_kb":1740,"max_active_calls":1,"active_calls_now":0,"call_counter_balanced":true}
.EVS Port1 1980-012-14:39:31.99716 66/1/CFE_TIME 20: Start FLYWHEEL
EVS Port1 1980-012-14:39:32.00906 66/1/CFE_TIME 21: Stop FLYWHEEL
..EVS Port1 1980-012-14:39:41.07113 66/1/AI_LEARNER 4: AI_LEARNER completed=30/30 mean=13000526.8us max=18513649.4us hal_peak=9382092 within_bounded=1
{"app":"AI_LEARNER","stage":"run","model":"smartcam","target":"aarch64-unknown-linux-gnu","attempted":30,"completed":30,"fail_input":0,"fail_invoke":0,"fail_output":0,"mean_us":13000526.79,"max_us":18513649.36,"last_us":12576868.06,"out0":0.85892,"out_elems":3,"out_sha256":"989d0c885c469a1267e327d7f6eaaa990ed94dab35f064968afaff7105ad4b34","out_head":[0.858921,0.111592,0.029487],"out_tail":[0.858921,0.111592,0.029487],"out_full_file":"/cf/last_out.json","out_full_file_bytes":118,"out_full_file_reason":"ok","out_record_truncates":false}
{"app":"AI_LEARNER","stage":"mem","model":"smartcam","target":"aarch64-unknown-linux-gnu","completed":30,"hal_peak":9382092,"peak_within_bounded":true,"admitted_budget_bytes":9382092,"peak_within_admitted_budget":true,"admission_mode":"conditional_map","hal_bytes_per_call_amortized":8800050.4,"process_rss_kb":25140,"process_rss_delta_init_kb":1740,"max_active_calls":1,"active_calls_now":0,"call_counter_balanced":true}
..EVS Port1 1980-012-14:39:53.82272 66/1/AI_LEARNER 4: AI_LEARNER completed=31/31 mean=12989799.7us max=18513649.4us hal_peak=9382092 within_bounded=1
{"app":"AI_LEARNER","stage":"run","model":"smartcam","target":"aarch64-unknown-linux-gnu","attempted":31,"completed":31,"fail_input":0,"fail_invoke":0,"fail_output":0,"mean_us":12989799.68,"max_us":18513649.36,"last_us":12667986.56,"out0":0.85892,"out_elems":3,"out_sha256":"989d0c885c469a1267e327d7f6eaaa990ed94dab35f064968afaff7105ad4b34","out_head":[0.858921,0.111592,0.029487],"out_tail":[0.858921,0.111592,0.029487],"out_full_file":"/cf/last_out.json","out_full_file_bytes":118,"out_full_file_reason":"ok","out_record_truncates":false}
{"app":"AI_LEARNER","stage":"mem","model":"smartcam","target":"aarch64-unknown-linux-gnu","completed":31,"hal_peak":9382092,"peak_within_bounded":true,"admitted_budget_bytes":9382092,"peak_within_admitted_budget":true,"admission_mode":"conditional_map","hal_bytes_per_call_amortized":8799403.0,"process_rss_kb":25140,"process_rss_delta_init_kb":1740,"max_active_calls":1,"active_calls_now":0,"call_counter_balanced":true}
EVS Port1 1980-012-14:39:54.00784 66/1/CFE_TIME 21: Stop FLYWHEEL
EVS Port1 1980-012-14:39:54.99208 66/1/CFE_TIME 20: Start FLYWHEEL
..EVS Port1 1980-012-14:40:06.05708 66/1/AI_LEARNER 4: AI_LEARNER completed=32/32 mean=12965711.6us max=18513649.4us hal_peak=9382092 within_bounded=1
{"app":"AI_LEARNER","stage":"run","model":"smartcam","target":"aarch64-unknown-linux-gnu","attempted":32,"completed":32,"fail_input":0,"fail_invoke":0,"fail_output":0,"mean_us":12965711.62,"max_us":18513649.36,"last_us":12218981.79,"out0":0.85892,"out_elems":3,"out_sha256":"989d0c885c469a1267e327d7f6eaaa990ed94dab35f064968afaff7105ad4b34","out_head":[0.858921,0.111592,0.029487],"out_tail":[0.858921,0.111592,0.029487],"out_full_file":"/cf/last_out.json","out_full_file_bytes":118,"out_full_file_reason":"ok","out_record_truncates":false}
{"app":"AI_LEARNER","stage":"mem","model":"smartcam","target":"aarch64-unknown-linux-gnu","completed":32,"hal_peak":9382092,"peak_within_bounded":true,"admitted_budget_bytes":9382092,"peak_within_admitted_budget":true,"admission_mode":"conditional_map","hal_bytes_per_call_amortized":8798796.0,"process_rss_kb":25140,"process_rss_delta_init_kb":1740,"max_active_calls":1,"active_calls_now":0,"call_counter_balanced":true}
EVS Port1 1980-012-14:40:10.00955 66/1/CFE_TIME 21: Stop FLYWHEEL
.EVS Port1 1980-012-14:40:10.98500 66/1/CFE_TIME 20: Start FLYWHEEL
EVS Port1 1980-012-14:40:14.01034 66/1/CFE_TIME 21: Stop FLYWHEEL
EVS Port1 1980-012-14:40:15.10614 66/1/CFE_TIME 20: Start FLYWHEEL
EVS Port1 1980-012-14:40:16.01422 66/1/CFE_TIME 21: Stop FLYWHEEL
.EVS Port1 1980-012-14:40:16.99191 66/1/CFE_TIME 20: Start FLYWHEEL
EVS Port1 1980-012-14:40:18.25074 66/1/AI_LEARNER 4: AI_LEARNER completed=33/33 mean=12945242.0us max=18513649.4us hal_peak=9382092 within_bounded=1
{"app":"AI_LEARNER","stage":"run","model":"smartcam","target":"aarch64-unknown-linux-gnu","attempted":33,"completed":33,"fail_input":0,"fail_invoke":0,"fail_output":0,"mean_us":12945242.04,"max_us":18513649.36,"last_us":12290215.44,"out0":0.85892,"out_elems":3,"out_sha256":"989d0c885c469a1267e327d7f6eaaa990ed94dab35f064968afaff7105ad4b34","out_head":[0.858921,0.111592,0.029487],"out_tail":[0.858921,0.111592,0.029487],"out_full_file":"/cf/last_out.json","out_full_file_bytes":118,"out_full_file_reason":"ok","out_record_truncates":false}
{"app":"AI_LEARNER","stage":"mem","model":"smartcam","target":"aarch64-unknown-linux-gnu","completed":33,"hal_peak":9382092,"peak_within_bounded":true,"admitted_budget_bytes":9382092,"peak_within_admitted_budget":true,"admission_mode":"conditional_map","hal_bytes_per_call_amortized":8798225.8,"process_rss_kb":25140,"process_rss_delta_init_kb":1740,"max_active_calls":1,"active_calls_now":0,"call_counter_balanced":true}
..EVS Port1 1980-012-14:40:30.65141 66/1/AI_LEARNER 4: AI_LEARNER completed=34/34 mean=12928509.6us max=18513649.4us hal_peak=9382092 within_bounded=1
{"app":"AI_LEARNER","stage":"run","model":"smartcam","target":"aarch64-unknown-linux-gnu","attempted":34,"completed":34,"fail_input":0,"fail_invoke":0,"fail_output":0,"mean_us":12928509.62,"max_us":18513649.36,"last_us":12376339.60,"out0":0.85892,"out_elems":3,"out_sha256":"989d0c885c469a1267e327d7f6eaaa990ed94dab35f064968afaff7105ad4b34","out_head":[0.858921,0.111592,0.029487],"out_tail":[0.858921,0.111592,0.029487],"out_full_file":"/cf/last_out.json","out_full_file_bytes":118,"out_full_file_reason":"ok","out_record_truncates":false}
{"app":"AI_LEARNER","stage":"mem","model":"smartcam","target":"aarch64-unknown-linux-gnu","completed":34,"hal_peak":9382092,"peak_within_bounded":true,"admitted_budget_bytes":9382092,"peak_within_admitted_budget":true,"admission_mode":"conditional_map","hal_bytes_per_call_amortized":8797689.2,"process_rss_kb":25140,"process_rss_delta_init_kb":1740,"max_active_calls":1,"active_calls_now":0,"call_counter_balanced":true}
..EVS Port1 1980-012-14:40:42.45851 66/1/AI_LEARNER 4: AI_LEARNER completed=35/35 mean=12896419.1us max=18513649.4us hal_peak=9382092 within_bounded=1
{"app":"AI_LEARNER","stage":"run","model":"smartcam","target":"aarch64-unknown-linux-gnu","attempted":35,"completed":35,"fail_input":0,"fail_invoke":0,"fail_output":0,"mean_us":12896419.15,"max_us":18513649.36,"last_us":11805343.14,"out0":0.85892,"out_elems":3,"out_sha256":"989d0c885c469a1267e327d7f6eaaa990ed94dab35f064968afaff7105ad4b34","out_head":[0.858921,0.111592,0.029487],"out_tail":[0.858921,0.111592,0.029487],"out_full_file":"/cf/last_out.json","out_full_file_bytes":118,"out_full_file_reason":"ok","out_record_truncates":false}
{"app":"AI_LEARNER","stage":"mem","model":"smartcam","target":"aarch64-unknown-linux-gnu","completed":35,"hal_peak":9382092,"peak_within_bounded":true,"admitted_budget_bytes":9382092,"peak_within_admitted_budget":true,"admission_mode":"conditional_map","hal_bytes_per_call_amortized":8797183.2,"process_rss_kb":25140,"process_rss_delta_init_kb":1740,"max_active_calls":1,"active_calls_now":0,"call_counter_balanced":true}
..EVS Port1 1980-012-14:40:54.54846 66/1/AI_LEARNER 4: AI_LEARNER completed=36/36 mean=12873604.3us max=18513649.4us hal_peak=9382092 within_bounded=1
{"app":"AI_LEARNER","stage":"run","model":"smartcam","target":"aarch64-unknown-linux-gnu","attempted":36,"completed":36,"fail_input":0,"fail_invoke":0,"fail_output":0,"mean_us":12873604.32,"max_us":18513649.36,"last_us":12075085.36,"out0":0.85892,"out_elems":3,"out_sha256":"989d0c885c469a1267e327d7f6eaaa990ed94dab35f064968afaff7105ad4b34","out_head":[0.858921,0.111592,0.029487],"out_tail":[0.858921,0.111592,0.029487],"out_full_file":"/cf/last_out.json","out_full_file_bytes":118,"out_full_file_reason":"ok","out_record_truncates":false}
{"app":"AI_LEARNER","stage":"mem","model":"smartcam","target":"aarch64-unknown-linux-gnu","completed":36,"hal_peak":9382092,"peak_within_bounded":true,"admitted_budget_bytes":9382092,"peak_within_admitted_budget":true,"admission_mode":"conditional_map","hal_bytes_per_call_amortized":8796705.3,"process_rss_kb":25140,"process_rss_delta_init_kb":1740,"max_active_calls":1,"active_calls_now":0,"call_counter_balanced":true}
.EVS Port1 1980-012-14:40:59.01097 66/1/CFE_TIME 21: Stop FLYWHEEL
EVS Port1 1980-012-14:40:59.99922 66/1/CFE_TIME 20: Start FLYWHEEL
.EVS Port1 1980-012-14:41:06.48477 66/1/AI_LEARNER 4: AI_LEARNER completed=37/37 mean=12848820.3us max=18513649.4us hal_peak=9382092 within_bounded=1
{"app":"AI_LEARNER","stage":"run","model":"smartcam","target":"aarch64-unknown-linux-gnu","attempted":37,"completed":37,"fail_input":0,"fail_invoke":0,"fail_output":0,"mean_us":12848820.31,"max_us":18513649.36,"last_us":11956596.13,"out0":0.85892,"out_elems":3,"out_sha256":"989d0c885c469a1267e327d7f6eaaa990ed94dab35f064968afaff7105ad4b34","out_head":[0.858921,0.111592,0.029487],"out_tail":[0.858921,0.111592,0.029487],"out_full_file":"/cf/last_out.json","out_full_file_bytes":118,"out_full_file_reason":"ok","out_record_truncates":false}
{"app":"AI_LEARNER","stage":"mem","model":"smartcam","target":"aarch64-unknown-linux-gnu","completed":37,"hal_peak":9382092,"peak_within_bounded":true,"admitted_budget_bytes":9382092,"peak_within_admitted_budget":true,"admission_mode":"conditional_map","hal_bytes_per_call_amortized":8796253.3,"process_rss_kb":25140,"process_rss_delta_init_kb":1740,"max_active_calls":1,"active_calls_now":0,"call_counter_balanced":true}
..EVS Port1 1980-012-14:41:18.56541 66/1/AI_LEARNER 4: AI_LEARNER completed=38/38 mean=12828026.5us max=18513649.4us hal_peak=9382092 within_bounded=1
{"app":"AI_LEARNER","stage":"run","model":"smartcam","target":"aarch64-unknown-linux-gnu","attempted":38,"completed":38,"fail_input":0,"fail_invoke":0,"fail_output":0,"mean_us":12828026.48,"max_us":18513649.36,"last_us":12058654.72,"out0":0.85892,"out_elems":3,"out_sha256":"989d0c885c469a1267e327d7f6eaaa990ed94dab35f064968afaff7105ad4b34","out_head":[0.858921,0.111592,0.029487],"out_tail":[0.858921,0.111592,0.029487],"out_full_file":"/cf/last_out.json","out_full_file_bytes":118,"out_full_file_reason":"ok","out_record_truncates":false}
{"app":"AI_LEARNER","stage":"mem","model":"smartcam","target":"aarch64-unknown-linux-gnu","completed":38,"hal_peak":9382092,"peak_within_bounded":true,"admitted_budget_bytes":9382092,"peak_within_admitted_budget":true,"admission_mode":"conditional_map","hal_bytes_per_call_amortized":8795825.1,"process_rss_kb":25140,"process_rss_delta_init_kb":1740,"max_active_calls":1,"active_calls_now":0,"call_counter_balanced":true}
..EVS Port1 1980-012-14:41:30.84909 66/1/AI_LEARNER 4: AI_LEARNER completed=39/39 mean=12813374.3us max=18513649.4us hal_peak=9382092 within_bounded=1
{"app":"AI_LEARNER","stage":"run","model":"smartcam","target":"aarch64-unknown-linux-gnu","attempted":39,"completed":39,"fail_input":0,"fail_invoke":0,"fail_output":0,"mean_us":12813374.26,"max_us":18513649.36,"last_us":12256589.60,"out0":0.85892,"out_elems":3,"out_sha256":"989d0c885c469a1267e327d7f6eaaa990ed94dab35f064968afaff7105ad4b34","out_head":[0.858921,0.111592,0.029487],"out_tail":[0.858921,0.111592,0.029487],"out_full_file":"/cf/last_out.json","out_full_file_bytes":118,"out_full_file_reason":"ok","out_record_truncates":false}
{"app":"AI_LEARNER","stage":"mem","model":"smartcam","target":"aarch64-unknown-linux-gnu","completed":39,"hal_peak":9382092,"peak_within_bounded":true,"admitted_budget_bytes":9382092,"peak_within_admitted_budget":true,"admission_mode":"conditional_map","hal_bytes_per_call_amortized":8795418.8,"process_rss_kb":25140,"process_rss_delta_init_kb":1740,"max_active_calls":1,"active_calls_now":0,"call_counter_balanced":true}
EVS Port1 1980-012-14:41:32.01013 66/1/CFE_TIME 21: Stop FLYWHEEL
EVS Port1 1980-012-14:41:32.99699 66/1/CFE_TIME 20: Start FLYWHEEL
.EVS Port1 1980-012-14:41:39.06098 66/1/CFE_TIME 20: Start FLYWHEEL
EVS Port1 1980-012-14:41:40.02499 66/1/CFE_TIME 21: Stop FLYWHEEL
.EVS Port1 1980-012-14:41:42.02392 66/1/CFE_TIME 21: Stop FLYWHEEL
EVS Port1 1980-012-14:41:42.99711 66/1/CFE_TIME 20: Start FLYWHEEL
EVS Port1 1980-012-14:41:44.02540 66/1/CFE_TIME 21: Stop FLYWHEEL
EVS Port1 1980-012-14:41:44.98312 66/1/CFE_TIME 20: Start FLYWHEEL
.EVS Port1 1980-012-14:41:51.02293 66/1/CFE_TIME 21: Stop FLYWHEEL
EVS Port1 1980-012-14:41:52.04313 66/1/CFE_TIME 20: Start FLYWHEEL
.EVS Port1 1980-012-14:41:54.08892 66/1/CFE_TIME 20: Start FLYWHEEL
EVS Port1 1980-012-14:41:56.02952 66/1/CFE_TIME 21: Stop FLYWHEEL
EVS Port1 1980-012-14:41:58.38336 66/1/AI_LEARNER 4: AI_LEARNER completed=40/40 mean=13189961.0us max=27876845.3us hal_peak=9382092 within_bounded=1
{"app":"AI_LEARNER","stage":"run","model":"smartcam","target":"aarch64-unknown-linux-gnu","attempted":40,"completed":40,"fail_input":0,"fail_invoke":0,"fail_output":0,"mean_us":13189961.03,"max_us":27876845.26,"last_us":27876845.26,"out0":0.85892,"out_elems":3,"out_sha256":"989d0c885c469a1267e327d7f6eaaa990ed94dab35f064968afaff7105ad4b34","out_head":[0.858921,0.111592,0.029487],"out_tail":[0.858921,0.111592,0.029487],"out_full_file":"/cf/last_out.json","out_full_file_bytes":118,"out_full_file_reason":"ok","out_record_truncates":false}
{"app":"AI_LEARNER","stage":"mem","model":"smartcam","target":"aarch64-unknown-linux-gnu","completed":40,"hal_peak":9382092,"peak_within_bounded":true,"admitted_budget_bytes":9382092,"peak_within_admitted_budget":true,"admission_mode":"conditional_map","hal_bytes_per_call_amortized":8795032.8,"process_rss_kb":25140,"process_rss_delta_init_kb":1740,"max_active_calls":1,"active_calls_now":0,"call_counter_balanced":true}
.EVS Port1 1980-012-14:41:59.01530 66/1/CFE_TIME 21: Stop FLYWHEEL
EVS Port1 1980-012-14:41:59.99929 66/1/CFE_TIME 20: Start FLYWHEEL
.EVS Port1 1980-012-14:42:06.00480 66/1/CFE_TIME 20: Start FLYWHEEL
EVS Port1 1980-012-14:42:06.00720 66/1/CFE_TIME 21: Stop FLYWHEEL
EVS Port1 1980-012-14:42:09.00793 66/1/CFE_TIME 21: Stop FLYWHEEL
EVS Port1 1980-012-14:42:09.99310 66/1/CFE_TIME 20: Start FLYWHEEL
.EVS Port1 1980-012-14:42:11.30058 66/1/AI_LEARNER 4: AI_LEARNER completed=41/41 mean=13183766.9us max=27876845.3us hal_peak=9382092 within_bounded=1
{"app":"AI_LEARNER","stage":"run","model":"smartcam","target":"aarch64-unknown-linux-gnu","attempted":41,"completed":41,"fail_input":0,"fail_invoke":0,"fail_output":0,"mean_us":13183766.92,"max_us":27876845.26,"last_us":12936002.46,"out0":0.85892,"out_elems":3,"out_sha256":"989d0c885c469a1267e327d7f6eaaa990ed94dab35f064968afaff7105ad4b34","out_head":[0.858921,0.111592,0.029487],"out_tail":[0.858921,0.111592,0.029487],"out_full_file":"/cf/last_out.json","out_full_file_bytes":118,"out_full_file_reason":"ok","out_record_truncates":false}
{"app":"AI_LEARNER","stage":"mem","model":"smartcam","target":"aarch64-unknown-linux-gnu","completed":41,"hal_peak":9382092,"peak_within_bounded":true,"admitted_budget_bytes":9382092,"peak_within_admitted_budget":true,"admission_mode":"conditional_map","hal_bytes_per_call_amortized":8794665.7,"process_rss_kb":25140,"process_rss_delta_init_kb":1740,"max_active_calls":1,"active_calls_now":0,"call_counter_balanced":true}
EVS Port1 1980-012-14:42:16.02445 66/1/CFE_TIME 21: Stop FLYWHEEL
.EVS Port1 1980-012-14:42:16.99397 66/1/CFE_TIME 20: Start FLYWHEEL
.EVS Port1 1980-012-14:42:23.79943 66/1/AI_LEARNER 4: AI_LEARNER completed=42/42 mean=13167066.6us max=27876845.3us hal_peak=9382092 within_bounded=1
{"app":"AI_LEARNER","stage":"run","model":"smartcam","target":"aarch64-unknown-linux-gnu","attempted":42,"completed":42,"fail_input":0,"fail_invoke":0,"fail_output":0,"mean_us":13167066.60,"max_us":27876845.26,"last_us":12482353.38,"out0":0.85892,"out_elems":3,"out_sha256":"989d0c885c469a1267e327d7f6eaaa990ed94dab35f064968afaff7105ad4b34","out_head":[0.858921,0.111592,0.029487],"out_tail":[0.858921,0.111592,0.029487],"out_full_file":"/cf/last_out.json","out_full_file_bytes":118,"out_full_file_reason":"ok","out_record_truncates":false}
{"app":"AI_LEARNER","stage":"mem","model":"smartcam","target":"aarch64-unknown-linux-gnu","completed":42,"hal_peak":9382092,"peak_within_bounded":true,"admitted_budget_bytes":9382092,"peak_within_admitted_budget":true,"admission_mode":"conditional_map","hal_bytes_per_call_amortized":8794316.0,"process_rss_kb":25140,"process_rss_delta_init_kb":1740,"max_active_calls":1,"active_calls_now":0,"call_counter_balanced":true}
..EVS Port1 1980-012-14:42:36.34274 66/1/AI_LEARNER 4: AI_LEARNER completed=43/43 mean=13152833.5us max=27876845.3us hal_peak=9382092 within_bounded=1
{"app":"AI_LEARNER","stage":"run","model":"smartcam","target":"aarch64-unknown-linux-gnu","attempted":43,"completed":43,"fail_input":0,"fail_invoke":0,"fail_output":0,"mean_us":13152833.49,"max_us":27876845.26,"last_us":12555043.10,"out0":0.85892,"out_elems":3,"out_sha256":"989d0c885c469a1267e327d7f6eaaa990ed94dab35f064968afaff7105ad4b34","out_head":[0.858921,0.111592,0.029487],"out_tail":[0.858921,0.111592,0.029487],"out_full_file":"/cf/last_out.json","out_full_file_bytes":118,"out_full_file_reason":"ok","out_record_truncates":false}
{"app":"AI_LEARNER","stage":"mem","model":"smartcam","target":"aarch64-unknown-linux-gnu","completed":43,"hal_peak":9382092,"peak_within_bounded":true,"admitted_budget_bytes":9382092,"peak_within_admitted_budget":true,"admission_mode":"conditional_map","hal_bytes_per_call_amortized":8793982.6,"process_rss_kb":25140,"process_rss_delta_init_kb":1740,"max_active_calls":1,"active_calls_now":0,"call_counter_balanced":true}
EVS Port1 1980-012-14:42:40.03242 66/1/CFE_TIME 21: Stop FLYWHEEL
.EVS Port1 1980-012-14:42:40.98738 66/1/CFE_TIME 20: Start FLYWHEEL
EVS Port1 1980-012-14:42:44.00817 66/1/CFE_TIME 21: Stop FLYWHEEL
EVS Port1 1980-012-14:42:45.00103 66/1/CFE_TIME 20: Start FLYWHEEL
.EVS Port1 1980-012-14:42:49.79008 66/1/AI_LEARNER 4: AI_LEARNER completed=44/44 mean=13160829.3us max=27876845.3us hal_peak=9382092 within_bounded=1
{"app":"AI_LEARNER","stage":"run","model":"smartcam","target":"aarch64-unknown-linux-gnu","attempted":44,"completed":44,"fail_input":0,"fail_invoke":0,"fail_output":0,"mean_us":13160829.33,"max_us":27876845.26,"last_us":13504650.58,"out0":0.85892,"out_elems":3,"out_sha256":"989d0c885c469a1267e327d7f6eaaa990ed94dab35f064968afaff7105ad4b34","out_head":[0.858921,0.111592,0.029487],"out_tail":[0.858921,0.111592,0.029487],"out_full_file":"/cf/last_out.json","out_full_file_bytes":118,"out_full_file_reason":"ok","out_record_truncates":false}
{"app":"AI_LEARNER","stage":"mem","model":"smartcam","target":"aarch64-unknown-linux-gnu","completed":44,"hal_peak":9382092,"peak_within_bounded":true,"admitted_budget_bytes":9382092,"peak_within_admitted_budget":true,"admission_mode":"conditional_map","hal_bytes_per_call_amortized":8793664.4,"process_rss_kb":25140,"process_rss_delta_init_kb":1740,"max_active_calls":1,"active_calls_now":0,"call_counter_balanced":true}
..EVS Port1 1980-012-14:43:02.03982 66/1/AI_LEARNER 4: AI_LEARNER completed=45/45 mean=13140227.7us max=27876845.3us hal_peak=9382092 within_bounded=1
{"app":"AI_LEARNER","stage":"run","model":"smartcam","target":"aarch64-unknown-linux-gnu","attempted":45,"completed":45,"fail_input":0,"fail_invoke":0,"fail_output":0,"mean_us":13140227.74,"max_us":27876845.26,"last_us":12233757.65,"out0":0.85892,"out_elems":3,"out_sha256":"989d0c885c469a1267e327d7f6eaaa990ed94dab35f064968afaff7105ad4b34","out_head":[0.858921,0.111592,0.029487],"out_tail":[0.858921,0.111592,0.029487],"out_full_file":"/cf/last_out.json","out_full_file_bytes":118,"out_full_file_reason":"ok","out_record_truncates":false}
{"app":"AI_LEARNER","stage":"mem","model":"smartcam","target":"aarch64-unknown-linux-gnu","completed":45,"hal_peak":9382092,"peak_within_bounded":true,"admitted_budget_bytes":9382092,"peak_within_admitted_budget":true,"admission_mode":"conditional_map","hal_bytes_per_call_amortized":8793360.3,"process_rss_kb":25140,"process_rss_delta_init_kb":1740,"max_active_calls":1,"active_calls_now":0,"call_counter_balanced":true}
..EVS Port1 1980-012-14:43:14.18415 66/1/AI_LEARNER 4: AI_LEARNER completed=46/46 mean=13117671.1us max=27876845.3us hal_peak=9382092 within_bounded=1
{"app":"AI_LEARNER","stage":"run","model":"smartcam","target":"aarch64-unknown-linux-gnu","attempted":46,"completed":46,"fail_input":0,"fail_invoke":0,"fail_output":0,"mean_us":13117671.13,"max_us":27876845.26,"last_us":12102623.81,"out0":0.85892,"out_elems":3,"out_sha256":"989d0c885c469a1267e327d7f6eaaa990ed94dab35f064968afaff7105ad4b34","out_head":[0.858921,0.111592,0.029487],"out_tail":[0.858921,0.111592,0.029487],"out_full_file":"/cf/last_out.json","out_full_file_bytes":118,"out_full_file_reason":"ok","out_record_truncates":false}
{"app":"AI_LEARNER","stage":"mem","model":"smartcam","target":"aarch64-unknown-linux-gnu","completed":46,"hal_peak":9382092,"peak_within_bounded":true,"admitted_budget_bytes":9382092,"peak_within_admitted_budget":true,"admission_mode":"conditional_map","hal_bytes_per_call_amortized":8793069.4,"process_rss_kb":25140,"process_rss_delta_init_kb":1740,"max_active_calls":1,"active_calls_now":0,"call_counter_balanced":true}
..EVS Port1 1980-012-14:43:26.89352 66/1/AI_LEARNER 4: AI_LEARNER completed=47/47 mean=13108151.8us max=27876845.3us hal_peak=9382092 within_bounded=1
{"app":"AI_LEARNER","stage":"run","model":"smartcam","target":"aarch64-unknown-linux-gnu","attempted":47,"completed":47,"fail_input":0,"fail_invoke":0,"fail_output":0,"mean_us":13108151.79,"max_us":27876845.26,"last_us":12670262.06,"out0":0.85892,"out_elems":3,"out_sha256":"989d0c885c469a1267e327d7f6eaaa990ed94dab35f064968afaff7105ad4b34","out_head":[0.858921,0.111592,0.029487],"out_tail":[0.858921,0.111592,0.029487],"out_full_file":"/cf/last_out.json","out_full_file_bytes":118,"out_full_file_reason":"ok","out_record_truncates":false}
{"app":"AI_LEARNER","stage":"mem","model":"smartcam","target":"aarch64-unknown-linux-gnu","completed":47,"hal_peak":9382092,"peak_within_bounded":true,"admitted_budget_bytes":9382092,"peak_within_admitted_budget":true,"admission_mode":"conditional_map","hal_bytes_per_call_amortized":8792790.9,"process_rss_kb":25140,"process_rss_delta_init_kb":1740,"max_active_calls":1,"active_calls_now":0,"call_counter_balanced":true}
.EVS Port1 1980-012-14:43:29.01129 66/1/CFE_TIME 21: Stop FLYWHEEL
EVS Port1 1980-012-14:43:30.09347 66/1/CFE_TIME 20: Start FLYWHEEL
EVS Port1 1980-012-14:43:31.02575 66/1/CFE_TIME 21: Stop FLYWHEEL
EVS Port1 1980-012-14:43:31.99316 66/1/CFE_TIME 20: Start FLYWHEEL
.EVS Port1 1980-012-14:43:39.15583 66/1/AI_LEARNER 4: AI_LEARNER completed=48/48 mean=13093043.5us max=27876845.3us hal_peak=9382092 within_bounded=1
{"app":"AI_LEARNER","stage":"run","model":"smartcam","target":"aarch64-unknown-linux-gnu","attempted":48,"completed":48,"fail_input":0,"fail_invoke":0,"fail_output":0,"mean_us":13093043.53,"max_us":27876845.26,"last_us":12382954.99,"out0":0.85892,"out_elems":3,"out_sha256":"989d0c885c469a1267e327d7f6eaaa990ed94dab35f064968afaff7105ad4b34","out_head":[0.858921,0.111592,0.029487],"out_tail":[0.858921,0.111592,0.029487],"out_full_file":"/cf/last_out.json","out_full_file_bytes":118,"out_full_file_reason":"ok","out_record_truncates":false}
{"app":"AI_LEARNER","stage":"mem","model":"smartcam","target":"aarch64-unknown-linux-gnu","completed":48,"hal_peak":9382092,"peak_within_bounded":true,"admitted_budget_bytes":9382092,"peak_within_admitted_budget":true,"admission_mode":"conditional_map","hal_bytes_per_call_amortized":8792524.0,"process_rss_kb":25140,"process_rss_delta_init_kb":1740,"max_active_calls":1,"active_calls_now":0,"call_counter_balanced":true}
..EVS Port1 1980-012-14:43:52.12615 66/1/AI_LEARNER 4: AI_LEARNER completed=49/49 mean=13090200.1us max=27876845.3us hal_peak=9382092 within_bounded=1
{"app":"AI_LEARNER","stage":"run","model":"smartcam","target":"aarch64-unknown-linux-gnu","attempted":49,"completed":49,"fail_input":0,"fail_invoke":0,"fail_output":0,"mean_us":13090200.09,"max_us":27876845.26,"last_us":12953715.33,"out0":0.85892,"out_elems":3,"out_sha256":"989d0c885c469a1267e327d7f6eaaa990ed94dab35f064968afaff7105ad4b34","out_head":[0.858921,0.111592,0.029487],"out_tail":[0.858921,0.111592,0.029487],"out_full_file":"/cf/last_out.json","out_full_file_bytes":118,"out_full_file_reason":"ok","out_record_truncates":false}
{"app":"AI_LEARNER","stage":"mem","model":"smartcam","target":"aarch64-unknown-linux-gnu","completed":49,"hal_peak":9382092,"peak_within_bounded":true,"admitted_budget_bytes":9382092,"peak_within_admitted_budget":true,"admission_mode":"conditional_map","hal_bytes_per_call_amortized":8792268.0,"process_rss_kb":25140,"process_rss_delta_init_kb":1740,"max_active_calls":1,"active_calls_now":0,"call_counter_balanced":true}
..EVS Port1 1980-012-14:44:04.80998 66/1/AI_LEARNER 4: AI_LEARNER completed=50/50 mean=13081959.4us max=27876845.3us hal_peak=9382092 within_bounded=1
{"app":"AI_LEARNER","stage":"run","model":"smartcam","target":"aarch64-unknown-linux-gnu","attempted":50,"completed":50,"fail_input":0,"fail_invoke":0,"fail_output":0,"mean_us":13081959.35,"max_us":27876845.26,"last_us":12678163.07,"out0":0.85892,"out_elems":3,"out_sha256":"989d0c885c469a1267e327d7f6eaaa990ed94dab35f064968afaff7105ad4b34","out_head":[0.858921,0.111592,0.029487],"out_tail":[0.858921,0.111592,0.029487],"out_full_file":"/cf/last_out.json","out_full_file_bytes":118,"out_full_file_reason":"ok","out_record_truncates":false}
{"app":"AI_LEARNER","stage":"mem","model":"smartcam","target":"aarch64-unknown-linux-gnu","completed":50,"hal_peak":9382092,"peak_within_bounded":true,"admitted_budget_bytes":9382092,"peak_within_admitted_budget":true,"admission_mode":"conditional_map","hal_bytes_per_call_amortized":8792022.2,"process_rss_kb":25140,"process_rss_delta_init_kb":1740,"max_active_calls":1,"active_calls_now":0,"call_counter_balanced":true}
...EVS Port1 1980-012-14:44:17.88420 66/1/AI_LEARNER 4: AI_LEARNER completed=51/51 mean=13081578.5us max=27876845.3us hal_peak=9382092 within_bounded=1
{"app":"AI_LEARNER","stage":"run","model":"smartcam","target":"aarch64-unknown-linux-gnu","attempted":51,"completed":51,"fail_input":0,"fail_invoke":0,"fail_output":0,"mean_us":13081578.51,"max_us":27876845.26,"last_us":13062536.24,"out0":0.85892,"out_elems":3,"out_sha256":"989d0c885c469a1267e327d7f6eaaa990ed94dab35f064968afaff7105ad4b34","out_head":[0.858921,0.111592,0.029487],"out_tail":[0.858921,0.111592,0.029487],"out_full_file":"/cf/last_out.json","out_full_file_bytes":118,"out_full_file_reason":"ok","out_record_truncates":false}
{"app":"AI_LEARNER","stage":"mem","model":"smartcam","target":"aarch64-unknown-linux-gnu","completed":51,"hal_peak":9382092,"peak_within_bounded":true,"admitted_budget_bytes":9382092,"peak_within_admitted_budget":true,"admission_mode":"conditional_map","hal_bytes_per_call_amortized":8791786.1,"process_rss_kb":25140,"process_rss_delta_init_kb":1740,"max_active_calls":1,"active_calls_now":0,"call_counter_balanced":true}
.EVS Port1 1980-012-14:44:28.00837 66/1/CFE_TIME 21: Stop FLYWHEEL
EVS Port1 1980-012-14:44:28.99406 66/1/CFE_TIME 20: Start FLYWHEEL
.EVS Port1 1980-012-14:44:30.05421 66/1/AI_LEARNER 4: AI_LEARNER completed=52/52 mean=13064035.0us max=27876845.3us hal_peak=9382092 within_bounded=1
{"app":"AI_LEARNER","stage":"run","model":"smartcam","target":"aarch64-unknown-linux-gnu","attempted":52,"completed":52,"fail_input":0,"fail_invoke":0,"fail_output":0,"mean_us":13064034.95,"max_us":27876845.26,"last_us":12169313.73,"out0":0.85892,"out_elems":3,"out_sha256":"989d0c885c469a1267e327d7f6eaaa990ed94dab35f064968afaff7105ad4b34","out_head":[0.858921,0.111592,0.029487],"out_tail":[0.858921,0.111592,0.029487],"out_full_file":"/cf/last_out.json","out_full_file_bytes":118,"out_full_file_reason":"ok","out_record_truncates":false}
{"app":"AI_LEARNER","stage":"mem","model":"smartcam","target":"aarch64-unknown-linux-gnu","completed":52,"hal_peak":9382092,"peak_within_bounded":true,"admitted_budget_bytes":9382092,"peak_within_admitted_budget":true,"admission_mode":"conditional_map","hal_bytes_per_call_amortized":8791559.1,"process_rss_kb":25140,"process_rss_delta_init_kb":1740,"max_active_calls":1,"active_calls_now":0,"call_counter_balanced":true}
..EVS Port1 1980-012-14:44:41.97578 66/1/AI_LEARNER 4: AI_LEARNER completed=53/53 mean=13041928.3us max=27876845.3us hal_peak=9382092 within_bounded=1
{"app":"AI_LEARNER","stage":"run","model":"smartcam","target":"aarch64-unknown-linux-gnu","attempted":53,"completed":53,"fail_input":0,"fail_invoke":0,"fail_output":0,"mean_us":13041928.33,"max_us":27876845.26,"last_us":11892383.84,"out0":0.85892,"out_elems":3,"out_sha256":"989d0c885c469a1267e327d7f6eaaa990ed94dab35f064968afaff7105ad4b34","out_head":[0.858921,0.111592,0.029487],"out_tail":[0.858921,0.111592,0.029487],"out_full_file":"/cf/last_out.json","out_full_file_bytes":118,"out_full_file_reason":"ok","out_record_truncates":false}
{"app":"AI_LEARNER","stage":"mem","model":"smartcam","target":"aarch64-unknown-linux-gnu","completed":53,"hal_peak":9382092,"peak_within_bounded":true,"admitted_budget_bytes":9382092,"peak_within_admitted_budget":true,"admission_mode":"conditional_map","hal_bytes_per_call_amortized":8791340.6,"process_rss_kb":25140,"process_rss_delta_init_kb":1740,"max_active_calls":1,"active_calls_now":0,"call_counter_balanced":true}
..EVS Port1 1980-012-14:44:54.47297 66/1/AI_LEARNER 4: AI_LEARNER completed=54/54 mean=13031739.0us max=27876845.3us hal_peak=9382092 within_bounded=1
{"app":"AI_LEARNER","stage":"run","model":"smartcam","target":"aarch64-unknown-linux-gnu","attempted":54,"completed":54,"fail_input":0,"fail_invoke":0,"fail_output":0,"mean_us":13031739.04,"max_us":27876845.26,"last_us":12491706.86,"out0":0.85892,"out_elems":3,"out_sha256":"989d0c885c469a1267e327d7f6eaaa990ed94dab35f064968afaff7105ad4b34","out_head":[0.858921,0.111592,0.029487],"out_tail":[0.858921,0.111592,0.029487],"out_full_file":"/cf/last_out.json","out_full_file_bytes":118,"out_full_file_reason":"ok","out_record_truncates":false}
{"app":"AI_LEARNER","stage":"mem","model":"smartcam","target":"aarch64-unknown-linux-gnu","completed":54,"hal_peak":9382092,"peak_within_bounded":true,"admitted_budget_bytes":9382092,"peak_within_admitted_budget":true,"admission_mode":"conditional_map","hal_bytes_per_call_amortized":8791130.2,"process_rss_kb":25140,"process_rss_delta_init_kb":1740,"max_active_calls":1,"active_calls_now":0,"call_counter_balanced":true}
..EVS Port1 1980-012-14:45:06.96018 66/1/AI_LEARNER 4: AI_LEARNER completed=55/55 mean=13021360.0us max=27876845.3us hal_peak=9382092 within_bounded=1
{"app":"AI_LEARNER","stage":"run","model":"smartcam","target":"aarch64-unknown-linux-gnu","attempted":55,"completed":55,"fail_input":0,"fail_invoke":0,"fail_output":0,"mean_us":13021360.03,"max_us":27876845.26,"last_us":12460893.50,"out0":0.85892,"out_elems":3,"out_sha256":"989d0c885c469a1267e327d7f6eaaa990ed94dab35f064968afaff7105ad4b34","out_head":[0.858921,0.111592,0.029487],"out_tail":[0.858921,0.111592,0.029487],"out_full_file":"/cf/last_out.json","out_full_file_bytes":118,"out_full_file_reason":"ok","out_record_truncates":false}
{"app":"AI_LEARNER","stage":"mem","model":"smartcam","target":"aarch64-unknown-linux-gnu","completed":55,"hal_peak":9382092,"peak_within_bounded":true,"admitted_budget_bytes":9382092,"peak_within_admitted_budget":true,"admission_mode":"conditional_map","hal_bytes_per_call_amortized":8790927.5,"process_rss_kb":25140,"process_rss_delta_init_kb":1740,"max_active_calls":1,"active_calls_now":0,"call_counter_balanced":true}
..EVS Port1 1980-012-14:45:19.03445 66/1/AI_LEARNER 4: AI_LEARNER completed=56/56 mean=13004137.9us max=27876845.3us hal_peak=9382092 within_bounded=1
{"app":"AI_LEARNER","stage":"run","model":"smartcam","target":"aarch64-unknown-linux-gnu","attempted":56,"completed":56,"fail_input":0,"fail_invoke":0,"fail_output":0,"mean_us":13004137.88,"max_us":27876845.26,"last_us":12056919.42,"out0":0.85892,"out_elems":3,"out_sha256":"989d0c885c469a1267e327d7f6eaaa990ed94dab35f064968afaff7105ad4b34","out_head":[0.858921,0.111592,0.029487],"out_tail":[0.858921,0.111592,0.029487],"out_full_file":"/cf/last_out.json","out_full_file_bytes":118,"out_full_file_reason":"ok","out_record_truncates":false}
{"app":"AI_LEARNER","stage":"mem","model":"smartcam","target":"aarch64-unknown-linux-gnu","completed":56,"hal_peak":9382092,"peak_within_bounded":true,"admitted_budget_bytes":9382092,"peak_within_admitted_budget":true,"admission_mode":"conditional_map","hal_bytes_per_call_amortized":8790732.0,"process_rss_kb":25140,"process_rss_delta_init_kb":1740,"max_active_calls":1,"active_calls_now":0,"call_counter_balanced":true}
..EVS Port1 1980-012-14:45:31.51266 66/1/AI_LEARNER 4: AI_LEARNER completed=57/57 mean=12994688.2us max=27876845.3us hal_peak=9382092 within_bounded=1
{"app":"AI_LEARNER","stage":"run","model":"smartcam","target":"aarch64-unknown-linux-gnu","attempted":57,"completed":57,"fail_input":0,"fail_invoke":0,"fail_output":0,"mean_us":12994688.16,"max_us":27876845.26,"last_us":12465503.60,"out0":0.85892,"out_elems":3,"out_sha256":"989d0c885c469a1267e327d7f6eaaa990ed94dab35f064968afaff7105ad4b34","out_head":[0.858921,0.111592,0.029487],"out_tail":[0.858921,0.111592,0.029487],"out_full_file":"/cf/last_out.json","out_full_file_bytes":118,"out_full_file_reason":"ok","out_record_truncates":false}
{"app":"AI_LEARNER","stage":"mem","model":"smartcam","target":"aarch64-unknown-linux-gnu","completed":57,"hal_peak":9382092,"peak_within_bounded":true,"admitted_budget_bytes":9382092,"peak_within_admitted_budget":true,"admission_mode":"conditional_map","hal_bytes_per_call_amortized":8790543.4,"process_rss_kb":25140,"process_rss_delta_init_kb":1740,"max_active_calls":1,"active_calls_now":0,"call_counter_balanced":true}
..EVS Port1 1980-012-14:45:43.39614 66/1/AI_LEARNER 4: AI_LEARNER completed=58/58 mean=12975311.3us max=27876845.3us hal_peak=9382092 within_bounded=1
{"app":"AI_LEARNER","stage":"run","model":"smartcam","target":"aarch64-unknown-linux-gnu","attempted":58,"completed":58,"fail_input":0,"fail_invoke":0,"fail_output":0,"mean_us":12975311.32,"max_us":27876845.26,"last_us":11870831.87,"out0":0.85892,"out_elems":3,"out_sha256":"989d0c885c469a1267e327d7f6eaaa990ed94dab35f064968afaff7105ad4b34","out_head":[0.858921,0.111592,0.029487],"out_tail":[0.858921,0.111592,0.029487],"out_full_file":"/cf/last_out.json","out_full_file_bytes":118,"out_full_file_reason":"ok","out_record_truncates":false}
{"app":"AI_LEARNER","stage":"mem","model":"smartcam","target":"aarch64-unknown-linux-gnu","completed":58,"hal_peak":9382092,"peak_within_bounded":true,"admitted_budget_bytes":9382092,"peak_within_admitted_budget":true,"admission_mode":"conditional_map","hal_bytes_per_call_amortized":8790361.2,"process_rss_kb":25140,"process_rss_delta_init_kb":1740,"max_active_calls":1,"active_calls_now":0,"call_counter_balanced":true}
EVS Port1 1980-012-14:45:47.00703 66/1/CFE_TIME 21: Stop FLYWHEEL
.EVS Port1 1980-012-14:45:47.99726 66/1/CFE_TIME 20: Start FLYWHEEL
.EVS Port1 1980-012-14:45:54.01020 66/1/CFE_TIME 21: Stop FLYWHEEL
EVS Port1 1980-012-14:45:54.99835 66/1/CFE_TIME 20: Start FLYWHEEL
EVS Port1 1980-012-14:45:55.67649 66/1/AI_LEARNER 4: AI_LEARNER completed=59/59 mean=12963621.7us max=27876845.3us hal_peak=9382092 within_bounded=1
{"app":"AI_LEARNER","stage":"run","model":"smartcam","target":"aarch64-unknown-linux-gnu","attempted":59,"completed":59,"fail_input":0,"fail_invoke":0,"fail_output":0,"mean_us":12963621.67,"max_us":27876845.26,"last_us":12285621.87,"out0":0.85892,"out_elems":3,"out_sha256":"989d0c885c469a1267e327d7f6eaaa990ed94dab35f064968afaff7105ad4b34","out_head":[0.858921,0.111592,0.029487],"out_tail":[0.858921,0.111592,0.029487],"out_full_file":"/cf/last_out.json","out_full_file_bytes":118,"out_full_file_reason":"ok","out_record_truncates":false}
{"app":"AI_LEARNER","stage":"mem","model":"smartcam","target":"aarch64-unknown-linux-gnu","completed":59,"hal_peak":9382092,"peak_within_bounded":true,"admitted_budget_bytes":9382092,"peak_within_admitted_budget":true,"admission_mode":"conditional_map","hal_bytes_per_call_amortized":8790185.3,"process_rss_kb":25140,"process_rss_delta_init_kb":1740,"max_active_calls":1,"active_calls_now":0,"call_counter_balanced":true}
EVS Port1 1980-012-14:45:57.01348 66/1/CFE_TIME 20: Start FLYWHEEL
EVS Port1 1980-012-14:45:58.00595 66/1/CFE_TIME 21: Stop FLYWHEEL
..EVS Port1 1980-012-14:46:07.81332 66/1/AI_LEARNER 4: AI_LEARNER completed=60/60 mean=12949525.0us max=27876845.3us hal_peak=9382092 within_bounded=1
{"app":"AI_LEARNER","stage":"run","model":"smartcam","target":"aarch64-unknown-linux-gnu","attempted":60,"completed":60,"fail_input":0,"fail_invoke":0,"fail_output":0,"mean_us":12949525.05,"max_us":27876845.26,"last_us":12117824.27,"out0":0.85892,"out_elems":3,"out_sha256":"989d0c885c469a1267e327d7f6eaaa990ed94dab35f064968afaff7105ad4b34","out_head":[0.858921,0.111592,0.029487],"out_tail":[0.858921,0.111592,0.029487],"out_full_file":"/cf/last_out.json","out_full_file_bytes":118,"out_full_file_reason":"ok","out_record_truncates":false}
{"app":"AI_LEARNER","stage":"mem","model":"smartcam","target":"aarch64-unknown-linux-gnu","completed":60,"hal_peak":9382092,"peak_within_bounded":true,"admitted_budget_bytes":9382092,"peak_within_admitted_budget":true,"admission_mode":"conditional_map","hal_bytes_per_call_amortized":8790015.2,"process_rss_kb":25140,"process_rss_delta_init_kb":1740,"max_active_calls":1,"active_calls_now":0,"call_counter_balanced":true}
..EVS Port1 1980-012-14:46:20.64350 66/1/AI_LEARNER 4: AI_LEARNER completed=61/61 mean=12947120.7us max=27876845.3us hal_peak=9382092 within_bounded=1
{"app":"AI_LEARNER","stage":"run","model":"smartcam","target":"aarch64-unknown-linux-gnu","attempted":61,"completed":61,"fail_input":0,"fail_invoke":0,"fail_output":0,"mean_us":12947120.70,"max_us":27876845.26,"last_us":12802859.92,"out0":0.85892,"out_elems":3,"out_sha256":"989d0c885c469a1267e327d7f6eaaa990ed94dab35f064968afaff7105ad4b34","out_head":[0.858921,0.111592,0.029487],"out_tail":[0.858921,0.111592,0.029487],"out_full_file":"/cf/last_out.json","out_full_file_bytes":118,"out_full_file_reason":"ok","out_record_truncates":false}
{"app":"AI_LEARNER","stage":"mem","model":"smartcam","target":"aarch64-unknown-linux-gnu","completed":61,"hal_peak":9382092,"peak_within_bounded":true,"admitted_budget_bytes":9382092,"peak_within_admitted_budget":true,"admission_mode":"conditional_map","hal_bytes_per_call_amortized":8789850.7,"process_rss_kb":25140,"process_rss_delta_init_kb":1740,"max_active_calls":1,"active_calls_now":0,"call_counter_balanced":true}
..EVS Port1 1980-012-14:46:32.50819 66/1/AI_LEARNER 4: AI_LEARNER completed=62/62 mean=12929211.2us max=27876845.3us hal_peak=9382092 within_bounded=1
{"app":"AI_LEARNER","stage":"run","model":"smartcam","target":"aarch64-unknown-linux-gnu","attempted":62,"completed":62,"fail_input":0,"fail_invoke":0,"fail_output":0,"mean_us":12929211.24,"max_us":27876845.26,"last_us":11836734.14,"out0":0.85892,"out_elems":3,"out_sha256":"989d0c885c469a1267e327d7f6eaaa990ed94dab35f064968afaff7105ad4b34","out_head":[0.858921,0.111592,0.029487],"out_tail":[0.858921,0.111592,0.029487],"out_full_file":"/cf/last_out.json","out_full_file_bytes":118,"out_full_file_reason":"ok","out_record_truncates":false}
{"app":"AI_LEARNER","stage":"mem","model":"smartcam","target":"aarch64-unknown-linux-gnu","completed":62,"hal_peak":9382092,"peak_within_bounded":true,"admitted_budget_bytes":9382092,"peak_within_admitted_budget":true,"admission_mode":"conditional_map","hal_bytes_per_call_amortized":8789691.5,"process_rss_kb":25140,"process_rss_delta_init_kb":1740,"max_active_calls":1,"active_calls_now":0,"call_counter_balanced":true}
..EVS Port1 1980-012-14:46:44.74197 66/1/AI_LEARNER 4: AI_LEARNER completed=63/63 mean=12918147.2us max=27876845.3us hal_peak=9382092 within_bounded=1
{"app":"AI_LEARNER","stage":"run","model":"smartcam","target":"aarch64-unknown-linux-gnu","attempted":63,"completed":63,"fail_input":0,"fail_invoke":0,"fail_output":0,"mean_us":12918147.18,"max_us":27876845.26,"last_us":12232175.34,"out0":0.85892,"out_elems":3,"out_sha256":"989d0c885c469a1267e327d7f6eaaa990ed94dab35f064968afaff7105ad4b34","out_head":[0.858921,0.111592,0.029487],"out_tail":[0.858921,0.111592,0.029487],"out_full_file":"/cf/last_out.json","out_full_file_bytes":118,"out_full_file_reason":"ok","out_record_truncates":false}
{"app":"AI_LEARNER","stage":"mem","model":"smartcam","target":"aarch64-unknown-linux-gnu","completed":63,"hal_peak":9382092,"peak_within_bounded":true,"admitted_budget_bytes":9382092,"peak_within_admitted_budget":true,"admission_mode":"conditional_map","hal_bytes_per_call_amortized":8789537.3,"process_rss_kb":25140,"process_rss_delta_init_kb":1740,"max_active_calls":1,"active_calls_now":0,"call_counter_balanced":true}
..EVS Port1 1980-012-14:46:57.14097 66/1/AI_LEARNER 4: AI_LEARNER completed=64/64 mean=12909432.7us max=27876845.3us hal_peak=9382092 within_bounded=1
{"app":"AI_LEARNER","stage":"run","model":"smartcam","target":"aarch64-unknown-linux-gnu","attempted":64,"completed":64,"fail_input":0,"fail_invoke":0,"fail_output":0,"mean_us":12909432.65,"max_us":27876845.26,"last_us":12360417.36,"out0":0.85892,"out_elems":3,"out_sha256":"989d0c885c469a1267e327d7f6eaaa990ed94dab35f064968afaff7105ad4b34","out_head":[0.858921,0.111592,0.029487],"out_tail":[0.858921,0.111592,0.029487],"out_full_file":"/cf/last_out.json","out_full_file_bytes":118,"out_full_file_reason":"ok","out_record_truncates":false}
{"app":"AI_LEARNER","stage":"mem","model":"smartcam","target":"aarch64-unknown-linux-gnu","completed":64,"hal_peak":9382092,"peak_within_bounded":true,"admitted_budget_bytes":9382092,"peak_within_admitted_budget":true,"admission_mode":"conditional_map","hal_bytes_per_call_amortized":8789388.0,"process_rss_kb":25140,"process_rss_delta_init_kb":1740,"max_active_calls":1,"active_calls_now":0,"call_counter_balanced":true}
..EVS Port1 1980-012-14:47:09.61335 66/1/AI_LEARNER 4: AI_LEARNER completed=65/65 mean=12902537.5us max=27876845.3us hal_peak=9382092 within_bounded=1
{"app":"AI_LEARNER","stage":"run","model":"smartcam","target":"aarch64-unknown-linux-gnu","attempted":65,"completed":65,"fail_input":0,"fail_invoke":0,"fail_output":0,"mean_us":12902537.49,"max_us":27876845.26,"last_us":12461247.25,"out0":0.85892,"out_elems":3,"out_sha256":"989d0c885c469a1267e327d7f6eaaa990ed94dab35f064968afaff7105ad4b34","out_head":[0.858921,0.111592,0.029487],"out_tail":[0.858921,0.111592,0.029487],"out_full_file":"/cf/last_out.json","out_full_file_bytes":118,"out_full_file_reason":"ok","out_record_truncates":false}
{"app":"AI_LEARNER","stage":"mem","model":"smartcam","target":"aarch64-unknown-linux-gnu","completed":65,"hal_peak":9382092,"peak_within_bounded":true,"admitted_budget_bytes":9382092,"peak_within_admitted_budget":true,"admission_mode":"conditional_map","hal_bytes_per_call_amortized":8789243.3,"process_rss_kb":25140,"process_rss_delta_init_kb":1740,"max_active_calls":1,"active_calls_now":0,"call_counter_balanced":true}
..EVS Port1 1980-012-14:47:21.00598 66/1/CFE_TIME 21: Stop FLYWHEEL
EVS Port1 1980-012-14:47:21.82992 66/1/AI_LEARNER 4: AI_LEARNER completed=66/66 mean=12892233.5us max=27876845.3us hal_peak=9382092 within_bounded=1
{"app":"AI_LEARNER","stage":"run","model":"smartcam","target":"aarch64-unknown-linux-gnu","attempted":66,"completed":66,"fail_input":0,"fail_invoke":0,"fail_output":0,"mean_us":12892233.48,"max_us":27876845.26,"last_us":12222473.06,"out0":0.85892,"out_elems":3,"out_sha256":"989d0c885c469a1267e327d7f6eaaa990ed94dab35f064968afaff7105ad4b34","out_head":[0.858921,0.111592,0.029487],"out_tail":[0.858921,0.111592,0.029487],"out_full_file":"/cf/last_out.json","out_full_file_bytes":118,"out_full_file_reason":"ok","out_record_truncates":false}
{"app":"AI_LEARNER","stage":"mem","model":"smartcam","target":"aarch64-unknown-linux-gnu","completed":66,"hal_peak":9382092,"peak_within_bounded":true,"admitted_budget_bytes":9382092,"peak_within_admitted_budget":true,"admission_mode":"conditional_map","hal_bytes_per_call_amortized":8789102.9,"process_rss_kb":25140,"process_rss_delta_init_kb":1740,"max_active_calls":1,"active_calls_now":0,"call_counter_balanced":true}
EVS Port1 1980-012-14:47:21.99588 66/1/CFE_TIME 20: Start FLYWHEEL
.EVS Port1 1980-012-14:47:28.01425 66/1/CFE_TIME 21: Stop FLYWHEEL
EVS Port1 1980-012-14:47:28.99340 66/1/CFE_TIME 20: Start FLYWHEEL
.EVS Port1 1980-012-14:47:32.00738 66/1/CFE_TIME 21: Stop FLYWHEEL
EVS Port1 1980-012-14:47:32.99800 66/1/CFE_TIME 20: Start FLYWHEEL
EVS Port1 1980-012-14:47:34.97087 66/1/AI_LEARNER 4: AI_LEARNER completed=67/67 mean=12896655.6us max=27876845.3us hal_peak=9382092 within_bounded=1
{"app":"AI_LEARNER","stage":"run","model":"smartcam","target":"aarch64-unknown-linux-gnu","attempted":67,"completed":67,"fail_input":0,"fail_invoke":0,"fail_output":0,"mean_us":12896655.64,"max_us":27876845.26,"last_us":13188517.92,"out0":0.85892,"out_elems":3,"out_sha256":"989d0c885c469a1267e327d7f6eaaa990ed94dab35f064968afaff7105ad4b34","out_head":[0.858921,0.111592,0.029487],"out_tail":[0.858921,0.111592,0.029487],"out_full_file":"/cf/last_out.json","out_full_file_bytes":118,"out_full_file_reason":"ok","out_record_truncates":false}
{"app":"AI_LEARNER","stage":"mem","model":"smartcam","target":"aarch64-unknown-linux-gnu","completed":67,"hal_peak":9382092,"peak_within_bounded":true,"admitted_budget_bytes":9382092,"peak_within_admitted_budget":true,"admission_mode":"conditional_map","hal_bytes_per_call_amortized":8788966.7,"process_rss_kb":25140,"process_rss_delta_init_kb":1740,"max_active_calls":1,"active_calls_now":0,"call_counter_balanced":true}
.EVS Port1 1980-012-14:47:39.99795 66/1/CFE_TIME 20: Start FLYWHEEL
EVS Port1 1980-012-14:47:40.01058 66/1/CFE_TIME 21: Stop FLYWHEEL
.EVS Port1 1980-012-14:47:47.31240 66/1/AI_LEARNER 4: AI_LEARNER completed=68/68 mean=12887941.9us max=27876845.3us hal_peak=9382092 within_bounded=1
{"app":"AI_LEARNER","stage":"run","model":"smartcam","target":"aarch64-unknown-linux-gnu","attempted":68,"completed":68,"fail_input":0,"fail_invoke":0,"fail_output":0,"mean_us":12887941.95,"max_us":27876845.26,"last_us":12304124.74,"out0":0.85892,"out_elems":3,"out_sha256":"989d0c885c469a1267e327d7f6eaaa990ed94dab35f064968afaff7105ad4b34","out_head":[0.858921,0.111592,0.029487],"out_tail":[0.858921,0.111592,0.029487],"out_full_file":"/cf/last_out.json","out_full_file_bytes":118,"out_full_file_reason":"ok","out_record_truncates":false}
{"app":"AI_LEARNER","stage":"mem","model":"smartcam","target":"aarch64-unknown-linux-gnu","completed":68,"hal_peak":9382092,"peak_within_bounded":true,"admitted_budget_bytes":9382092,"peak_within_admitted_budget":true,"admission_mode":"conditional_map","hal_bytes_per_call_amortized":8788834.6,"process_rss_kb":25140,"process_rss_delta_init_kb":1740,"max_active_calls":1,"active_calls_now":0,"call_counter_balanced":true}
.EVS Port1 1980-012-14:47:50.05821 66/1/CFE_TIME 20: Start FLYWHEEL
EVS Port1 1980-012-14:47:50.00772 66/1/CFE_TIME 21: Stop FLYWHEEL
.EVS Port1 1980-012-14:47:58.00816 66/1/CFE_TIME 21: Stop FLYWHEEL
EVS Port1 1980-012-14:47:59.01049 66/1/CFE_TIME 20: Start FLYWHEEL
.EVS Port1 1980-012-14:48:01.01789 66/1/CFE_TIME 21: Stop FLYWHEEL
EVS Port1 1980-012-14:48:02.01393 66/1/CFE_TIME 20: Start FLYWHEEL
EVS Port1 1980-012-14:48:02.43582 66/1/AI_LEARNER 4: AI_LEARNER completed=69/69 mean=12922352.4us max=27876845.3us hal_peak=9382092 within_bounded=1
{"app":"AI_LEARNER","stage":"run","model":"smartcam","target":"aarch64-unknown-linux-gnu","attempted":69,"completed":69,"fail_input":0,"fail_invoke":0,"fail_output":0,"mean_us":12922352.36,"max_us":27876845.26,"last_us":15262260.50,"out0":0.85892,"out_elems":3,"out_sha256":"989d0c885c469a1267e327d7f6eaaa990ed94dab35f064968afaff7105ad4b34","out_head":[0.858921,0.111592,0.029487],"out_tail":[0.858921,0.111592,0.029487],"out_full_file":"/cf/last_out.json","out_full_file_bytes":118,"out_full_file_reason":"ok","out_record_truncates":false}
{"app":"AI_LEARNER","stage":"mem","model":"smartcam","target":"aarch64-unknown-linux-gnu","completed":69,"hal_peak":9382092,"peak_within_bounded":true,"admitted_budget_bytes":9382092,"peak_within_admitted_budget":true,"admission_mode":"conditional_map","hal_bytes_per_call_amortized":8788706.3,"process_rss_kb":25140,"process_rss_delta_init_kb":1740,"max_active_calls":1,"active_calls_now":0,"call_counter_balanced":true}
EVS Port1 1980-012-14:48:03.00865 66/1/CFE_TIME 21: Stop FLYWHEEL
EVS Port1 1980-012-14:48:04.00802 66/1/CFE_TIME 20: Start FLYWHEEL
..EVS Port1 1980-012-14:48:14.66313 66/1/AI_LEARNER 4: AI_LEARNER completed=70/70 mean=12912927.7us max=27876845.3us hal_peak=9382092 within_bounded=1
{"app":"AI_LEARNER","stage":"run","model":"smartcam","target":"aarch64-unknown-linux-gnu","attempted":70,"completed":70,"fail_input":0,"fail_invoke":0,"fail_output":0,"mean_us":12912927.68,"max_us":27876845.26,"last_us":12262624.38,"out0":0.85892,"out_elems":3,"out_sha256":"989d0c885c469a1267e327d7f6eaaa990ed94dab35f064968afaff7105ad4b34","out_head":[0.858921,0.111592,0.029487],"out_tail":[0.858921,0.111592,0.029487],"out_full_file":"/cf/last_out.json","out_full_file_bytes":118,"out_full_file_reason":"ok","out_record_truncates":false}
{"app":"AI_LEARNER","stage":"mem","model":"smartcam","target":"aarch64-unknown-linux-gnu","completed":70,"hal_peak":9382092,"peak_within_bounded":true,"admitted_budget_bytes":9382092,"peak_within_admitted_budget":true,"admission_mode":"conditional_map","hal_bytes_per_call_amortized":8788581.6,"process_rss_kb":25140,"process_rss_delta_init_kb":1740,"max_active_calls":1,"active_calls_now":0,"call_counter_balanced":true}
.EVS Port1 1980-012-14:48:22.00700 66/1/CFE_TIME 20: Start FLYWHEEL
EVS Port1 1980-012-14:48:22.00515 66/1/CFE_TIME 21: Stop FLYWHEEL
.EVS Port1 1980-012-14:48:26.90464 66/1/AI_LEARNER 4: AI_LEARNER completed=71/71 mean=12903422.6us max=27876845.3us hal_peak=9382092 within_bounded=1
{"app":"AI_LEARNER","stage":"run","model":"smartcam","target":"aarch64-unknown-linux-gnu","attempted":71,"completed":71,"fail_input":0,"fail_invoke":0,"fail_output":0,"mean_us":12903422.61,"max_us":27876845.26,"last_us":12238067.82,"out0":0.85892,"out_elems":3,"out_sha256":"989d0c885c469a1267e327d7f6eaaa990ed94dab35f064968afaff7105ad4b34","out_head":[0.858921,0.111592,0.029487],"out_tail":[0.858921,0.111592,0.029487],"out_full_file":"/cf/last_out.json","out_full_file_bytes":118,"out_full_file_reason":"ok","out_record_truncates":false}
{"app":"AI_LEARNER","stage":"mem","model":"smartcam","target":"aarch64-unknown-linux-gnu","completed":71,"hal_peak":9382092,"peak_within_bounded":true,"admitted_budget_bytes":9382092,"peak_within_admitted_budget":true,"admission_mode":"conditional_map","hal_bytes_per_call_amortized":8788460.5,"process_rss_kb":25140,"process_rss_delta_init_kb":1740,"max_active_calls":1,"active_calls_now":0,"call_counter_balanced":true}
.EVS Port1 1980-012-14:48:31.00950 66/1/CFE_TIME 21: Stop FLYWHEEL
EVS Port1 1980-012-14:48:31.99687 66/1/CFE_TIME 20: Start FLYWHEEL
.EVS Port1 1980-012-14:48:39.54933 66/1/AI_LEARNER 4: AI_LEARNER completed=72/72 mean=12899441.8us max=27876845.3us hal_peak=9382092 within_bounded=1
{"app":"AI_LEARNER","stage":"run","model":"smartcam","target":"aarch64-unknown-linux-gnu","attempted":72,"completed":72,"fail_input":0,"fail_invoke":0,"fail_output":0,"mean_us":12899441.77,"max_us":27876845.26,"last_us":12616802.43,"out0":0.85892,"out_elems":3,"out_sha256":"989d0c885c469a1267e327d7f6eaaa990ed94dab35f064968afaff7105ad4b34","out_head":[0.858921,0.111592,0.029487],"out_tail":[0.858921,0.111592,0.029487],"out_full_file":"/cf/last_out.json","out_full_file_bytes":118,"out_full_file_reason":"ok","out_record_truncates":false}
{"app":"AI_LEARNER","stage":"mem","model":"smartcam","target":"aarch64-unknown-linux-gnu","completed":72,"hal_peak":9382092,"peak_within_bounded":true,"admitted_budget_bytes":9382092,"peak_within_admitted_budget":true,"admission_mode":"conditional_map","hal_bytes_per_call_amortized":8788342.7,"process_rss_kb":25140,"process_rss_delta_init_kb":1740,"max_active_calls":1,"active_calls_now":0,"call_counter_balanced":true}
..EVS Port1 1980-012-14:48:51.94566 66/1/AI_LEARNER 4: AI_LEARNER completed=73/73 mean=12892312.4us max=27876845.3us hal_peak=9382092 within_bounded=1
{"app":"AI_LEARNER","stage":"run","model":"smartcam","target":"aarch64-unknown-linux-gnu","attempted":73,"completed":73,"fail_input":0,"fail_invoke":0,"fail_output":0,"mean_us":12892312.44,"max_us":27876845.26,"last_us":12379000.35,"out0":0.85892,"out_elems":3,"out_sha256":"989d0c885c469a1267e327d7f6eaaa990ed94dab35f064968afaff7105ad4b34","out_head":[0.858921,0.111592,0.029487],"out_tail":[0.858921,0.111592,0.029487],"out_full_file":"/cf/last_out.json","out_full_file_bytes":118,"out_full_file_reason":"ok","out_record_truncates":false}
{"app":"AI_LEARNER","stage":"mem","model":"smartcam","target":"aarch64-unknown-linux-gnu","completed":73,"hal_peak":9382092,"peak_within_bounded":true,"admitted_budget_bytes":9382092,"peak_within_admitted_budget":true,"admission_mode":"conditional_map","hal_bytes_per_call_amortized":8788228.1,"process_rss_kb":25140,"process_rss_delta_init_kb":1740,"max_active_calls":1,"active_calls_now":0,"call_counter_balanced":true}
..EVS Port1 1980-012-14:49:04.26310 66/1/AI_LEARNER 4: AI_LEARNER completed=74/74 mean=12884356.8us max=27876845.3us hal_peak=9382092 within_bounded=1
{"app":"AI_LEARNER","stage":"run","model":"smartcam","target":"aarch64-unknown-linux-gnu","attempted":74,"completed":74,"fail_input":0,"fail_invoke":0,"fail_output":0,"mean_us":12884356.80,"max_us":27876845.26,"last_us":12303594.85,"out0":0.85892,"out_elems":3,"out_sha256":"989d0c885c469a1267e327d7f6eaaa990ed94dab35f064968afaff7105ad4b34","out_head":[0.858921,0.111592,0.029487],"out_tail":[0.858921,0.111592,0.029487],"out_full_file":"/cf/last_out.json","out_full_file_bytes":118,"out_full_file_reason":"ok","out_record_truncates":false}
{"app":"AI_LEARNER","stage":"mem","model":"smartcam","target":"aarch64-unknown-linux-gnu","completed":74,"hal_peak":9382092,"peak_within_bounded":true,"admitted_budget_bytes":9382092,"peak_within_admitted_budget":true,"admission_mode":"conditional_map","hal_bytes_per_call_amortized":8788116.6,"process_rss_kb":25140,"process_rss_delta_init_kb":1740,"max_active_calls":1,"active_calls_now":0,"call_counter_balanced":true}
..EVS Port1 1980-012-14:49:16.65829 66/1/AI_LEARNER 4: AI_LEARNER completed=75/75 mean=12877741.2us max=27876845.3us hal_peak=9382092 within_bounded=1
{"app":"AI_LEARNER","stage":"run","model":"smartcam","target":"aarch64-unknown-linux-gnu","attempted":75,"completed":75,"fail_input":0,"fail_invoke":0,"fail_output":0,"mean_us":12877741.17,"max_us":27876845.26,"last_us":12388184.91,"out0":0.85892,"out_elems":3,"out_sha256":"989d0c885c469a1267e327d7f6eaaa990ed94dab35f064968afaff7105ad4b34","out_head":[0.858921,0.111592,0.029487],"out_tail":[0.858921,0.111592,0.029487],"out_full_file":"/cf/last_out.json","out_full_file_bytes":118,"out_full_file_reason":"ok","out_record_truncates":false}
{"app":"AI_LEARNER","stage":"mem","model":"smartcam","target":"aarch64-unknown-linux-gnu","completed":75,"hal_peak":9382092,"peak_within_bounded":true,"admitted_budget_bytes":9382092,"peak_within_admitted_budget":true,"admission_mode":"conditional_map","hal_bytes_per_call_amortized":8788008.2,"process_rss_kb":25140,"process_rss_delta_init_kb":1740,"max_active_calls":1,"active_calls_now":0,"call_counter_balanced":true}
.EVS Port1 1980-012-14:49:23.00825 66/1/CFE_TIME 21: Stop FLYWHEEL
.EVS Port1 1980-012-14:49:23.99604 66/1/CFE_TIME 20: Start FLYWHEEL
EVS Port1 1980-012-14:49:25.99806 66/1/CFE_TIME 20: Start FLYWHEEL
EVS Port1 1980-012-14:49:26.02017 66/1/CFE_TIME 21: Stop FLYWHEEL
EVS Port1 1980-012-14:49:29.61705 66/1/AI_LEARNER 4: AI_LEARNER completed=76/76 mean=12879308.3us max=27876845.3us hal_peak=9382092 within_bounded=1
{"app":"AI_LEARNER","stage":"run","model":"smartcam","target":"aarch64-unknown-linux-gnu","attempted":76,"completed":76,"fail_input":0,"fail_invoke":0,"fail_output":0,"mean_us":12879308.35,"max_us":27876845.26,"last_us":12996846.42,"out0":0.85892,"out_elems":3,"out_sha256":"989d0c885c469a1267e327d7f6eaaa990ed94dab35f064968afaff7105ad4b34","out_head":[0.858921,0.111592,0.029487],"out_tail":[0.858921,0.111592,0.029487],"out_full_file":"/cf/last_out.json","out_full_file_bytes":118,"out_full_file_reason":"ok","out_record_truncates":false}
{"app":"AI_LEARNER","stage":"mem","model":"smartcam","target":"aarch64-unknown-linux-gnu","completed":76,"hal_peak":9382092,"peak_within_bounded":true,"admitted_budget_bytes":9382092,"peak_within_admitted_budget":true,"admission_mode":"conditional_map","hal_bytes_per_call_amortized":8787902.5,"process_rss_kb":25140,"process_rss_delta_init_kb":1740,"max_active_calls":1,"active_calls_now":0,"call_counter_balanced":true}
.EVS Port1 1980-012-14:49:32.00874 66/1/CFE_TIME 21: Stop FLYWHEEL
EVS Port1 1980-012-14:49:33.00000 66/1/CFE_TIME 20: Start FLYWHEEL
.EVS Port1 1980-012-14:49:39.00692 66/1/CFE_TIME 21: Stop FLYWHEEL
EVS Port1 1980-012-14:49:39.99000 66/1/CFE_TIME 20: Start FLYWHEEL
.EVS Port1 1980-012-14:49:41.88600 66/1/AI_LEARNER 4: AI_LEARNER completed=77/77 mean=12870983.2us max=27876845.3us hal_peak=9382092 within_bounded=1
{"app":"AI_LEARNER","stage":"run","model":"smartcam","target":"aarch64-unknown-linux-gnu","attempted":77,"completed":77,"fail_input":0,"fail_invoke":0,"fail_output":0,"mean_us":12870983.25,"max_us":27876845.26,"last_us":12238275.90,"out0":0.85892,"out_elems":3,"out_sha256":"989d0c885c469a1267e327d7f6eaaa990ed94dab35f064968afaff7105ad4b34","out_head":[0.858921,0.111592,0.029487],"out_tail":[0.858921,0.111592,0.029487],"out_full_file":"/cf/last_out.json","out_full_file_bytes":118,"out_full_file_reason":"ok","out_record_truncates":false}
{"app":"AI_LEARNER","stage":"mem","model":"smartcam","target":"aarch64-unknown-linux-gnu","completed":77,"hal_peak":9382092,"peak_within_bounded":true,"admitted_budget_bytes":9382092,"peak_within_admitted_budget":true,"admission_mode":"conditional_map","hal_bytes_per_call_amortized":8787799.6,"process_rss_kb":25140,"process_rss_delta_init_kb":1740,"max_active_calls":1,"active_calls_now":0,"call_counter_balanced":true}
.EVS Port1 1980-012-14:49:52.01049 66/1/CFE_TIME 21: Stop FLYWHEEL
EVS Port1 1980-012-14:49:53.00041 66/1/CFE_TIME 20: Start FLYWHEEL
.EVS Port1 1980-012-14:49:54.14350 66/1/AI_LEARNER 4: AI_LEARNER completed=78/78 mean=12863150.1us max=27876845.3us hal_peak=9382092 within_bounded=1
{"app":"AI_LEARNER","stage":"run","model":"smartcam","target":"aarch64-unknown-linux-gnu","attempted":78,"completed":78,"fail_input":0,"fail_invoke":0,"fail_output":0,"mean_us":12863150.10,"max_us":27876845.26,"last_us":12259997.60,"out0":0.85892,"out_elems":3,"out_sha256":"989d0c885c469a1267e327d7f6eaaa990ed94dab35f064968afaff7105ad4b34","out_head":[0.858921,0.111592,0.029487],"out_tail":[0.858921,0.111592,0.029487],"out_full_file":"/cf/last_out.json","out_full_file_bytes":118,"out_full_file_reason":"ok","out_record_truncates":false}
{"app":"AI_LEARNER","stage":"mem","model":"smartcam","target":"aarch64-unknown-linux-gnu","completed":78,"hal_peak":9382092,"peak_within_bounded":true,"admitted_budget_bytes":9382092,"peak_within_admitted_budget":true,"admission_mode":"conditional_map","hal_bytes_per_call_amortized":8787699.4,"process_rss_kb":25140,"process_rss_delta_init_kb":1740,"max_active_calls":1,"active_calls_now":0,"call_counter_balanced":true}
..EVS Port1 1980-012-14:50:06.06881 66/1/AI_LEARNER 4: AI_LEARNER completed=79/79 mean=12863832.2us max=27876845.3us hal_peak=9382092 within_bounded=1
{"app":"AI_LEARNER","stage":"run","model":"smartcam","target":"aarch64-unknown-linux-gnu","attempted":79,"completed":79,"fail_input":0,"fail_invoke":0,"fail_output":0,"mean_us":12863832.21,"max_us":27876845.26,"last_us":12917036.96,"out0":0.85892,"out_elems":3,"out_sha256":"989d0c885c469a1267e327d7f6eaaa990ed94dab35f064968afaff7105ad4b34","out_head":[0.858921,0.111592,0.029487],"out_tail":[0.858921,0.111592,0.029487],"out_full_file":"/cf/last_out.json","out_full_file_bytes":118,"out_full_file_reason":"ok","out_record_truncates":false}
{"app":"AI_LEARNER","stage":"mem","model":"smartcam","target":"aarch64-unknown-linux-gnu","completed":79,"hal_peak":9382092,"peak_within_bounded":true,"admitted_budget_bytes":9382092,"peak_within_admitted_budget":true,"admission_mode":"conditional_map","hal_bytes_per_call_amortized":8787601.7,"process_rss_kb":25140,"process_rss_delta_init_kb":1740,"max_active_calls":1,"active_calls_now":0,"call_counter_balanced":true}
..EVS Port1 1980-012-14:50:18.23818 66/1/AI_LEARNER 4: AI_LEARNER completed=80/80 mean=12854820.0us max=27876845.3us hal_peak=9382092 within_bounded=1
{"app":"AI_LEARNER","stage":"run","model":"smartcam","target":"aarch64-unknown-linux-gnu","attempted":80,"completed":80,"fail_input":0,"fail_invoke":0,"fail_output":0,"mean_us":12854820.05,"max_us":27876845.26,"last_us":12142859.20,"out0":0.85892,"out_elems":3,"out_sha256":"989d0c885c469a1267e327d7f6eaaa990ed94dab35f064968afaff7105ad4b34","out_head":[0.858921,0.111592,0.029487],"out_tail":[0.858921,0.111592,0.029487],"out_full_file":"/cf/last_out.json","out_full_file_bytes":118,"out_full_file_reason":"ok","out_record_truncates":false}
{"app":"AI_LEARNER","stage":"mem","model":"smartcam","target":"aarch64-unknown-linux-gnu","completed":80,"hal_peak":9382092,"peak_within_bounded":true,"admitted_budget_bytes":9382092,"peak_within_admitted_budget":true,"admission_mode":"conditional_map","hal_bytes_per_call_amortized":8787506.4,"process_rss_kb":25140,"process_rss_delta_init_kb":1740,"max_active_calls":1,"active_calls_now":0,"call_counter_balanced":true}
..EVS Port1 1980-012-14:50:30.23127 66/1/AI_LEARNER 4: AI_LEARNER completed=81/81 mean=12844192.9us max=27876845.3us hal_peak=9382092 within_bounded=1
{"app":"AI_LEARNER","stage":"run","model":"smartcam","target":"aarch64-unknown-linux-gnu","attempted":81,"completed":81,"fail_input":0,"fail_invoke":0,"fail_output":0,"mean_us":12844192.88,"max_us":27876845.26,"last_us":11994019.63,"out0":0.85892,"out_elems":3,"out_sha256":"989d0c885c469a1267e327d7f6eaaa990ed94dab35f064968afaff7105ad4b34","out_head":[0.858921,0.111592,0.029487],"out_tail":[0.858921,0.111592,0.029487],"out_full_file":"/cf/last_out.json","out_full_file_bytes":118,"out_full_file_reason":"ok","out_record_truncates":false}
{"app":"AI_LEARNER","stage":"mem","model":"smartcam","target":"aarch64-unknown-linux-gnu","completed":81,"hal_peak":9382092,"peak_within_bounded":true,"admitted_budget_bytes":9382092,"peak_within_admitted_budget":true,"admission_mode":"conditional_map","hal_bytes_per_call_amortized":8787413.5,"process_rss_kb":25140,"process_rss_delta_init_kb":1740,"max_active_calls":1,"active_calls_now":0,"call_counter_balanced":true}
..EVS Port1 1980-012-14:50:42.75024 66/1/AI_LEARNER 4: AI_LEARNER completed=82/82 mean=12839916.0us max=27876845.3us hal_peak=9382092 within_bounded=1
{"app":"AI_LEARNER","stage":"run","model":"smartcam","target":"aarch64-unknown-linux-gnu","attempted":82,"completed":82,"fail_input":0,"fail_invoke":0,"fail_output":0,"mean_us":12839915.99,"max_us":27876845.26,"last_us":12493487.76,"out0":0.85892,"out_elems":3,"out_sha256":"989d0c885c469a1267e327d7f6eaaa990ed94dab35f064968afaff7105ad4b34","out_head":[0.858921,0.111592,0.029487],"out_tail":[0.858921,0.111592,0.029487],"out_full_file":"/cf/last_out.json","out_full_file_bytes":118,"out_full_file_reason":"ok","out_record_truncates":false}
{"app":"AI_LEARNER","stage":"mem","model":"smartcam","target":"aarch64-unknown-linux-gnu","completed":82,"hal_peak":9382092,"peak_within_bounded":true,"admitted_budget_bytes":9382092,"peak_within_admitted_budget":true,"admission_mode":"conditional_map","hal_bytes_per_call_amortized":8787322.8,"process_rss_kb":25140,"process_rss_delta_init_kb":1740,"max_active_calls":1,"active_calls_now":0,"call_counter_balanced":true}
.EVS Port1 1980-012-14:50:53.02169 66/1/CFE_TIME 21: Stop FLYWHEEL
.EVS Port1 1980-012-14:50:53.99273 66/1/CFE_TIME 20: Start FLYWHEEL
EVS Port1 1980-012-14:50:54.83613 66/1/AI_LEARNER 4: AI_LEARNER completed=83/83 mean=12830477.1us max=27876845.3us hal_peak=9382092 within_bounded=1
{"app":"AI_LEARNER","stage":"run","model":"smartcam","target":"aarch64-unknown-linux-gnu","attempted":83,"completed":83,"fail_input":0,"fail_invoke":0,"fail_output":0,"mean_us":12830477.13,"max_us":27876845.26,"last_us":12056490.72,"out0":0.85892,"out_elems":3,"out_sha256":"989d0c885c469a1267e327d7f6eaaa990ed94dab35f064968afaff7105ad4b34","out_head":[0.858921,0.111592,0.029487],"out_tail":[0.858921,0.111592,0.029487],"out_full_file":"/cf/last_out.json","out_full_file_bytes":118,"out_full_file_reason":"ok","out_record_truncates":false}
{"app":"AI_LEARNER","stage":"mem","model":"smartcam","target":"aarch64-unknown-linux-gnu","completed":83,"hal_peak":9382092,"peak_within_bounded":true,"admitted_budget_bytes":9382092,"peak_within_admitted_budget":true,"admission_mode":"conditional_map","hal_bytes_per_call_amortized":8787234.4,"process_rss_kb":25140,"process_rss_delta_init_kb":1740,"max_active_calls":1,"active_calls_now":0,"call_counter_balanced":true}
..EVS Port1 1980-012-14:51:07.14083 66/1/AI_LEARNER 4: AI_LEARNER completed=84/84 mean=12823920.7us max=27876845.3us hal_peak=9382092 within_bounded=1
{"app":"AI_LEARNER","stage":"run","model":"smartcam","target":"aarch64-unknown-linux-gnu","attempted":84,"completed":84,"fail_input":0,"fail_invoke":0,"fail_output":0,"mean_us":12823920.74,"max_us":27876845.26,"last_us":12279740.34,"out0":0.85892,"out_elems":3,"out_sha256":"989d0c885c469a1267e327d7f6eaaa990ed94dab35f064968afaff7105ad4b34","out_head":[0.858921,0.111592,0.029487],"out_tail":[0.858921,0.111592,0.029487],"out_full_file":"/cf/last_out.json","out_full_file_bytes":118,"out_full_file_reason":"ok","out_record_truncates":false}
{"app":"AI_LEARNER","stage":"mem","model":"smartcam","target":"aarch64-unknown-linux-gnu","completed":84,"hal_peak":9382092,"peak_within_bounded":true,"admitted_budget_bytes":9382092,"peak_within_admitted_budget":true,"admission_mode":"conditional_map","hal_bytes_per_call_amortized":8787148.0,"process_rss_kb":25140,"process_rss_delta_init_kb":1740,"max_active_calls":1,"active_calls_now":0,"call_counter_balanced":true}
..EVS Port1 1980-012-14:51:18.99731 66/1/AI_LEARNER 4: AI_LEARNER completed=85/85 mean=12812254.5us max=27876845.3us hal_peak=9382092 within_bounded=1
{"app":"AI_LEARNER","stage":"run","model":"smartcam","target":"aarch64-unknown-linux-gnu","attempted":85,"completed":85,"fail_input":0,"fail_invoke":0,"fail_output":0,"mean_us":12812254.50,"max_us":27876845.26,"last_us":11832289.97,"out0":0.85892,"out_elems":3,"out_sha256":"989d0c885c469a1267e327d7f6eaaa990ed94dab35f064968afaff7105ad4b34","out_head":[0.858921,0.111592,0.029487],"out_tail":[0.858921,0.111592,0.029487],"out_full_file":"/cf/last_out.json","out_full_file_bytes":118,"out_full_file_reason":"ok","out_record_truncates":false}
{"app":"AI_LEARNER","stage":"mem","model":"smartcam","target":"aarch64-unknown-linux-gnu","completed":85,"hal_peak":9382092,"peak_within_bounded":true,"admitted_budget_bytes":9382092,"peak_within_admitted_budget":true,"admission_mode":"conditional_map","hal_bytes_per_call_amortized":8787063.7,"process_rss_kb":25140,"process_rss_delta_init_kb":1740,"max_active_calls":1,"active_calls_now":0,"call_counter_balanced":true}
..EVS Port1 1980-012-14:51:31.03334 66/1/AI_LEARNER 4: AI_LEARNER completed=86/86 mean=12802673.0us max=27876845.3us hal_peak=9382092 within_bounded=1
{"app":"AI_LEARNER","stage":"run","model":"smartcam","target":"aarch64-unknown-linux-gnu","attempted":86,"completed":86,"fail_input":0,"fail_invoke":0,"fail_output":0,"mean_us":12802673.00,"max_us":27876845.26,"last_us":11988245.49,"out0":0.85892,"out_elems":3,"out_sha256":"989d0c885c469a1267e327d7f6eaaa990ed94dab35f064968afaff7105ad4b34","out_head":[0.858921,0.111592,0.029487],"out_tail":[0.858921,0.111592,0.029487],"out_full_file":"/cf/last_out.json","out_full_file_bytes":118,"out_full_file_reason":"ok","out_record_truncates":false}
{"app":"AI_LEARNER","stage":"mem","model":"smartcam","target":"aarch64-unknown-linux-gnu","completed":86,"hal_peak":9382092,"peak_within_bounded":true,"admitted_budget_bytes":9382092,"peak_within_admitted_budget":true,"admission_mode":"conditional_map","hal_bytes_per_call_amortized":8786981.3,"process_rss_kb":25140,"process_rss_delta_init_kb":1740,"max_active_calls":1,"active_calls_now":0,"call_counter_balanced":true}
..EVS Port1 1980-012-14:51:43.59292 66/1/AI_LEARNER 4: AI_LEARNER completed=87/87 mean=12799712.4us max=27876845.3us hal_peak=9382092 within_bounded=1
{"app":"AI_LEARNER","stage":"run","model":"smartcam","target":"aarch64-unknown-linux-gnu","attempted":87,"completed":87,"fail_input":0,"fail_invoke":0,"fail_output":0,"mean_us":12799712.40,"max_us":27876845.26,"last_us":12545100.86,"out0":0.85892,"out_elems":3,"out_sha256":"989d0c885c469a1267e327d7f6eaaa990ed94dab35f064968afaff7105ad4b34","out_head":[0.858921,0.111592,0.029487],"out_tail":[0.858921,0.111592,0.029487],"out_full_file":"/cf/last_out.json","out_full_file_bytes":118,"out_full_file_reason":"ok","out_record_truncates":false}
{"app":"AI_LEARNER","stage":"mem","model":"smartcam","target":"aarch64-unknown-linux-gnu","completed":87,"hal_peak":9382092,"peak_within_bounded":true,"admitted_budget_bytes":9382092,"peak_within_admitted_budget":true,"admission_mode":"conditional_map","hal_bytes_per_call_amortized":8786900.8,"process_rss_kb":25140,"process_rss_delta_init_kb":1740,"max_active_calls":1,"active_calls_now":0,"call_counter_balanced":true}
.EVS Port1 1980-012-14:51:53.00447 66/1/CFE_TIME 21: Stop FLYWHEEL
.EVS Port1 1980-012-14:51:53.99490 66/1/CFE_TIME 20: Start FLYWHEEL
EVS Port1 1980-012-14:51:55.75401 66/1/AI_LEARNER 4: AI_LEARNER completed=88/88 mean=12792156.5us max=27876845.3us hal_peak=9382092 within_bounded=1
{"app":"AI_LEARNER","stage":"run","model":"smartcam","target":"aarch64-unknown-linux-gnu","attempted":88,"completed":88,"fail_input":0,"fail_invoke":0,"fail_output":0,"mean_us":12792156.51,"max_us":27876845.26,"last_us":12134794.10,"out0":0.85892,"out_elems":3,"out_sha256":"989d0c885c469a1267e327d7f6eaaa990ed94dab35f064968afaff7105ad4b34","out_head":[0.858921,0.111592,0.029487],"out_tail":[0.858921,0.111592,0.029487],"out_full_file":"/cf/last_out.json","out_full_file_bytes":118,"out_full_file_reason":"ok","out_record_truncates":false}
{"app":"AI_LEARNER","stage":"mem","model":"smartcam","target":"aarch64-unknown-linux-gnu","completed":88,"hal_peak":9382092,"peak_within_bounded":true,"admitted_budget_bytes":9382092,"peak_within_admitted_budget":true,"admission_mode":"conditional_map","hal_bytes_per_call_amortized":8786822.2,"process_rss_kb":25140,"process_rss_delta_init_kb":1740,"max_active_calls":1,"active_calls_now":0,"call_counter_balanced":true}
..EVS Port1 1980-012-14:52:08.25367 66/1/AI_LEARNER 4: AI_LEARNER completed=89/89 mean=12788748.5us max=27876845.3us hal_peak=9382092 within_bounded=1
{"app":"AI_LEARNER","stage":"run","model":"smartcam","target":"aarch64-unknown-linux-gnu","attempted":89,"completed":89,"fail_input":0,"fail_invoke":0,"fail_output":0,"mean_us":12788748.46,"max_us":27876845.26,"last_us":12488840.14,"out0":0.85892,"out_elems":3,"out_sha256":"989d0c885c469a1267e327d7f6eaaa990ed94dab35f064968afaff7105ad4b34","out_head":[0.858921,0.111592,0.029487],"out_tail":[0.858921,0.111592,0.029487],"out_full_file":"/cf/last_out.json","out_full_file_bytes":118,"out_full_file_reason":"ok","out_record_truncates":false}
{"app":"AI_LEARNER","stage":"mem","model":"smartcam","target":"aarch64-unknown-linux-gnu","completed":89,"hal_peak":9382092,"peak_within_bounded":true,"admitted_budget_bytes":9382092,"peak_within_admitted_budget":true,"admission_mode":"conditional_map","hal_bytes_per_call_amortized":8786745.3,"process_rss_kb":25140,"process_rss_delta_init_kb":1740,"max_active_calls":1,"active_calls_now":0,"call_counter_balanced":true}
..EVS Port1 1980-012-14:52:19.63642 66/1/AI_LEARNER 4: AI_LEARNER completed=90/90 mean=12783989.1us max=27876845.3us hal_peak=9382092 within_bounded=1
{"app":"AI_LEARNER","stage":"run","model":"smartcam","target":"aarch64-unknown-linux-gnu","attempted":90,"completed":90,"fail_input":0,"fail_invoke":0,"fail_output":0,"mean_us":12783989.09,"max_us":27876845.26,"last_us":12360405.25,"out0":0.85892,"out_elems":3,"out_sha256":"989d0c885c469a1267e327d7f6eaaa990ed94dab35f064968afaff7105ad4b34","out_head":[0.858921,0.111592,0.029487],"out_tail":[0.858921,0.111592,0.029487],"out_full_file":"/cf/last_out.json","out_full_file_bytes":118,"out_full_file_reason":"ok","out_record_truncates":false}
{"app":"AI_LEARNER","stage":"mem","model":"smartcam","target":"aarch64-unknown-linux-gnu","completed":90,"hal_peak":9382092,"peak_within_bounded":true,"admitted_budget_bytes":9382092,"peak_within_admitted_budget":true,"admission_mode":"conditional_map","hal_bytes_per_call_amortized":8786670.1,"process_rss_kb":25140,"process_rss_delta_init_kb":1740,"max_active_calls":1,"active_calls_now":0,"call_counter_balanced":true}
..EVS Port1 1980-012-14:52:31.98422 66/1/AI_LEARNER 4: AI_LEARNER completed=91/91 mean=12779230.7us max=27876845.3us hal_peak=9382092 within_bounded=1
{"app":"AI_LEARNER","stage":"run","model":"smartcam","target":"aarch64-unknown-linux-gnu","attempted":91,"completed":91,"fail_input":0,"fail_invoke":0,"fail_output":0,"mean_us":12779230.67,"max_us":27876845.26,"last_us":12350973.17,"out0":0.85892,"out_elems":3,"out_sha256":"989d0c885c469a1267e327d7f6eaaa990ed94dab35f064968afaff7105ad4b34","out_head":[0.858921,0.111592,0.029487],"out_tail":[0.858921,0.111592,0.029487],"out_full_file":"/cf/last_out.json","out_full_file_bytes":118,"out_full_file_reason":"ok","out_record_truncates":false}
{"app":"AI_LEARNER","stage":"mem","model":"smartcam","target":"aarch64-unknown-linux-gnu","completed":91,"hal_peak":9382092,"peak_within_bounded":true,"admitted_budget_bytes":9382092,"peak_within_admitted_budget":true,"admission_mode":"conditional_map","hal_bytes_per_call_amortized":8786596.6,"process_rss_kb":25140,"process_rss_delta_init_kb":1740,"max_active_calls":1,"active_calls_now":0,"call_counter_balanced":true}
.EVS Port1 1980-012-14:52:38.01895 66/1/CFE_TIME 20: Start FLYWHEEL
EVS Port1 1980-012-14:52:38.00769 66/1/CFE_TIME 21: Stop FLYWHEEL
.EVS Port1 1980-012-14:52:45.56988 66/1/AI_LEARNER 4: AI_LEARNER completed=92/92 mean=12788022.5us max=27876845.3us hal_peak=9382092 within_bounded=1
{"app":"AI_LEARNER","stage":"run","model":"smartcam","target":"aarch64-unknown-linux-gnu","attempted":92,"completed":92,"fail_input":0,"fail_invoke":0,"fail_output":0,"mean_us":12788022.48,"max_us":27876845.26,"last_us":13588076.93,"out0":0.85892,"out_elems":3,"out_sha256":"989d0c885c469a1267e327d7f6eaaa990ed94dab35f064968afaff7105ad4b34","out_head":[0.858921,0.111592,0.029487],"out_tail":[0.858921,0.111592,0.029487],"out_full_file":"/cf/last_out.json","out_full_file_bytes":118,"out_full_file_reason":"ok","out_record_truncates":false}
{"app":"AI_LEARNER","stage":"mem","model":"smartcam","target":"aarch64-unknown-linux-gnu","completed":92,"hal_peak":9382092,"peak_within_bounded":true,"admitted_budget_bytes":9382092,"peak_within_admitted_budget":true,"admission_mode":"conditional_map","hal_bytes_per_call_amortized":8786524.7,"process_rss_kb":25140,"process_rss_delta_init_kb":1740,"max_active_calls":1,"active_calls_now":0,"call_counter_balanced":true}
..EVS Port1 1980-012-14:52:58.28474 66/1/AI_LEARNER 4: AI_LEARNER completed=93/93 mean=12786778.7us max=27876845.3us hal_peak=9382092 within_bounded=1
{"app":"AI_LEARNER","stage":"run","model":"smartcam","target":"aarch64-unknown-linux-gnu","attempted":93,"completed":93,"fail_input":0,"fail_invoke":0,"fail_output":0,"mean_us":12786778.74,"max_us":27876845.26,"last_us":12672354.54,"out0":0.85892,"out_elems":3,"out_sha256":"989d0c885c469a1267e327d7f6eaaa990ed94dab35f064968afaff7105ad4b34","out_head":[0.858921,0.111592,0.029487],"out_tail":[0.858921,0.111592,0.029487],"out_full_file":"/cf/last_out.json","out_full_file_bytes":118,"out_full_file_reason":"ok","out_record_truncates":false}
{"app":"AI_LEARNER","stage":"mem","model":"smartcam","target":"aarch64-unknown-linux-gnu","completed":93,"hal_peak":9382092,"peak_within_bounded":true,"admitted_budget_bytes":9382092,"peak_within_admitted_budget":true,"admission_mode":"conditional_map","hal_bytes_per_call_amortized":8786454.3,"process_rss_kb":25140,"process_rss_delta_init_kb":1740,"max_active_calls":1,"active_calls_now":0,"call_counter_balanced":true}
...EVS Port1 1980-012-14:53:11.01426 66/1/CFE_TIME 21: Stop FLYWHEEL
EVS Port1 1980-012-14:53:11.34371 66/1/AI_LEARNER 4: AI_LEARNER completed=94/94 mean=12789805.3us max=27876845.3us hal_peak=9382092 within_bounded=1
{"app":"AI_LEARNER","stage":"run","model":"smartcam","target":"aarch64-unknown-linux-gnu","attempted":94,"completed":94,"fail_input":0,"fail_invoke":0,"fail_output":0,"mean_us":12789805.35,"max_us":27876845.26,"last_us":13071280.03,"out0":0.85892,"out_elems":3,"out_sha256":"989d0c885c469a1267e327d7f6eaaa990ed94dab35f064968afaff7105ad4b34","out_head":[0.858921,0.111592,0.029487],"out_tail":[0.858921,0.111592,0.029487],"out_full_file":"/cf/last_out.json","out_full_file_bytes":118,"out_full_file_reason":"ok","out_record_truncates":false}
{"app":"AI_LEARNER","stage":"mem","model":"smartcam","target":"aarch64-unknown-linux-gnu","completed":94,"hal_peak":9382092,"peak_within_bounded":true,"admitted_budget_bytes":9382092,"peak_within_admitted_budget":true,"admission_mode":"conditional_map","hal_bytes_per_call_amortized":8786385.4,"process_rss_kb":25140,"process_rss_delta_init_kb":1740,"max_active_calls":1,"active_calls_now":0,"call_counter_balanced":true}
EVS Port1 1980-012-14:53:11.98301 66/1/CFE_TIME 20: Start FLYWHEEL
.EVS Port1 1980-012-14:53:20.00846 66/1/CFE_TIME 21: Stop FLYWHEEL
EVS Port1 1980-012-14:53:21.00602 66/1/CFE_TIME 20: Start FLYWHEEL
.EVS Port1 1980-012-14:53:24.01278 66/1/CFE_TIME 21: Stop FLYWHEEL
EVS Port1 1980-012-14:53:24.97808 66/1/CFE_TIME 20: Start FLYWHEEL
EVS Port1 1980-012-14:53:25.10229 66/1/AI_LEARNER 4: AI_LEARNER completed=95/95 mean=12799993.2us max=27876845.3us hal_peak=9382092 within_bounded=1
{"app":"AI_LEARNER","stage":"run","model":"smartcam","target":"aarch64-unknown-linux-gnu","attempted":95,"completed":95,"fail_input":0,"fail_invoke":0,"fail_output":0,"mean_us":12799993.20,"max_us":27876845.26,"last_us":13757651.46,"out0":0.85892,"out_elems":3,"out_sha256":"989d0c885c469a1267e327d7f6eaaa990ed94dab35f064968afaff7105ad4b34","out_head":[0.858921,0.111592,0.029487],"out_tail":[0.858921,0.111592,0.029487],"out_full_file":"/cf/last_out.json","out_full_file_bytes":118,"out_full_file_reason":"ok","out_record_truncates":false}
{"app":"AI_LEARNER","stage":"mem","model":"smartcam","target":"aarch64-unknown-linux-gnu","completed":95,"hal_peak":9382092,"peak_within_bounded":true,"admitted_budget_bytes":9382092,"peak_within_admitted_budget":true,"admission_mode":"conditional_map","hal_bytes_per_call_amortized":8786318.0,"process_rss_kb":25140,"process_rss_delta_init_kb":1740,"max_active_calls":1,"active_calls_now":0,"call_counter_balanced":true}
.EVS Port1 1980-012-14:53:31.01095 66/1/CFE_TIME 21: Stop FLYWHEEL
EVS Port1 1980-012-14:53:31.99697 66/1/CFE_TIME 20: Start FLYWHEEL
.EVS Port1 1980-012-14:53:37.70762 66/1/AI_LEARNER 4: AI_LEARNER completed=96/96 mean=12798184.6us max=27876845.3us hal_peak=9382092 within_bounded=1
{"app":"AI_LEARNER","stage":"run","model":"smartcam","target":"aarch64-unknown-linux-gnu","attempted":96,"completed":96,"fail_input":0,"fail_invoke":0,"fail_output":0,"mean_us":12798184.65,"max_us":27876845.26,"last_us":12626372.08,"out0":0.85892,"out_elems":3,"out_sha256":"989d0c885c469a1267e327d7f6eaaa990ed94dab35f064968afaff7105ad4b34","out_head":[0.858921,0.111592,0.029487],"out_tail":[0.858921,0.111592,0.029487],"out_full_file":"/cf/last_out.json","out_full_file_bytes":118,"out_full_file_reason":"ok","out_record_truncates":false}
{"app":"AI_LEARNER","stage":"mem","model":"smartcam","target":"aarch64-unknown-linux-gnu","completed":96,"hal_peak":9382092,"peak_within_bounded":true,"admitted_budget_bytes":9382092,"peak_within_admitted_budget":true,"admission_mode":"conditional_map","hal_bytes_per_call_amortized":8786252.0,"process_rss_kb":25140,"process_rss_delta_init_kb":1740,"max_active_calls":1,"active_calls_now":0,"call_counter_balanced":true}
.EVS Port1 1980-012-14:53:41.02616 66/1/CFE_TIME 21: Stop FLYWHEEL
EVS Port1 1980-012-14:53:41.97824 66/1/CFE_TIME 20: Start FLYWHEEL
.EVS Port1 1980-012-14:53:50.17628 66/1/AI_LEARNER 4: AI_LEARNER completed=97/97 mean=12794746.1us max=27876845.3us hal_peak=9382092 within_bounded=1
{"app":"AI_LEARNER","stage":"run","model":"smartcam","target":"aarch64-unknown-linux-gnu","attempted":97,"completed":97,"fail_input":0,"fail_invoke":0,"fail_output":0,"mean_us":12794746.07,"max_us":27876845.26,"last_us":12464642.82,"out0":0.85892,"out_elems":3,"out_sha256":"989d0c885c469a1267e327d7f6eaaa990ed94dab35f064968afaff7105ad4b34","out_head":[0.858921,0.111592,0.029487],"out_tail":[0.858921,0.111592,0.029487],"out_full_file":"/cf/last_out.json","out_full_file_bytes":118,"out_full_file_reason":"ok","out_record_truncates":false}
{"app":"AI_LEARNER","stage":"mem","model":"smartcam","target":"aarch64-unknown-linux-gnu","completed":97,"hal_peak":9382092,"peak_within_bounded":true,"admitted_budget_bytes":9382092,"peak_within_admitted_budget":true,"admission_mode":"conditional_map","hal_bytes_per_call_amortized":8786187.3,"process_rss_kb":25140,"process_rss_delta_init_kb":1740,"max_active_calls":1,"active_calls_now":0,"call_counter_balanced":true}
.EVS Port1 1980-012-14:53:56.00901 66/1/CFE_TIME 21: Stop FLYWHEEL
EVS Port1 1980-012-14:53:56.99552 66/1/CFE_TIME 20: Start FLYWHEEL
.EVS Port1 1980-012-14:54:02.99241 66/1/AI_LEARNER 4: AI_LEARNER completed=98/98 mean=12794743.1us max=27876845.3us hal_peak=9382092 within_bounded=1
{"app":"AI_LEARNER","stage":"run","model":"smartcam","target":"aarch64-unknown-linux-gnu","attempted":98,"completed":98,"fail_input":0,"fail_invoke":0,"fail_output":0,"mean_us":12794743.07,"max_us":27876845.26,"last_us":12794452.06,"out0":0.85892,"out_elems":3,"out_sha256":"989d0c885c469a1267e327d7f6eaaa990ed94dab35f064968afaff7105ad4b34","out_head":[0.858921,0.111592,0.029487],"out_tail":[0.858921,0.111592,0.029487],"out_full_file":"/cf/last_out.json","out_full_file_bytes":118,"out_full_file_reason":"ok","out_record_truncates":false}
{"app":"AI_LEARNER","stage":"mem","model":"smartcam","target":"aarch64-unknown-linux-gnu","completed":98,"hal_peak":9382092,"peak_within_bounded":true,"admitted_budget_bytes":9382092,"peak_within_admitted_budget":true,"admission_mode":"conditional_map","hal_bytes_per_call_amortized":8786124.0,"process_rss_kb":25140,"process_rss_delta_init_kb":1740,"max_active_calls":1,"active_calls_now":0,"call_counter_balanced":true}
.EVS Port1 1980-012-14:54:07.01252 66/1/CFE_TIME 21: Stop FLYWHEEL
EVS Port1 1980-012-14:54:08.01048 66/1/CFE_TIME 20: Start FLYWHEEL
.EVS Port1 1980-012-14:54:13.99656 66/1/CFE_TIME 20: Start FLYWHEEL
EVS Port1 1980-012-14:54:14.00469 66/1/CFE_TIME 21: Stop FLYWHEEL
EVS Port1 1980-012-14:54:15.90441 66/1/AI_LEARNER 4: AI_LEARNER completed=99/99 mean=12795745.6us max=27876845.3us hal_peak=9382092 within_bounded=1
{"app":"AI_LEARNER","stage":"run","model":"smartcam","target":"aarch64-unknown-linux-gnu","attempted":99,"completed":99,"fail_input":0,"fail_invoke":0,"fail_output":0,"mean_us":12795745.64,"max_us":27876845.26,"last_us":12893996.91,"out0":0.85892,"out_elems":3,"out_sha256":"989d0c885c469a1267e327d7f6eaaa990ed94dab35f064968afaff7105ad4b34","out_head":[0.858921,0.111592,0.029487],"out_tail":[0.858921,0.111592,0.029487],"out_full_file":"/cf/last_out.json","out_full_file_bytes":118,"out_full_file_reason":"ok","out_record_truncates":false}
{"app":"AI_LEARNER","stage":"mem","model":"smartcam","target":"aarch64-unknown-linux-gnu","completed":99,"hal_peak":9382092,"peak_within_bounded":true,"admitted_budget_bytes":9382092,"peak_within_admitted_budget":true,"admission_mode":"conditional_map","hal_bytes_per_call_amortized":8786061.9,"process_rss_kb":25140,"process_rss_delta_init_kb":1740,"max_active_calls":1,"active_calls_now":0,"call_counter_balanced":true}
..EVS Port1 1980-012-14:54:23.99760 66/1/CFE_TIME 20: Start FLYWHEEL
EVS Port1 1980-012-14:54:24.00846 66/1/CFE_TIME 21: Stop FLYWHEEL
.EVS Port1 1980-012-14:54:28.94105 66/1/AI_LEARNER 4: AI_LEARNER completed=100/100 mean=12797998.0us max=27876845.3us hal_peak=9382092 within_bounded=1
{"app":"AI_LEARNER","stage":"run","model":"smartcam","target":"aarch64-unknown-linux-gnu","attempted":100,"completed":100,"fail_input":0,"fail_invoke":0,"fail_output":0,"mean_us":12797998.00,"max_us":27876845.26,"last_us":13020981.86,"out0":0.85892,"out_elems":3,"out_sha256":"989d0c885c469a1267e327d7f6eaaa990ed94dab35f064968afaff7105ad4b34","out_head":[0.858921,0.111592,0.029487],"out_tail":[0.858921,0.111592,0.029487],"out_full_file":"/cf/last_out.json","out_full_file_bytes":119,"out_full_file_reason":"ok","out_record_truncates":false}
{"app":"AI_LEARNER","stage":"mem","model":"smartcam","target":"aarch64-unknown-linux-gnu","completed":100,"hal_peak":9382092,"peak_within_bounded":true,"admitted_budget_bytes":9382092,"peak_within_admitted_budget":true,"admission_mode":"conditional_map","hal_bytes_per_call_amortized":8786001.1,"process_rss_kb":25140,"process_rss_delta_init_kb":1740,"max_active_calls":1,"active_calls_now":0,"call_counter_balanced":true}
EVS Port1 1980-012-14:54:31.05778 66/1/CFE_TIME 20: Start FLYWHEEL
EVS Port1 1980-012-14:54:31.02467 66/1/CFE_TIME 21: Stop FLYWHEEL
..EVS Port1 1980-012-14:54:42.06892 66/1/AI_LEARNER 4: AI_LEARNER completed=101/101 mean=12801714.3us max=27876845.3us hal_peak=9382092 within_bounded=1
{"app":"AI_LEARNER","stage":"run","model":"smartcam","target":"aarch64-unknown-linux-gnu","attempted":101,"completed":101,"fail_input":0,"fail_invoke":0,"fail_output":0,"mean_us":12801714.30,"max_us":27876845.26,"last_us":13173344.38,"out0":0.85892,"out_elems":3,"out_sha256":"989d0c885c469a1267e327d7f6eaaa990ed94dab35f064968afaff7105ad4b34","out_head":[0.858921,0.111592,0.029487],"out_tail":[0.858921,0.111592,0.029487],"out_full_file":"/cf/last_out.json","out_full_file_bytes":119,"out_full_file_reason":"ok","out_record_truncates":false}
{"app":"AI_LEARNER","stage":"mem","model":"smartcam","target":"aarch64-unknown-linux-gnu","completed":101,"hal_peak":9382092,"peak_within_bounded":true,"admitted_budget_bytes":9382092,"peak_within_admitted_budget":true,"admission_mode":"conditional_map","hal_bytes_per_call_amortized":8785941.5,"process_rss_kb":25140,"process_rss_delta_init_kb":1740,"max_active_calls":1,"active_calls_now":0,"call_counter_balanced":true}
..EVS Port1 1980-012-14:54:54.64024 66/1/AI_LEARNER 4: AI_LEARNER completed=102/102 mean=12799258.2us max=27876845.3us hal_peak=9382092 within_bounded=1
{"app":"AI_LEARNER","stage":"run","model":"smartcam","target":"aarch64-unknown-linux-gnu","attempted":102,"completed":102,"fail_input":0,"fail_invoke":0,"fail_output":0,"mean_us":12799258.24,"max_us":27876845.26,"last_us":12551196.54,"out0":0.85892,"out_elems":3,"out_sha256":"989d0c885c469a1267e327d7f6eaaa990ed94dab35f064968afaff7105ad4b34","out_head":[0.858921,0.111592,0.029487],"out_tail":[0.858921,0.111592,0.029487],"out_full_file":"/cf/last_out.json","out_full_file_bytes":119,"out_full_file_reason":"ok","out_record_truncates":false}
{"app":"AI_LEARNER","stage":"mem","model":"smartcam","target":"aarch64-unknown-linux-gnu","completed":102,"hal_peak":9382092,"peak_within_bounded":true,"admitted_budget_bytes":9382092,"peak_within_admitted_budget":true,"admission_mode":"conditional_map","hal_bytes_per_call_amortized":8785883.1,"process_rss_kb":25140,"process_rss_delta_init_kb":1740,"max_active_calls":1,"active_calls_now":0,"call_counter_balanced":true}
..EVS Port1 1980-012-14:55:07.63351 66/1/AI_LEARNER 4: AI_LEARNER completed=103/103 mean=12801262.6us max=27876845.3us hal_peak=9382092 within_bounded=1
{"app":"AI_LEARNER","stage":"run","model":"smartcam","target":"aarch64-unknown-linux-gnu","attempted":103,"completed":103,"fail_input":0,"fail_invoke":0,"fail_output":0,"mean_us":12801262.57,"max_us":27876845.26,"last_us":13005704.24,"out0":0.85892,"out_elems":3,"out_sha256":"989d0c885c469a1267e327d7f6eaaa990ed94dab35f064968afaff7105ad4b34","out_head":[0.858921,0.111592,0.029487],"out_tail":[0.858921,0.111592,0.029487],"out_full_file":"/cf/last_out.json","out_full_file_bytes":119,"out_full_file_reason":"ok","out_record_truncates":false}
{"app":"AI_LEARNER","stage":"mem","model":"smartcam","target":"aarch64-unknown-linux-gnu","completed":103,"hal_peak":9382092,"peak_within_bounded":true,"admitted_budget_bytes":9382092,"peak_within_admitted_budget":true,"admission_mode":"conditional_map","hal_bytes_per_call_amortized":8785825.7,"process_rss_kb":25140,"process_rss_delta_init_kb":1740,"max_active_calls":1,"active_calls_now":0,"call_counter_balanced":true}
..EVS Port1 1980-012-14:55:20.10490 66/1/AI_LEARNER 4: AI_LEARNER completed=104/104 mean=12797776.4us max=27876845.3us hal_peak=9382092 within_bounded=1
{"app":"AI_LEARNER","stage":"run","model":"smartcam","target":"aarch64-unknown-linux-gnu","attempted":104,"completed":104,"fail_input":0,"fail_invoke":0,"fail_output":0,"mean_us":12797776.43,"max_us":27876845.26,"last_us":12438703.33,"out0":0.85892,"out_elems":3,"out_sha256":"989d0c885c469a1267e327d7f6eaaa990ed94dab35f064968afaff7105ad4b34","out_head":[0.858921,0.111592,0.029487],"out_tail":[0.858921,0.111592,0.029487],"out_full_file":"/cf/last_out.json","out_full_file_bytes":119,"out_full_file_reason":"ok","out_record_truncates":false}
{"app":"AI_LEARNER","stage":"mem","model":"smartcam","target":"aarch64-unknown-linux-gnu","completed":104,"hal_peak":9382092,"peak_within_bounded":true,"admitted_budget_bytes":9382092,"peak_within_admitted_budget":true,"admission_mode":"conditional_map","hal_bytes_per_call_amortized":8785769.5,"process_rss_kb":25140,"process_rss_delta_init_kb":1740,"max_active_calls":1,"active_calls_now":0,"call_counter_balanced":true}
..EVS Port1 1980-012-14:55:32.53280 66/1/AI_LEARNER 4: AI_LEARNER completed=105/105 mean=12794221.9us max=27876845.3us hal_peak=9382092 within_bounded=1
{"app":"AI_LEARNER","stage":"run","model":"smartcam","target":"aarch64-unknown-linux-gnu","attempted":105,"completed":105,"fail_input":0,"fail_invoke":0,"fail_output":0,"mean_us":12794221.92,"max_us":27876845.26,"last_us":12424552.80,"out0":0.85892,"out_elems":3,"out_sha256":"989d0c885c469a1267e327d7f6eaaa990ed94dab35f064968afaff7105ad4b34","out_head":[0.858921,0.111592,0.029487],"out_tail":[0.858921,0.111592,0.029487],"out_full_file":"/cf/last_out.json","out_full_file_bytes":119,"out_full_file_reason":"ok","out_record_truncates":false}
{"app":"AI_LEARNER","stage":"mem","model":"smartcam","target":"aarch64-unknown-linux-gnu","completed":105,"hal_peak":9382092,"peak_within_bounded":true,"admitted_budget_bytes":9382092,"peak_within_admitted_budget":true,"admission_mode":"conditional_map","hal_bytes_per_call_amortized":8785714.4,"process_rss_kb":25140,"process_rss_delta_init_kb":1740,"max_active_calls":1,"active_calls_now":0,"call_counter_balanced":true}
..EVS Port1 1980-012-14:55:42.00935 66/1/CFE_TIME 21: Stop FLYWHEEL
EVS Port1 1980-012-14:55:42.98924 66/1/CFE_TIME 20: Start FLYWHEEL
EVS Port1 1980-012-14:55:45.10415 66/1/AI_LEARNER 4: AI_LEARNER completed=106/106 mean=12791784.6us max=27876845.3us hal_peak=9382092 within_bounded=1
{"app":"AI_LEARNER","stage":"run","model":"smartcam","target":"aarch64-unknown-linux-gnu","attempted":106,"completed":106,"fail_input":0,"fail_invoke":0,"fail_output":0,"mean_us":12791784.59,"max_us":27876845.26,"last_us":12535864.90,"out0":0.85892,"out_elems":3,"out_sha256":"989d0c885c469a1267e327d7f6eaaa990ed94dab35f064968afaff7105ad4b34","out_head":[0.858921,0.111592,0.029487],"out_tail":[0.858921,0.111592,0.029487],"out_full_file":"/cf/last_out.json","out_full_file_bytes":119,"out_full_file_reason":"ok","out_record_truncates":false}
{"app":"AI_LEARNER","stage":"mem","model":"smartcam","target":"aarch64-unknown-linux-gnu","completed":106,"hal_peak":9382092,"peak_within_bounded":true,"admitted_budget_bytes":9382092,"peak_within_admitted_budget":true,"admission_mode":"conditional_map","hal_bytes_per_call_amortized":8785660.3,"process_rss_kb":25140,"process_rss_delta_init_kb":1740,"max_active_calls":1,"active_calls_now":0,"call_counter_balanced":true}
..EVS Port1 1980-012-14:55:57.28614 66/1/AI_LEARNER 4: AI_LEARNER completed=107/107 mean=12785991.4us max=27876845.3us hal_peak=9382092 within_bounded=1
{"app":"AI_LEARNER","stage":"run","model":"smartcam","target":"aarch64-unknown-linux-gnu","attempted":107,"completed":107,"fail_input":0,"fail_invoke":0,"fail_output":0,"mean_us":12785991.43,"max_us":27876845.26,"last_us":12171917.25,"out0":0.85892,"out_elems":3,"out_sha256":"989d0c885c469a1267e327d7f6eaaa990ed94dab35f064968afaff7105ad4b34","out_head":[0.858921,0.111592,0.029487],"out_tail":[0.858921,0.111592,0.029487],"out_full_file":"/cf/last_out.json","out_full_file_bytes":119,"out_full_file_reason":"ok","out_record_truncates":false}
{"app":"AI_LEARNER","stage":"mem","model":"smartcam","target":"aarch64-unknown-linux-gnu","completed":107,"hal_peak":9382092,"peak_within_bounded":true,"admitted_budget_bytes":9382092,"peak_within_admitted_budget":true,"admission_mode":"conditional_map","hal_bytes_per_call_amortized":8785607.2,"process_rss_kb":25140,"process_rss_delta_init_kb":1740,"max_active_calls":1,"active_calls_now":0,"call_counter_balanced":true}
..EVS Port1 1980-012-14:56:09.17449 66/1/AI_LEARNER 4: AI_LEARNER completed=108/108 mean=12777479.0us max=27876845.3us hal_peak=9382092 within_bounded=1
{"app":"AI_LEARNER","stage":"run","model":"smartcam","target":"aarch64-unknown-linux-gnu","attempted":108,"completed":108,"fail_input":0,"fail_invoke":0,"fail_output":0,"mean_us":12777479.02,"max_us":27876845.26,"last_us":11866651.15,"out0":0.85892,"out_elems":3,"out_sha256":"989d0c885c469a1267e327d7f6eaaa990ed94dab35f064968afaff7105ad4b34","out_head":[0.858921,0.111592,0.029487],"out_tail":[0.858921,0.111592,0.029487],"out_full_file":"/cf/last_out.json","out_full_file_bytes":119,"out_full_file_reason":"ok","out_record_truncates":false}
{"app":"AI_LEARNER","stage":"mem","model":"smartcam","target":"aarch64-unknown-linux-gnu","completed":108,"hal_peak":9382092,"peak_within_bounded":true,"admitted_budget_bytes":9382092,"peak_within_admitted_budget":true,"admission_mode":"conditional_map","hal_bytes_per_call_amortized":8785555.1,"process_rss_kb":25140,"process_rss_delta_init_kb":1740,"max_active_calls":1,"active_calls_now":0,"call_counter_balanced":true}
..EVS Port1 1980-012-14:56:21.70938 66/1/AI_LEARNER 4: AI_LEARNER completed=109/109 mean=12774793.7us max=27876845.3us hal_peak=9382092 within_bounded=1
{"app":"AI_LEARNER","stage":"run","model":"smartcam","target":"aarch64-unknown-linux-gnu","attempted":109,"completed":109,"fail_input":0,"fail_invoke":0,"fail_output":0,"mean_us":12774793.67,"max_us":27876845.26,"last_us":12484775.06,"out0":0.85892,"out_elems":3,"out_sha256":"989d0c885c469a1267e327d7f6eaaa990ed94dab35f064968afaff7105ad4b34","out_head":[0.858921,0.111592,0.029487],"out_tail":[0.858921,0.111592,0.029487],"out_full_file":"/cf/last_out.json","out_full_file_bytes":119,"out_full_file_reason":"ok","out_record_truncates":false}
{"app":"AI_LEARNER","stage":"mem","model":"smartcam","target":"aarch64-unknown-linux-gnu","completed":109,"hal_peak":9382092,"peak_within_bounded":true,"admitted_budget_bytes":9382092,"peak_within_admitted_budget":true,"admission_mode":"conditional_map","hal_bytes_per_call_amortized":8785504.0,"process_rss_kb":25140,"process_rss_delta_init_kb":1740,"max_active_calls":1,"active_calls_now":0,"call_counter_balanced":true}
..EVS Port1 1980-012-14:56:34.61851 66/1/AI_LEARNER 4: AI_LEARNER completed=110/110 mean=12775861.5us max=27876845.3us hal_peak=9382092 within_bounded=1
{"app":"AI_LEARNER","stage":"run","model":"smartcam","target":"aarch64-unknown-linux-gnu","attempted":110,"completed":110,"fail_input":0,"fail_invoke":0,"fail_output":0,"mean_us":12775861.46,"max_us":27876845.26,"last_us":12892251.20,"out0":0.85892,"out_elems":3,"out_sha256":"989d0c885c469a1267e327d7f6eaaa990ed94dab35f064968afaff7105ad4b34","out_head":[0.858921,0.111592,0.029487],"out_tail":[0.858921,0.111592,0.029487],"out_full_file":"/cf/last_out.json","out_full_file_bytes":119,"out_full_file_reason":"ok","out_record_truncates":false}
{"app":"AI_LEARNER","stage":"mem","model":"smartcam","target":"aarch64-unknown-linux-gnu","completed":110,"hal_peak":9382092,"peak_within_bounded":true,"admitted_budget_bytes":9382092,"peak_within_admitted_budget":true,"admission_mode":"conditional_map","hal_bytes_per_call_amortized":8785453.7,"process_rss_kb":25140,"process_rss_delta_init_kb":1740,"max_active_calls":1,"active_calls_now":0,"call_counter_balanced":true}
...EVS Port1 1980-012-14:56:47.48632 66/1/AI_LEARNER 4: AI_LEARNER completed=111/111 mean=12776627.7us max=27876845.3us hal_peak=9382092 within_bounded=1
{"app":"AI_LEARNER","stage":"run","model":"smartcam","target":"aarch64-unknown-linux-gnu","attempted":111,"completed":111,"fail_input":0,"fail_invoke":0,"fail_output":0,"mean_us":12776627.68,"max_us":27876845.26,"last_us":12860911.14,"out0":0.85892,"out_elems":3,"out_sha256":"989d0c885c469a1267e327d7f6eaaa990ed94dab35f064968afaff7105ad4b34","out_head":[0.858921,0.111592,0.029487],"out_tail":[0.858921,0.111592,0.029487],"out_full_file":"/cf/last_out.json","out_full_file_bytes":119,"out_full_file_reason":"ok","out_record_truncates":false}
{"app":"AI_LEARNER","stage":"mem","model":"smartcam","target":"aarch64-unknown-linux-gnu","completed":111,"hal_peak":9382092,"peak_within_bounded":true,"admitted_budget_bytes":9382092,"peak_within_admitted_budget":true,"admission_mode":"conditional_map","hal_bytes_per_call_amortized":8785404.4,"process_rss_kb":25140,"process_rss_delta_init_kb":1740,"max_active_calls":1,"active_calls_now":0,"call_counter_balanced":true}
..EVS Port1 1980-012-14:56:59.75094 66/1/AI_LEARNER 4: AI_LEARNER completed=112/112 mean=12771993.7us max=27876845.3us hal_peak=9382092 within_bounded=1
{"app":"AI_LEARNER","stage":"run","model":"smartcam","target":"aarch64-unknown-linux-gnu","attempted":112,"completed":112,"fail_input":0,"fail_invoke":0,"fail_output":0,"mean_us":12771993.73,"max_us":27876845.26,"last_us":12257625.22,"out0":0.85892,"out_elems":3,"out_sha256":"989d0c885c469a1267e327d7f6eaaa990ed94dab35f064968afaff7105ad4b34","out_head":[0.858921,0.111592,0.029487],"out_tail":[0.858921,0.111592,0.029487],"out_full_file":"/cf/last_out.json","out_full_file_bytes":119,"out_full_file_reason":"ok","out_record_truncates":false}
{"app":"AI_LEARNER","stage":"mem","model":"smartcam","target":"aarch64-unknown-linux-gnu","completed":112,"hal_peak":9382092,"peak_within_bounded":true,"admitted_budget_bytes":9382092,"peak_within_admitted_budget":true,"admission_mode":"conditional_map","hal_bytes_per_call_amortized":8785356.0,"process_rss_kb":25140,"process_rss_delta_init_kb":1740,"max_active_calls":1,"active_calls_now":0,"call_counter_balanced":true}
.EVS Port1 1980-012-14:57:09.01971 66/1/CFE_TIME 21: Stop FLYWHEEL
EVS Port1 1980-012-14:57:09.99331 66/1/CFE_TIME 20: Start FLYWHEEL
.EVS Port1 1980-012-14:57:12.40625 66/1/AI_LEARNER 4: AI_LEARNER completed=113/113 mean=12770757.6us max=27876845.3us hal_peak=9382092 within_bounded=1
{"app":"AI_LEARNER","stage":"run","model":"smartcam","target":"aarch64-unknown-linux-gnu","attempted":113,"completed":113,"fail_input":0,"fail_invoke":0,"fail_output":0,"mean_us":12770757.59,"max_us":27876845.26,"last_us":12632310.88,"out0":0.85892,"out_elems":3,"out_sha256":"989d0c885c469a1267e327d7f6eaaa990ed94dab35f064968afaff7105ad4b34","out_head":[0.858921,0.111592,0.029487],"out_tail":[0.858921,0.111592,0.029487],"out_full_file":"/cf/last_out.json","out_full_file_bytes":119,"out_full_file_reason":"ok","out_record_truncates":false}
{"app":"AI_LEARNER","stage":"mem","model":"smartcam","target":"aarch64-unknown-linux-gnu","completed":113,"hal_peak":9382092,"peak_within_bounded":true,"admitted_budget_bytes":9382092,"peak_within_admitted_budget":true,"admission_mode":"conditional_map","hal_bytes_per_call_amortized":8785308.4,"process_rss_kb":25140,"process_rss_delta_init_kb":1740,"max_active_calls":1,"active_calls_now":0,"call_counter_balanced":true}
.EVS Port1 1980-012-14:57:18.99922 66/1/CFE_TIME 20: Start FLYWHEEL
EVS Port1 1980-012-14:57:19.00633 66/1/CFE_TIME 21: Stop FLYWHEEL
.EVS Port1 1980-012-14:57:25.26119 66/1/AI_LEARNER 4: AI_LEARNER completed=114/114 mean=12771240.7us max=27876845.3us hal_peak=9382092 within_bounded=1
{"app":"AI_LEARNER","stage":"run","model":"smartcam","target":"aarch64-unknown-linux-gnu","attempted":114,"completed":114,"fail_input":0,"fail_invoke":0,"fail_output":0,"mean_us":12771240.68,"max_us":27876845.26,"last_us":12825829.79,"out0":0.85892,"out_elems":3,"out_sha256":"989d0c885c469a1267e327d7f6eaaa990ed94dab35f064968afaff7105ad4b34","out_head":[0.858921,0.111592,0.029487],"out_tail":[0.858921,0.111592,0.029487],"out_full_file":"/cf/last_out.json","out_full_file_bytes":119,"out_full_file_reason":"ok","out_record_truncates":false}
{"app":"AI_LEARNER","stage":"mem","model":"smartcam","target":"aarch64-unknown-linux-gnu","completed":114,"hal_peak":9382092,"peak_within_bounded":true,"admitted_budget_bytes":9382092,"peak_within_admitted_budget":true,"admission_mode":"conditional_map","hal_bytes_per_call_amortized":8785261.7,"process_rss_kb":25140,"process_rss_delta_init_kb":1740,"max_active_calls":1,"active_calls_now":0,"call_counter_balanced":true}
..EVS Port1 1980-012-14:57:38.41658 66/1/AI_LEARNER 4: AI_LEARNER completed=115/115 mean=12774435.0us max=27876845.3us hal_peak=9382092 within_bounded=1
{"app":"AI_LEARNER","stage":"run","model":"smartcam","target":"aarch64-unknown-linux-gnu","attempted":115,"completed":115,"fail_input":0,"fail_invoke":0,"fail_output":0,"mean_us":12774435.04,"max_us":27876845.26,"last_us":13138591.74,"out0":0.85892,"out_elems":3,"out_sha256":"989d0c885c469a1267e327d7f6eaaa990ed94dab35f064968afaff7105ad4b34","out_head":[0.858921,0.111592,0.029487],"out_tail":[0.858921,0.111592,0.029487],"out_full_file":"/cf/last_out.json","out_full_file_bytes":119,"out_full_file_reason":"ok","out_record_truncates":false}
{"app":"AI_LEARNER","stage":"mem","model":"smartcam","target":"aarch64-unknown-linux-gnu","completed":115,"hal_peak":9382092,"peak_within_bounded":true,"admitted_budget_bytes":9382092,"peak_within_admitted_budget":true,"admission_mode":"conditional_map","hal_bytes_per_call_amortized":8785215.8,"process_rss_kb":25140,"process_rss_delta_init_kb":1740,"max_active_calls":1,"active_calls_now":0,"call_counter_balanced":true}
..EVS Port1 1980-012-14:57:49.04026 66/1/CFE_TIME 20: Start FLYWHEEL
EVS Port1 1980-012-14:57:49.02729 66/1/CFE_TIME 21: Stop FLYWHEEL
.EVS Port1 1980-012-14:57:52.47077 66/1/AI_LEARNER 4: AI_LEARNER completed=116/116 mean=12794504.4us max=27876845.3us hal_peak=9382092 within_bounded=1
{"app":"AI_LEARNER","stage":"run","model":"smartcam","target":"aarch64-unknown-linux-gnu","attempted":116,"completed":116,"fail_input":0,"fail_invoke":0,"fail_output":0,"mean_us":12794504.42,"max_us":27876845.26,"last_us":15102483.02,"out0":0.85892,"out_elems":3,"out_sha256":"989d0c885c469a1267e327d7f6eaaa990ed94dab35f064968afaff7105ad4b34","out_head":[0.858921,0.111592,0.029487],"out_tail":[0.858921,0.111592,0.029487],"out_full_file":"/cf/last_out.json","out_full_file_bytes":119,"out_full_file_reason":"ok","out_record_truncates":false}
{"app":"AI_LEARNER","stage":"mem","model":"smartcam","target":"aarch64-unknown-linux-gnu","completed":116,"hal_peak":9382092,"peak_within_bounded":true,"admitted_budget_bytes":9382092,"peak_within_admitted_budget":true,"admission_mode":"conditional_map","hal_bytes_per_call_amortized":8785170.6,"process_rss_kb":25140,"process_rss_delta_init_kb":1740,"max_active_calls":1,"active_calls_now":0,"call_counter_balanced":true}
EVS Port1 1980-012-14:57:54.01013 66/1/CFE_TIME 21: Stop FLYWHEEL
EVS Port1 1980-012-14:57:54.98825 66/1/CFE_TIME 20: Start FLYWHEEL
..EVS Port1 1980-012-14:58:04.78617 66/1/AI_LEARNER 4: AI_LEARNER completed=117/117 mean=12790743.8us max=27876845.3us hal_peak=9382092 within_bounded=1
{"app":"AI_LEARNER","stage":"run","model":"smartcam","target":"aarch64-unknown-linux-gnu","attempted":117,"completed":117,"fail_input":0,"fail_invoke":0,"fail_output":0,"mean_us":12790743.76,"max_us":27876845.26,"last_us":12354507.02,"out0":0.85892,"out_elems":3,"out_sha256":"989d0c885c469a1267e327d7f6eaaa990ed94dab35f064968afaff7105ad4b34","out_head":[0.858921,0.111592,0.029487],"out_tail":[0.858921,0.111592,0.029487],"out_full_file":"/cf/last_out.json","out_full_file_bytes":119,"out_full_file_reason":"ok","out_record_truncates":false}
{"app":"AI_LEARNER","stage":"mem","model":"smartcam","target":"aarch64-unknown-linux-gnu","completed":117,"hal_peak":9382092,"peak_within_bounded":true,"admitted_budget_bytes":9382092,"peak_within_admitted_budget":true,"admission_mode":"conditional_map","hal_bytes_per_call_amortized":8785126.3,"process_rss_kb":25140,"process_rss_delta_init_kb":1740,"max_active_calls":1,"active_calls_now":0,"call_counter_balanced":true}
..EVS Port1 1980-012-14:58:17.40049 66/1/AI_LEARNER 4: AI_LEARNER completed=118/118 mean=12789091.3us max=27876845.3us hal_peak=9382092 within_bounded=1
{"app":"AI_LEARNER","stage":"run","model":"smartcam","target":"aarch64-unknown-linux-gnu","attempted":118,"completed":118,"fail_input":0,"fail_invoke":0,"fail_output":0,"mean_us":12789091.26,"max_us":27876845.26,"last_us":12595749.28,"out0":0.85892,"out_elems":3,"out_sha256":"989d0c885c469a1267e327d7f6eaaa990ed94dab35f064968afaff7105ad4b34","out_head":[0.858921,0.111592,0.029487],"out_tail":[0.858921,0.111592,0.029487],"out_full_file":"/cf/last_out.json","out_full_file_bytes":119,"out_full_file_reason":"ok","out_record_truncates":false}
{"app":"AI_LEARNER","stage":"mem","model":"smartcam","target":"aarch64-unknown-linux-gnu","completed":118,"hal_peak":9382092,"peak_within_bounded":true,"admitted_budget_bytes":9382092,"peak_within_admitted_budget":true,"admission_mode":"conditional_map","hal_bytes_per_call_amortized":8785082.6,"process_rss_kb":25140,"process_rss_delta_init_kb":1740,"max_active_calls":1,"active_calls_now":0,"call_counter_balanced":true}
EVS Port1 1980-012-14:58:18.01841 66/1/CFE_TIME 21: Stop FLYWHEEL
EVS Port1 1980-012-14:58:18.99507 66/1/CFE_TIME 20: Start FLYWHEEL
.EVS Port1 1980-012-14:58:25.05027 66/1/CFE_TIME 20: Start FLYWHEEL
EVS Port1 1980-012-14:58:25.02008 66/1/CFE_TIME 21: Stop FLYWHEEL
.EVS Port1 1980-012-14:58:30.09176 66/1/AI_LEARNER 4: AI_LEARNER completed=119/119 mean=12788522.7us max=27876845.3us hal_peak=9382092 within_bounded=1
{"app":"AI_LEARNER","stage":"run","model":"smartcam","target":"aarch64-unknown-linux-gnu","attempted":119,"completed":119,"fail_input":0,"fail_invoke":0,"fail_output":0,"mean_us":12788522.67,"max_us":27876845.26,"last_us":12721428.21,"out0":0.85892,"out_elems":3,"out_sha256":"989d0c885c469a1267e327d7f6eaaa990ed94dab35f064968afaff7105ad4b34","out_head":[0.858921,0.111592,0.029487],"out_tail":[0.858921,0.111592,0.029487],"out_full_file":"/cf/last_out.json","out_full_file_bytes":119,"out_full_file_reason":"ok","out_record_truncates":false}
{"app":"AI_LEARNER","stage":"mem","model":"smartcam","target":"aarch64-unknown-linux-gnu","completed":119,"hal_peak":9382092,"peak_within_bounded":true,"admitted_budget_bytes":9382092,"peak_within_admitted_budget":true,"admission_mode":"conditional_map","hal_bytes_per_call_amortized":8785039.8,"process_rss_kb":25140,"process_rss_delta_init_kb":1740,"max_active_calls":1,"active_calls_now":0,"call_counter_balanced":true}
..EVS Port1 1980-012-14:58:42.98377 66/1/AI_LEARNER 4: AI_LEARNER completed=120/120 mean=12789067.6us max=27876845.3us hal_peak=9382092 within_bounded=1
{"app":"AI_LEARNER","stage":"run","model":"smartcam","target":"aarch64-unknown-linux-gnu","attempted":120,"completed":120,"fail_input":0,"fail_invoke":0,"fail_output":0,"mean_us":12789067.62,"max_us":27876845.26,"last_us":12853917.52,"out0":0.85892,"out_elems":3,"out_sha256":"989d0c885c469a1267e327d7f6eaaa990ed94dab35f064968afaff7105ad4b34","out_head":[0.858921,0.111592,0.029487],"out_tail":[0.858921,0.111592,0.029487],"out_full_file":"/cf/last_out.json","out_full_file_bytes":119,"out_full_file_reason":"ok","out_record_truncates":false}
{"app":"AI_LEARNER","stage":"mem","model":"smartcam","target":"aarch64-unknown-linux-gnu","completed":120,"hal_peak":9382092,"peak_within_bounded":true,"admitted_budget_bytes":9382092,"peak_within_admitted_budget":true,"admission_mode":"conditional_map","hal_bytes_per_call_amortized":8784997.6,"process_rss_kb":25140,"process_rss_delta_init_kb":1740,"max_active_calls":1,"active_calls_now":0,"call_counter_balanced":true}
..EVS Port1 1980-012-14:58:55.37854 66/1/AI_LEARNER 4: AI_LEARNER completed=121/121 mean=12785564.0us max=27876845.3us hal_peak=9382092 within_bounded=1
{"app":"AI_LEARNER","stage":"run","model":"smartcam","target":"aarch64-unknown-linux-gnu","attempted":121,"completed":121,"fail_input":0,"fail_invoke":0,"fail_output":0,"mean_us":12785563.98,"max_us":27876845.26,"last_us":12365126.96,"out0":0.85892,"out_elems":3,"out_sha256":"989d0c885c469a1267e327d7f6eaaa990ed94dab35f064968afaff7105ad4b34","out_head":[0.858921,0.111592,0.029487],"out_tail":[0.858921,0.111592,0.029487],"out_full_file":"/cf/last_out.json","out_full_file_bytes":119,"out_full_file_reason":"ok","out_record_truncates":false}
{"app":"AI_LEARNER","stage":"mem","model":"smartcam","target":"aarch64-unknown-linux-gnu","completed":121,"hal_peak":9382092,"peak_within_bounded":true,"admitted_budget_bytes":9382092,"peak_within_admitted_budget":true,"admission_mode":"conditional_map","hal_bytes_per_call_amortized":8784956.1,"process_rss_kb":25140,"process_rss_delta_init_kb":1740,"max_active_calls":1,"active_calls_now":0,"call_counter_balanced":true}
..EVS Port1 1980-012-14:59:08.01982 66/1/AI_LEARNER 4: AI_LEARNER completed=122/122 mean=12784411.3us max=27876845.3us hal_peak=9382092 within_bounded=1
{"app":"AI_LEARNER","stage":"run","model":"smartcam","target":"aarch64-unknown-linux-gnu","attempted":122,"completed":122,"fail_input":0,"fail_invoke":0,"fail_output":0,"mean_us":12784411.32,"max_us":27876845.26,"last_us":12644939.82,"out0":0.85892,"out_elems":3,"out_sha256":"989d0c885c469a1267e327d7f6eaaa990ed94dab35f064968afaff7105ad4b34","out_head":[0.858921,0.111592,0.029487],"out_tail":[0.858921,0.111592,0.029487],"out_full_file":"/cf/last_out.json","out_full_file_bytes":119,"out_full_file_reason":"ok","out_record_truncates":false}
{"app":"AI_LEARNER","stage":"mem","model":"smartcam","target":"aarch64-unknown-linux-gnu","completed":122,"hal_peak":9382092,"peak_within_bounded":true,"admitted_budget_bytes":9382092,"peak_within_admitted_budget":true,"admission_mode":"conditional_map","hal_bytes_per_call_amortized":8784915.3,"process_rss_kb":25140,"process_rss_delta_init_kb":1740,"max_active_calls":1,"active_calls_now":0,"call_counter_balanced":true}
..EVS Port1 1980-012-14:59:20.96742 66/1/AI_LEARNER 4: AI_LEARNER completed=123/123 mean=12785759.5us max=27876845.3us hal_peak=9382092 within_bounded=1
{"app":"AI_LEARNER","stage":"run","model":"smartcam","target":"aarch64-unknown-linux-gnu","attempted":123,"completed":123,"fail_input":0,"fail_invoke":0,"fail_output":0,"mean_us":12785759.45,"max_us":27876845.26,"last_us":12950231.15,"out0":0.85892,"out_elems":3,"out_sha256":"989d0c885c469a1267e327d7f6eaaa990ed94dab35f064968afaff7105ad4b34","out_head":[0.858921,0.111592,0.029487],"out_tail":[0.858921,0.111592,0.029487],"out_full_file":"/cf/last_out.json","out_full_file_bytes":119,"out_full_file_reason":"ok","out_record_truncates":false}
{"app":"AI_LEARNER","stage":"mem","model":"smartcam","target":"aarch64-unknown-linux-gnu","completed":123,"hal_peak":9382092,"peak_within_bounded":true,"admitted_budget_bytes":9382092,"peak_within_admitted_budget":true,"admission_mode":"conditional_map","hal_bytes_per_call_amortized":8784875.2,"process_rss_kb":25140,"process_rss_delta_init_kb":1740,"max_active_calls":1,"active_calls_now":0,"call_counter_balanced":true}
.EVS Port1 1980-012-14:59:24.01660 66/1/CFE_TIME 21: Stop FLYWHEEL
EVS Port1 1980-012-14:59:24.98976 66/1/CFE_TIME 20: Start FLYWHEEL
.EVS Port1 1980-012-14:59:34.11801 66/1/AI_LEARNER 4: AI_LEARNER completed=124/124 mean=12788602.7us max=27876845.3us hal_peak=9382092 within_bounded=1
{"app":"AI_LEARNER","stage":"run","model":"smartcam","target":"aarch64-unknown-linux-gnu","attempted":124,"completed":124,"fail_input":0,"fail_invoke":0,"fail_output":0,"mean_us":12788602.70,"max_us":27876845.26,"last_us":13138321.82,"out0":0.85892,"out_elems":3,"out_sha256":"989d0c885c469a1267e327d7f6eaaa990ed94dab35f064968afaff7105ad4b34","out_head":[0.858921,0.111592,0.029487],"out_tail":[0.858921,0.111592,0.029487],"out_full_file":"/cf/last_out.json","out_full_file_bytes":119,"out_full_file_reason":"ok","out_record_truncates":false}
{"app":"AI_LEARNER","stage":"mem","model":"smartcam","target":"aarch64-unknown-linux-gnu","completed":124,"hal_peak":9382092,"peak_within_bounded":true,"admitted_budget_bytes":9382092,"peak_within_admitted_budget":true,"admission_mode":"conditional_map","hal_bytes_per_call_amortized":8784835.7,"process_rss_kb":25140,"process_rss_delta_init_kb":1740,"max_active_calls":1,"active_calls_now":0,"call_counter_balanced":true}
.EVS Port1 1980-012-14:59:40.00877 66/1/CFE_TIME 21: Stop FLYWHEEL
.EVS Port1 1980-012-14:59:40.99577 66/1/CFE_TIME 20: Start FLYWHEEL
EVS Port1 1980-012-14:59:44.01473 66/1/CFE_TIME 21: Stop FLYWHEEL
EVS Port1 1980-012-14:59:44.98599 66/1/CFE_TIME 20: Start FLYWHEEL
.EVS Port1 1980-012-14:59:45.84643 66/1/AI_LEARNER 4: AI_LEARNER completed=125/125 mean=12788204.1us max=27876845.3us hal_peak=9382092 within_bounded=1
{"app":"AI_LEARNER","stage":"run","model":"smartcam","target":"aarch64-unknown-linux-gnu","attempted":125,"completed":125,"fail_input":0,"fail_invoke":0,"fail_output":0,"mean_us":12788204.07,"max_us":27876845.26,"last_us":12738773.94,"out0":0.85892,"out_elems":3,"out_sha256":"989d0c885c469a1267e327d7f6eaaa990ed94dab35f064968afaff7105ad4b34","out_head":[0.858921,0.111592,0.029487],"out_tail":[0.858921,0.111592,0.029487],"out_full_file":"/cf/last_out.json","out_full_file_bytes":119,"out_full_file_reason":"ok","out_record_truncates":false}
{"app":"AI_LEARNER","stage":"mem","model":"smartcam","target":"aarch64-unknown-linux-gnu","completed":125,"hal_peak":9382092,"peak_within_bounded":true,"admitted_budget_bytes":9382092,"peak_within_admitted_budget":true,"admission_mode":"conditional_map","hal_bytes_per_call_amortized":8784796.9,"process_rss_kb":25140,"process_rss_delta_init_kb":1740,"max_active_calls":1,"active_calls_now":0,"call_counter_balanced":true}
..EVS Port1 1980-012-14:59:58.64523 66/1/AI_LEARNER 4: AI_LEARNER completed=126/126 mean=12788056.2us max=27876845.3us hal_peak=9382092 within_bounded=1
{"app":"AI_LEARNER","stage":"run","model":"smartcam","target":"aarch64-unknown-linux-gnu","attempted":126,"completed":126,"fail_input":0,"fail_invoke":0,"fail_output":0,"mean_us":12788056.17,"max_us":27876845.26,"last_us":12769569.31,"out0":0.85892,"out_elems":3,"out_sha256":"989d0c885c469a1267e327d7f6eaaa990ed94dab35f064968afaff7105ad4b34","out_head":[0.858921,0.111592,0.029487],"out_tail":[0.858921,0.111592,0.029487],"out_full_file":"/cf/last_out.json","out_full_file_bytes":119,"out_full_file_reason":"ok","out_record_truncates":false}
{"app":"AI_LEARNER","stage":"mem","model":"smartcam","target":"aarch64-unknown-linux-gnu","completed":126,"hal_peak":9382092,"peak_within_bounded":true,"admitted_budget_bytes":9382092,"peak_within_admitted_budget":true,"admission_mode":"conditional_map","hal_bytes_per_call_amortized":8784758.7,"process_rss_kb":25140,"process_rss_delta_init_kb":1740,"max_active_calls":1,"active_calls_now":0,"call_counter_balanced":true}
EVS Port1 1980-012-15:00:01.01097 66/1/CFE_TIME 21: Stop FLYWHEEL
EVS Port1 1980-012-15:00:01.98576 66/1/CFE_TIME 20: Start FLYWHEEL
..EVS Port1 1980-012-15:00:11.73136 66/1/AI_LEARNER 4: AI_LEARNER completed=127/127 mean=12790330.3us max=27876845.3us hal_peak=9382092 within_bounded=1
{"app":"AI_LEARNER","stage":"run","model":"smartcam","target":"aarch64-unknown-linux-gnu","attempted":127,"completed":127,"fail_input":0,"fail_invoke":0,"fail_output":0,"mean_us":12790330.30,"max_us":27876845.26,"last_us":13076870.62,"out0":0.85892,"out_elems":3,"out_sha256":"989d0c885c469a1267e327d7f6eaaa990ed94dab35f064968afaff7105ad4b34","out_head":[0.858921,0.111592,0.029487],"out_tail":[0.858921,0.111592,0.029487],"out_full_file":"/cf/last_out.json","out_full_file_bytes":119,"out_full_file_reason":"ok","out_record_truncates":false}
{"app":"AI_LEARNER","stage":"mem","model":"smartcam","target":"aarch64-unknown-linux-gnu","completed":127,"hal_peak":9382092,"peak_within_bounded":true,"admitted_budget_bytes":9382092,"peak_within_admitted_budget":true,"admission_mode":"conditional_map","hal_bytes_per_call_amortized":8784721.0,"process_rss_kb":25140,"process_rss_delta_init_kb":1740,"max_active_calls":1,"active_calls_now":0,"call_counter_balanced":true}
.EVS Port1 1980-012-15:00:20.00886 66/1/CFE_TIME 21: Stop FLYWHEEL
EVS Port1 1980-012-15:00:20.99440 66/1/CFE_TIME 20: Start FLYWHEEL
.EVS Port1 1980-012-15:00:24.53659 66/1/AI_LEARNER 4: AI_LEARNER completed=128/128 mean=12790243.0us max=27876845.3us hal_peak=9382092 within_bounded=1
{"app":"AI_LEARNER","stage":"run","model":"smartcam","target":"aarch64-unknown-linux-gnu","attempted":128,"completed":128,"fail_input":0,"fail_invoke":0,"fail_output":0,"mean_us":12790243.01,"max_us":27876845.26,"last_us":12779157.34,"out0":0.85892,"out_elems":3,"out_sha256":"989d0c885c469a1267e327d7f6eaaa990ed94dab35f064968afaff7105ad4b34","out_head":[0.858921,0.111592,0.029487],"out_tail":[0.858921,0.111592,0.029487],"out_full_file":"/cf/last_out.json","out_full_file_bytes":119,"out_full_file_reason":"ok","out_record_truncates":false}
{"app":"AI_LEARNER","stage":"mem","model":"smartcam","target":"aarch64-unknown-linux-gnu","completed":128,"hal_peak":9382092,"peak_within_bounded":true,"admitted_budget_bytes":9382092,"peak_within_admitted_budget":true,"admission_mode":"conditional_map","hal_bytes_per_call_amortized":8784684.0,"process_rss_kb":25140,"process_rss_delta_init_kb":1740,"max_active_calls":1,"active_calls_now":0,"call_counter_balanced":true}
..EVS Port1 1980-012-15:00:36.83134 66/1/AI_LEARNER 4: AI_LEARNER completed=129/129 mean=12786251.4us max=27876845.3us hal_peak=9382092 within_bounded=1
{"app":"AI_LEARNER","stage":"run","model":"smartcam","target":"aarch64-unknown-linux-gnu","attempted":129,"completed":129,"fail_input":0,"fail_invoke":0,"fail_output":0,"mean_us":12786251.39,"max_us":27876845.26,"last_us":12275324.19,"out0":0.85892,"out_elems":3,"out_sha256":"989d0c885c469a1267e327d7f6eaaa990ed94dab35f064968afaff7105ad4b34","out_head":[0.858921,0.111592,0.029487],"out_tail":[0.858921,0.111592,0.029487],"out_full_file":"/cf/last_out.json","out_full_file_bytes":119,"out_full_file_reason":"ok","out_record_truncates":false}
{"app":"AI_LEARNER","stage":"mem","model":"smartcam","target":"aarch64-unknown-linux-gnu","completed":129,"hal_peak":9382092,"peak_within_bounded":true,"admitted_budget_bytes":9382092,"peak_within_admitted_budget":true,"admission_mode":"conditional_map","hal_bytes_per_call_amortized":8784647.5,"process_rss_kb":25140,"process_rss_delta_init_kb":1740,"max_active_calls":1,"active_calls_now":0,"call_counter_balanced":true}
..EVS Port1 1980-012-15:00:50.07890 66/1/AI_LEARNER 4: AI_LEARNER completed=130/130 mean=12789780.1us max=27876845.3us hal_peak=9382092 within_bounded=1
{"app":"AI_LEARNER","stage":"run","model":"smartcam","target":"aarch64-unknown-linux-gnu","attempted":130,"completed":130,"fail_input":0,"fail_invoke":0,"fail_output":0,"mean_us":12789780.05,"max_us":27876845.26,"last_us":13244976.64,"out0":0.85892,"out_elems":3,"out_sha256":"989d0c885c469a1267e327d7f6eaaa990ed94dab35f064968afaff7105ad4b34","out_head":[0.858921,0.111592,0.029487],"out_tail":[0.858921,0.111592,0.029487],"out_full_file":"/cf/last_out.json","out_full_file_bytes":119,"out_full_file_reason":"ok","out_record_truncates":false}
{"app":"AI_LEARNER","stage":"mem","model":"smartcam","target":"aarch64-unknown-linux-gnu","completed":130,"hal_peak":9382092,"peak_within_bounded":true,"admitted_budget_bytes":9382092,"peak_within_admitted_budget":true,"admission_mode":"conditional_map","hal_bytes_per_call_amortized":8784611.6,"process_rss_kb":25140,"process_rss_delta_init_kb":1740,"max_active_calls":1,"active_calls_now":0,"call_counter_balanced":true}
..EVS Port1 1980-012-15:01:01.00492 66/1/CFE_TIME 20: Start FLYWHEEL
EVS Port1 1980-012-15:01:01.00729 66/1/CFE_TIME 21: Stop FLYWHEEL
EVS Port1 1980-012-15:01:03.20898 66/1/AI_LEARNER 4: AI_LEARNER completed=131/131 mean=12792383.0us max=27876845.3us hal_peak=9382092 within_bounded=1
{"app":"AI_LEARNER","stage":"run","model":"smartcam","target":"aarch64-unknown-linux-gnu","attempted":131,"completed":131,"fail_input":0,"fail_invoke":0,"fail_output":0,"mean_us":12792382.96,"max_us":27876845.26,"last_us":13130761.46,"out0":0.85892,"out_elems":3,"out_sha256":"989d0c885c469a1267e327d7f6eaaa990ed94dab35f064968afaff7105ad4b34","out_head":[0.858921,0.111592,0.029487],"out_tail":[0.858921,0.111592,0.029487],"out_full_file":"/cf/last_out.json","out_full_file_bytes":119,"out_full_file_reason":"ok","out_record_truncates":false}
{"app":"AI_LEARNER","stage":"mem","model":"smartcam","target":"aarch64-unknown-linux-gnu","completed":131,"hal_peak":9382092,"peak_within_bounded":true,"admitted_budget_bytes":9382092,"peak_within_admitted_budget":true,"admission_mode":"conditional_map","hal_bytes_per_call_amortized":8784576.3,"process_rss_kb":25140,"process_rss_delta_init_kb":1740,"max_active_calls":1,"active_calls_now":0,"call_counter_balanced":true}
..EVS Port1 1980-012-15:01:15.41320 66/1/AI_LEARNER 4: AI_LEARNER completed=132/132 mean=12787880.3us max=27876845.3us hal_peak=9382092 within_bounded=1
{"app":"AI_LEARNER","stage":"run","model":"smartcam","target":"aarch64-unknown-linux-gnu","attempted":132,"completed":132,"fail_input":0,"fail_invoke":0,"fail_output":0,"mean_us":12787880.26,"max_us":27876845.26,"last_us":12198025.98,"out0":0.85892,"out_elems":3,"out_sha256":"989d0c885c469a1267e327d7f6eaaa990ed94dab35f064968afaff7105ad4b34","out_head":[0.858921,0.111592,0.029487],"out_tail":[0.858921,0.111592,0.029487],"out_full_file":"/cf/last_out.json","out_full_file_bytes":119,"out_full_file_reason":"ok","out_record_truncates":false}
{"app":"AI_LEARNER","stage":"mem","model":"smartcam","target":"aarch64-unknown-linux-gnu","completed":132,"hal_peak":9382092,"peak_within_bounded":true,"admitted_budget_bytes":9382092,"peak_within_admitted_budget":true,"admission_mode":"conditional_map","hal_bytes_per_call_amortized":8784541.5,"process_rss_kb":25140,"process_rss_delta_init_kb":1740,"max_active_calls":1,"active_calls_now":0,"call_counter_balanced":true}
..EVS Port1 1980-012-15:01:24.00885 66/1/CFE_TIME 21: Stop FLYWHEEL
EVS Port1 1980-012-15:01:24.98696 66/1/CFE_TIME 20: Start FLYWHEEL
EVS Port1 1980-012-15:01:27.60981 66/1/AI_LEARNER 4: AI_LEARNER completed=133/133 mean=12783326.1us max=27876845.3us hal_peak=9382092 within_bounded=1
{"app":"AI_LEARNER","stage":"run","model":"smartcam","target":"aarch64-unknown-linux-gnu","attempted":133,"completed":133,"fail_input":0,"fail_invoke":0,"fail_output":0,"mean_us":12783326.07,"max_us":27876845.26,"last_us":12182173.06,"out0":0.85892,"out_elems":3,"out_sha256":"989d0c885c469a1267e327d7f6eaaa990ed94dab35f064968afaff7105ad4b34","out_head":[0.858921,0.111592,0.029487],"out_tail":[0.858921,0.111592,0.029487],"out_full_file":"/cf/last_out.json","out_full_file_bytes":119,"out_full_file_reason":"ok","out_record_truncates":false}
{"app":"AI_LEARNER","stage":"mem","model":"smartcam","target":"aarch64-unknown-linux-gnu","completed":133,"hal_peak":9382092,"peak_within_bounded":true,"admitted_budget_bytes":9382092,"peak_within_admitted_budget":true,"admission_mode":"conditional_map","hal_bytes_per_call_amortized":8784507.2,"process_rss_kb":25140,"process_rss_delta_init_kb":1740,"max_active_calls":1,"active_calls_now":0,"call_counter_balanced":true}
...EVS Port1 1980-012-15:01:40.13597 66/1/AI_LEARNER 4: AI_LEARNER completed=134/134 mean=12781250.3us max=27876845.3us hal_peak=9382092 within_bounded=1
{"app":"AI_LEARNER","stage":"run","model":"smartcam","target":"aarch64-unknown-linux-gnu","attempted":134,"completed":134,"fail_input":0,"fail_invoke":0,"fail_output":0,"mean_us":12781250.29,"max_us":27876845.26,"last_us":12505172.00,"out0":0.85892,"out_elems":3,"out_sha256":"989d0c885c469a1267e327d7f6eaaa990ed94dab35f064968afaff7105ad4b34","out_head":[0.858921,0.111592,0.029487],"out_tail":[0.858921,0.111592,0.029487],"out_full_file":"/cf/last_out.json","out_full_file_bytes":119,"out_full_file_reason":"ok","out_record_truncates":false}
{"app":"AI_LEARNER","stage":"mem","model":"smartcam","target":"aarch64-unknown-linux-gnu","completed":134,"hal_peak":9382092,"peak_within_bounded":true,"admitted_budget_bytes":9382092,"peak_within_admitted_budget":true,"admission_mode":"conditional_map","hal_bytes_per_call_amortized":8784473.4,"process_rss_kb":25140,"process_rss_delta_init_kb":1740,"max_active_calls":1,"active_calls_now":0,"call_counter_balanced":true}
.EVS Port1 1980-012-15:01:48.99909 66/1/CFE_TIME 20: Start FLYWHEEL
EVS Port1 1980-012-15:01:49.00643 66/1/CFE_TIME 21: Stop FLYWHEEL
.EVS Port1 1980-012-15:01:52.81694 66/1/AI_LEARNER 4: AI_LEARNER completed=135/135 mean=12780358.5us max=27876845.3us hal_peak=9382092 within_bounded=1
{"app":"AI_LEARNER","stage":"run","model":"smartcam","target":"aarch64-unknown-linux-gnu","attempted":135,"completed":135,"fail_input":0,"fail_invoke":0,"fail_output":0,"mean_us":12780358.45,"max_us":27876845.26,"last_us":12660852.27,"out0":0.85892,"out_elems":3,"out_sha256":"989d0c885c469a1267e327d7f6eaaa990ed94dab35f064968afaff7105ad4b34","out_head":[0.858921,0.111592,0.029487],"out_tail":[0.858921,0.111592,0.029487],"out_full_file":"/cf/last_out.json","out_full_file_bytes":119,"out_full_file_reason":"ok","out_record_truncates":false}
{"app":"AI_LEARNER","stage":"mem","model":"smartcam","target":"aarch64-unknown-linux-gnu","completed":135,"hal_peak":9382092,"peak_within_bounded":true,"admitted_budget_bytes":9382092,"peak_within_admitted_budget":true,"admission_mode":"conditional_map","hal_bytes_per_call_amortized":8784440.1,"process_rss_kb":25140,"process_rss_delta_init_kb":1740,"max_active_calls":1,"active_calls_now":0,"call_counter_balanced":true}
..EVS Port1 1980-012-15:02:05.54696 66/1/AI_LEARNER 4: AI_LEARNER completed=136/136 mean=12779917.5us max=27876845.3us hal_peak=9382092 within_bounded=1
{"app":"AI_LEARNER","stage":"run","model":"smartcam","target":"aarch64-unknown-linux-gnu","attempted":136,"completed":136,"fail_input":0,"fail_invoke":0,"fail_output":0,"mean_us":12779917.52,"max_us":27876845.26,"last_us":12720390.91,"out0":0.85892,"out_elems":3,"out_sha256":"989d0c885c469a1267e327d7f6eaaa990ed94dab35f064968afaff7105ad4b34","out_head":[0.858921,0.111592,0.029487],"out_tail":[0.858921,0.111592,0.029487],"out_full_file":"/cf/last_out.json","out_full_file_bytes":119,"out_full_file_reason":"ok","out_record_truncates":false}
{"app":"AI_LEARNER","stage":"mem","model":"smartcam","target":"aarch64-unknown-linux-gnu","completed":136,"hal_peak":9382092,"peak_within_bounded":true,"admitted_budget_bytes":9382092,"peak_within_admitted_budget":true,"admission_mode":"conditional_map","hal_bytes_per_call_amortized":8784407.3,"process_rss_kb":25140,"process_rss_delta_init_kb":1740,"max_active_calls":1,"active_calls_now":0,"call_counter_balanced":true}
..EVS Port1 1980-012-15:02:18.59762 66/1/AI_LEARNER 4: AI_LEARNER completed=137/137 mean=12781694.3us max=27876845.3us hal_peak=9382092 within_bounded=1
{"app":"AI_LEARNER","stage":"run","model":"smartcam","target":"aarch64-unknown-linux-gnu","attempted":137,"completed":137,"fail_input":0,"fail_invoke":0,"fail_output":0,"mean_us":12781694.30,"max_us":27876845.26,"last_us":13023337.30,"out0":0.85892,"out_elems":3,"out_sha256":"989d0c885c469a1267e327d7f6eaaa990ed94dab35f064968afaff7105ad4b34","out_head":[0.858921,0.111592,0.029487],"out_tail":[0.858921,0.111592,0.029487],"out_full_file":"/cf/last_out.json","out_full_file_bytes":119,"out_full_file_reason":"ok","out_record_truncates":false}
{"app":"AI_LEARNER","stage":"mem","model":"smartcam","target":"aarch64-unknown-linux-gnu","completed":137,"hal_peak":9382092,"peak_within_bounded":true,"admitted_budget_bytes":9382092,"peak_within_admitted_budget":true,"admission_mode":"conditional_map","hal_bytes_per_call_amortized":8784375.0,"process_rss_kb":25140,"process_rss_delta_init_kb":1740,"max_active_calls":1,"active_calls_now":0,"call_counter_balanced":true}
..EVS Port1 1980-012-15:02:31.03985 66/1/AI_LEARNER 4: AI_LEARNER completed=138/138 mean=12779208.3us max=27876845.3us hal_peak=9382092 within_bounded=1
{"app":"AI_LEARNER","stage":"run","model":"smartcam","target":"aarch64-unknown-linux-gnu","attempted":138,"completed":138,"fail_input":0,"fail_invoke":0,"fail_output":0,"mean_us":12779208.32,"max_us":27876845.26,"last_us":12438628.32,"out0":0.85892,"out_elems":3,"out_sha256":"989d0c885c469a1267e327d7f6eaaa990ed94dab35f064968afaff7105ad4b34","out_head":[0.858921,0.111592,0.029487],"out_tail":[0.858921,0.111592,0.029487],"out_full_file":"/cf/last_out.json","out_full_file_bytes":119,"out_full_file_reason":"ok","out_record_truncates":false}
{"app":"AI_LEARNER","stage":"mem","model":"smartcam","target":"aarch64-unknown-linux-gnu","completed":138,"hal_peak":9382092,"peak_within_bounded":true,"admitted_budget_bytes":9382092,"peak_within_admitted_budget":true,"admission_mode":"conditional_map","hal_bytes_per_call_amortized":8784343.1,"process_rss_kb":25140,"process_rss_delta_init_kb":1740,"max_active_calls":1,"active_calls_now":0,"call_counter_balanced":true}
.EVS Port1 1980-012-15:02:34.02742 66/1/CFE_TIME 21: Stop FLYWHEEL
EVS Port1 1980-012-15:02:34.98889 66/1/CFE_TIME 20: Start FLYWHEEL
.EVS Port1 1980-012-15:02:44.51892 66/1/AI_LEARNER 4: AI_LEARNER completed=139/139 mean=12784593.7us max=27876845.3us hal_peak=9382092 within_bounded=1
{"app":"AI_LEARNER","stage":"run","model":"smartcam","target":"aarch64-unknown-linux-gnu","attempted":139,"completed":139,"fail_input":0,"fail_invoke":0,"fail_output":0,"mean_us":12784593.71,"max_us":27876845.26,"last_us":13527777.70,"out0":0.85892,"out_elems":3,"out_sha256":"989d0c885c469a1267e327d7f6eaaa990ed94dab35f064968afaff7105ad4b34","out_head":[0.858921,0.111592,0.029487],"out_tail":[0.858921,0.111592,0.029487],"out_full_file":"/cf/last_out.json","out_full_file_bytes":119,"out_full_file_reason":"ok","out_record_truncates":false}
{"app":"AI_LEARNER","stage":"mem","model":"smartcam","target":"aarch64-unknown-linux-gnu","completed":139,"hal_peak":9382092,"peak_within_bounded":true,"admitted_budget_bytes":9382092,"peak_within_admitted_budget":true,"admission_mode":"conditional_map","hal_bytes_per_call_amortized":8784311.7,"process_rss_kb":25140,"process_rss_delta_init_kb":1740,"max_active_calls":1,"active_calls_now":0,"call_counter_balanced":true}
..1980-012-15:02:56.29207 CFE_ES_RunExceptionScan: ExceptionID 0x1110003 in TaskID 0: Caught SIGINT
1980-012-15:02:56.29695 CFE_ES_RunExceptionScan: Maximum Processor Reset count reached (2)
CFE_PSP: Exiting cFE with POWERON Reset status.
CFE_PSP: Critical Data Store Shared memory segment removed
Reset Area Shared memory segment removed
User Reserved Area Shared memory segment removed

CFE_PSP: Shutdown initiated - Exiting cFE
CI delete callback -- Closing CI Network socket.
TO delete callback -- Closing TO Network socket.
EVS Port1 1980-012-15:02:57.06550 66/1/AI_LEARNER 4: AI_LEARNER completed=140/140 mean=12782744.9us max=27876845.3us hal_peak=9382092 within_bounded=1
EXIT=124
