OS_BSP_Initialize():Maximum user msg queue depth = 512
CFE_PSP: Default Reset SubType = 1
CFE_PSP: Default CPU ID = 1
CFE_PSP: Default Spacecraft ID = 66
CFE_PSP: Default CPU Name: cpu1
OS_Posix_GetSchedulerParams():208:Policy 1: available, min-max: 1-99
OS_Posix_GetSchedulerParams():208:Policy 2: available, min-max: 1-99
OS_Posix_TaskAPI_Impl_Init():401:Selected policy 2 for RT tasks, root task = 99
OS_Posix_TaskAPI_Impl_Init():419:Could not setschedparam in main thread: Operation not permitted (1)
CFE_PSP: initializing module 'soft_timebase' with ID 0110ff00
CFE_PSP: Instantiated software timebase 'cFS-Master' running at 10000 usec
CFE_PSP: initializing module 'timebase_posix_clock' with ID 0110ff01
CFE_PSP: Using POSIX monotonic clock as CFE timebase
CFE_PSP: initializing module 'eeprom_mmap_file' with ID 0110ff02
CFE_PSP: Using MMAP simulated EEPROM implementation
CFE_PSP: initializing module 'port_notimpl' with ID 0110ff03
CFE_PSP: I/O Port access not implemented
CFE_PSP: EEPROM Range (2) created: Start Address = E1D95507E000, Size = 00080000 Status = 0
CFE_PSP: initializing module 'iodriver' with ID 0110ff04
CFE_PSP: initializing module 'linux_sysmon' with ID 0110ff05
CFE_PSP: initializing module 'endian_api' with ID 0110ff06
CFE_PSP: Host CPU Endian=LITTLE
CFE_PSP: initializing module 'ram_notimpl' with ID 0110ff07
CFE_PSP: Physical RAM access not implemented
CFE_PSP: Starting the cFE with a POWER ON reset.
CFE_PSP: Clearing out CFE CDS Shared memory segment.
CFE_PSP: Clearing out CFE Reset Shared memory segment.
CFE_PSP: Clearing out CFE User Reserved Shared memory segment.
1980-001-01:04:17.62474 CFE_ES_SetupResetVariables: POWER ON RESET due to Power Cycle (Power Cycle).
1980-001-01:04:17.63692 CFE_ES_Main: CFE_ES_Main in EARLY_INIT state
Number of addresses returned by backtrace = 1
CFE_PSP: CFE_PSP_AttachExceptions called
1980-001-01:04:17.66373 CFE_ES_Main: CFE_ES_Main entering CORE_STARTUP state
1980-001-01:04:17.66394 CFE_ES_CreateObjects: Starting Object Creation calls.
1980-001-01:04:17.66646 CFE_ES_CreateObjects: Calling EarlyInit for CFE_CONFIG
1980-001-01:04:17.67052 CFE_ES_CreateObjects: Calling EarlyInit for CFE_ES
1980-001-01:04:17.67593 CFE_ES_CreateObjects: Calling EarlyInit for CFE_EVS
1980-001-01:04:17.67901 CFE_EVS_EarlyInit: Event Log cleared following power-on reset
1980-001-01:04:17.68041 CFE_ES_CreateObjects: Calling EarlyInit for CFE_FS
1980-001-01:04:17.68064 CFE_ES_CreateObjects: Calling EarlyInit for CFE_SB
1980-001-01:04:17.70286 CFE_ES_CreateObjects: Calling EarlyInit for CFE_TBL
1980-001-01:04:17.73051 CFE_ES_CreateObjects: Calling EarlyInit for CFE_TIME
EVS Port1 1980-012-14:03:20.08193 66/1/CFE_ES 1: cFE ES Initialized: CFE_ES v7.0.1+dev1 (Draco) DEV BUILD, based on v7.0.1, EDS disabled
EVS Port1 1980-012-14:03:20.08892 66/1/CFE_ES 2: cFS Versions: cfe v7.0.1+dev1, osal v7.0.1+dev1, psp v7.0.1+dev1. cFE chksm 31659
EVS Port1 1980-012-14:03:20.09097 66/1/CFE_ES 91: Version Info: Mission SampleMission, version git:v7.0.1-90-g78c23b0-dirty
EVS Port1 1980-012-14:03:20.09182 66/1/CFE_ES 91: Version Info: Module CORE_API, version git:2612eb0
EVS Port1 1980-012-14:03:20.09213 66/1/CFE_ES 91: Version Info: Module CONFIG, version git:2612eb0
EVS Port1 1980-012-14:03:20.09239 66/1/CFE_ES 91: Version Info: Module ES, version git:2612eb0
EVS Port1 1980-012-14:03:20.09503 66/1/CFE_ES 91: Version Info: Module EVS, version git:2612eb0
EVS Port1 1980-012-14:03:20.09626 66/1/CFE_ES 91: Version Info: Module FS, version git:2612eb0
EVS Port1 1980-012-14:03:20.09684 66/1/CFE_ES 91: Version Info: Module SB, version git:2612eb0
EVS Port1 1980-012-14:03:20.09712 66/1/CFE_ES 91: Version Info: Module TBL, version git:2612eb0
EVS Port1 1980-012-14:03:20.09739 66/1/CFE_ES 91: Version Info: Module TIME, version git:2612eb0
EVS Port1 1980-012-14:03:20.09883 66/1/CFE_ES 91: Version Info: Module OSAL, version git:8111e4a
EVS Port1 1980-012-14:03:20.10012 66/1/CFE_ES 91: Version Info: Module PSP, version git:d1da809
EVS Port1 1980-012-14:03:20.10148 66/1/CFE_ES 91: Version Info: Module MSG, version git:2612eb0
EVS Port1 1980-012-14:03:20.10205 66/1/CFE_ES 91: Version Info: Module SBR, version git:2612eb0
EVS Port1 1980-012-14:03:20.10232 66/1/CFE_ES 91: Version Info: Module RESOURCEID, version git:2612eb0
EVS Port1 1980-012-14:03:20.10415 66/1/CFE_ES 92: Build 202609140214 by root@vm, config aarch64
EVS Port1 1980-012-14:03:20.23225 66/1/CFE_EVS 1: cFE EVS Initialized: CFE_EVS v7.0.1+dev1 (Draco) DEV BUILD, based on v7.0.1, EDS disabled
1980-012-14:03:20.34034 CFE_SB_AppInit: Registered 4 events for filtering
EVS Port1 1980-012-14:03:20.34535 66/1/CFE_SB 1: cFE SB Initialized: CFE_SB v7.0.1+dev1 (Draco) DEV BUILD, based on v7.0.1, EDS disabled
EVS Port1 1980-012-14:03:20.34617 66/1/CFE_SB 14: No subscribers for MsgId 0x808,sender CFE_SB
EVS Port1 1980-012-14:03:20.45596 66/1/CFE_TBL 1: cFE TBL Initialized: CFE_TBL v7.0.1+dev1 (Draco) DEV BUILD, based on v7.0.1, EDS disabled
EVS Port1 1980-012-14:03:20.45887 66/1/CFE_SB 14: No subscribers for MsgId 0x808,sender CFE_TBL
EVS Port1 1980-012-14:03:20.59588 66/1/CFE_TIME 1: cFE TIME Initialized: CFE_TIME v7.0.1+dev1 (Draco) DEV BUILD, based on v7.0.1, EDS disabled
EVS Port1 1980-012-14:03:20.59803 66/1/CFE_SB 14: No subscribers for MsgId 0x808,sender CFE_TIME
1980-012-14:03:20.60699 CFE_ES_CreateObjects: Finished ES CreateObject table entries.
1980-012-14:03:20.60782 CFE_ES_Main: CFE_ES_Main entering CORE_READY state
1980-012-14:03:20.64035 CFE_ES_OpenStartupScript: Opened ES App Startup file: /cf/cfe_es_startup.scr
1980-012-14:03:20.68628 CFE_ES_ParseFileEntry: Loading shared library: /cf/cfe_assert.so
1980-012-14:03:20.70130 [BEGIN] CFE FUNCTIONAL TEST
1980-012-14:03:20.70228 [BEGIN] 01 CFE-STARTUP
1980-012-14:03:20.73786 CFE_ES_ParseFileEntry: Loading shared library: /cf/sample_lib.so
SAMPLE Lib Initialized.Sample Lib v7.0.0+dev1 (Draco) DEV BUILD, based on v7.0.1, EDS disabled
1980-012-14:03:20.78244 CFE_ES_ParseFileEntry: Loading file: /cf/sch_lab.so, APP: SCH_LAB
1980-012-14:03:20.82949 CFE_ES_ParseFileEntry: Loading file: /cf/ci_lab.so, APP: CI_LAB
SCH Lab Initialized.SCH Lab v7.0.1+dev1 (Draco) DEV BUILD, based on v7.0.1, EDS disabled
1980-012-14:03:20.93209 CFE_ES_ParseFileEntry: Loading file: /cf/to_lab.so, APP: TO_LAB
EVS Port1 1980-012-14:03:21.06842 66/1/TO_LAB 1: TO Lab Initialized.TO Lab v7.0.1+dev1 (Draco) DEV BUILD, based on v7.0.1, EDS disabled, Awaiting enable command.
EVS Port1 1980-012-14:03:21.08007 66/1/CFE_SB 14: No subscribers for MsgId 0x808,sender TO_LAB
1980-012-14:03:21.09247 CFE_ES_ParseFileEntry: Loading file: /cf/sample_app.so, APP: SAMPLE_APP
1980-012-14:03:21.18740 CI_LAB listening on UDP port: 1234
EVS Port1 1980-012-14:03:21.19004 66/1/CI_LAB 3: CI Lab Initialized.CI Lab App v7.0.1+dev1 (Draco) DEV BUILD, based on v7.0.1, EDS disabled
EVS Port1 1980-012-14:03:21.22915 66/1/SAMPLE_APP 1: Sample App Initialized.Sample App v7.0.0+dev1 (Draco) DEV BUILD, based on v7.0.1, EDS disabled
1980-012-14:03:21.23125 CFE_ES_ParseFileEntry: Loading file: /cf/ai_learner.so, APP: AI_LEARNER
1980-012-14:03:21.28747 CFE_ES_ParseFileEntry: Loading file: /cf/lc.so, APP: LC
{"app":"AI_LEARNER","stage":"build_config","model":"b2_resnet","allow_conditional_map":1,"contract_bounded_bytes":618856,"contract_per_call_bytes":309416,"contract_const_bytes":309440,"contract_bound_known":true,"contract_artifact_sha256":"2e0bc7dc67af80b795ff4847292e51326bf7349a34c434755c365faf4457fabb"}
{"app":"AI_LEARNER","stage":"stack","es_stack_size":263376,"stack_base_bytes":262144,"contract_kernel_stack_bytes":1232,"kernel_stack_accounted":true}
EVS Port1 1980-012-14:03:21.32604 66/1/AI_LEARNER 8: AI_LEARNER stack: es=263376 base=262144 kernel=1232 accounted=1
{"app":"AI_LEARNER","stage":"admission","verdict":"ADMIT_CONDITIONAL_MAP","model":"b2_resnet","target":"aarch64-unknown-linux-gnu","bounded":618856,"budget":309416,"budget_source":"override","per_call":309416,"constants":309440,"kernel_stack_bytes":1232,"bound_known":true,"scope":"per_app_local_budget"}
{"app":"AI_LEARNER","stage":"blob_align","requested_offset":0,"state":"unset","module_ptr_mod64":0}
1980-012-14:03:21.34632 CFE_ES_ParseFileEntry: Loading file: /cf/cf.so, APP: CF
EVS Port1 1980-012-14:03:21.39239 66/1/LC 56: WDT verify results: good = 0, bad = 0, unused = 176
EVS Port1 1980-012-14:03:21.41658 66/1/LC 66: ADT verify results: good = 0, bad = 0, unused = 176
EVS Port1 1980-012-14:03:21.45043 66/1/LC 23: LC use of Critical Data Store disabled, activity mask = 0x00991990
EVS Port1 1980-012-14:03:21.46159 66/1/LC 2: LC Initialized. Version 7.0.1.255
1980-012-14:03:21.63911 CFE_ES_ParseFileEntry: Loading file: /cf/ds.so, APP: DS
EVS Port1 1980-012-14:03:21.70545 66/1/CF 20: CF Initialized. Version 7.0.1.255
1980-012-14:03:21.77448 CFE_ES_ParseFileEntry: Loading file: /cf/fm.so, APP: FM
EVS Port1 1980-012-14:03:21.78736 66/1/DS 10: Destination file table verify results: good entries = 6, bad = 0, unused = 10
{"app":"AI_LEARNER","stage":"binding","verdict":"MATCH","artifact_bytes":343538,"artifact_sha256":"2e0bc7dc67af80b7","contract_sha256":"2e0bc7dc67af80b7"}
EVS Port1 1980-012-14:03:21.81816 66/1/DS 12: Filter table verify results: good entries = 14, bad = 0, unused = 242
EVS Port1 1980-012-14:03:21.84310 66/1/DS 1: Application initialized, version 7.0.1.255, data at 0xe1d954930460
1980-012-14:03:21.89681 CFE_ES_ParseFileEntry: Loading file: /cf/hk.so, APP: HK
EVS Port1 1980-012-14:03:21.90299 66/1/FM 80: Free Space Table verify results: good entries = 3, bad = 0, unused = 5
EVS Port1 1980-012-14:03:21.94500 66/1/FM 1: Initialization complete: version 7.0.1.255
EVS Port1 1980-012-14:03:22.00817 66/1/FM 72: Child Task initialization complete
EVS Port1 1980-012-14:03:22.07139 66/1/HK 1: HK Initialized.  Version 7.0.1.255
1980-012-14:03:22.08141 CFE_ES_ParseFileEntry: Loading file: /cf/hs.so, APP: HS
{"app":"AI_LEARNER","stage":"map_branch","model":"b2_resnet","module_ptr_mod64":0,"hal_peak_after_append":0,"contract_const_bytes":309440,"contract_per_call_bytes":309416,"arm":"map","admission_mode":"conditional_map"}
{"app":"AI_LEARNER","stage":"mem_init","model":"b2_resnet","target":"aarch64-unknown-linux-gnu","hal_peak":12288,"hal_allocated":12288,"bounded":618856,"peak_within_bounded":true,"inferences_so_far":0,"process_rss_kb":7136,"rss_kb_before_runtime":6472,"rss_kb_after_session":6820,"rss_kb_after_init":7136}
{"app":"AI_LEARNER","stage":"e25_mode","active":false,"inputs_path":"/cf/e25_inputs.bin"}
EVS Port1 1980-012-14:03:22.14805 66/1/AI_LEARNER 3: AI_LEARNER initialized: model b2_resnet (343538 B), rss_delta_init=664 KB
1980-012-14:03:22.16773 CFE_ES_ParseFileEntry: Loading file: /cf/mm.so, APP: MM
EVS Port1 1980-012-14:03:22.21900 66/1/HS 54: ExeCount verify results: good = 5, bad = 0, unused = 27
EVS Port1 1980-012-14:03:22.23397 66/1/HS 50: AppMon verify results: good = 0, bad = 0, unused = 32
EVS Port1 1980-012-14:03:22.24816 66/1/MM 1: MM Initialized. Version 7.0.1.255
1980-012-14:03:22.26395 CFE_ES_ParseFileEntry: Loading file: /cf/sc.so, APP: SC
EVS Port1 1980-012-14:03:22.26228 66/1/HS 52: EventMon verify results: good = 0, bad = 0, unused = 16
EVS Port1 1980-012-14:03:22.28341 66/1/HS 56: MsgActs verify results: good = 2, bad = 0, unused = 6
1980-012-14:03:22.29837 HS_SysMonInit(): System Monitor using PSP device ID 0110ff05
CFE_PSP(Linux_SysMon): Started CPU utilization monitoring on 1 CPU(s)
EVS Port1 1980-012-14:03:22.33601 66/1/HS 1: HS Initialized.  Version 7.0.1.255
1980-012-14:03:22.35193 CFE_ES_ParseFileEntry: Loading file: /cf/md.so, APP: MD
EVS Port1 1980-012-14:03:22.41728 66/1/SC 21: RTS table files not loaded at initialization = 0 of 4
EVS Port1 1980-012-14:03:22.42640 66/1/SC 9: SC Initialized. Version 7.0.1.255
1980-012-14:03:22.43691 CFE_ES_ParseFileEntry: Loading file: /cf/cs.so, APP: CS
EVS Port1 1980-012-14:03:22.45806 66/1/MD 52: MD Dwell Tbl verify results: good = 0, bad = 0, unused = 25
EVS Port1 1980-012-14:03:22.47946 66/1/MD 52: MD Dwell Tbl verify results: good = 0, bad = 0, unused = 25
EVS Port1 1980-012-14:03:22.48930 66/1/MD 52: MD Dwell Tbl verify results: good = 0, bad = 0, unused = 25
EVS Port1 1980-012-14:03:22.49798 66/1/MD 52: MD Dwell Tbl verify results: good = 0, bad = 0, unused = 25
EVS Port1 1980-012-14:03:22.50125 66/1/MD 7: Dwell Tables Recovered: 0, Dwell Tables Initialized: 4
EVS Port1 1980-012-14:03:22.50228 66/1/MD 1: MD Initialized.  Version 7.0.1.255
EVS Port1 1980-012-14:03:22.54147 66/1/CS 144: CS EEPROM Table verification results: good = 0, bad = 0, unused = 16
EVS Port1 1980-012-14:03:22.55258 66/1/CS 107: CS EEPROM Table: No valid entries in the table
EVS Port1 1980-012-14:03:22.57023 66/1/CS 143: CS Memory Table verification results: good = 0, bad = 0, unused = 16
EVS Port1 1980-012-14:03:22.57122 66/1/CS 107: CS Memory Table: No valid entries in the table
EVS Port1 1980-012-14:03:22.58184 66/1/CS 139: CS Tables Table verification results: good = 1, bad = 0, unused = 23
EVS Port1 1980-012-14:03:22.59167 66/1/CS 142: CS Apps Table verification results: good = 0, bad = 0, unused = 24
EVS Port1 1980-012-14:03:22.59297 66/1/CS 108: CS Apps Table: No valid entries in the table
EVS Port1 1980-012-14:03:22.59378 66/1/CS 127: OS Text Segment disabled due to platform
EVS Port1 1980-012-14:03:22.59884 66/1/CS 1: CS Initialized. Version 7.0.1.255
1980-012-14:03:22.63145 CFE_ES_Main: CFE_ES_Main entering APPS_INIT state
1980-012-14:03:22.63213 CFE_ES_Main: CFE_ES_Main entering OPERATIONAL state
EVS Port1 1980-012-14:03:22.64595 66/1/TO_LAB 19: L550 TO Lab subscribed to 32 messages from the table
EVS Port1 1980-012-14:03:23.00852 66/1/CFE_TIME 21: Stop FLYWHEEL
EVS Port1 1980-012-14:03:26.34242 66/1/AI_LEARNER 4: AI_LEARNER completed=1/1 mean=622217.3us max=622217.3us hal_peak=309416 within_bounded=1
{"app":"AI_LEARNER","stage":"run","model":"b2_resnet","target":"aarch64-unknown-linux-gnu","attempted":1,"completed":1,"fail_input":0,"fail_invoke":0,"fail_output":0,"mean_us":622217.28,"max_us":622217.28,"last_us":622217.28,"out0":0.35208,"out_elems":10,"out_sha256":"c379f179e94deb6f8c5587a6daa455c8296ff2c51c636e9786b9659fcc21efab","out_head":[0.352085,0.001092,0.001759,0.063552,0.332795,0.006340],"out_tail":[0.332795,0.006340,0.203565,0.013287,0.019282,0.006242],"out_full_file":"/cf/last_out.json","out_full_file_bytes":182,"out_full_file_reason":"ok","out_record_truncates":false}
{"app":"AI_LEARNER","stage":"mem","model":"b2_resnet","target":"aarch64-unknown-linux-gnu","completed":1,"hal_peak":309416,"peak_within_bounded":true,"admitted_budget_bytes":309416,"peak_within_admitted_budget":true,"admission_mode":"conditional_map","hal_bytes_per_call_amortized":309416.0,"process_rss_kb":7496,"process_rss_delta_init_kb":664,"max_active_calls":1,"active_calls_now":0,"call_counter_balanced":true}
.EVS Port1 1980-012-14:03:30.33898 66/1/AI_LEARNER 4: AI_LEARNER completed=2/2 mean=619654.4us max=622217.3us hal_peak=309416 within_bounded=1
{"app":"AI_LEARNER","stage":"run","model":"b2_resnet","target":"aarch64-unknown-linux-gnu","attempted":2,"completed":2,"fail_input":0,"fail_invoke":0,"fail_output":0,"mean_us":619654.35,"max_us":622217.28,"last_us":617091.42,"out0":0.35208,"out_elems":10,"out_sha256":"c379f179e94deb6f8c5587a6daa455c8296ff2c51c636e9786b9659fcc21efab","out_head":[0.352085,0.001092,0.001759,0.063552,0.332795,0.006340],"out_tail":[0.332795,0.006340,0.203565,0.013287,0.019282,0.006242],"out_full_file":"/cf/last_out.json","out_full_file_bytes":182,"out_full_file_reason":"ok","out_record_truncates":false}
{"app":"AI_LEARNER","stage":"mem","model":"b2_resnet","target":"aarch64-unknown-linux-gnu","completed":2,"hal_peak":309416,"peak_within_bounded":true,"admitted_budget_bytes":309416,"peak_within_admitted_budget":true,"admission_mode":"conditional_map","hal_bytes_per_call_amortized":303272.0,"process_rss_kb":7784,"process_rss_delta_init_kb":664,"max_active_calls":1,"active_calls_now":0,"call_counter_balanced":true}
EVS Port1 1980-012-14:03:34.31347 66/1/AI_LEARNER 4: AI_LEARNER completed=3/3 mean=605092.6us max=622217.3us hal_peak=309416 within_bounded=1
{"app":"AI_LEARNER","stage":"run","model":"b2_resnet","target":"aarch64-unknown-linux-gnu","attempted":3,"completed":3,"fail_input":0,"fail_invoke":0,"fail_output":0,"mean_us":605092.56,"max_us":622217.28,"last_us":575968.98,"out0":0.35208,"out_elems":10,"out_sha256":"c379f179e94deb6f8c5587a6daa455c8296ff2c51c636e9786b9659fcc21efab","out_head":[0.352085,0.001092,0.001759,0.063552,0.332795,0.006340],"out_tail":[0.332795,0.006340,0.203565,0.013287,0.019282,0.006242],"out_full_file":"/cf/last_out.json","out_full_file_bytes":182,"out_full_file_reason":"ok","out_record_truncates":false}
{"app":"AI_LEARNER","stage":"mem","model":"b2_resnet","target":"aarch64-unknown-linux-gnu","completed":3,"hal_peak":309416,"peak_within_bounded":true,"admitted_budget_bytes":309416,"peak_within_admitted_budget":true,"admission_mode":"conditional_map","hal_bytes_per_call_amortized":301224.0,"process_rss_kb":7784,"process_rss_delta_init_kb":664,"max_active_calls":1,"active_calls_now":0,"call_counter_balanced":true}
.EVS Port1 1980-012-14:03:37.39733 66/1/AI_LEARNER 4: AI_LEARNER completed=4/4 mean=624339.2us max=682079.0us hal_peak=309416 within_bounded=1
{"app":"AI_LEARNER","stage":"run","model":"b2_resnet","target":"aarch64-unknown-linux-gnu","attempted":4,"completed":4,"fail_input":0,"fail_invoke":0,"fail_output":0,"mean_us":624339.18,"max_us":682079.04,"last_us":682079.04,"out0":0.35208,"out_elems":10,"out_sha256":"c379f179e94deb6f8c5587a6daa455c8296ff2c51c636e9786b9659fcc21efab","out_head":[0.352085,0.001092,0.001759,0.063552,0.332795,0.006340],"out_tail":[0.332795,0.006340,0.203565,0.013287,0.019282,0.006242],"out_full_file":"/cf/last_out.json","out_full_file_bytes":182,"out_full_file_reason":"ok","out_record_truncates":false}
{"app":"AI_LEARNER","stage":"mem","model":"b2_resnet","target":"aarch64-unknown-linux-gnu","completed":4,"hal_peak":309416,"peak_within_bounded":true,"admitted_budget_bytes":309416,"peak_within_admitted_budget":true,"admission_mode":"conditional_map","hal_bytes_per_call_amortized":300200.0,"process_rss_kb":7784,"process_rss_delta_init_kb":664,"max_active_calls":1,"active_calls_now":0,"call_counter_balanced":true}
.EVS Port1 1980-012-14:03:41.40489 66/1/AI_LEARNER 4: AI_LEARNER completed=5/5 mean=637398.9us max=689637.8us hal_peak=309416 within_bounded=1
{"app":"AI_LEARNER","stage":"run","model":"b2_resnet","target":"aarch64-unknown-linux-gnu","attempted":5,"completed":5,"fail_input":0,"fail_invoke":0,"fail_output":0,"mean_us":637398.91,"max_us":689637.81,"last_us":689637.81,"out0":0.35208,"out_elems":10,"out_sha256":"c379f179e94deb6f8c5587a6daa455c8296ff2c51c636e9786b9659fcc21efab","out_head":[0.352085,0.001092,0.001759,0.063552,0.332795,0.006340],"out_tail":[0.332795,0.006340,0.203565,0.013287,0.019282,0.006242],"out_full_file":"/cf/last_out.json","out_full_file_bytes":182,"out_full_file_reason":"ok","out_record_truncates":false}
{"app":"AI_LEARNER","stage":"mem","model":"b2_resnet","target":"aarch64-unknown-linux-gnu","completed":5,"hal_peak":309416,"peak_within_bounded":true,"admitted_budget_bytes":309416,"peak_within_admitted_budget":true,"admission_mode":"conditional_map","hal_bytes_per_call_amortized":299585.6,"process_rss_kb":7784,"process_rss_delta_init_kb":664,"max_active_calls":1,"active_calls_now":0,"call_counter_balanced":true}
EVS Port1 1980-012-14:03:45.26307 66/1/AI_LEARNER 4: AI_LEARNER completed=6/6 mean=620835.7us max=689637.8us hal_peak=309416 within_bounded=1
{"app":"AI_LEARNER","stage":"run","model":"b2_resnet","target":"aarch64-unknown-linux-gnu","attempted":6,"completed":6,"fail_input":0,"fail_invoke":0,"fail_output":0,"mean_us":620835.70,"max_us":689637.81,"last_us":538019.70,"out0":0.35208,"out_elems":10,"out_sha256":"c379f179e94deb6f8c5587a6daa455c8296ff2c51c636e9786b9659fcc21efab","out_head":[0.352085,0.001092,0.001759,0.063552,0.332795,0.006340],"out_tail":[0.332795,0.006340,0.203565,0.013287,0.019282,0.006242],"out_full_file":"/cf/last_out.json","out_full_file_bytes":182,"out_full_file_reason":"ok","out_record_truncates":false}
{"app":"AI_LEARNER","stage":"mem","model":"b2_resnet","target":"aarch64-unknown-linux-gnu","completed":6,"hal_peak":309416,"peak_within_bounded":true,"admitted_budget_bytes":309416,"peak_within_admitted_budget":true,"admission_mode":"conditional_map","hal_bytes_per_call_amortized":299176.0,"process_rss_kb":7784,"process_rss_delta_init_kb":664,"max_active_calls":1,"active_calls_now":0,"call_counter_balanced":true}
.EVS Port1 1980-012-14:03:46.02442 66/1/CFE_TIME 20: Start FLYWHEEL
EVS Port1 1980-012-14:03:48.00361 66/1/CFE_TIME 21: Stop FLYWHEEL
EVS Port1 1980-012-14:03:49.29522 66/1/AI_LEARNER 4: AI_LEARNER completed=7/7 mean=615291.4us max=689637.8us hal_peak=309416 within_bounded=1
{"app":"AI_LEARNER","stage":"run","model":"b2_resnet","target":"aarch64-unknown-linux-gnu","attempted":7,"completed":7,"fail_input":0,"fail_invoke":0,"fail_output":0,"mean_us":615291.39,"max_us":689637.81,"last_us":582025.47,"out0":0.35208,"out_elems":10,"out_sha256":"c379f179e94deb6f8c5587a6daa455c8296ff2c51c636e9786b9659fcc21efab","out_head":[0.352085,0.001092,0.001759,0.063552,0.332795,0.006340],"out_tail":[0.332795,0.006340,0.203565,0.013287,0.019282,0.006242],"out_full_file":"/cf/last_out.json","out_full_file_bytes":182,"out_full_file_reason":"ok","out_record_truncates":false}
{"app":"AI_LEARNER","stage":"mem","model":"b2_resnet","target":"aarch64-unknown-linux-gnu","completed":7,"hal_peak":309416,"peak_within_bounded":true,"admitted_budget_bytes":309416,"peak_within_admitted_budget":true,"admission_mode":"conditional_map","hal_bytes_per_call_amortized":298883.4,"process_rss_kb":7792,"process_rss_delta_init_kb":664,"max_active_calls":1,"active_calls_now":0,"call_counter_balanced":true}
.EVS Port1 1980-012-14:03:53.00898 66/1/CFE_TIME 21: Stop FLYWHEEL
EVS Port1 1980-012-14:03:53.24748 66/1/AI_LEARNER 4: AI_LEARNER completed=8/8 mean=604260.1us max=689637.8us hal_peak=309416 within_bounded=1
{"app":"AI_LEARNER","stage":"run","model":"b2_resnet","target":"aarch64-unknown-linux-gnu","attempted":8,"completed":8,"fail_input":0,"fail_invoke":0,"fail_output":0,"mean_us":604260.07,"max_us":689637.81,"last_us":527040.86,"out0":0.35208,"out_elems":10,"out_sha256":"c379f179e94deb6f8c5587a6daa455c8296ff2c51c636e9786b9659fcc21efab","out_head":[0.352085,0.001092,0.001759,0.063552,0.332795,0.006340],"out_tail":[0.332795,0.006340,0.203565,0.013287,0.019282,0.006242],"out_full_file":"/cf/last_out.json","out_full_file_bytes":182,"out_full_file_reason":"ok","out_record_truncates":false}
{"app":"AI_LEARNER","stage":"mem","model":"b2_resnet","target":"aarch64-unknown-linux-gnu","completed":8,"hal_peak":309416,"peak_within_bounded":true,"admitted_budget_bytes":309416,"peak_within_admitted_budget":true,"admission_mode":"conditional_map","hal_bytes_per_call_amortized":298664.0,"process_rss_kb":7792,"process_rss_delta_init_kb":664,"max_active_calls":1,"active_calls_now":0,"call_counter_balanced":true}
EVS Port1 1980-012-14:03:54.01637 66/1/CFE_TIME 20: Start FLYWHEEL
EVS Port1 1980-012-14:03:55.00366 66/1/CFE_TIME 21: Stop FLYWHEEL
EVS Port1 1980-012-14:03:56.00019 66/1/CFE_TIME 20: Start FLYWHEEL
EVS Port1 1980-012-14:03:57.41259 66/1/AI_LEARNER 4: AI_LEARNER completed=9/9 mean=608248.8us max=689637.8us hal_peak=309416 within_bounded=1
{"app":"AI_LEARNER","stage":"run","model":"b2_resnet","target":"aarch64-unknown-linux-gnu","attempted":9,"completed":9,"fail_input":0,"fail_invoke":0,"fail_output":0,"mean_us":608248.82,"max_us":689637.81,"last_us":640158.78,"out0":0.35208,"out_elems":10,"out_sha256":"c379f179e94deb6f8c5587a6daa455c8296ff2c51c636e9786b9659fcc21efab","out_head":[0.352085,0.001092,0.001759,0.063552,0.332795,0.006340],"out_tail":[0.332795,0.006340,0.203565,0.013287,0.019282,0.006242],"out_full_file":"/cf/last_out.json","out_full_file_bytes":182,"out_full_file_reason":"ok","out_record_truncates":false}
{"app":"AI_LEARNER","stage":"mem","model":"b2_resnet","target":"aarch64-unknown-linux-gnu","completed":9,"hal_peak":309416,"peak_within_bounded":true,"admitted_budget_bytes":309416,"peak_within_admitted_budget":true,"admission_mode":"conditional_map","hal_bytes_per_call_amortized":298493.3,"process_rss_kb":7796,"process_rss_delta_init_kb":664,"max_active_calls":1,"active_calls_now":0,"call_counter_balanced":true}
.EVS Port1 1980-012-14:04:01.30134 66/1/AI_LEARNER 4: AI_LEARNER completed=10/10 mean=605710.3us max=689637.8us hal_peak=309416 within_bounded=1
{"app":"AI_LEARNER","stage":"run","model":"b2_resnet","target":"aarch64-unknown-linux-gnu","attempted":10,"completed":10,"fail_input":0,"fail_invoke":0,"fail_output":0,"mean_us":605710.29,"max_us":689637.81,"last_us":582863.58,"out0":0.35208,"out_elems":10,"out_sha256":"c379f179e94deb6f8c5587a6daa455c8296ff2c51c636e9786b9659fcc21efab","out_head":[0.352085,0.001092,0.001759,0.063552,0.332795,0.006340],"out_tail":[0.332795,0.006340,0.203565,0.013287,0.019282,0.006242],"out_full_file":"/cf/last_out.json","out_full_file_bytes":183,"out_full_file_reason":"ok","out_record_truncates":false}
{"app":"AI_LEARNER","stage":"mem","model":"b2_resnet","target":"aarch64-unknown-linux-gnu","completed":10,"hal_peak":309416,"peak_within_bounded":true,"admitted_budget_bytes":309416,"peak_within_admitted_budget":true,"admission_mode":"conditional_map","hal_bytes_per_call_amortized":298356.8,"process_rss_kb":7796,"process_rss_delta_init_kb":664,"max_active_calls":1,"active_calls_now":0,"call_counter_balanced":true}
.EVS Port1 1980-012-14:04:05.41900 66/1/AI_LEARNER 4: AI_LEARNER completed=11/11 mean=613896.4us max=695757.1us hal_peak=309416 within_bounded=1
{"app":"AI_LEARNER","stage":"run","model":"b2_resnet","target":"aarch64-unknown-linux-gnu","attempted":11,"completed":11,"fail_input":0,"fail_invoke":0,"fail_output":0,"mean_us":613896.37,"max_us":695757.09,"last_us":695757.09,"out0":0.35208,"out_elems":10,"out_sha256":"c379f179e94deb6f8c5587a6daa455c8296ff2c51c636e9786b9659fcc21efab","out_head":[0.352085,0.001092,0.001759,0.063552,0.332795,0.006340],"out_tail":[0.332795,0.006340,0.203565,0.013287,0.019282,0.006242],"out_full_file":"/cf/last_out.json","out_full_file_bytes":183,"out_full_file_reason":"ok","out_record_truncates":false}
{"app":"AI_LEARNER","stage":"mem","model":"b2_resnet","target":"aarch64-unknown-linux-gnu","completed":11,"hal_peak":309416,"peak_within_bounded":true,"admitted_budget_bytes":309416,"peak_within_admitted_budget":true,"admission_mode":"conditional_map","hal_bytes_per_call_amortized":298245.1,"process_rss_kb":7796,"process_rss_delta_init_kb":664,"max_active_calls":1,"active_calls_now":0,"call_counter_balanced":true}
EVS Port1 1980-012-14:04:06.00787 66/1/CFE_TIME 21: Stop FLYWHEEL
EVS Port1 1980-012-14:04:06.98820 66/1/CFE_TIME 20: Start FLYWHEEL
EVS Port1 1980-012-14:04:09.36973 66/1/AI_LEARNER 4: AI_LEARNER completed=12/12 mean=617431.3us max=695757.1us hal_peak=309416 within_bounded=1
{"app":"AI_LEARNER","stage":"run","model":"b2_resnet","target":"aarch64-unknown-linux-gnu","attempted":12,"completed":12,"fail_input":0,"fail_invoke":0,"fail_output":0,"mean_us":617431.29,"max_us":695757.09,"last_us":656315.41,"out0":0.35208,"out_elems":10,"out_sha256":"c379f179e94deb6f8c5587a6daa455c8296ff2c51c636e9786b9659fcc21efab","out_head":[0.352085,0.001092,0.001759,0.063552,0.332795,0.006340],"out_tail":[0.332795,0.006340,0.203565,0.013287,0.019282,0.006242],"out_full_file":"/cf/last_out.json","out_full_file_bytes":183,"out_full_file_reason":"ok","out_record_truncates":false}
{"app":"AI_LEARNER","stage":"mem","model":"b2_resnet","target":"aarch64-unknown-linux-gnu","completed":12,"hal_peak":309416,"peak_within_bounded":true,"admitted_budget_bytes":309416,"peak_within_admitted_budget":true,"admission_mode":"conditional_map","hal_bytes_per_call_amortized":298152.0,"process_rss_kb":7796,"process_rss_delta_init_kb":664,"max_active_calls":1,"active_calls_now":0,"call_counter_balanced":true}
.EVS Port1 1980-012-14:04:13.30725 66/1/AI_LEARNER 4: AI_LEARNER completed=13/13 mean=615113.8us max=695757.1us hal_peak=309416 within_bounded=1
{"app":"AI_LEARNER","stage":"run","model":"b2_resnet","target":"aarch64-unknown-linux-gnu","attempted":13,"completed":13,"fail_input":0,"fail_invoke":0,"fail_output":0,"mean_us":615113.76,"max_us":695757.09,"last_us":587303.50,"out0":0.35208,"out_elems":10,"out_sha256":"c379f179e94deb6f8c5587a6daa455c8296ff2c51c636e9786b9659fcc21efab","out_head":[0.352085,0.001092,0.001759,0.063552,0.332795,0.006340],"out_tail":[0.332795,0.006340,0.203565,0.013287,0.019282,0.006242],"out_full_file":"/cf/last_out.json","out_full_file_bytes":183,"out_full_file_reason":"ok","out_record_truncates":false}
{"app":"AI_LEARNER","stage":"mem","model":"b2_resnet","target":"aarch64-unknown-linux-gnu","completed":13,"hal_peak":309416,"peak_within_bounded":true,"admitted_budget_bytes":309416,"peak_within_admitted_budget":true,"admission_mode":"conditional_map","hal_bytes_per_call_amortized":298073.2,"process_rss_kb":7796,"process_rss_delta_init_kb":664,"max_active_calls":1,"active_calls_now":0,"call_counter_balanced":true}
.EVS Port1 1980-012-14:04:16.01087 66/1/CFE_TIME 21: Stop FLYWHEEL
EVS Port1 1980-012-14:04:16.99900 66/1/CFE_TIME 20: Start FLYWHEEL
EVS Port1 1980-012-14:04:17.27995 66/1/AI_LEARNER 4: AI_LEARNER completed=14/14 mean=612898.6us max=695757.1us hal_peak=309416 within_bounded=1
{"app":"AI_LEARNER","stage":"run","model":"b2_resnet","target":"aarch64-unknown-linux-gnu","attempted":14,"completed":14,"fail_input":0,"fail_invoke":0,"fail_output":0,"mean_us":612898.60,"max_us":695757.09,"last_us":584101.54,"out0":0.35208,"out_elems":10,"out_sha256":"c379f179e94deb6f8c5587a6daa455c8296ff2c51c636e9786b9659fcc21efab","out_head":[0.352085,0.001092,0.001759,0.063552,0.332795,0.006340],"out_tail":[0.332795,0.006340,0.203565,0.013287,0.019282,0.006242],"out_full_file":"/cf/last_out.json","out_full_file_bytes":183,"out_full_file_reason":"ok","out_record_truncates":false}
{"app":"AI_LEARNER","stage":"mem","model":"b2_resnet","target":"aarch64-unknown-linux-gnu","completed":14,"hal_peak":309416,"peak_within_bounded":true,"admitted_budget_bytes":309416,"peak_within_admitted_budget":true,"admission_mode":"conditional_map","hal_bytes_per_call_amortized":298005.7,"process_rss_kb":7796,"process_rss_delta_init_kb":664,"max_active_calls":1,"active_calls_now":0,"call_counter_balanced":true}
EVS Port1 1980-012-14:04:21.00537 66/1/CFE_TIME 21: Stop FLYWHEEL
.EVS Port1 1980-012-14:04:21.38803 66/1/AI_LEARNER 4: AI_LEARNER completed=15/15 mean=615428.4us max=695757.1us hal_peak=309416 within_bounded=1
{"app":"AI_LEARNER","stage":"run","model":"b2_resnet","target":"aarch64-unknown-linux-gnu","attempted":15,"completed":15,"fail_input":0,"fail_invoke":0,"fail_output":0,"mean_us":615428.42,"max_us":695757.09,"last_us":650845.79,"out0":0.35208,"out_elems":10,"out_sha256":"c379f179e94deb6f8c5587a6daa455c8296ff2c51c636e9786b9659fcc21efab","out_head":[0.352085,0.001092,0.001759,0.063552,0.332795,0.006340],"out_tail":[0.332795,0.006340,0.203565,0.013287,0.019282,0.006242],"out_full_file":"/cf/last_out.json","out_full_file_bytes":183,"out_full_file_reason":"ok","out_record_truncates":false}
{"app":"AI_LEARNER","stage":"mem","model":"b2_resnet","target":"aarch64-unknown-linux-gnu","completed":15,"hal_peak":309416,"peak_within_bounded":true,"admitted_budget_bytes":309416,"peak_within_admitted_budget":true,"admission_mode":"conditional_map","hal_bytes_per_call_amortized":297947.2,"process_rss_kb":7796,"process_rss_delta_init_kb":664,"max_active_calls":1,"active_calls_now":0,"call_counter_balanced":true}
EVS Port1 1980-012-14:04:22.01332 66/1/CFE_TIME 20: Start FLYWHEEL
EVS Port1 1980-012-14:04:24.00379 66/1/CFE_TIME 20: Start FLYWHEEL
EVS Port1 1980-012-14:04:24.00907 66/1/CFE_TIME 21: Stop FLYWHEEL
EVS Port1 1980-012-14:04:25.43721 66/1/AI_LEARNER 4: AI_LEARNER completed=16/16 mean=622094.2us max=722080.7us hal_peak=309416 within_bounded=1
{"app":"AI_LEARNER","stage":"run","model":"b2_resnet","target":"aarch64-unknown-linux-gnu","attempted":16,"completed":16,"fail_input":0,"fail_invoke":0,"fail_output":0,"mean_us":622094.19,"max_us":722080.72,"last_us":722080.72,"out0":0.35208,"out_elems":10,"out_sha256":"c379f179e94deb6f8c5587a6daa455c8296ff2c51c636e9786b9659fcc21efab","out_head":[0.352085,0.001092,0.001759,0.063552,0.332795,0.006340],"out_tail":[0.332795,0.006340,0.203565,0.013287,0.019282,0.006242],"out_full_file":"/cf/last_out.json","out_full_file_bytes":183,"out_full_file_reason":"ok","out_record_truncates":false}
{"app":"AI_LEARNER","stage":"mem","model":"b2_resnet","target":"aarch64-unknown-linux-gnu","completed":16,"hal_peak":309416,"peak_within_bounded":true,"admitted_budget_bytes":309416,"peak_within_admitted_budget":true,"admission_mode":"conditional_map","hal_bytes_per_call_amortized":297896.0,"process_rss_kb":7796,"process_rss_delta_init_kb":664,"max_active_calls":1,"active_calls_now":0,"call_counter_balanced":true}
.EVS Port1 1980-012-14:04:28.00340 66/1/CFE_TIME 21: Stop FLYWHEEL
EVS Port1 1980-012-14:04:29.00215 66/1/CFE_TIME 20: Start FLYWHEEL
EVS Port1 1980-012-14:04:29.29408 66/1/AI_LEARNER 4: AI_LEARNER completed=17/17 mean=619599.3us max=722080.7us hal_peak=309416 within_bounded=1
{"app":"AI_LEARNER","stage":"run","model":"b2_resnet","target":"aarch64-unknown-linux-gnu","attempted":17,"completed":17,"fail_input":0,"fail_invoke":0,"fail_output":0,"mean_us":619599.33,"max_us":722080.72,"last_us":579681.63,"out0":0.35208,"out_elems":10,"out_sha256":"c379f179e94deb6f8c5587a6daa455c8296ff2c51c636e9786b9659fcc21efab","out_head":[0.352085,0.001092,0.001759,0.063552,0.332795,0.006340],"out_tail":[0.332795,0.006340,0.203565,0.013287,0.019282,0.006242],"out_full_file":"/cf/last_out.json","out_full_file_bytes":183,"out_full_file_reason":"ok","out_record_truncates":false}
{"app":"AI_LEARNER","stage":"mem","model":"b2_resnet","target":"aarch64-unknown-linux-gnu","completed":17,"hal_peak":309416,"peak_within_bounded":true,"admitted_budget_bytes":309416,"peak_within_admitted_budget":true,"admission_mode":"conditional_map","hal_bytes_per_call_amortized":297850.8,"process_rss_kb":7796,"process_rss_delta_init_kb":664,"max_active_calls":1,"active_calls_now":0,"call_counter_balanced":true}
EVS Port1 1980-012-14:04:30.00656 66/1/CFE_TIME 21: Stop FLYWHEEL
EVS Port1 1980-012-14:04:31.00053 66/1/CFE_TIME 20: Start FLYWHEEL
EVS Port1 1980-012-14:04:33.27920 66/1/AI_LEARNER 4: AI_LEARNER completed=18/18 mean=616587.3us max=722080.7us hal_peak=309416 within_bounded=1
{"app":"AI_LEARNER","stage":"run","model":"b2_resnet","target":"aarch64-unknown-linux-gnu","attempted":18,"completed":18,"fail_input":0,"fail_invoke":0,"fail_output":0,"mean_us":616587.28,"max_us":722080.72,"last_us":565382.37,"out0":0.35208,"out_elems":10,"out_sha256":"c379f179e94deb6f8c5587a6daa455c8296ff2c51c636e9786b9659fcc21efab","out_head":[0.352085,0.001092,0.001759,0.063552,0.332795,0.006340],"out_tail":[0.332795,0.006340,0.203565,0.013287,0.019282,0.006242],"out_full_file":"/cf/last_out.json","out_full_file_bytes":183,"out_full_file_reason":"ok","out_record_truncates":false}
{"app":"AI_LEARNER","stage":"mem","model":"b2_resnet","target":"aarch64-unknown-linux-gnu","completed":18,"hal_peak":309416,"peak_within_bounded":true,"admitted_budget_bytes":309416,"peak_within_admitted_budget":true,"admission_mode":"conditional_map","hal_bytes_per_call_amortized":297810.7,"process_rss_kb":7796,"process_rss_delta_init_kb":664,"max_active_calls":1,"active_calls_now":0,"call_counter_balanced":true}
.EVS Port1 1980-012-14:04:37.43763 66/1/AI_LEARNER 4: AI_LEARNER completed=19/19 mean=619842.2us max=722080.7us hal_peak=309416 within_bounded=1
{"app":"AI_LEARNER","stage":"run","model":"b2_resnet","target":"aarch64-unknown-linux-gnu","attempted":19,"completed":19,"fail_input":0,"fail_invoke":0,"fail_output":0,"mean_us":619842.16,"max_us":722080.72,"last_us":678430.05,"out0":0.35208,"out_elems":10,"out_sha256":"c379f179e94deb6f8c5587a6daa455c8296ff2c51c636e9786b9659fcc21efab","out_head":[0.352085,0.001092,0.001759,0.063552,0.332795,0.006340],"out_tail":[0.332795,0.006340,0.203565,0.013287,0.019282,0.006242],"out_full_file":"/cf/last_out.json","out_full_file_bytes":183,"out_full_file_reason":"ok","out_record_truncates":false}
{"app":"AI_LEARNER","stage":"mem","model":"b2_resnet","target":"aarch64-unknown-linux-gnu","completed":19,"hal_peak":309416,"peak_within_bounded":true,"admitted_budget_bytes":309416,"peak_within_admitted_budget":true,"admission_mode":"conditional_map","hal_bytes_per_call_amortized":297774.7,"process_rss_kb":7796,"process_rss_delta_init_kb":664,"max_active_calls":1,"active_calls_now":0,"call_counter_balanced":true}
.EVS Port1 1980-012-14:04:41.33224 66/1/AI_LEARNER 4: AI_LEARNER completed=20/20 mean=619641.2us max=722080.7us hal_peak=309416 within_bounded=1
{"app":"AI_LEARNER","stage":"run","model":"b2_resnet","target":"aarch64-unknown-linux-gnu","attempted":20,"completed":20,"fail_input":0,"fail_invoke":0,"fail_output":0,"mean_us":619641.20,"max_us":722080.72,"last_us":615823.01,"out0":0.35208,"out_elems":10,"out_sha256":"c379f179e94deb6f8c5587a6daa455c8296ff2c51c636e9786b9659fcc21efab","out_head":[0.352085,0.001092,0.001759,0.063552,0.332795,0.006340],"out_tail":[0.332795,0.006340,0.203565,0.013287,0.019282,0.006242],"out_full_file":"/cf/last_out.json","out_full_file_bytes":183,"out_full_file_reason":"ok","out_record_truncates":false}
{"app":"AI_LEARNER","stage":"mem","model":"b2_resnet","target":"aarch64-unknown-linux-gnu","completed":20,"hal_peak":309416,"peak_within_bounded":true,"admitted_budget_bytes":309416,"peak_within_admitted_budget":true,"admission_mode":"conditional_map","hal_bytes_per_call_amortized":297742.4,"process_rss_kb":7796,"process_rss_delta_init_kb":664,"max_active_calls":1,"active_calls_now":0,"call_counter_balanced":true}
EVS Port1 1980-012-14:04:45.34414 66/1/AI_LEARNER 4: AI_LEARNER completed=21/21 mean=619760.9us max=722080.7us hal_peak=309416 within_bounded=1
{"app":"AI_LEARNER","stage":"run","model":"b2_resnet","target":"aarch64-unknown-linux-gnu","attempted":21,"completed":21,"fail_input":0,"fail_invoke":0,"fail_output":0,"mean_us":619760.92,"max_us":722080.72,"last_us":622155.38,"out0":0.35208,"out_elems":10,"out_sha256":"c379f179e94deb6f8c5587a6daa455c8296ff2c51c636e9786b9659fcc21efab","out_head":[0.352085,0.001092,0.001759,0.063552,0.332795,0.006340],"out_tail":[0.332795,0.006340,0.203565,0.013287,0.019282,0.006242],"out_full_file":"/cf/last_out.json","out_full_file_bytes":183,"out_full_file_reason":"ok","out_record_truncates":false}
{"app":"AI_LEARNER","stage":"mem","model":"b2_resnet","target":"aarch64-unknown-linux-gnu","completed":21,"hal_peak":309416,"peak_within_bounded":true,"admitted_budget_bytes":309416,"peak_within_admitted_budget":true,"admission_mode":"conditional_map","hal_bytes_per_call_amortized":297713.1,"process_rss_kb":7796,"process_rss_delta_init_kb":664,"max_active_calls":1,"active_calls_now":0,"call_counter_balanced":true}
.EVS Port1 1980-012-14:04:49.45964 66/1/AI_LEARNER 4: AI_LEARNER completed=22/22 mean=625974.2us max=756451.9us hal_peak=309416 within_bounded=1
{"app":"AI_LEARNER","stage":"run","model":"b2_resnet","target":"aarch64-unknown-linux-gnu","attempted":22,"completed":22,"fail_input":0,"fail_invoke":0,"fail_output":0,"mean_us":625974.15,"max_us":756451.94,"last_us":756451.94,"out0":0.35208,"out_elems":10,"out_sha256":"c379f179e94deb6f8c5587a6daa455c8296ff2c51c636e9786b9659fcc21efab","out_head":[0.352085,0.001092,0.001759,0.063552,0.332795,0.006340],"out_tail":[0.332795,0.006340,0.203565,0.013287,0.019282,0.006242],"out_full_file":"/cf/last_out.json","out_full_file_bytes":183,"out_full_file_reason":"ok","out_record_truncates":false}
{"app":"AI_LEARNER","stage":"mem","model":"b2_resnet","target":"aarch64-unknown-linux-gnu","completed":22,"hal_peak":309416,"peak_within_bounded":true,"admitted_budget_bytes":309416,"peak_within_admitted_budget":true,"admission_mode":"conditional_map","hal_bytes_per_call_amortized":297686.5,"process_rss_kb":7796,"process_rss_delta_init_kb":664,"max_active_calls":1,"active_calls_now":0,"call_counter_balanced":true}
.EVS Port1 1980-012-14:04:53.28666 66/1/AI_LEARNER 4: AI_LEARNER completed=23/23 mean=623774.6us max=756451.9us hal_peak=309416 within_bounded=1
{"app":"AI_LEARNER","stage":"run","model":"b2_resnet","target":"aarch64-unknown-linux-gnu","attempted":23,"completed":23,"fail_input":0,"fail_invoke":0,"fail_output":0,"mean_us":623774.58,"max_us":756451.94,"last_us":575384.02,"out0":0.35208,"out_elems":10,"out_sha256":"c379f179e94deb6f8c5587a6daa455c8296ff2c51c636e9786b9659fcc21efab","out_head":[0.352085,0.001092,0.001759,0.063552,0.332795,0.006340],"out_tail":[0.332795,0.006340,0.203565,0.013287,0.019282,0.006242],"out_full_file":"/cf/last_out.json","out_full_file_bytes":183,"out_full_file_reason":"ok","out_record_truncates":false}
{"app":"AI_LEARNER","stage":"mem","model":"b2_resnet","target":"aarch64-unknown-linux-gnu","completed":23,"hal_peak":309416,"peak_within_bounded":true,"admitted_budget_bytes":309416,"peak_within_admitted_budget":true,"admission_mode":"conditional_map","hal_bytes_per_call_amortized":297662.3,"process_rss_kb":7796,"process_rss_delta_init_kb":664,"max_active_calls":1,"active_calls_now":0,"call_counter_balanced":true}
EVS Port1 1980-012-14:04:56.31791 66/1/AI_LEARNER 4: AI_LEARNER completed=24/24 mean=622907.4us max=756451.9us hal_peak=309416 within_bounded=1
{"app":"AI_LEARNER","stage":"run","model":"b2_resnet","target":"aarch64-unknown-linux-gnu","attempted":24,"completed":24,"fail_input":0,"fail_invoke":0,"fail_output":0,"mean_us":622907.42,"max_us":756451.94,"last_us":602962.64,"out0":0.35208,"out_elems":10,"out_sha256":"c379f179e94deb6f8c5587a6daa455c8296ff2c51c636e9786b9659fcc21efab","out_head":[0.352085,0.001092,0.001759,0.063552,0.332795,0.006340],"out_tail":[0.332795,0.006340,0.203565,0.013287,0.019282,0.006242],"out_full_file":"/cf/last_out.json","out_full_file_bytes":183,"out_full_file_reason":"ok","out_record_truncates":false}
{"app":"AI_LEARNER","stage":"mem","model":"b2_resnet","target":"aarch64-unknown-linux-gnu","completed":24,"hal_peak":309416,"peak_within_bounded":true,"admitted_budget_bytes":309416,"peak_within_admitted_budget":true,"admission_mode":"conditional_map","hal_bytes_per_call_amortized":297640.0,"process_rss_kb":7796,"process_rss_delta_init_kb":664,"max_active_calls":1,"active_calls_now":0,"call_counter_balanced":true}
.EVS Port1 1980-012-14:05:00.27439 66/1/AI_LEARNER 4: AI_LEARNER completed=25/25 mean=620300.3us max=756451.9us hal_peak=309416 within_bounded=1
{"app":"AI_LEARNER","stage":"run","model":"b2_resnet","target":"aarch64-unknown-linux-gnu","attempted":25,"completed":25,"fail_input":0,"fail_invoke":0,"fail_output":0,"mean_us":620300.26,"max_us":756451.94,"last_us":557728.40,"out0":0.35208,"out_elems":10,"out_sha256":"c379f179e94deb6f8c5587a6daa455c8296ff2c51c636e9786b9659fcc21efab","out_head":[0.352085,0.001092,0.001759,0.063552,0.332795,0.006340],"out_tail":[0.332795,0.006340,0.203565,0.013287,0.019282,0.006242],"out_full_file":"/cf/last_out.json","out_full_file_bytes":183,"out_full_file_reason":"ok","out_record_truncates":false}
{"app":"AI_LEARNER","stage":"mem","model":"b2_resnet","target":"aarch64-unknown-linux-gnu","completed":25,"hal_peak":309416,"peak_within_bounded":true,"admitted_budget_bytes":309416,"peak_within_admitted_budget":true,"admission_mode":"conditional_map","hal_bytes_per_call_amortized":297619.5,"process_rss_kb":7796,"process_rss_delta_init_kb":664,"max_active_calls":1,"active_calls_now":0,"call_counter_balanced":true}
.EVS Port1 1980-012-14:05:04.29792 66/1/AI_LEARNER 4: AI_LEARNER completed=26/26 mean=618827.9us max=756451.9us hal_peak=309416 within_bounded=1
{"app":"AI_LEARNER","stage":"run","model":"b2_resnet","target":"aarch64-unknown-linux-gnu","attempted":26,"completed":26,"fail_input":0,"fail_invoke":0,"fail_output":0,"mean_us":618827.89,"max_us":756451.94,"last_us":582018.72,"out0":0.35208,"out_elems":10,"out_sha256":"c379f179e94deb6f8c5587a6daa455c8296ff2c51c636e9786b9659fcc21efab","out_head":[0.352085,0.001092,0.001759,0.063552,0.332795,0.006340],"out_tail":[0.332795,0.006340,0.203565,0.013287,0.019282,0.006242],"out_full_file":"/cf/last_out.json","out_full_file_bytes":183,"out_full_file_reason":"ok","out_record_truncates":false}
{"app":"AI_LEARNER","stage":"mem","model":"b2_resnet","target":"aarch64-unknown-linux-gnu","completed":26,"hal_peak":309416,"peak_within_bounded":true,"admitted_budget_bytes":309416,"peak_within_admitted_budget":true,"admission_mode":"conditional_map","hal_bytes_per_call_amortized":297600.6,"process_rss_kb":7796,"process_rss_delta_init_kb":664,"max_active_calls":1,"active_calls_now":0,"call_counter_balanced":true}
EVS Port1 1980-012-14:05:08.27615 66/1/AI_LEARNER 4: AI_LEARNER completed=27/27 mean=616647.0us max=756451.9us hal_peak=309416 within_bounded=1
{"app":"AI_LEARNER","stage":"run","model":"b2_resnet","target":"aarch64-unknown-linux-gnu","attempted":27,"completed":27,"fail_input":0,"fail_invoke":0,"fail_output":0,"mean_us":616646.98,"max_us":756451.94,"last_us":559943.25,"out0":0.35208,"out_elems":10,"out_sha256":"c379f179e94deb6f8c5587a6daa455c8296ff2c51c636e9786b9659fcc21efab","out_head":[0.352085,0.001092,0.001759,0.063552,0.332795,0.006340],"out_tail":[0.332795,0.006340,0.203565,0.013287,0.019282,0.006242],"out_full_file":"/cf/last_out.json","out_full_file_bytes":183,"out_full_file_reason":"ok","out_record_truncates":false}
{"app":"AI_LEARNER","stage":"mem","model":"b2_resnet","target":"aarch64-unknown-linux-gnu","completed":27,"hal_peak":309416,"peak_within_bounded":true,"admitted_budget_bytes":309416,"peak_within_admitted_budget":true,"admission_mode":"conditional_map","hal_bytes_per_call_amortized":297583.1,"process_rss_kb":7796,"process_rss_delta_init_kb":664,"max_active_calls":1,"active_calls_now":0,"call_counter_balanced":true}
.EVS Port1 1980-012-14:05:12.27871 66/1/AI_LEARNER 4: AI_LEARNER completed=28/28 mean=615018.6us max=756451.9us hal_peak=309416 within_bounded=1
{"app":"AI_LEARNER","stage":"run","model":"b2_resnet","target":"aarch64-unknown-linux-gnu","attempted":28,"completed":28,"fail_input":0,"fail_invoke":0,"fail_output":0,"mean_us":615018.60,"max_us":756451.94,"last_us":571052.51,"out0":0.35208,"out_elems":10,"out_sha256":"c379f179e94deb6f8c5587a6daa455c8296ff2c51c636e9786b9659fcc21efab","out_head":[0.352085,0.001092,0.001759,0.063552,0.332795,0.006340],"out_tail":[0.332795,0.006340,0.203565,0.013287,0.019282,0.006242],"out_full_file":"/cf/last_out.json","out_full_file_bytes":183,"out_full_file_reason":"ok","out_record_truncates":false}
{"app":"AI_LEARNER","stage":"mem","model":"b2_resnet","target":"aarch64-unknown-linux-gnu","completed":28,"hal_peak":309416,"peak_within_bounded":true,"admitted_budget_bytes":309416,"peak_within_admitted_budget":true,"admission_mode":"conditional_map","hal_bytes_per_call_amortized":297566.9,"process_rss_kb":7796,"process_rss_delta_init_kb":664,"max_active_calls":1,"active_calls_now":0,"call_counter_balanced":true}
.EVS Port1 1980-012-14:05:16.29768 66/1/AI_LEARNER 4: AI_LEARNER completed=29/29 mean=613760.5us max=756451.9us hal_peak=309416 within_bounded=1
{"app":"AI_LEARNER","stage":"run","model":"b2_resnet","target":"aarch64-unknown-linux-gnu","attempted":29,"completed":29,"fail_input":0,"fail_invoke":0,"fail_output":0,"mean_us":613760.49,"max_us":756451.94,"last_us":578533.26,"out0":0.35208,"out_elems":10,"out_sha256":"c379f179e94deb6f8c5587a6daa455c8296ff2c51c636e9786b9659fcc21efab","out_head":[0.352085,0.001092,0.001759,0.063552,0.332795,0.006340],"out_tail":[0.332795,0.006340,0.203565,0.013287,0.019282,0.006242],"out_full_file":"/cf/last_out.json","out_full_file_bytes":183,"out_full_file_reason":"ok","out_record_truncates":false}
{"app":"AI_LEARNER","stage":"mem","model":"b2_resnet","target":"aarch64-unknown-linux-gnu","completed":29,"hal_peak":309416,"peak_within_bounded":true,"admitted_budget_bytes":309416,"peak_within_admitted_budget":true,"admission_mode":"conditional_map","hal_bytes_per_call_amortized":297551.7,"process_rss_kb":7796,"process_rss_delta_init_kb":664,"max_active_calls":1,"active_calls_now":0,"call_counter_balanced":true}
EVS Port1 1980-012-14:05:20.44102 66/1/AI_LEARNER 4: AI_LEARNER completed=30/30 mean=616811.3us max=756451.9us hal_peak=309416 within_bounded=1
{"app":"AI_LEARNER","stage":"run","model":"b2_resnet","target":"aarch64-unknown-linux-gnu","attempted":30,"completed":30,"fail_input":0,"fail_invoke":0,"fail_output":0,"mean_us":616811.29,"max_us":756451.94,"last_us":705284.64,"out0":0.35208,"out_elems":10,"out_sha256":"c379f179e94deb6f8c5587a6daa455c8296ff2c51c636e9786b9659fcc21efab","out_head":[0.352085,0.001092,0.001759,0.063552,0.332795,0.006340],"out_tail":[0.332795,0.006340,0.203565,0.013287,0.019282,0.006242],"out_full_file":"/cf/last_out.json","out_full_file_bytes":183,"out_full_file_reason":"ok","out_record_truncates":false}
{"app":"AI_LEARNER","stage":"mem","model":"b2_resnet","target":"aarch64-unknown-linux-gnu","completed":30,"hal_peak":309416,"peak_within_bounded":true,"admitted_budget_bytes":309416,"peak_within_admitted_budget":true,"admission_mode":"conditional_map","hal_bytes_per_call_amortized":297537.6,"process_rss_kb":7796,"process_rss_delta_init_kb":664,"max_active_calls":1,"active_calls_now":0,"call_counter_balanced":true}
.EVS Port1 1980-012-14:05:21.00735 66/1/CFE_TIME 21: Stop FLYWHEEL
EVS Port1 1980-012-14:05:21.99778 66/1/CFE_TIME 20: Start FLYWHEEL
EVS Port1 1980-012-14:05:24.37937 66/1/AI_LEARNER 4: AI_LEARNER completed=31/31 mean=618175.6us max=756451.9us hal_peak=309416 within_bounded=1
{"app":"AI_LEARNER","stage":"run","model":"b2_resnet","target":"aarch64-unknown-linux-gnu","attempted":31,"completed":31,"fail_input":0,"fail_invoke":0,"fail_output":0,"mean_us":618175.59,"max_us":756451.94,"last_us":659104.61,"out0":0.35208,"out_elems":10,"out_sha256":"c379f179e94deb6f8c5587a6daa455c8296ff2c51c636e9786b9659fcc21efab","out_head":[0.352085,0.001092,0.001759,0.063552,0.332795,0.006340],"out_tail":[0.332795,0.006340,0.203565,0.013287,0.019282,0.006242],"out_full_file":"/cf/last_out.json","out_full_file_bytes":183,"out_full_file_reason":"ok","out_record_truncates":false}
{"app":"AI_LEARNER","stage":"mem","model":"b2_resnet","target":"aarch64-unknown-linux-gnu","completed":31,"hal_peak":309416,"peak_within_bounded":true,"admitted_budget_bytes":309416,"peak_within_admitted_budget":true,"admission_mode":"conditional_map","hal_bytes_per_call_amortized":297524.4,"process_rss_kb":7796,"process_rss_delta_init_kb":664,"max_active_calls":1,"active_calls_now":0,"call_counter_balanced":true}
.EVS Port1 1980-012-14:05:28.32124 66/1/AI_LEARNER 4: AI_LEARNER completed=32/32 mean=617235.6us max=756451.9us hal_peak=309416 within_bounded=1
{"app":"AI_LEARNER","stage":"run","model":"b2_resnet","target":"aarch64-unknown-linux-gnu","attempted":32,"completed":32,"fail_input":0,"fail_invoke":0,"fail_output":0,"mean_us":617235.57,"max_us":756451.94,"last_us":588094.90,"out0":0.35208,"out_elems":10,"out_sha256":"c379f179e94deb6f8c5587a6daa455c8296ff2c51c636e9786b9659fcc21efab","out_head":[0.352085,0.001092,0.001759,0.063552,0.332795,0.006340],"out_tail":[0.332795,0.006340,0.203565,0.013287,0.019282,0.006242],"out_full_file":"/cf/last_out.json","out_full_file_bytes":183,"out_full_file_reason":"ok","out_record_truncates":false}
{"app":"AI_LEARNER","stage":"mem","model":"b2_resnet","target":"aarch64-unknown-linux-gnu","completed":32,"hal_peak":309416,"peak_within_bounded":true,"admitted_budget_bytes":309416,"peak_within_admitted_budget":true,"admission_mode":"conditional_map","hal_bytes_per_call_amortized":297512.0,"process_rss_kb":7796,"process_rss_delta_init_kb":664,"max_active_calls":1,"active_calls_now":0,"call_counter_balanced":true}
EVS Port1 1980-012-14:05:32.40081 66/1/AI_LEARNER 4: AI_LEARNER completed=33/33 mean=619178.4us max=756451.9us hal_peak=309416 within_bounded=1
{"app":"AI_LEARNER","stage":"run","model":"b2_resnet","target":"aarch64-unknown-linux-gnu","attempted":33,"completed":33,"fail_input":0,"fail_invoke":0,"fail_output":0,"mean_us":619178.43,"max_us":756451.94,"last_us":681349.87,"out0":0.35208,"out_elems":10,"out_sha256":"c379f179e94deb6f8c5587a6daa455c8296ff2c51c636e9786b9659fcc21efab","out_head":[0.352085,0.001092,0.001759,0.063552,0.332795,0.006340],"out_tail":[0.332795,0.006340,0.203565,0.013287,0.019282,0.006242],"out_full_file":"/cf/last_out.json","out_full_file_bytes":183,"out_full_file_reason":"ok","out_record_truncates":false}
{"app":"AI_LEARNER","stage":"mem","model":"b2_resnet","target":"aarch64-unknown-linux-gnu","completed":33,"hal_peak":309416,"peak_within_bounded":true,"admitted_budget_bytes":309416,"peak_within_admitted_budget":true,"admission_mode":"conditional_map","hal_bytes_per_call_amortized":297500.4,"process_rss_kb":7796,"process_rss_delta_init_kb":664,"max_active_calls":1,"active_calls_now":0,"call_counter_balanced":true}
.EVS Port1 1980-012-14:05:36.47926 66/1/AI_LEARNER 4: AI_LEARNER completed=34/34 mean=622318.6us max=756451.9us hal_peak=309416 within_bounded=1
{"app":"AI_LEARNER","stage":"run","model":"b2_resnet","target":"aarch64-unknown-linux-gnu","attempted":34,"completed":34,"fail_input":0,"fail_invoke":0,"fail_output":0,"mean_us":622318.60,"max_us":756451.94,"last_us":725944.38,"out0":0.35208,"out_elems":10,"out_sha256":"c379f179e94deb6f8c5587a6daa455c8296ff2c51c636e9786b9659fcc21efab","out_head":[0.352085,0.001092,0.001759,0.063552,0.332795,0.006340],"out_tail":[0.332795,0.006340,0.203565,0.013287,0.019282,0.006242],"out_full_file":"/cf/last_out.json","out_full_file_bytes":183,"out_full_file_reason":"ok","out_record_truncates":false}
{"app":"AI_LEARNER","stage":"mem","model":"b2_resnet","target":"aarch64-unknown-linux-gnu","completed":34,"hal_peak":309416,"peak_within_bounded":true,"admitted_budget_bytes":309416,"peak_within_admitted_budget":true,"admission_mode":"conditional_map","hal_bytes_per_call_amortized":297489.4,"process_rss_kb":7796,"process_rss_delta_init_kb":664,"max_active_calls":1,"active_calls_now":0,"call_counter_balanced":true}
.EVS Port1 1980-012-14:05:40.26675 66/1/AI_LEARNER 4: AI_LEARNER completed=35/35 mean=620253.3us max=756451.9us hal_peak=309416 within_bounded=1
{"app":"AI_LEARNER","stage":"run","model":"b2_resnet","target":"aarch64-unknown-linux-gnu","attempted":35,"completed":35,"fail_input":0,"fail_invoke":0,"fail_output":0,"mean_us":620253.27,"max_us":756451.94,"last_us":550031.94,"out0":0.35208,"out_elems":10,"out_sha256":"c379f179e94deb6f8c5587a6daa455c8296ff2c51c636e9786b9659fcc21efab","out_head":[0.352085,0.001092,0.001759,0.063552,0.332795,0.006340],"out_tail":[0.332795,0.006340,0.203565,0.013287,0.019282,0.006242],"out_full_file":"/cf/last_out.json","out_full_file_bytes":183,"out_full_file_reason":"ok","out_record_truncates":false}
{"app":"AI_LEARNER","stage":"mem","model":"b2_resnet","target":"aarch64-unknown-linux-gnu","completed":35,"hal_peak":309416,"peak_within_bounded":true,"admitted_budget_bytes":309416,"peak_within_admitted_budget":true,"admission_mode":"conditional_map","hal_bytes_per_call_amortized":297479.1,"process_rss_kb":7796,"process_rss_delta_init_kb":664,"max_active_calls":1,"active_calls_now":0,"call_counter_balanced":true}
.EVS Port1 1980-012-14:05:44.52636 66/1/AI_LEARNER 4: AI_LEARNER completed=36/36 mean=625014.4us max=791654.0us hal_peak=309416 within_bounded=1
{"app":"AI_LEARNER","stage":"run","model":"b2_resnet","target":"aarch64-unknown-linux-gnu","attempted":36,"completed":36,"fail_input":0,"fail_invoke":0,"fail_output":0,"mean_us":625014.40,"max_us":791654.03,"last_us":791654.03,"out0":0.35208,"out_elems":10,"out_sha256":"c379f179e94deb6f8c5587a6daa455c8296ff2c51c636e9786b9659fcc21efab","out_head":[0.352085,0.001092,0.001759,0.063552,0.332795,0.006340],"out_tail":[0.332795,0.006340,0.203565,0.013287,0.019282,0.006242],"out_full_file":"/cf/last_out.json","out_full_file_bytes":183,"out_full_file_reason":"ok","out_record_truncates":false}
{"app":"AI_LEARNER","stage":"mem","model":"b2_resnet","target":"aarch64-unknown-linux-gnu","completed":36,"hal_peak":309416,"peak_within_bounded":true,"admitted_budget_bytes":309416,"peak_within_admitted_budget":true,"admission_mode":"conditional_map","hal_bytes_per_call_amortized":297469.3,"process_rss_kb":7796,"process_rss_delta_init_kb":664,"max_active_calls":1,"active_calls_now":0,"call_counter_balanced":true}
EVS Port1 1980-012-14:05:48.36099 66/1/AI_LEARNER 4: AI_LEARNER completed=37/37 mean=625650.8us max=791654.0us hal_peak=309416 within_bounded=1
{"app":"AI_LEARNER","stage":"run","model":"b2_resnet","target":"aarch64-unknown-linux-gnu","attempted":37,"completed":37,"fail_input":0,"fail_invoke":0,"fail_output":0,"mean_us":625650.83,"max_us":791654.03,"last_us":648562.10,"out0":0.35208,"out_elems":10,"out_sha256":"c379f179e94deb6f8c5587a6daa455c8296ff2c51c636e9786b9659fcc21efab","out_head":[0.352085,0.001092,0.001759,0.063552,0.332795,0.006340],"out_tail":[0.332795,0.006340,0.203565,0.013287,0.019282,0.006242],"out_full_file":"/cf/last_out.json","out_full_file_bytes":183,"out_full_file_reason":"ok","out_record_truncates":false}
{"app":"AI_LEARNER","stage":"mem","model":"b2_resnet","target":"aarch64-unknown-linux-gnu","completed":37,"hal_peak":309416,"peak_within_bounded":true,"admitted_budget_bytes":309416,"peak_within_admitted_budget":true,"admission_mode":"conditional_map","hal_bytes_per_call_amortized":297460.1,"process_rss_kb":7796,"process_rss_delta_init_kb":664,"max_active_calls":1,"active_calls_now":0,"call_counter_balanced":true}
.EVS Port1 1980-012-14:05:52.32768 66/1/AI_LEARNER 4: AI_LEARNER completed=38/38 mean=625505.5us max=791654.0us hal_peak=309416 within_bounded=1
{"app":"AI_LEARNER","stage":"run","model":"b2_resnet","target":"aarch64-unknown-linux-gnu","attempted":38,"completed":38,"fail_input":0,"fail_invoke":0,"fail_output":0,"mean_us":625505.53,"max_us":791654.03,"last_us":620129.38,"out0":0.35208,"out_elems":10,"out_sha256":"c379f179e94deb6f8c5587a6daa455c8296ff2c51c636e9786b9659fcc21efab","out_head":[0.352085,0.001092,0.001759,0.063552,0.332795,0.006340],"out_tail":[0.332795,0.006340,0.203565,0.013287,0.019282,0.006242],"out_full_file":"/cf/last_out.json","out_full_file_bytes":183,"out_full_file_reason":"ok","out_record_truncates":false}
{"app":"AI_LEARNER","stage":"mem","model":"b2_resnet","target":"aarch64-unknown-linux-gnu","completed":38,"hal_peak":309416,"peak_within_bounded":true,"admitted_budget_bytes":309416,"peak_within_admitted_budget":true,"admission_mode":"conditional_map","hal_bytes_per_call_amortized":297451.4,"process_rss_kb":7796,"process_rss_delta_init_kb":664,"max_active_calls":1,"active_calls_now":0,"call_counter_balanced":true}
EVS Port1 1980-012-14:05:56.32391 66/1/AI_LEARNER 4: AI_LEARNER completed=39/39 mean=624313.6us max=791654.0us hal_peak=309416 within_bounded=1
{"app":"AI_LEARNER","stage":"run","model":"b2_resnet","target":"aarch64-unknown-linux-gnu","attempted":39,"completed":39,"fail_input":0,"fail_invoke":0,"fail_output":0,"mean_us":624313.62,"max_us":791654.03,"last_us":579021.04,"out0":0.35208,"out_elems":10,"out_sha256":"c379f179e94deb6f8c5587a6daa455c8296ff2c51c636e9786b9659fcc21efab","out_head":[0.352085,0.001092,0.001759,0.063552,0.332795,0.006340],"out_tail":[0.332795,0.006340,0.203565,0.013287,0.019282,0.006242],"out_full_file":"/cf/last_out.json","out_full_file_bytes":183,"out_full_file_reason":"ok","out_record_truncates":false}
{"app":"AI_LEARNER","stage":"mem","model":"b2_resnet","target":"aarch64-unknown-linux-gnu","completed":39,"hal_peak":309416,"peak_within_bounded":true,"admitted_budget_bytes":309416,"peak_within_admitted_budget":true,"admission_mode":"conditional_map","hal_bytes_per_call_amortized":297443.1,"process_rss_kb":7796,"process_rss_delta_init_kb":664,"max_active_calls":1,"active_calls_now":0,"call_counter_balanced":true}
.EVS Port1 1980-012-14:06:00.35993 66/1/AI_LEARNER 4: AI_LEARNER completed=40/40 mean=624686.6us max=791654.0us hal_peak=309416 within_bounded=1
{"app":"AI_LEARNER","stage":"run","model":"b2_resnet","target":"aarch64-unknown-linux-gnu","attempted":40,"completed":40,"fail_input":0,"fail_invoke":0,"fail_output":0,"mean_us":624686.62,"max_us":791654.03,"last_us":639233.62,"out0":0.35208,"out_elems":10,"out_sha256":"c379f179e94deb6f8c5587a6daa455c8296ff2c51c636e9786b9659fcc21efab","out_head":[0.352085,0.001092,0.001759,0.063552,0.332795,0.006340],"out_tail":[0.332795,0.006340,0.203565,0.013287,0.019282,0.006242],"out_full_file":"/cf/last_out.json","out_full_file_bytes":183,"out_full_file_reason":"ok","out_record_truncates":false}
{"app":"AI_LEARNER","stage":"mem","model":"b2_resnet","target":"aarch64-unknown-linux-gnu","completed":40,"hal_peak":309416,"peak_within_bounded":true,"admitted_budget_bytes":309416,"peak_within_admitted_budget":true,"admission_mode":"conditional_map","hal_bytes_per_call_amortized":297435.2,"process_rss_kb":7796,"process_rss_delta_init_kb":664,"max_active_calls":1,"active_calls_now":0,"call_counter_balanced":true}
.EVS Port1 1980-012-14:06:04.34413 66/1/AI_LEARNER 4: AI_LEARNER completed=41/41 mean=624544.3us max=791654.0us hal_peak=309416 within_bounded=1
{"app":"AI_LEARNER","stage":"run","model":"b2_resnet","target":"aarch64-unknown-linux-gnu","attempted":41,"completed":41,"fail_input":0,"fail_invoke":0,"fail_output":0,"mean_us":624544.26,"max_us":791654.03,"last_us":618850.21,"out0":0.35208,"out_elems":10,"out_sha256":"c379f179e94deb6f8c5587a6daa455c8296ff2c51c636e9786b9659fcc21efab","out_head":[0.352085,0.001092,0.001759,0.063552,0.332795,0.006340],"out_tail":[0.332795,0.006340,0.203565,0.013287,0.019282,0.006242],"out_full_file":"/cf/last_out.json","out_full_file_bytes":183,"out_full_file_reason":"ok","out_record_truncates":false}
{"app":"AI_LEARNER","stage":"mem","model":"b2_resnet","target":"aarch64-unknown-linux-gnu","completed":41,"hal_peak":309416,"peak_within_bounded":true,"admitted_budget_bytes":309416,"peak_within_admitted_budget":true,"admission_mode":"conditional_map","hal_bytes_per_call_amortized":297427.7,"process_rss_kb":7796,"process_rss_delta_init_kb":664,"max_active_calls":1,"active_calls_now":0,"call_counter_balanced":true}
EVS Port1 1980-012-14:06:06.00360 66/1/CFE_TIME 21: Stop FLYWHEEL
EVS Port1 1980-012-14:06:07.00076 66/1/CFE_TIME 20: Start FLYWHEEL
EVS Port1 1980-012-14:06:08.01094 66/1/CFE_TIME 21: Stop FLYWHEEL
EVS Port1 1980-012-14:06:08.28074 66/1/AI_LEARNER 4: AI_LEARNER completed=42/42 mean=623085.4us max=791654.0us hal_peak=309416 within_bounded=1
{"app":"AI_LEARNER","stage":"run","model":"b2_resnet","target":"aarch64-unknown-linux-gnu","attempted":42,"completed":42,"fail_input":0,"fail_invoke":0,"fail_output":0,"mean_us":623085.36,"max_us":791654.03,"last_us":563270.32,"out0":0.35208,"out_elems":10,"out_sha256":"c379f179e94deb6f8c5587a6daa455c8296ff2c51c636e9786b9659fcc21efab","out_head":[0.352085,0.001092,0.001759,0.063552,0.332795,0.006340],"out_tail":[0.332795,0.006340,0.203565,0.013287,0.019282,0.006242],"out_full_file":"/cf/last_out.json","out_full_file_bytes":183,"out_full_file_reason":"ok","out_record_truncates":false}
{"app":"AI_LEARNER","stage":"mem","model":"b2_resnet","target":"aarch64-unknown-linux-gnu","completed":42,"hal_peak":309416,"peak_within_bounded":true,"admitted_budget_bytes":309416,"peak_within_admitted_budget":true,"admission_mode":"conditional_map","hal_bytes_per_call_amortized":297420.6,"process_rss_kb":7796,"process_rss_delta_init_kb":664,"max_active_calls":1,"active_calls_now":0,"call_counter_balanced":true}
.EVS Port1 1980-012-14:06:08.99925 66/1/CFE_TIME 20: Start FLYWHEEL
EVS Port1 1980-012-14:06:12.25289 66/1/AI_LEARNER 4: AI_LEARNER completed=43/43 mean=621101.0us max=791654.0us hal_peak=309416 within_bounded=1
{"app":"AI_LEARNER","stage":"run","model":"b2_resnet","target":"aarch64-unknown-linux-gnu","attempted":43,"completed":43,"fail_input":0,"fail_invoke":0,"fail_output":0,"mean_us":621100.97,"max_us":791654.03,"last_us":537756.72,"out0":0.35208,"out_elems":10,"out_sha256":"c379f179e94deb6f8c5587a6daa455c8296ff2c51c636e9786b9659fcc21efab","out_head":[0.352085,0.001092,0.001759,0.063552,0.332795,0.006340],"out_tail":[0.332795,0.006340,0.203565,0.013287,0.019282,0.006242],"out_full_file":"/cf/last_out.json","out_full_file_bytes":183,"out_full_file_reason":"ok","out_record_truncates":false}
{"app":"AI_LEARNER","stage":"mem","model":"b2_resnet","target":"aarch64-unknown-linux-gnu","completed":43,"hal_peak":309416,"peak_within_bounded":true,"admitted_budget_bytes":309416,"peak_within_admitted_budget":true,"admission_mode":"conditional_map","hal_bytes_per_call_amortized":297413.8,"process_rss_kb":7796,"process_rss_delta_init_kb":664,"max_active_calls":1,"active_calls_now":0,"call_counter_balanced":true}
.EVS Port1 1980-012-14:06:16.29824 66/1/AI_LEARNER 4: AI_LEARNER completed=44/44 mean=620201.6us max=791654.0us hal_peak=309416 within_bounded=1
{"app":"AI_LEARNER","stage":"run","model":"b2_resnet","target":"aarch64-unknown-linux-gnu","attempted":44,"completed":44,"fail_input":0,"fail_invoke":0,"fail_output":0,"mean_us":620201.55,"max_us":791654.03,"last_us":581526.50,"out0":0.35208,"out_elems":10,"out_sha256":"c379f179e94deb6f8c5587a6daa455c8296ff2c51c636e9786b9659fcc21efab","out_head":[0.352085,0.001092,0.001759,0.063552,0.332795,0.006340],"out_tail":[0.332795,0.006340,0.203565,0.013287,0.019282,0.006242],"out_full_file":"/cf/last_out.json","out_full_file_bytes":183,"out_full_file_reason":"ok","out_record_truncates":false}
{"app":"AI_LEARNER","stage":"mem","model":"b2_resnet","target":"aarch64-unknown-linux-gnu","completed":44,"hal_peak":309416,"peak_within_bounded":true,"admitted_budget_bytes":309416,"peak_within_admitted_budget":true,"admission_mode":"conditional_map","hal_bytes_per_call_amortized":297407.3,"process_rss_kb":7796,"process_rss_delta_init_kb":664,"max_active_calls":1,"active_calls_now":0,"call_counter_balanced":true}
EVS Port1 1980-012-14:06:20.35887 66/1/AI_LEARNER 4: AI_LEARNER completed=45/45 mean=620982.4us max=791654.0us hal_peak=309416 within_bounded=1
{"app":"AI_LEARNER","stage":"run","model":"b2_resnet","target":"aarch64-unknown-linux-gnu","attempted":45,"completed":45,"fail_input":0,"fail_invoke":0,"fail_output":0,"mean_us":620982.37,"max_us":791654.03,"last_us":655338.43,"out0":0.35208,"out_elems":10,"out_sha256":"c379f179e94deb6f8c5587a6daa455c8296ff2c51c636e9786b9659fcc21efab","out_head":[0.352085,0.001092,0.001759,0.063552,0.332795,0.006340],"out_tail":[0.332795,0.006340,0.203565,0.013287,0.019282,0.006242],"out_full_file":"/cf/last_out.json","out_full_file_bytes":183,"out_full_file_reason":"ok","out_record_truncates":false}
{"app":"AI_LEARNER","stage":"mem","model":"b2_resnet","target":"aarch64-unknown-linux-gnu","completed":45,"hal_peak":309416,"peak_within_bounded":true,"admitted_budget_bytes":309416,"peak_within_admitted_budget":true,"admission_mode":"conditional_map","hal_bytes_per_call_amortized":297401.1,"process_rss_kb":7796,"process_rss_delta_init_kb":664,"max_active_calls":1,"active_calls_now":0,"call_counter_balanced":true}
.EVS Port1 1980-012-14:06:24.58947 66/1/AI_LEARNER 4: AI_LEARNER completed=46/46 mean=623164.4us max=791654.0us hal_peak=309416 within_bounded=1
{"app":"AI_LEARNER","stage":"run","model":"b2_resnet","target":"aarch64-unknown-linux-gnu","attempted":46,"completed":46,"fail_input":0,"fail_invoke":0,"fail_output":0,"mean_us":623164.41,"max_us":791654.03,"last_us":721356.27,"out0":0.35208,"out_elems":10,"out_sha256":"c379f179e94deb6f8c5587a6daa455c8296ff2c51c636e9786b9659fcc21efab","out_head":[0.352085,0.001092,0.001759,0.063552,0.332795,0.006340],"out_tail":[0.332795,0.006340,0.203565,0.013287,0.019282,0.006242],"out_full_file":"/cf/last_out.json","out_full_file_bytes":183,"out_full_file_reason":"ok","out_record_truncates":false}
{"app":"AI_LEARNER","stage":"mem","model":"b2_resnet","target":"aarch64-unknown-linux-gnu","completed":46,"hal_peak":309416,"peak_within_bounded":true,"admitted_budget_bytes":309416,"peak_within_admitted_budget":true,"admission_mode":"conditional_map","hal_bytes_per_call_amortized":297395.1,"process_rss_kb":7796,"process_rss_delta_init_kb":664,"max_active_calls":1,"active_calls_now":0,"call_counter_balanced":true}
EVS Port1 1980-012-14:06:25.00315 66/1/CFE_TIME 21: Stop FLYWHEEL
EVS Port1 1980-012-14:06:25.99938 66/1/CFE_TIME 20: Start FLYWHEEL
.EVS Port1 1980-012-14:06:28.26170 66/1/AI_LEARNER 4: AI_LEARNER completed=47/47 mean=621593.8us max=791654.0us hal_peak=309416 within_bounded=1
{"app":"AI_LEARNER","stage":"run","model":"b2_resnet","target":"aarch64-unknown-linux-gnu","attempted":47,"completed":47,"fail_input":0,"fail_invoke":0,"fail_output":0,"mean_us":621593.82,"max_us":791654.03,"last_us":549346.29,"out0":0.35208,"out_elems":10,"out_sha256":"c379f179e94deb6f8c5587a6daa455c8296ff2c51c636e9786b9659fcc21efab","out_head":[0.352085,0.001092,0.001759,0.063552,0.332795,0.006340],"out_tail":[0.332795,0.006340,0.203565,0.013287,0.019282,0.006242],"out_full_file":"/cf/last_out.json","out_full_file_bytes":183,"out_full_file_reason":"ok","out_record_truncates":false}
{"app":"AI_LEARNER","stage":"mem","model":"b2_resnet","target":"aarch64-unknown-linux-gnu","completed":47,"hal_peak":309416,"peak_within_bounded":true,"admitted_budget_bytes":309416,"peak_within_admitted_budget":true,"admission_mode":"conditional_map","hal_bytes_per_call_amortized":297389.4,"process_rss_kb":7796,"process_rss_delta_init_kb":664,"max_active_calls":1,"active_calls_now":0,"call_counter_balanced":true}
EVS Port1 1980-012-14:06:30.00364 66/1/CFE_TIME 21: Stop FLYWHEEL
EVS Port1 1980-012-14:06:30.99812 66/1/CFE_TIME 20: Start FLYWHEEL
EVS Port1 1980-012-14:06:32.24301 66/1/AI_LEARNER 4: AI_LEARNER completed=48/48 mean=619849.8us max=791654.0us hal_peak=309416 within_bounded=1
{"app":"AI_LEARNER","stage":"run","model":"b2_resnet","target":"aarch64-unknown-linux-gnu","attempted":48,"completed":48,"fail_input":0,"fail_invoke":0,"fail_output":0,"mean_us":619849.76,"max_us":791654.03,"last_us":537878.90,"out0":0.35208,"out_elems":10,"out_sha256":"c379f179e94deb6f8c5587a6daa455c8296ff2c51c636e9786b9659fcc21efab","out_head":[0.352085,0.001092,0.001759,0.063552,0.332795,0.006340],"out_tail":[0.332795,0.006340,0.203565,0.013287,0.019282,0.006242],"out_full_file":"/cf/last_out.json","out_full_file_bytes":183,"out_full_file_reason":"ok","out_record_truncates":false}
{"app":"AI_LEARNER","stage":"mem","model":"b2_resnet","target":"aarch64-unknown-linux-gnu","completed":48,"hal_peak":309416,"peak_within_bounded":true,"admitted_budget_bytes":309416,"peak_within_admitted_budget":true,"admission_mode":"conditional_map","hal_bytes_per_call_amortized":297384.0,"process_rss_kb":7796,"process_rss_delta_init_kb":664,"max_active_calls":1,"active_calls_now":0,"call_counter_balanced":true}
.EVS Port1 1980-012-14:06:36.30487 66/1/AI_LEARNER 4: AI_LEARNER completed=49/49 mean=619275.0us max=791654.0us hal_peak=309416 within_bounded=1
{"app":"AI_LEARNER","stage":"run","model":"b2_resnet","target":"aarch64-unknown-linux-gnu","attempted":49,"completed":49,"fail_input":0,"fail_invoke":0,"fail_output":0,"mean_us":619275.04,"max_us":791654.03,"last_us":591688.64,"out0":0.35208,"out_elems":10,"out_sha256":"c379f179e94deb6f8c5587a6daa455c8296ff2c51c636e9786b9659fcc21efab","out_head":[0.352085,0.001092,0.001759,0.063552,0.332795,0.006340],"out_tail":[0.332795,0.006340,0.203565,0.013287,0.019282,0.006242],"out_full_file":"/cf/last_out.json","out_full_file_bytes":183,"out_full_file_reason":"ok","out_record_truncates":false}
{"app":"AI_LEARNER","stage":"mem","model":"b2_resnet","target":"aarch64-unknown-linux-gnu","completed":49,"hal_peak":309416,"peak_within_bounded":true,"admitted_budget_bytes":309416,"peak_within_admitted_budget":true,"admission_mode":"conditional_map","hal_bytes_per_call_amortized":297378.8,"process_rss_kb":7796,"process_rss_delta_init_kb":664,"max_active_calls":1,"active_calls_now":0,"call_counter_balanced":true}
.EVS Port1 1980-012-14:06:40.35136 66/1/AI_LEARNER 4: AI_LEARNER completed=50/50 mean=619669.2us max=791654.0us hal_peak=309416 within_bounded=1
{"app":"AI_LEARNER","stage":"run","model":"b2_resnet","target":"aarch64-unknown-linux-gnu","attempted":50,"completed":50,"fail_input":0,"fail_invoke":0,"fail_output":0,"mean_us":619669.20,"max_us":791654.03,"last_us":638983.23,"out0":0.35208,"out_elems":10,"out_sha256":"c379f179e94deb6f8c5587a6daa455c8296ff2c51c636e9786b9659fcc21efab","out_head":[0.352085,0.001092,0.001759,0.063552,0.332795,0.006340],"out_tail":[0.332795,0.006340,0.203565,0.013287,0.019282,0.006242],"out_full_file":"/cf/last_out.json","out_full_file_bytes":183,"out_full_file_reason":"ok","out_record_truncates":false}
{"app":"AI_LEARNER","stage":"mem","model":"b2_resnet","target":"aarch64-unknown-linux-gnu","completed":50,"hal_peak":309416,"peak_within_bounded":true,"admitted_budget_bytes":309416,"peak_within_admitted_budget":true,"admission_mode":"conditional_map","hal_bytes_per_call_amortized":297373.8,"process_rss_kb":7796,"process_rss_delta_init_kb":664,"max_active_calls":1,"active_calls_now":0,"call_counter_balanced":true}
EVS Port1 1980-012-14:06:44.27104 66/1/AI_LEARNER 4: AI_LEARNER completed=51/51 mean=618352.4us max=791654.0us hal_peak=309416 within_bounded=1
{"app":"AI_LEARNER","stage":"run","model":"b2_resnet","target":"aarch64-unknown-linux-gnu","attempted":51,"completed":51,"fail_input":0,"fail_invoke":0,"fail_output":0,"mean_us":618352.42,"max_us":791654.03,"last_us":552513.04,"out0":0.35208,"out_elems":10,"out_sha256":"c379f179e94deb6f8c5587a6daa455c8296ff2c51c636e9786b9659fcc21efab","out_head":[0.352085,0.001092,0.001759,0.063552,0.332795,0.006340],"out_tail":[0.332795,0.006340,0.203565,0.013287,0.019282,0.006242],"out_full_file":"/cf/last_out.json","out_full_file_bytes":183,"out_full_file_reason":"ok","out_record_truncates":false}
{"app":"AI_LEARNER","stage":"mem","model":"b2_resnet","target":"aarch64-unknown-linux-gnu","completed":51,"hal_peak":309416,"peak_within_bounded":true,"admitted_budget_bytes":309416,"peak_within_admitted_budget":true,"admission_mode":"conditional_map","hal_bytes_per_call_amortized":297368.9,"process_rss_kb":7796,"process_rss_delta_init_kb":664,"max_active_calls":1,"active_calls_now":0,"call_counter_balanced":true}
.EVS Port1 1980-012-14:06:48.35176 66/1/AI_LEARNER 4: AI_LEARNER completed=52/52 mean=618736.4us max=791654.0us hal_peak=309416 within_bounded=1
{"app":"AI_LEARNER","stage":"run","model":"b2_resnet","target":"aarch64-unknown-linux-gnu","attempted":52,"completed":52,"fail_input":0,"fail_invoke":0,"fail_output":0,"mean_us":618736.43,"max_us":791654.03,"last_us":638320.94,"out0":0.35208,"out_elems":10,"out_sha256":"c379f179e94deb6f8c5587a6daa455c8296ff2c51c636e9786b9659fcc21efab","out_head":[0.352085,0.001092,0.001759,0.063552,0.332795,0.006340],"out_tail":[0.332795,0.006340,0.203565,0.013287,0.019282,0.006242],"out_full_file":"/cf/last_out.json","out_full_file_bytes":183,"out_full_file_reason":"ok","out_record_truncates":false}
{"app":"AI_LEARNER","stage":"mem","model":"b2_resnet","target":"aarch64-unknown-linux-gnu","completed":52,"hal_peak":309416,"peak_within_bounded":true,"admitted_budget_bytes":309416,"peak_within_admitted_budget":true,"admission_mode":"conditional_map","hal_bytes_per_call_amortized":297364.3,"process_rss_kb":7796,"process_rss_delta_init_kb":664,"max_active_calls":1,"active_calls_now":0,"call_counter_balanced":true}
.EVS Port1 1980-012-14:06:52.34278 66/1/AI_LEARNER 4: AI_LEARNER completed=53/53 mean=618975.8us max=791654.0us hal_peak=309416 within_bounded=1
{"app":"AI_LEARNER","stage":"run","model":"b2_resnet","target":"aarch64-unknown-linux-gnu","attempted":53,"completed":53,"fail_input":0,"fail_invoke":0,"fail_output":0,"mean_us":618975.76,"max_us":791654.03,"last_us":631420.99,"out0":0.35208,"out_elems":10,"out_sha256":"c379f179e94deb6f8c5587a6daa455c8296ff2c51c636e9786b9659fcc21efab","out_head":[0.352085,0.001092,0.001759,0.063552,0.332795,0.006340],"out_tail":[0.332795,0.006340,0.203565,0.013287,0.019282,0.006242],"out_full_file":"/cf/last_out.json","out_full_file_bytes":183,"out_full_file_reason":"ok","out_record_truncates":false}
{"app":"AI_LEARNER","stage":"mem","model":"b2_resnet","target":"aarch64-unknown-linux-gnu","completed":53,"hal_peak":309416,"peak_within_bounded":true,"admitted_budget_bytes":309416,"peak_within_admitted_budget":true,"admission_mode":"conditional_map","hal_bytes_per_call_amortized":297359.8,"process_rss_kb":7796,"process_rss_delta_init_kb":664,"max_active_calls":1,"active_calls_now":0,"call_counter_balanced":true}
EVS Port1 1980-012-14:06:56.02087 66/1/CFE_TIME 21: Stop FLYWHEEL
EVS Port1 1980-012-14:06:56.26425 66/1/AI_LEARNER 4: AI_LEARNER completed=54/54 mean=617546.1us max=791654.0us hal_peak=309416 within_bounded=1
{"app":"AI_LEARNER","stage":"run","model":"b2_resnet","target":"aarch64-unknown-linux-gnu","attempted":54,"completed":54,"fail_input":0,"fail_invoke":0,"fail_output":0,"mean_us":617546.08,"max_us":791654.03,"last_us":541772.99,"out0":0.35208,"out_elems":10,"out_sha256":"c379f179e94deb6f8c5587a6daa455c8296ff2c51c636e9786b9659fcc21efab","out_head":[0.352085,0.001092,0.001759,0.063552,0.332795,0.006340],"out_tail":[0.332795,0.006340,0.203565,0.013287,0.019282,0.006242],"out_full_file":"/cf/last_out.json","out_full_file_bytes":183,"out_full_file_reason":"ok","out_record_truncates":false}
{"app":"AI_LEARNER","stage":"mem","model":"b2_resnet","target":"aarch64-unknown-linux-gnu","completed":54,"hal_peak":309416,"peak_within_bounded":true,"admitted_budget_bytes":309416,"peak_within_admitted_budget":true,"admission_mode":"conditional_map","hal_bytes_per_call_amortized":297355.6,"process_rss_kb":7796,"process_rss_delta_init_kb":664,"max_active_calls":1,"active_calls_now":0,"call_counter_balanced":true}
.EVS Port1 1980-012-14:06:56.99151 66/1/CFE_TIME 20: Start FLYWHEEL
EVS Port1 1980-012-14:07:00.27973 66/1/AI_LEARNER 4: AI_LEARNER completed=55/55 mean=616715.2us max=791654.0us hal_peak=309416 within_bounded=1
{"app":"AI_LEARNER","stage":"run","model":"b2_resnet","target":"aarch64-unknown-linux-gnu","attempted":55,"completed":55,"fail_input":0,"fail_invoke":0,"fail_output":0,"mean_us":616715.16,"max_us":791654.03,"last_us":571845.55,"out0":0.35208,"out_elems":10,"out_sha256":"c379f179e94deb6f8c5587a6daa455c8296ff2c51c636e9786b9659fcc21efab","out_head":[0.352085,0.001092,0.001759,0.063552,0.332795,0.006340],"out_tail":[0.332795,0.006340,0.203565,0.013287,0.019282,0.006242],"out_full_file":"/cf/last_out.json","out_full_file_bytes":183,"out_full_file_reason":"ok","out_record_truncates":false}
{"app":"AI_LEARNER","stage":"mem","model":"b2_resnet","target":"aarch64-unknown-linux-gnu","completed":55,"hal_peak":309416,"peak_within_bounded":true,"admitted_budget_bytes":309416,"peak_within_admitted_budget":true,"admission_mode":"conditional_map","hal_bytes_per_call_amortized":297351.4,"process_rss_kb":7796,"process_rss_delta_init_kb":664,"max_active_calls":1,"active_calls_now":0,"call_counter_balanced":true}
.EVS Port1 1980-012-14:07:04.29646 66/1/AI_LEARNER 4: AI_LEARNER completed=56/56 mean=616112.6us max=791654.0us hal_peak=309416 within_bounded=1
{"app":"AI_LEARNER","stage":"run","model":"b2_resnet","target":"aarch64-unknown-linux-gnu","attempted":56,"completed":56,"fail_input":0,"fail_invoke":0,"fail_output":0,"mean_us":616112.61,"max_us":791654.03,"last_us":582972.51,"out0":0.35208,"out_elems":10,"out_sha256":"c379f179e94deb6f8c5587a6daa455c8296ff2c51c636e9786b9659fcc21efab","out_head":[0.352085,0.001092,0.001759,0.063552,0.332795,0.006340],"out_tail":[0.332795,0.006340,0.203565,0.013287,0.019282,0.006242],"out_full_file":"/cf/last_out.json","out_full_file_bytes":183,"out_full_file_reason":"ok","out_record_truncates":false}
{"app":"AI_LEARNER","stage":"mem","model":"b2_resnet","target":"aarch64-unknown-linux-gnu","completed":56,"hal_peak":309416,"peak_within_bounded":true,"admitted_budget_bytes":309416,"peak_within_admitted_budget":true,"admission_mode":"conditional_map","hal_bytes_per_call_amortized":297347.4,"process_rss_kb":7796,"process_rss_delta_init_kb":664,"max_active_calls":1,"active_calls_now":0,"call_counter_balanced":true}
EVS Port1 1980-012-14:07:08.43278 66/1/AI_LEARNER 4: AI_LEARNER completed=57/57 mean=617179.4us max=791654.0us hal_peak=309416 within_bounded=1
{"app":"AI_LEARNER","stage":"run","model":"b2_resnet","target":"aarch64-unknown-linux-gnu","attempted":57,"completed":57,"fail_input":0,"fail_invoke":0,"fail_output":0,"mean_us":617179.36,"max_us":791654.03,"last_us":676917.22,"out0":0.35208,"out_elems":10,"out_sha256":"c379f179e94deb6f8c5587a6daa455c8296ff2c51c636e9786b9659fcc21efab","out_head":[0.352085,0.001092,0.001759,0.063552,0.332795,0.006340],"out_tail":[0.332795,0.006340,0.203565,0.013287,0.019282,0.006242],"out_full_file":"/cf/last_out.json","out_full_file_bytes":183,"out_full_file_reason":"ok","out_record_truncates":false}
{"app":"AI_LEARNER","stage":"mem","model":"b2_resnet","target":"aarch64-unknown-linux-gnu","completed":57,"hal_peak":309416,"peak_within_bounded":true,"admitted_budget_bytes":309416,"peak_within_admitted_budget":true,"admission_mode":"conditional_map","hal_bytes_per_call_amortized":297343.6,"process_rss_kb":7796,"process_rss_delta_init_kb":664,"max_active_calls":1,"active_calls_now":0,"call_counter_balanced":true}
.EVS Port1 1980-012-14:07:12.25328 66/1/AI_LEARNER 4: AI_LEARNER completed=58/58 mean=615865.0us max=791654.0us hal_peak=309416 within_bounded=1
{"app":"AI_LEARNER","stage":"run","model":"b2_resnet","target":"aarch64-unknown-linux-gnu","attempted":58,"completed":58,"fail_input":0,"fail_invoke":0,"fail_output":0,"mean_us":615865.04,"max_us":791654.03,"last_us":540948.77,"out0":0.35208,"out_elems":10,"out_sha256":"c379f179e94deb6f8c5587a6daa455c8296ff2c51c636e9786b9659fcc21efab","out_head":[0.352085,0.001092,0.001759,0.063552,0.332795,0.006340],"out_tail":[0.332795,0.006340,0.203565,0.013287,0.019282,0.006242],"out_full_file":"/cf/last_out.json","out_full_file_bytes":183,"out_full_file_reason":"ok","out_record_truncates":false}
{"app":"AI_LEARNER","stage":"mem","model":"b2_resnet","target":"aarch64-unknown-linux-gnu","completed":58,"hal_peak":309416,"peak_within_bounded":true,"admitted_budget_bytes":309416,"peak_within_admitted_budget":true,"admission_mode":"conditional_map","hal_bytes_per_call_amortized":297339.9,"process_rss_kb":7796,"process_rss_delta_init_kb":664,"max_active_calls":1,"active_calls_now":0,"call_counter_balanced":true}
.EVS Port1 1980-012-14:07:16.30247 66/1/AI_LEARNER 4: AI_LEARNER completed=59/59 mean=614989.7us max=791654.0us hal_peak=309416 within_bounded=1
{"app":"AI_LEARNER","stage":"run","model":"b2_resnet","target":"aarch64-unknown-linux-gnu","attempted":59,"completed":59,"fail_input":0,"fail_invoke":0,"fail_output":0,"mean_us":614989.75,"max_us":791654.03,"last_us":564223.01,"out0":0.35208,"out_elems":10,"out_sha256":"c379f179e94deb6f8c5587a6daa455c8296ff2c51c636e9786b9659fcc21efab","out_head":[0.352085,0.001092,0.001759,0.063552,0.332795,0.006340],"out_tail":[0.332795,0.006340,0.203565,0.013287,0.019282,0.006242],"out_full_file":"/cf/last_out.json","out_full_file_bytes":183,"out_full_file_reason":"ok","out_record_truncates":false}
{"app":"AI_LEARNER","stage":"mem","model":"b2_resnet","target":"aarch64-unknown-linux-gnu","completed":59,"hal_peak":309416,"peak_within_bounded":true,"admitted_budget_bytes":309416,"peak_within_admitted_budget":true,"admission_mode":"conditional_map","hal_bytes_per_call_amortized":297336.3,"process_rss_kb":7796,"process_rss_delta_init_kb":664,"max_active_calls":1,"active_calls_now":0,"call_counter_balanced":true}
EVS Port1 1980-012-14:07:20.35713 66/1/AI_LEARNER 4: AI_LEARNER completed=60/60 mean=615391.6us max=791654.0us hal_peak=309416 within_bounded=1
{"app":"AI_LEARNER","stage":"run","model":"b2_resnet","target":"aarch64-unknown-linux-gnu","attempted":60,"completed":60,"fail_input":0,"fail_invoke":0,"fail_output":0,"mean_us":615391.55,"max_us":791654.03,"last_us":639097.87,"out0":0.35208,"out_elems":10,"out_sha256":"c379f179e94deb6f8c5587a6daa455c8296ff2c51c636e9786b9659fcc21efab","out_head":[0.352085,0.001092,0.001759,0.063552,0.332795,0.006340],"out_tail":[0.332795,0.006340,0.203565,0.013287,0.019282,0.006242],"out_full_file":"/cf/last_out.json","out_full_file_bytes":183,"out_full_file_reason":"ok","out_record_truncates":false}
{"app":"AI_LEARNER","stage":"mem","model":"b2_resnet","target":"aarch64-unknown-linux-gnu","completed":60,"hal_peak":309416,"peak_within_bounded":true,"admitted_budget_bytes":309416,"peak_within_admitted_budget":true,"admission_mode":"conditional_map","hal_bytes_per_call_amortized":297332.8,"process_rss_kb":7796,"process_rss_delta_init_kb":664,"max_active_calls":1,"active_calls_now":0,"call_counter_balanced":true}
.EVS Port1 1980-012-14:07:24.27087 66/1/AI_LEARNER 4: AI_LEARNER completed=61/61 mean=614487.0us max=791654.0us hal_peak=309416 within_bounded=1
{"app":"AI_LEARNER","stage":"run","model":"b2_resnet","target":"aarch64-unknown-linux-gnu","attempted":61,"completed":61,"fail_input":0,"fail_invoke":0,"fail_output":0,"mean_us":614487.05,"max_us":791654.03,"last_us":560216.88,"out0":0.35208,"out_elems":10,"out_sha256":"c379f179e94deb6f8c5587a6daa455c8296ff2c51c636e9786b9659fcc21efab","out_head":[0.352085,0.001092,0.001759,0.063552,0.332795,0.006340],"out_tail":[0.332795,0.006340,0.203565,0.013287,0.019282,0.006242],"out_full_file":"/cf/last_out.json","out_full_file_bytes":183,"out_full_file_reason":"ok","out_record_truncates":false}
{"app":"AI_LEARNER","stage":"mem","model":"b2_resnet","target":"aarch64-unknown-linux-gnu","completed":61,"hal_peak":309416,"peak_within_bounded":true,"admitted_budget_bytes":309416,"peak_within_admitted_budget":true,"admission_mode":"conditional_map","hal_bytes_per_call_amortized":297329.4,"process_rss_kb":7796,"process_rss_delta_init_kb":664,"max_active_calls":1,"active_calls_now":0,"call_counter_balanced":true}
.EVS Port1 1980-012-14:07:28.30581 66/1/AI_LEARNER 4: AI_LEARNER completed=62/62 mean=614111.2us max=791654.0us hal_peak=309416 within_bounded=1
{"app":"AI_LEARNER","stage":"run","model":"b2_resnet","target":"aarch64-unknown-linux-gnu","attempted":62,"completed":62,"fail_input":0,"fail_invoke":0,"fail_output":0,"mean_us":614111.22,"max_us":791654.03,"last_us":591185.92,"out0":0.35208,"out_elems":10,"out_sha256":"c379f179e94deb6f8c5587a6daa455c8296ff2c51c636e9786b9659fcc21efab","out_head":[0.352085,0.001092,0.001759,0.063552,0.332795,0.006340],"out_tail":[0.332795,0.006340,0.203565,0.013287,0.019282,0.006242],"out_full_file":"/cf/last_out.json","out_full_file_bytes":183,"out_full_file_reason":"ok","out_record_truncates":false}
{"app":"AI_LEARNER","stage":"mem","model":"b2_resnet","target":"aarch64-unknown-linux-gnu","completed":62,"hal_peak":309416,"peak_within_bounded":true,"admitted_budget_bytes":309416,"peak_within_admitted_budget":true,"admission_mode":"conditional_map","hal_bytes_per_call_amortized":297326.2,"process_rss_kb":7796,"process_rss_delta_init_kb":664,"max_active_calls":1,"active_calls_now":0,"call_counter_balanced":true}
EVS Port1 1980-012-14:07:32.36621 66/1/AI_LEARNER 4: AI_LEARNER completed=63/63 mean=614428.2us max=791654.0us hal_peak=309416 within_bounded=1
{"app":"AI_LEARNER","stage":"run","model":"b2_resnet","target":"aarch64-unknown-linux-gnu","attempted":63,"completed":63,"fail_input":0,"fail_invoke":0,"fail_output":0,"mean_us":614428.24,"max_us":791654.03,"last_us":634083.18,"out0":0.35208,"out_elems":10,"out_sha256":"c379f179e94deb6f8c5587a6daa455c8296ff2c51c636e9786b9659fcc21efab","out_head":[0.352085,0.001092,0.001759,0.063552,0.332795,0.006340],"out_tail":[0.332795,0.006340,0.203565,0.013287,0.019282,0.006242],"out_full_file":"/cf/last_out.json","out_full_file_bytes":183,"out_full_file_reason":"ok","out_record_truncates":false}
{"app":"AI_LEARNER","stage":"mem","model":"b2_resnet","target":"aarch64-unknown-linux-gnu","completed":63,"hal_peak":309416,"peak_within_bounded":true,"admitted_budget_bytes":309416,"peak_within_admitted_budget":true,"admission_mode":"conditional_map","hal_bytes_per_call_amortized":297323.0,"process_rss_kb":7796,"process_rss_delta_init_kb":664,"max_active_calls":1,"active_calls_now":0,"call_counter_balanced":true}
.EVS Port1 1980-012-14:07:36.24726 66/1/AI_LEARNER 4: AI_LEARNER completed=64/64 mean=613022.0us max=791654.0us hal_peak=309416 within_bounded=1
{"app":"AI_LEARNER","stage":"run","model":"b2_resnet","target":"aarch64-unknown-linux-gnu","attempted":64,"completed":64,"fail_input":0,"fail_invoke":0,"fail_output":0,"mean_us":613022.01,"max_us":791654.03,"last_us":524429.90,"out0":0.35208,"out_elems":10,"out_sha256":"c379f179e94deb6f8c5587a6daa455c8296ff2c51c636e9786b9659fcc21efab","out_head":[0.352085,0.001092,0.001759,0.063552,0.332795,0.006340],"out_tail":[0.332795,0.006340,0.203565,0.013287,0.019282,0.006242],"out_full_file":"/cf/last_out.json","out_full_file_bytes":183,"out_full_file_reason":"ok","out_record_truncates":false}
{"app":"AI_LEARNER","stage":"mem","model":"b2_resnet","target":"aarch64-unknown-linux-gnu","completed":64,"hal_peak":309416,"peak_within_bounded":true,"admitted_budget_bytes":309416,"peak_within_admitted_budget":true,"admission_mode":"conditional_map","hal_bytes_per_call_amortized":297320.0,"process_rss_kb":7796,"process_rss_delta_init_kb":664,"max_active_calls":1,"active_calls_now":0,"call_counter_balanced":true}
.EVS Port1 1980-012-14:07:40.32206 66/1/AI_LEARNER 4: AI_LEARNER completed=65/65 mean=612598.6us max=791654.0us hal_peak=309416 within_bounded=1
{"app":"AI_LEARNER","stage":"run","model":"b2_resnet","target":"aarch64-unknown-linux-gnu","attempted":65,"completed":65,"fail_input":0,"fail_invoke":0,"fail_output":0,"mean_us":612598.55,"max_us":791654.03,"last_us":585496.99,"out0":0.35208,"out_elems":10,"out_sha256":"c379f179e94deb6f8c5587a6daa455c8296ff2c51c636e9786b9659fcc21efab","out_head":[0.352085,0.001092,0.001759,0.063552,0.332795,0.006340],"out_tail":[0.332795,0.006340,0.203565,0.013287,0.019282,0.006242],"out_full_file":"/cf/last_out.json","out_full_file_bytes":183,"out_full_file_reason":"ok","out_record_truncates":false}
{"app":"AI_LEARNER","stage":"mem","model":"b2_resnet","target":"aarch64-unknown-linux-gnu","completed":65,"hal_peak":309416,"peak_within_bounded":true,"admitted_budget_bytes":309416,"peak_within_admitted_budget":true,"admission_mode":"conditional_map","hal_bytes_per_call_amortized":297317.0,"process_rss_kb":7796,"process_rss_delta_init_kb":664,"max_active_calls":1,"active_calls_now":0,"call_counter_balanced":true}
EVS Port1 1980-012-14:07:44.32077 66/1/AI_LEARNER 4: AI_LEARNER completed=66/66 mean=612718.1us max=791654.0us hal_peak=309416 within_bounded=1
{"app":"AI_LEARNER","stage":"run","model":"b2_resnet","target":"aarch64-unknown-linux-gnu","attempted":66,"completed":66,"fail_input":0,"fail_invoke":0,"fail_output":0,"mean_us":612718.07,"max_us":791654.03,"last_us":620486.99,"out0":0.35208,"out_elems":10,"out_sha256":"c379f179e94deb6f8c5587a6daa455c8296ff2c51c636e9786b9659fcc21efab","out_head":[0.352085,0.001092,0.001759,0.063552,0.332795,0.006340],"out_tail":[0.332795,0.006340,0.203565,0.013287,0.019282,0.006242],"out_full_file":"/cf/last_out.json","out_full_file_bytes":183,"out_full_file_reason":"ok","out_record_truncates":false}
{"app":"AI_LEARNER","stage":"mem","model":"b2_resnet","target":"aarch64-unknown-linux-gnu","completed":66,"hal_peak":309416,"peak_within_bounded":true,"admitted_budget_bytes":309416,"peak_within_admitted_budget":true,"admission_mode":"conditional_map","hal_bytes_per_call_amortized":297314.2,"process_rss_kb":7796,"process_rss_delta_init_kb":664,"max_active_calls":1,"active_calls_now":0,"call_counter_balanced":true}
.EVS Port1 1980-012-14:07:48.25894 66/1/AI_LEARNER 4: AI_LEARNER completed=67/67 mean=611676.1us max=791654.0us hal_peak=309416 within_bounded=1
{"app":"AI_LEARNER","stage":"run","model":"b2_resnet","target":"aarch64-unknown-linux-gnu","attempted":67,"completed":67,"fail_input":0,"fail_invoke":0,"fail_output":0,"mean_us":611676.13,"max_us":791654.03,"last_us":542907.49,"out0":0.35208,"out_elems":10,"out_sha256":"c379f179e94deb6f8c5587a6daa455c8296ff2c51c636e9786b9659fcc21efab","out_head":[0.352085,0.001092,0.001759,0.063552,0.332795,0.006340],"out_tail":[0.332795,0.006340,0.203565,0.013287,0.019282,0.006242],"out_full_file":"/cf/last_out.json","out_full_file_bytes":183,"out_full_file_reason":"ok","out_record_truncates":false}
{"app":"AI_LEARNER","stage":"mem","model":"b2_resnet","target":"aarch64-unknown-linux-gnu","completed":67,"hal_peak":309416,"peak_within_bounded":true,"admitted_budget_bytes":309416,"peak_within_admitted_budget":true,"admission_mode":"conditional_map","hal_bytes_per_call_amortized":297311.4,"process_rss_kb":7796,"process_rss_delta_init_kb":664,"max_active_calls":1,"active_calls_now":0,"call_counter_balanced":true}
.EVS Port1 1980-012-14:07:52.29634 66/1/AI_LEARNER 4: AI_LEARNER completed=68/68 mean=611194.9us max=791654.0us hal_peak=309416 within_bounded=1
{"app":"AI_LEARNER","stage":"run","model":"b2_resnet","target":"aarch64-unknown-linux-gnu","attempted":68,"completed":68,"fail_input":0,"fail_invoke":0,"fail_output":0,"mean_us":611194.87,"max_us":791654.03,"last_us":578951.09,"out0":0.35208,"out_elems":10,"out_sha256":"c379f179e94deb6f8c5587a6daa455c8296ff2c51c636e9786b9659fcc21efab","out_head":[0.352085,0.001092,0.001759,0.063552,0.332795,0.006340],"out_tail":[0.332795,0.006340,0.203565,0.013287,0.019282,0.006242],"out_full_file":"/cf/last_out.json","out_full_file_bytes":183,"out_full_file_reason":"ok","out_record_truncates":false}
{"app":"AI_LEARNER","stage":"mem","model":"b2_resnet","target":"aarch64-unknown-linux-gnu","completed":68,"hal_peak":309416,"peak_within_bounded":true,"admitted_budget_bytes":309416,"peak_within_admitted_budget":true,"admission_mode":"conditional_map","hal_bytes_per_call_amortized":297308.7,"process_rss_kb":7796,"process_rss_delta_init_kb":664,"max_active_calls":1,"active_calls_now":0,"call_counter_balanced":true}
EVS Port1 1980-012-14:07:56.30601 66/1/AI_LEARNER 4: AI_LEARNER completed=69/69 mean=610939.2us max=791654.0us hal_peak=309416 within_bounded=1
{"app":"AI_LEARNER","stage":"run","model":"b2_resnet","target":"aarch64-unknown-linux-gnu","attempted":69,"completed":69,"fail_input":0,"fail_invoke":0,"fail_output":0,"mean_us":610939.18,"max_us":791654.03,"last_us":593552.18,"out0":0.35208,"out_elems":10,"out_sha256":"c379f179e94deb6f8c5587a6daa455c8296ff2c51c636e9786b9659fcc21efab","out_head":[0.352085,0.001092,0.001759,0.063552,0.332795,0.006340],"out_tail":[0.332795,0.006340,0.203565,0.013287,0.019282,0.006242],"out_full_file":"/cf/last_out.json","out_full_file_bytes":183,"out_full_file_reason":"ok","out_record_truncates":false}
{"app":"AI_LEARNER","stage":"mem","model":"b2_resnet","target":"aarch64-unknown-linux-gnu","completed":69,"hal_peak":309416,"peak_within_bounded":true,"admitted_budget_bytes":309416,"peak_within_admitted_budget":true,"admission_mode":"conditional_map","hal_bytes_per_call_amortized":297306.1,"process_rss_kb":7796,"process_rss_delta_init_kb":664,"max_active_calls":1,"active_calls_now":0,"call_counter_balanced":true}
.EVS Port1 1980-012-14:08:00.25848 66/1/AI_LEARNER 4: AI_LEARNER completed=70/70 mean=610032.0us max=791654.0us hal_peak=309416 within_bounded=1
{"app":"AI_LEARNER","stage":"run","model":"b2_resnet","target":"aarch64-unknown-linux-gnu","attempted":70,"completed":70,"fail_input":0,"fail_invoke":0,"fail_output":0,"mean_us":610032.01,"max_us":791654.03,"last_us":547436.98,"out0":0.35208,"out_elems":10,"out_sha256":"c379f179e94deb6f8c5587a6daa455c8296ff2c51c636e9786b9659fcc21efab","out_head":[0.352085,0.001092,0.001759,0.063552,0.332795,0.006340],"out_tail":[0.332795,0.006340,0.203565,0.013287,0.019282,0.006242],"out_full_file":"/cf/last_out.json","out_full_file_bytes":183,"out_full_file_reason":"ok","out_record_truncates":false}
{"app":"AI_LEARNER","stage":"mem","model":"b2_resnet","target":"aarch64-unknown-linux-gnu","completed":70,"hal_peak":309416,"peak_within_bounded":true,"admitted_budget_bytes":309416,"peak_within_admitted_budget":true,"admission_mode":"conditional_map","hal_bytes_per_call_amortized":297303.5,"process_rss_kb":7796,"process_rss_delta_init_kb":664,"max_active_calls":1,"active_calls_now":0,"call_counter_balanced":true}
.EVS Port1 1980-012-14:08:04.27940 66/1/AI_LEARNER 4: AI_LEARNER completed=71/71 mean=609374.4us max=791654.0us hal_peak=309416 within_bounded=1
{"app":"AI_LEARNER","stage":"run","model":"b2_resnet","target":"aarch64-unknown-linux-gnu","attempted":71,"completed":71,"fail_input":0,"fail_invoke":0,"fail_output":0,"mean_us":609374.37,"max_us":791654.03,"last_us":563339.57,"out0":0.35208,"out_elems":10,"out_sha256":"c379f179e94deb6f8c5587a6daa455c8296ff2c51c636e9786b9659fcc21efab","out_head":[0.352085,0.001092,0.001759,0.063552,0.332795,0.006340],"out_tail":[0.332795,0.006340,0.203565,0.013287,0.019282,0.006242],"out_full_file":"/cf/last_out.json","out_full_file_bytes":183,"out_full_file_reason":"ok","out_record_truncates":false}
{"app":"AI_LEARNER","stage":"mem","model":"b2_resnet","target":"aarch64-unknown-linux-gnu","completed":71,"hal_peak":309416,"peak_within_bounded":true,"admitted_budget_bytes":309416,"peak_within_admitted_budget":true,"admission_mode":"conditional_map","hal_bytes_per_call_amortized":297301.1,"process_rss_kb":7796,"process_rss_delta_init_kb":664,"max_active_calls":1,"active_calls_now":0,"call_counter_balanced":true}
EVS Port1 1980-012-14:08:08.41824 66/1/AI_LEARNER 4: AI_LEARNER completed=72/72 mean=610657.3us max=791654.0us hal_peak=309416 within_bounded=1
{"app":"AI_LEARNER","stage":"run","model":"b2_resnet","target":"aarch64-unknown-linux-gnu","attempted":72,"completed":72,"fail_input":0,"fail_invoke":0,"fail_output":0,"mean_us":610657.28,"max_us":791654.03,"last_us":701743.94,"out0":0.35208,"out_elems":10,"out_sha256":"c379f179e94deb6f8c5587a6daa455c8296ff2c51c636e9786b9659fcc21efab","out_head":[0.352085,0.001092,0.001759,0.063552,0.332795,0.006340],"out_tail":[0.332795,0.006340,0.203565,0.013287,0.019282,0.006242],"out_full_file":"/cf/last_out.json","out_full_file_bytes":183,"out_full_file_reason":"ok","out_record_truncates":false}
{"app":"AI_LEARNER","stage":"mem","model":"b2_resnet","target":"aarch64-unknown-linux-gnu","completed":72,"hal_peak":309416,"peak_within_bounded":true,"admitted_budget_bytes":309416,"peak_within_admitted_budget":true,"admission_mode":"conditional_map","hal_bytes_per_call_amortized":297298.7,"process_rss_kb":7796,"process_rss_delta_init_kb":664,"max_active_calls":1,"active_calls_now":0,"call_counter_balanced":true}
.EVS Port1 1980-012-14:08:12.22515 66/1/AI_LEARNER 4: AI_LEARNER completed=73/73 mean=609367.2us max=791654.0us hal_peak=309416 within_bounded=1
{"app":"AI_LEARNER","stage":"run","model":"b2_resnet","target":"aarch64-unknown-linux-gnu","attempted":73,"completed":73,"fail_input":0,"fail_invoke":0,"fail_output":0,"mean_us":609367.17,"max_us":791654.03,"last_us":516479.38,"out0":0.35208,"out_elems":10,"out_sha256":"c379f179e94deb6f8c5587a6daa455c8296ff2c51c636e9786b9659fcc21efab","out_head":[0.352085,0.001092,0.001759,0.063552,0.332795,0.006340],"out_tail":[0.332795,0.006340,0.203565,0.013287,0.019282,0.006242],"out_full_file":"/cf/last_out.json","out_full_file_bytes":183,"out_full_file_reason":"ok","out_record_truncates":false}
{"app":"AI_LEARNER","stage":"mem","model":"b2_resnet","target":"aarch64-unknown-linux-gnu","completed":73,"hal_peak":309416,"peak_within_bounded":true,"admitted_budget_bytes":309416,"peak_within_admitted_budget":true,"admission_mode":"conditional_map","hal_bytes_per_call_amortized":297296.3,"process_rss_kb":7796,"process_rss_delta_init_kb":664,"max_active_calls":1,"active_calls_now":0,"call_counter_balanced":true}
.EVS Port1 1980-012-14:08:16.25994 66/1/AI_LEARNER 4: AI_LEARNER completed=74/74 mean=608547.4us max=791654.0us hal_peak=309416 within_bounded=1
{"app":"AI_LEARNER","stage":"run","model":"b2_resnet","target":"aarch64-unknown-linux-gnu","attempted":74,"completed":74,"fail_input":0,"fail_invoke":0,"fail_output":0,"mean_us":608547.37,"max_us":791654.03,"last_us":548702.06,"out0":0.35208,"out_elems":10,"out_sha256":"c379f179e94deb6f8c5587a6daa455c8296ff2c51c636e9786b9659fcc21efab","out_head":[0.352085,0.001092,0.001759,0.063552,0.332795,0.006340],"out_tail":[0.332795,0.006340,0.203565,0.013287,0.019282,0.006242],"out_full_file":"/cf/last_out.json","out_full_file_bytes":183,"out_full_file_reason":"ok","out_record_truncates":false}
{"app":"AI_LEARNER","stage":"mem","model":"b2_resnet","target":"aarch64-unknown-linux-gnu","completed":74,"hal_peak":309416,"peak_within_bounded":true,"admitted_budget_bytes":309416,"peak_within_admitted_budget":true,"admission_mode":"conditional_map","hal_bytes_per_call_amortized":297294.1,"process_rss_kb":7796,"process_rss_delta_init_kb":664,"max_active_calls":1,"active_calls_now":0,"call_counter_balanced":true}
EVS Port1 1980-012-14:08:20.35815 66/1/AI_LEARNER 4: AI_LEARNER completed=75/75 mean=608951.3us max=791654.0us hal_peak=309416 within_bounded=1
{"app":"AI_LEARNER","stage":"run","model":"b2_resnet","target":"aarch64-unknown-linux-gnu","attempted":75,"completed":75,"fail_input":0,"fail_invoke":0,"fail_output":0,"mean_us":608951.31,"max_us":791654.03,"last_us":638842.30,"out0":0.35208,"out_elems":10,"out_sha256":"c379f179e94deb6f8c5587a6daa455c8296ff2c51c636e9786b9659fcc21efab","out_head":[0.352085,0.001092,0.001759,0.063552,0.332795,0.006340],"out_tail":[0.332795,0.006340,0.203565,0.013287,0.019282,0.006242],"out_full_file":"/cf/last_out.json","out_full_file_bytes":183,"out_full_file_reason":"ok","out_record_truncates":false}
{"app":"AI_LEARNER","stage":"mem","model":"b2_resnet","target":"aarch64-unknown-linux-gnu","completed":75,"hal_peak":309416,"peak_within_bounded":true,"admitted_budget_bytes":309416,"peak_within_admitted_budget":true,"admission_mode":"conditional_map","hal_bytes_per_call_amortized":297291.8,"process_rss_kb":7796,"process_rss_delta_init_kb":664,"max_active_calls":1,"active_calls_now":0,"call_counter_balanced":true}
.EVS Port1 1980-012-14:08:24.30290 66/1/AI_LEARNER 4: AI_LEARNER completed=76/76 mean=608253.2us max=791654.0us hal_peak=309416 within_bounded=1
{"app":"AI_LEARNER","stage":"run","model":"b2_resnet","target":"aarch64-unknown-linux-gnu","attempted":76,"completed":76,"fail_input":0,"fail_invoke":0,"fail_output":0,"mean_us":608253.18,"max_us":791654.03,"last_us":555894.08,"out0":0.35208,"out_elems":10,"out_sha256":"c379f179e94deb6f8c5587a6daa455c8296ff2c51c636e9786b9659fcc21efab","out_head":[0.352085,0.001092,0.001759,0.063552,0.332795,0.006340],"out_tail":[0.332795,0.006340,0.203565,0.013287,0.019282,0.006242],"out_full_file":"/cf/last_out.json","out_full_file_bytes":183,"out_full_file_reason":"ok","out_record_truncates":false}
{"app":"AI_LEARNER","stage":"mem","model":"b2_resnet","target":"aarch64-unknown-linux-gnu","completed":76,"hal_peak":309416,"peak_within_bounded":true,"admitted_budget_bytes":309416,"peak_within_admitted_budget":true,"admission_mode":"conditional_map","hal_bytes_per_call_amortized":297289.7,"process_rss_kb":7796,"process_rss_delta_init_kb":664,"max_active_calls":1,"active_calls_now":0,"call_counter_balanced":true}
.EVS Port1 1980-012-14:08:28.41076 66/1/AI_LEARNER 4: AI_LEARNER completed=77/77 mean=609464.5us max=791654.0us hal_peak=309416 within_bounded=1
{"app":"AI_LEARNER","stage":"run","model":"b2_resnet","target":"aarch64-unknown-linux-gnu","attempted":77,"completed":77,"fail_input":0,"fail_invoke":0,"fail_output":0,"mean_us":609464.52,"max_us":791654.03,"last_us":701525.89,"out0":0.35208,"out_elems":10,"out_sha256":"c379f179e94deb6f8c5587a6daa455c8296ff2c51c636e9786b9659fcc21efab","out_head":[0.352085,0.001092,0.001759,0.063552,0.332795,0.006340],"out_tail":[0.332795,0.006340,0.203565,0.013287,0.019282,0.006242],"out_full_file":"/cf/last_out.json","out_full_file_bytes":183,"out_full_file_reason":"ok","out_record_truncates":false}
{"app":"AI_LEARNER","stage":"mem","model":"b2_resnet","target":"aarch64-unknown-linux-gnu","completed":77,"hal_peak":309416,"peak_within_bounded":true,"admitted_budget_bytes":309416,"peak_within_admitted_budget":true,"admission_mode":"conditional_map","hal_bytes_per_call_amortized":297287.6,"process_rss_kb":7796,"process_rss_delta_init_kb":664,"max_active_calls":1,"active_calls_now":0,"call_counter_balanced":true}
EVS Port1 1980-012-14:08:32.42797 66/1/AI_LEARNER 4: AI_LEARNER completed=78/78 mean=610971.4us max=791654.0us hal_peak=309416 within_bounded=1
{"app":"AI_LEARNER","stage":"run","model":"b2_resnet","target":"aarch64-unknown-linux-gnu","attempted":78,"completed":78,"fail_input":0,"fail_invoke":0,"fail_output":0,"mean_us":610971.38,"max_us":791654.03,"last_us":726999.84,"out0":0.35208,"out_elems":10,"out_sha256":"c379f179e94deb6f8c5587a6daa455c8296ff2c51c636e9786b9659fcc21efab","out_head":[0.352085,0.001092,0.001759,0.063552,0.332795,0.006340],"out_tail":[0.332795,0.006340,0.203565,0.013287,0.019282,0.006242],"out_full_file":"/cf/last_out.json","out_full_file_bytes":183,"out_full_file_reason":"ok","out_record_truncates":false}
{"app":"AI_LEARNER","stage":"mem","model":"b2_resnet","target":"aarch64-unknown-linux-gnu","completed":78,"hal_peak":309416,"peak_within_bounded":true,"admitted_budget_bytes":309416,"peak_within_admitted_budget":true,"admission_mode":"conditional_map","hal_bytes_per_call_amortized":297285.5,"process_rss_kb":7796,"process_rss_delta_init_kb":664,"max_active_calls":1,"active_calls_now":0,"call_counter_balanced":true}
.EVS Port1 1980-012-14:08:36.25915 66/1/AI_LEARNER 4: AI_LEARNER completed=79/79 mean=610277.4us max=791654.0us hal_peak=309416 within_bounded=1
{"app":"AI_LEARNER","stage":"run","model":"b2_resnet","target":"aarch64-unknown-linux-gnu","attempted":79,"completed":79,"fail_input":0,"fail_invoke":0,"fail_output":0,"mean_us":610277.38,"max_us":791654.03,"last_us":556145.02,"out0":0.35208,"out_elems":10,"out_sha256":"c379f179e94deb6f8c5587a6daa455c8296ff2c51c636e9786b9659fcc21efab","out_head":[0.352085,0.001092,0.001759,0.063552,0.332795,0.006340],"out_tail":[0.332795,0.006340,0.203565,0.013287,0.019282,0.006242],"out_full_file":"/cf/last_out.json","out_full_file_bytes":183,"out_full_file_reason":"ok","out_record_truncates":false}
{"app":"AI_LEARNER","stage":"mem","model":"b2_resnet","target":"aarch64-unknown-linux-gnu","completed":79,"hal_peak":309416,"peak_within_bounded":true,"admitted_budget_bytes":309416,"peak_within_admitted_budget":true,"admission_mode":"conditional_map","hal_bytes_per_call_amortized":297283.5,"process_rss_kb":7796,"process_rss_delta_init_kb":664,"max_active_calls":1,"active_calls_now":0,"call_counter_balanced":true}
.EVS Port1 1980-012-14:08:40.49072 66/1/AI_LEARNER 4: AI_LEARNER completed=80/80 mean=612277.4us max=791654.0us hal_peak=309416 within_bounded=1
{"app":"AI_LEARNER","stage":"run","model":"b2_resnet","target":"aarch64-unknown-linux-gnu","attempted":80,"completed":80,"fail_input":0,"fail_invoke":0,"fail_output":0,"mean_us":612277.39,"max_us":791654.03,"last_us":770278.40,"out0":0.35208,"out_elems":10,"out_sha256":"c379f179e94deb6f8c5587a6daa455c8296ff2c51c636e9786b9659fcc21efab","out_head":[0.352085,0.001092,0.001759,0.063552,0.332795,0.006340],"out_tail":[0.332795,0.006340,0.203565,0.013287,0.019282,0.006242],"out_full_file":"/cf/last_out.json","out_full_file_bytes":183,"out_full_file_reason":"ok","out_record_truncates":false}
{"app":"AI_LEARNER","stage":"mem","model":"b2_resnet","target":"aarch64-unknown-linux-gnu","completed":80,"hal_peak":309416,"peak_within_bounded":true,"admitted_budget_bytes":309416,"peak_within_admitted_budget":true,"admission_mode":"conditional_map","hal_bytes_per_call_amortized":297281.6,"process_rss_kb":7796,"process_rss_delta_init_kb":664,"max_active_calls":1,"active_calls_now":0,"call_counter_balanced":true}
EVS Port1 1980-012-14:08:44.24829 66/1/AI_LEARNER 4: AI_LEARNER completed=81/81 mean=611098.0us max=791654.0us hal_peak=309416 within_bounded=1
{"app":"AI_LEARNER","stage":"run","model":"b2_resnet","target":"aarch64-unknown-linux-gnu","attempted":81,"completed":81,"fail_input":0,"fail_invoke":0,"fail_output":0,"mean_us":611097.99,"max_us":791654.03,"last_us":516746.35,"out0":0.35208,"out_elems":10,"out_sha256":"c379f179e94deb6f8c5587a6daa455c8296ff2c51c636e9786b9659fcc21efab","out_head":[0.352085,0.001092,0.001759,0.063552,0.332795,0.006340],"out_tail":[0.332795,0.006340,0.203565,0.013287,0.019282,0.006242],"out_full_file":"/cf/last_out.json","out_full_file_bytes":183,"out_full_file_reason":"ok","out_record_truncates":false}
{"app":"AI_LEARNER","stage":"mem","model":"b2_resnet","target":"aarch64-unknown-linux-gnu","completed":81,"hal_peak":309416,"peak_within_bounded":true,"admitted_budget_bytes":309416,"peak_within_admitted_budget":true,"admission_mode":"conditional_map","hal_bytes_per_call_amortized":297279.7,"process_rss_kb":7796,"process_rss_delta_init_kb":664,"max_active_calls":1,"active_calls_now":0,"call_counter_balanced":true}
.EVS Port1 1980-012-14:08:48.29231 66/1/AI_LEARNER 4: AI_LEARNER completed=82/82 mean=610854.7us max=791654.0us hal_peak=309416 within_bounded=1
{"app":"AI_LEARNER","stage":"run","model":"b2_resnet","target":"aarch64-unknown-linux-gnu","attempted":82,"completed":82,"fail_input":0,"fail_invoke":0,"fail_output":0,"mean_us":610854.70,"max_us":791654.03,"last_us":591147.87,"out0":0.35208,"out_elems":10,"out_sha256":"c379f179e94deb6f8c5587a6daa455c8296ff2c51c636e9786b9659fcc21efab","out_head":[0.352085,0.001092,0.001759,0.063552,0.332795,0.006340],"out_tail":[0.332795,0.006340,0.203565,0.013287,0.019282,0.006242],"out_full_file":"/cf/last_out.json","out_full_file_bytes":183,"out_full_file_reason":"ok","out_record_truncates":false}
{"app":"AI_LEARNER","stage":"mem","model":"b2_resnet","target":"aarch64-unknown-linux-gnu","completed":82,"hal_peak":309416,"peak_within_bounded":true,"admitted_budget_bytes":309416,"peak_within_admitted_budget":true,"admission_mode":"conditional_map","hal_bytes_per_call_amortized":297277.9,"process_rss_kb":7796,"process_rss_delta_init_kb":664,"max_active_calls":1,"active_calls_now":0,"call_counter_balanced":true}
.EVS Port1 1980-012-14:08:52.35156 66/1/AI_LEARNER 4: AI_LEARNER completed=83/83 mean=610753.0us max=791654.0us hal_peak=309416 within_bounded=1
{"app":"AI_LEARNER","stage":"run","model":"b2_resnet","target":"aarch64-unknown-linux-gnu","attempted":83,"completed":83,"fail_input":0,"fail_invoke":0,"fail_output":0,"mean_us":610752.95,"max_us":791654.03,"last_us":602409.89,"out0":0.35208,"out_elems":10,"out_sha256":"c379f179e94deb6f8c5587a6daa455c8296ff2c51c636e9786b9659fcc21efab","out_head":[0.352085,0.001092,0.001759,0.063552,0.332795,0.006340],"out_tail":[0.332795,0.006340,0.203565,0.013287,0.019282,0.006242],"out_full_file":"/cf/last_out.json","out_full_file_bytes":183,"out_full_file_reason":"ok","out_record_truncates":false}
{"app":"AI_LEARNER","stage":"mem","model":"b2_resnet","target":"aarch64-unknown-linux-gnu","completed":83,"hal_peak":309416,"peak_within_bounded":true,"admitted_budget_bytes":309416,"peak_within_admitted_budget":true,"admission_mode":"conditional_map","hal_bytes_per_call_amortized":297276.0,"process_rss_kb":7796,"process_rss_delta_init_kb":664,"max_active_calls":1,"active_calls_now":0,"call_counter_balanced":true}
EVS Port1 1980-012-14:08:56.36895 66/1/AI_LEARNER 4: AI_LEARNER completed=84/84 mean=611343.5us max=791654.0us hal_peak=309416 within_bounded=1
{"app":"AI_LEARNER","stage":"run","model":"b2_resnet","target":"aarch64-unknown-linux-gnu","attempted":84,"completed":84,"fail_input":0,"fail_invoke":0,"fail_output":0,"mean_us":611343.46,"max_us":791654.03,"last_us":660355.65,"out0":0.35208,"out_elems":10,"out_sha256":"c379f179e94deb6f8c5587a6daa455c8296ff2c51c636e9786b9659fcc21efab","out_head":[0.352085,0.001092,0.001759,0.063552,0.332795,0.006340],"out_tail":[0.332795,0.006340,0.203565,0.013287,0.019282,0.006242],"out_full_file":"/cf/last_out.json","out_full_file_bytes":183,"out_full_file_reason":"ok","out_record_truncates":false}
{"app":"AI_LEARNER","stage":"mem","model":"b2_resnet","target":"aarch64-unknown-linux-gnu","completed":84,"hal_peak":309416,"peak_within_bounded":true,"admitted_budget_bytes":309416,"peak_within_admitted_budget":true,"admission_mode":"conditional_map","hal_bytes_per_call_amortized":297274.3,"process_rss_kb":7796,"process_rss_delta_init_kb":664,"max_active_calls":1,"active_calls_now":0,"call_counter_balanced":true}
.EVS Port1 1980-012-14:09:00.27803 66/1/AI_LEARNER 4: AI_LEARNER completed=85/85 mean=610781.2us max=791654.0us hal_peak=309416 within_bounded=1
{"app":"AI_LEARNER","stage":"run","model":"b2_resnet","target":"aarch64-unknown-linux-gnu","attempted":85,"completed":85,"fail_input":0,"fail_invoke":0,"fail_output":0,"mean_us":610781.18,"max_us":791654.03,"last_us":563549.58,"out0":0.35208,"out_elems":10,"out_sha256":"c379f179e94deb6f8c5587a6daa455c8296ff2c51c636e9786b9659fcc21efab","out_head":[0.352085,0.001092,0.001759,0.063552,0.332795,0.006340],"out_tail":[0.332795,0.006340,0.203565,0.013287,0.019282,0.006242],"out_full_file":"/cf/last_out.json","out_full_file_bytes":183,"out_full_file_reason":"ok","out_record_truncates":false}
{"app":"AI_LEARNER","stage":"mem","model":"b2_resnet","target":"aarch64-unknown-linux-gnu","completed":85,"hal_peak":309416,"peak_within_bounded":true,"admitted_budget_bytes":309416,"peak_within_admitted_budget":true,"admission_mode":"conditional_map","hal_bytes_per_call_amortized":297272.6,"process_rss_kb":7796,"process_rss_delta_init_kb":664,"max_active_calls":1,"active_calls_now":0,"call_counter_balanced":true}
.EVS Port1 1980-012-14:09:04.32098 66/1/AI_LEARNER 4: AI_LEARNER completed=86/86 mean=610401.2us max=791654.0us hal_peak=309416 within_bounded=1
{"app":"AI_LEARNER","stage":"run","model":"b2_resnet","target":"aarch64-unknown-linux-gnu","attempted":86,"completed":86,"fail_input":0,"fail_invoke":0,"fail_output":0,"mean_us":610401.23,"max_us":791654.03,"last_us":578104.98,"out0":0.35208,"out_elems":10,"out_sha256":"c379f179e94deb6f8c5587a6daa455c8296ff2c51c636e9786b9659fcc21efab","out_head":[0.352085,0.001092,0.001759,0.063552,0.332795,0.006340],"out_tail":[0.332795,0.006340,0.203565,0.013287,0.019282,0.006242],"out_full_file":"/cf/last_out.json","out_full_file_bytes":183,"out_full_file_reason":"ok","out_record_truncates":false}
{"app":"AI_LEARNER","stage":"mem","model":"b2_resnet","target":"aarch64-unknown-linux-gnu","completed":86,"hal_peak":309416,"peak_within_bounded":true,"admitted_budget_bytes":309416,"peak_within_admitted_budget":true,"admission_mode":"conditional_map","hal_bytes_per_call_amortized":297270.9,"process_rss_kb":7796,"process_rss_delta_init_kb":664,"max_active_calls":1,"active_calls_now":0,"call_counter_balanced":true}
EVS Port1 1980-012-14:09:08.02177 66/1/CFE_TIME 21: Stop FLYWHEEL
EVS Port1 1980-012-14:09:08.32460 66/1/AI_LEARNER 4: AI_LEARNER completed=87/87 mean=610491.5us max=791654.0us hal_peak=309416 within_bounded=1
{"app":"AI_LEARNER","stage":"run","model":"b2_resnet","target":"aarch64-unknown-linux-gnu","attempted":87,"completed":87,"fail_input":0,"fail_invoke":0,"fail_output":0,"mean_us":610491.52,"max_us":791654.03,"last_us":618257.09,"out0":0.35208,"out_elems":10,"out_sha256":"c379f179e94deb6f8c5587a6daa455c8296ff2c51c636e9786b9659fcc21efab","out_head":[0.352085,0.001092,0.001759,0.063552,0.332795,0.006340],"out_tail":[0.332795,0.006340,0.203565,0.013287,0.019282,0.006242],"out_full_file":"/cf/last_out.json","out_full_file_bytes":183,"out_full_file_reason":"ok","out_record_truncates":false}
{"app":"AI_LEARNER","stage":"mem","model":"b2_resnet","target":"aarch64-unknown-linux-gnu","completed":87,"hal_peak":309416,"peak_within_bounded":true,"admitted_budget_bytes":309416,"peak_within_admitted_budget":true,"admission_mode":"conditional_map","hal_bytes_per_call_amortized":297269.2,"process_rss_kb":7796,"process_rss_delta_init_kb":664,"max_active_calls":1,"active_calls_now":0,"call_counter_balanced":true}
.EVS Port1 1980-012-14:09:08.99082 66/1/CFE_TIME 20: Start FLYWHEEL
EVS Port1 1980-012-14:09:12.27021 66/1/AI_LEARNER 4: AI_LEARNER completed=88/88 mean=609801.3us max=791654.0us hal_peak=309416 within_bounded=1
{"app":"AI_LEARNER","stage":"run","model":"b2_resnet","target":"aarch64-unknown-linux-gnu","attempted":88,"completed":88,"fail_input":0,"fail_invoke":0,"fail_output":0,"mean_us":609801.29,"max_us":791654.03,"last_us":549751.39,"out0":0.35208,"out_elems":10,"out_sha256":"c379f179e94deb6f8c5587a6daa455c8296ff2c51c636e9786b9659fcc21efab","out_head":[0.352085,0.001092,0.001759,0.063552,0.332795,0.006340],"out_tail":[0.332795,0.006340,0.203565,0.013287,0.019282,0.006242],"out_full_file":"/cf/last_out.json","out_full_file_bytes":183,"out_full_file_reason":"ok","out_record_truncates":false}
{"app":"AI_LEARNER","stage":"mem","model":"b2_resnet","target":"aarch64-unknown-linux-gnu","completed":88,"hal_peak":309416,"peak_within_bounded":true,"admitted_budget_bytes":309416,"peak_within_admitted_budget":true,"admission_mode":"conditional_map","hal_bytes_per_call_amortized":297267.6,"process_rss_kb":7796,"process_rss_delta_init_kb":664,"max_active_calls":1,"active_calls_now":0,"call_counter_balanced":true}
.EVS Port1 1980-012-14:09:16.42503 66/1/AI_LEARNER 4: AI_LEARNER completed=89/89 mean=610895.8us max=791654.0us hal_peak=309416 within_bounded=1
{"app":"AI_LEARNER","stage":"run","model":"b2_resnet","target":"aarch64-unknown-linux-gnu","attempted":89,"completed":89,"fail_input":0,"fail_invoke":0,"fail_output":0,"mean_us":610895.81,"max_us":791654.03,"last_us":707212.99,"out0":0.35208,"out_elems":10,"out_sha256":"c379f179e94deb6f8c5587a6daa455c8296ff2c51c636e9786b9659fcc21efab","out_head":[0.352085,0.001092,0.001759,0.063552,0.332795,0.006340],"out_tail":[0.332795,0.006340,0.203565,0.013287,0.019282,0.006242],"out_full_file":"/cf/last_out.json","out_full_file_bytes":183,"out_full_file_reason":"ok","out_record_truncates":false}
{"app":"AI_LEARNER","stage":"mem","model":"b2_resnet","target":"aarch64-unknown-linux-gnu","completed":89,"hal_peak":309416,"peak_within_bounded":true,"admitted_budget_bytes":309416,"peak_within_admitted_budget":true,"admission_mode":"conditional_map","hal_bytes_per_call_amortized":297266.1,"process_rss_kb":7796,"process_rss_delta_init_kb":664,"max_active_calls":1,"active_calls_now":0,"call_counter_balanced":true}
EVS Port1 1980-012-14:09:17.00309 66/1/CFE_TIME 21: Stop FLYWHEEL
EVS Port1 1980-012-14:09:17.99964 66/1/CFE_TIME 20: Start FLYWHEEL
EVS Port1 1980-012-14:09:20.04515 66/1/CFE_TIME 21: Stop FLYWHEEL
.EVS Port1 1980-012-14:09:21.03121 66/1/CFE_TIME 20: Start FLYWHEEL
EVS Port1 1980-012-14:09:21.40982 66/1/AI_LEARNER 4: AI_LEARNER completed=90/90 mean=623124.8us max=1711506.1us hal_peak=309416 within_bounded=1
{"app":"AI_LEARNER","stage":"run","model":"b2_resnet","target":"aarch64-unknown-linux-gnu","attempted":90,"completed":90,"fail_input":0,"fail_invoke":0,"fail_output":0,"mean_us":623124.81,"max_us":1711506.13,"last_us":1711506.13,"out0":0.35208,"out_elems":10,"out_sha256":"c379f179e94deb6f8c5587a6daa455c8296ff2c51c636e9786b9659fcc21efab","out_head":[0.352085,0.001092,0.001759,0.063552,0.332795,0.006340],"out_tail":[0.332795,0.006340,0.203565,0.013287,0.019282,0.006242],"out_full_file":"/cf/last_out.json","out_full_file_bytes":183,"out_full_file_reason":"ok","out_record_truncates":false}
{"app":"AI_LEARNER","stage":"mem","model":"b2_resnet","target":"aarch64-unknown-linux-gnu","completed":90,"hal_peak":309416,"peak_within_bounded":true,"admitted_budget_bytes":309416,"peak_within_admitted_budget":true,"admission_mode":"conditional_map","hal_bytes_per_call_amortized":297264.5,"process_rss_kb":7796,"process_rss_delta_init_kb":664,"max_active_calls":1,"active_calls_now":0,"call_counter_balanced":true}
EVS Port1 1980-012-14:09:23.02185 66/1/CFE_TIME 20: Start FLYWHEEL
EVS Port1 1980-012-14:09:23.00419 66/1/CFE_TIME 21: Stop FLYWHEEL
EVS Port1 1980-012-14:09:24.30038 66/1/AI_LEARNER 4: AI_LEARNER completed=91/91 mean=622614.0us max=1711506.1us hal_peak=309416 within_bounded=1
{"app":"AI_LEARNER","stage":"run","model":"b2_resnet","target":"aarch64-unknown-linux-gnu","attempted":91,"completed":91,"fail_input":0,"fail_invoke":0,"fail_output":0,"mean_us":622614.04,"max_us":1711506.13,"last_us":576644.59,"out0":0.35208,"out_elems":10,"out_sha256":"c379f179e94deb6f8c5587a6daa455c8296ff2c51c636e9786b9659fcc21efab","out_head":[0.352085,0.001092,0.001759,0.063552,0.332795,0.006340],"out_tail":[0.332795,0.006340,0.203565,0.013287,0.019282,0.006242],"out_full_file":"/cf/last_out.json","out_full_file_bytes":183,"out_full_file_reason":"ok","out_record_truncates":false}
{"app":"AI_LEARNER","stage":"mem","model":"b2_resnet","target":"aarch64-unknown-linux-gnu","completed":91,"hal_peak":309416,"peak_within_bounded":true,"admitted_budget_bytes":309416,"peak_within_admitted_budget":true,"admission_mode":"conditional_map","hal_bytes_per_call_amortized":297263.0,"process_rss_kb":7796,"process_rss_delta_init_kb":664,"max_active_calls":1,"active_calls_now":0,"call_counter_balanced":true}
.EVS Port1 1980-012-14:09:28.55339 66/1/AI_LEARNER 4: AI_LEARNER completed=92/92 mean=624642.4us max=1711506.1us hal_peak=309416 within_bounded=1
{"app":"AI_LEARNER","stage":"run","model":"b2_resnet","target":"aarch64-unknown-linux-gnu","attempted":92,"completed":92,"fail_input":0,"fail_invoke":0,"fail_output":0,"mean_us":624642.40,"max_us":1711506.13,"last_us":809222.90,"out0":0.35208,"out_elems":10,"out_sha256":"c379f179e94deb6f8c5587a6daa455c8296ff2c51c636e9786b9659fcc21efab","out_head":[0.352085,0.001092,0.001759,0.063552,0.332795,0.006340],"out_tail":[0.332795,0.006340,0.203565,0.013287,0.019282,0.006242],"out_full_file":"/cf/last_out.json","out_full_file_bytes":183,"out_full_file_reason":"ok","out_record_truncates":false}
{"app":"AI_LEARNER","stage":"mem","model":"b2_resnet","target":"aarch64-unknown-linux-gnu","completed":92,"hal_peak":309416,"peak_within_bounded":true,"admitted_budget_bytes":309416,"peak_within_admitted_budget":true,"admission_mode":"conditional_map","hal_bytes_per_call_amortized":297261.6,"process_rss_kb":7796,"process_rss_delta_init_kb":664,"max_active_calls":1,"active_calls_now":0,"call_counter_balanced":true}
EVS Port1 1980-012-14:09:32.29304 66/1/AI_LEARNER 4: AI_LEARNER completed=93/93 mean=624141.2us max=1711506.1us hal_peak=309416 within_bounded=1
{"app":"AI_LEARNER","stage":"run","model":"b2_resnet","target":"aarch64-unknown-linux-gnu","attempted":93,"completed":93,"fail_input":0,"fail_invoke":0,"fail_output":0,"mean_us":624141.21,"max_us":1711506.13,"last_us":578032.14,"out0":0.35208,"out_elems":10,"out_sha256":"c379f179e94deb6f8c5587a6daa455c8296ff2c51c636e9786b9659fcc21efab","out_head":[0.352085,0.001092,0.001759,0.063552,0.332795,0.006340],"out_tail":[0.332795,0.006340,0.203565,0.013287,0.019282,0.006242],"out_full_file":"/cf/last_out.json","out_full_file_bytes":183,"out_full_file_reason":"ok","out_record_truncates":false}
{"app":"AI_LEARNER","stage":"mem","model":"b2_resnet","target":"aarch64-unknown-linux-gnu","completed":93,"hal_peak":309416,"peak_within_bounded":true,"admitted_budget_bytes":309416,"peak_within_admitted_budget":true,"admission_mode":"conditional_map","hal_bytes_per_call_amortized":297260.1,"process_rss_kb":7796,"process_rss_delta_init_kb":664,"max_active_calls":1,"active_calls_now":0,"call_counter_balanced":true}
.EVS Port1 1980-012-14:09:36.00601 66/1/CFE_TIME 21: Stop FLYWHEEL
EVS Port1 1980-012-14:09:36.26779 66/1/AI_LEARNER 4: AI_LEARNER completed=94/94 mean=623385.3us max=1711506.1us hal_peak=309416 within_bounded=1
{"app":"AI_LEARNER","stage":"run","model":"b2_resnet","target":"aarch64-unknown-linux-gnu","attempted":94,"completed":94,"fail_input":0,"fail_invoke":0,"fail_output":0,"mean_us":623385.29,"max_us":1711506.13,"last_us":553084.77,"out0":0.35208,"out_elems":10,"out_sha256":"c379f179e94deb6f8c5587a6daa455c8296ff2c51c636e9786b9659fcc21efab","out_head":[0.352085,0.001092,0.001759,0.063552,0.332795,0.006340],"out_tail":[0.332795,0.006340,0.203565,0.013287,0.019282,0.006242],"out_full_file":"/cf/last_out.json","out_full_file_bytes":183,"out_full_file_reason":"ok","out_record_truncates":false}
{"app":"AI_LEARNER","stage":"mem","model":"b2_resnet","target":"aarch64-unknown-linux-gnu","completed":94,"hal_peak":309416,"peak_within_bounded":true,"admitted_budget_bytes":309416,"peak_within_admitted_budget":true,"admission_mode":"conditional_map","hal_bytes_per_call_amortized":297258.7,"process_rss_kb":7796,"process_rss_delta_init_kb":664,"max_active_calls":1,"active_calls_now":0,"call_counter_balanced":true}
EVS Port1 1980-012-14:09:36.99728 66/1/CFE_TIME 20: Start FLYWHEEL
.EVS Port1 1980-012-14:09:40.25592 66/1/AI_LEARNER 4: AI_LEARNER completed=95/95 mean=622526.7us max=1711506.1us hal_peak=309416 within_bounded=1
{"app":"AI_LEARNER","stage":"run","model":"b2_resnet","target":"aarch64-unknown-linux-gnu","attempted":95,"completed":95,"fail_input":0,"fail_invoke":0,"fail_output":0,"mean_us":622526.73,"max_us":1711506.13,"last_us":541821.84,"out0":0.35208,"out_elems":10,"out_sha256":"c379f179e94deb6f8c5587a6daa455c8296ff2c51c636e9786b9659fcc21efab","out_head":[0.352085,0.001092,0.001759,0.063552,0.332795,0.006340],"out_tail":[0.332795,0.006340,0.203565,0.013287,0.019282,0.006242],"out_full_file":"/cf/last_out.json","out_full_file_bytes":183,"out_full_file_reason":"ok","out_record_truncates":false}
{"app":"AI_LEARNER","stage":"mem","model":"b2_resnet","target":"aarch64-unknown-linux-gnu","completed":95,"hal_peak":309416,"peak_within_bounded":true,"admitted_budget_bytes":309416,"peak_within_admitted_budget":true,"admission_mode":"conditional_map","hal_bytes_per_call_amortized":297257.3,"process_rss_kb":7796,"process_rss_delta_init_kb":664,"max_active_calls":1,"active_calls_now":0,"call_counter_balanced":true}
EVS Port1 1980-012-14:09:44.23745 66/1/AI_LEARNER 4: AI_LEARNER completed=96/96 mean=621479.5us max=1711506.1us hal_peak=309416 within_bounded=1
{"app":"AI_LEARNER","stage":"run","model":"b2_resnet","target":"aarch64-unknown-linux-gnu","attempted":96,"completed":96,"fail_input":0,"fail_invoke":0,"fail_output":0,"mean_us":621479.45,"max_us":1711506.13,"last_us":521988.08,"out0":0.35208,"out_elems":10,"out_sha256":"c379f179e94deb6f8c5587a6daa455c8296ff2c51c636e9786b9659fcc21efab","out_head":[0.352085,0.001092,0.001759,0.063552,0.332795,0.006340],"out_tail":[0.332795,0.006340,0.203565,0.013287,0.019282,0.006242],"out_full_file":"/cf/last_out.json","out_full_file_bytes":183,"out_full_file_reason":"ok","out_record_truncates":false}
{"app":"AI_LEARNER","stage":"mem","model":"b2_resnet","target":"aarch64-unknown-linux-gnu","completed":96,"hal_peak":309416,"peak_within_bounded":true,"admitted_budget_bytes":309416,"peak_within_admitted_budget":true,"admission_mode":"conditional_map","hal_bytes_per_call_amortized":297256.0,"process_rss_kb":7796,"process_rss_delta_init_kb":664,"max_active_calls":1,"active_calls_now":0,"call_counter_balanced":true}
.EVS Port1 1980-012-14:09:48.35675 66/1/AI_LEARNER 4: AI_LEARNER completed=97/97 mean=621494.8us max=1711506.1us hal_peak=309416 within_bounded=1
{"app":"AI_LEARNER","stage":"run","model":"b2_resnet","target":"aarch64-unknown-linux-gnu","attempted":97,"completed":97,"fail_input":0,"fail_invoke":0,"fail_output":0,"mean_us":621494.83,"max_us":1711506.13,"last_us":622971.01,"out0":0.35208,"out_elems":10,"out_sha256":"c379f179e94deb6f8c5587a6daa455c8296ff2c51c636e9786b9659fcc21efab","out_head":[0.352085,0.001092,0.001759,0.063552,0.332795,0.006340],"out_tail":[0.332795,0.006340,0.203565,0.013287,0.019282,0.006242],"out_full_file":"/cf/last_out.json","out_full_file_bytes":183,"out_full_file_reason":"ok","out_record_truncates":false}
{"app":"AI_LEARNER","stage":"mem","model":"b2_resnet","target":"aarch64-unknown-linux-gnu","completed":97,"hal_peak":309416,"peak_within_bounded":true,"admitted_budget_bytes":309416,"peak_within_admitted_budget":true,"admission_mode":"conditional_map","hal_bytes_per_call_amortized":297254.7,"process_rss_kb":7796,"process_rss_delta_init_kb":664,"max_active_calls":1,"active_calls_now":0,"call_counter_balanced":true}
.EVS Port1 1980-012-14:09:52.02322 66/1/CFE_TIME 21: Stop FLYWHEEL
EVS Port1 1980-012-14:09:52.32029 66/1/AI_LEARNER 4: AI_LEARNER completed=98/98 mean=621598.4us max=1711506.1us hal_peak=309416 within_bounded=1
{"app":"AI_LEARNER","stage":"run","model":"b2_resnet","target":"aarch64-unknown-linux-gnu","attempted":98,"completed":98,"fail_input":0,"fail_invoke":0,"fail_output":0,"mean_us":621598.42,"max_us":1711506.13,"last_us":631647.12,"out0":0.35208,"out_elems":10,"out_sha256":"c379f179e94deb6f8c5587a6daa455c8296ff2c51c636e9786b9659fcc21efab","out_head":[0.352085,0.001092,0.001759,0.063552,0.332795,0.006340],"out_tail":[0.332795,0.006340,0.203565,0.013287,0.019282,0.006242],"out_full_file":"/cf/last_out.json","out_full_file_bytes":183,"out_full_file_reason":"ok","out_record_truncates":false}
{"app":"AI_LEARNER","stage":"mem","model":"b2_resnet","target":"aarch64-unknown-linux-gnu","completed":98,"hal_peak":309416,"peak_within_bounded":true,"admitted_budget_bytes":309416,"peak_within_admitted_budget":true,"admission_mode":"conditional_map","hal_bytes_per_call_amortized":297253.4,"process_rss_kb":7796,"process_rss_delta_init_kb":664,"max_active_calls":1,"active_calls_now":0,"call_counter_balanced":true}
EVS Port1 1980-012-14:09:52.96884 66/1/CFE_TIME 20: Start FLYWHEEL
EVS Port1 1980-012-14:09:55.27357 66/1/AI_LEARNER 4: AI_LEARNER completed=99/99 mean=620755.8us max=1711506.1us hal_peak=309416 within_bounded=1
{"app":"AI_LEARNER","stage":"run","model":"b2_resnet","target":"aarch64-unknown-linux-gnu","attempted":99,"completed":99,"fail_input":0,"fail_invoke":0,"fail_output":0,"mean_us":620755.80,"max_us":1711506.13,"last_us":538178.96,"out0":0.35208,"out_elems":10,"out_sha256":"c379f179e94deb6f8c5587a6daa455c8296ff2c51c636e9786b9659fcc21efab","out_head":[0.352085,0.001092,0.001759,0.063552,0.332795,0.006340],"out_tail":[0.332795,0.006340,0.203565,0.013287,0.019282,0.006242],"out_full_file":"/cf/last_out.json","out_full_file_bytes":183,"out_full_file_reason":"ok","out_record_truncates":false}
{"app":"AI_LEARNER","stage":"mem","model":"b2_resnet","target":"aarch64-unknown-linux-gnu","completed":99,"hal_peak":309416,"peak_within_bounded":true,"admitted_budget_bytes":309416,"peak_within_admitted_budget":true,"admission_mode":"conditional_map","hal_bytes_per_call_amortized":297252.1,"process_rss_kb":7796,"process_rss_delta_init_kb":664,"max_active_calls":1,"active_calls_now":0,"call_counter_balanced":true}
.EVS Port1 1980-012-14:09:59.30821 66/1/AI_LEARNER 4: AI_LEARNER completed=100/100 mean=620416.8us max=1711506.1us hal_peak=309416 within_bounded=1
{"app":"AI_LEARNER","stage":"run","model":"b2_resnet","target":"aarch64-unknown-linux-gnu","attempted":100,"completed":100,"fail_input":0,"fail_invoke":0,"fail_output":0,"mean_us":620416.78,"max_us":1711506.13,"last_us":586853.09,"out0":0.35208,"out_elems":10,"out_sha256":"c379f179e94deb6f8c5587a6daa455c8296ff2c51c636e9786b9659fcc21efab","out_head":[0.352085,0.001092,0.001759,0.063552,0.332795,0.006340],"out_tail":[0.332795,0.006340,0.203565,0.013287,0.019282,0.006242],"out_full_file":"/cf/last_out.json","out_full_file_bytes":184,"out_full_file_reason":"ok","out_record_truncates":false}
{"app":"AI_LEARNER","stage":"mem","model":"b2_resnet","target":"aarch64-unknown-linux-gnu","completed":100,"hal_peak":309416,"peak_within_bounded":true,"admitted_budget_bytes":309416,"peak_within_admitted_budget":true,"admission_mode":"conditional_map","hal_bytes_per_call_amortized":297250.9,"process_rss_kb":7796,"process_rss_delta_init_kb":664,"max_active_calls":1,"active_calls_now":0,"call_counter_balanced":true}
.EVS Port1 1980-012-14:10:03.34729 66/1/AI_LEARNER 4: AI_LEARNER completed=101/101 mean=620548.5us max=1711506.1us hal_peak=309416 within_bounded=1
{"app":"AI_LEARNER","stage":"run","model":"b2_resnet","target":"aarch64-unknown-linux-gnu","attempted":101,"completed":101,"fail_input":0,"fail_invoke":0,"fail_output":0,"mean_us":620548.48,"max_us":1711506.13,"last_us":633718.93,"out0":0.35208,"out_elems":10,"out_sha256":"c379f179e94deb6f8c5587a6daa455c8296ff2c51c636e9786b9659fcc21efab","out_head":[0.352085,0.001092,0.001759,0.063552,0.332795,0.006340],"out_tail":[0.332795,0.006340,0.203565,0.013287,0.019282,0.006242],"out_full_file":"/cf/last_out.json","out_full_file_bytes":184,"out_full_file_reason":"ok","out_record_truncates":false}
{"app":"AI_LEARNER","stage":"mem","model":"b2_resnet","target":"aarch64-unknown-linux-gnu","completed":101,"hal_peak":309416,"peak_within_bounded":true,"admitted_budget_bytes":309416,"peak_within_admitted_budget":true,"admission_mode":"conditional_map","hal_bytes_per_call_amortized":297249.7,"process_rss_kb":7796,"process_rss_delta_init_kb":664,"max_active_calls":1,"active_calls_now":0,"call_counter_balanced":true}
EVS Port1 1980-012-14:10:07.37882 66/1/AI_LEARNER 4: AI_LEARNER completed=102/102 mean=620955.1us max=1711506.1us hal_peak=309416 within_bounded=1
{"app":"AI_LEARNER","stage":"run","model":"b2_resnet","target":"aarch64-unknown-linux-gnu","attempted":102,"completed":102,"fail_input":0,"fail_invoke":0,"fail_output":0,"mean_us":620955.13,"max_us":1711506.13,"last_us":662026.78,"out0":0.35208,"out_elems":10,"out_sha256":"c379f179e94deb6f8c5587a6daa455c8296ff2c51c636e9786b9659fcc21efab","out_head":[0.352085,0.001092,0.001759,0.063552,0.332795,0.006340],"out_tail":[0.332795,0.006340,0.203565,0.013287,0.019282,0.006242],"out_full_file":"/cf/last_out.json","out_full_file_bytes":184,"out_full_file_reason":"ok","out_record_truncates":false}
{"app":"AI_LEARNER","stage":"mem","model":"b2_resnet","target":"aarch64-unknown-linux-gnu","completed":102,"hal_peak":309416,"peak_within_bounded":true,"admitted_budget_bytes":309416,"peak_within_admitted_budget":true,"admission_mode":"conditional_map","hal_bytes_per_call_amortized":297248.5,"process_rss_kb":7796,"process_rss_delta_init_kb":664,"max_active_calls":1,"active_calls_now":0,"call_counter_balanced":true}
.EVS Port1 1980-012-14:10:11.36180 66/1/AI_LEARNER 4: AI_LEARNER completed=103/103 mean=621140.0us max=1711506.1us hal_peak=309416 within_bounded=1
{"app":"AI_LEARNER","stage":"run","model":"b2_resnet","target":"aarch64-unknown-linux-gnu","attempted":103,"completed":103,"fail_input":0,"fail_invoke":0,"fail_output":0,"mean_us":621139.99,"max_us":1711506.13,"last_us":639995.97,"out0":0.35208,"out_elems":10,"out_sha256":"c379f179e94deb6f8c5587a6daa455c8296ff2c51c636e9786b9659fcc21efab","out_head":[0.352085,0.001092,0.001759,0.063552,0.332795,0.006340],"out_tail":[0.332795,0.006340,0.203565,0.013287,0.019282,0.006242],"out_full_file":"/cf/last_out.json","out_full_file_bytes":184,"out_full_file_reason":"ok","out_record_truncates":false}
{"app":"AI_LEARNER","stage":"mem","model":"b2_resnet","target":"aarch64-unknown-linux-gnu","completed":103,"hal_peak":309416,"peak_within_bounded":true,"admitted_budget_bytes":309416,"peak_within_admitted_budget":true,"admission_mode":"conditional_map","hal_bytes_per_call_amortized":297247.3,"process_rss_kb":7796,"process_rss_delta_init_kb":664,"max_active_calls":1,"active_calls_now":0,"call_counter_balanced":true}
.EVS Port1 1980-012-14:10:15.39988 66/1/AI_LEARNER 4: AI_LEARNER completed=104/104 mean=621764.9us max=1711506.1us hal_peak=309416 within_bounded=1
{"app":"AI_LEARNER","stage":"run","model":"b2_resnet","target":"aarch64-unknown-linux-gnu","attempted":104,"completed":104,"fail_input":0,"fail_invoke":0,"fail_output":0,"mean_us":621764.85,"max_us":1711506.13,"last_us":686125.22,"out0":0.35208,"out_elems":10,"out_sha256":"c379f179e94deb6f8c5587a6daa455c8296ff2c51c636e9786b9659fcc21efab","out_head":[0.352085,0.001092,0.001759,0.063552,0.332795,0.006340],"out_tail":[0.332795,0.006340,0.203565,0.013287,0.019282,0.006242],"out_full_file":"/cf/last_out.json","out_full_file_bytes":184,"out_full_file_reason":"ok","out_record_truncates":false}
{"app":"AI_LEARNER","stage":"mem","model":"b2_resnet","target":"aarch64-unknown-linux-gnu","completed":104,"hal_peak":309416,"peak_within_bounded":true,"admitted_budget_bytes":309416,"peak_within_admitted_budget":true,"admission_mode":"conditional_map","hal_bytes_per_call_amortized":297246.2,"process_rss_kb":7796,"process_rss_delta_init_kb":664,"max_active_calls":1,"active_calls_now":0,"call_counter_balanced":true}
EVS Port1 1980-012-14:10:19.25582 66/1/AI_LEARNER 4: AI_LEARNER completed=105/105 mean=621006.4us max=1711506.1us hal_peak=309416 within_bounded=1
{"app":"AI_LEARNER","stage":"run","model":"b2_resnet","target":"aarch64-unknown-linux-gnu","attempted":105,"completed":105,"fail_input":0,"fail_invoke":0,"fail_output":0,"mean_us":621006.44,"max_us":1711506.13,"last_us":542131.34,"out0":0.35208,"out_elems":10,"out_sha256":"c379f179e94deb6f8c5587a6daa455c8296ff2c51c636e9786b9659fcc21efab","out_head":[0.352085,0.001092,0.001759,0.063552,0.332795,0.006340],"out_tail":[0.332795,0.006340,0.203565,0.013287,0.019282,0.006242],"out_full_file":"/cf/last_out.json","out_full_file_bytes":184,"out_full_file_reason":"ok","out_record_truncates":false}
{"app":"AI_LEARNER","stage":"mem","model":"b2_resnet","target":"aarch64-unknown-linux-gnu","completed":105,"hal_peak":309416,"peak_within_bounded":true,"admitted_budget_bytes":309416,"peak_within_admitted_budget":true,"admission_mode":"conditional_map","hal_bytes_per_call_amortized":297245.0,"process_rss_kb":7796,"process_rss_delta_init_kb":664,"max_active_calls":1,"active_calls_now":0,"call_counter_balanced":true}
.EVS Port1 1980-012-14:10:23.27342 66/1/AI_LEARNER 4: AI_LEARNER completed=106/106 mean=620507.1us max=1711506.1us hal_peak=309416 within_bounded=1
{"app":"AI_LEARNER","stage":"run","model":"b2_resnet","target":"aarch64-unknown-linux-gnu","attempted":106,"completed":106,"fail_input":0,"fail_invoke":0,"fail_output":0,"mean_us":620507.10,"max_us":1711506.13,"last_us":568076.37,"out0":0.35208,"out_elems":10,"out_sha256":"c379f179e94deb6f8c5587a6daa455c8296ff2c51c636e9786b9659fcc21efab","out_head":[0.352085,0.001092,0.001759,0.063552,0.332795,0.006340],"out_tail":[0.332795,0.006340,0.203565,0.013287,0.019282,0.006242],"out_full_file":"/cf/last_out.json","out_full_file_bytes":184,"out_full_file_reason":"ok","out_record_truncates":false}
{"app":"AI_LEARNER","stage":"mem","model":"b2_resnet","target":"aarch64-unknown-linux-gnu","completed":106,"hal_peak":309416,"peak_within_bounded":true,"admitted_budget_bytes":309416,"peak_within_admitted_budget":true,"admission_mode":"conditional_map","hal_bytes_per_call_amortized":297243.9,"process_rss_kb":7796,"process_rss_delta_init_kb":664,"max_active_calls":1,"active_calls_now":0,"call_counter_balanced":true}
.EVS Port1 1980-012-14:10:27.37777 66/1/AI_LEARNER 4: AI_LEARNER completed=107/107 mean=620804.3us max=1711506.1us hal_peak=309416 within_bounded=1
{"app":"AI_LEARNER","stage":"run","model":"b2_resnet","target":"aarch64-unknown-linux-gnu","attempted":107,"completed":107,"fail_input":0,"fail_invoke":0,"fail_output":0,"mean_us":620804.34,"max_us":1711506.13,"last_us":652311.87,"out0":0.35208,"out_elems":10,"out_sha256":"c379f179e94deb6f8c5587a6daa455c8296ff2c51c636e9786b9659fcc21efab","out_head":[0.352085,0.001092,0.001759,0.063552,0.332795,0.006340],"out_tail":[0.332795,0.006340,0.203565,0.013287,0.019282,0.006242],"out_full_file":"/cf/last_out.json","out_full_file_bytes":184,"out_full_file_reason":"ok","out_record_truncates":false}
{"app":"AI_LEARNER","stage":"mem","model":"b2_resnet","target":"aarch64-unknown-linux-gnu","completed":107,"hal_peak":309416,"peak_within_bounded":true,"admitted_budget_bytes":309416,"peak_within_admitted_budget":true,"admission_mode":"conditional_map","hal_bytes_per_call_amortized":297242.8,"process_rss_kb":7796,"process_rss_delta_init_kb":664,"max_active_calls":1,"active_calls_now":0,"call_counter_balanced":true}
EVS Port1 1980-012-14:10:31.40327 66/1/AI_LEARNER 4: AI_LEARNER completed=108/108 mean=621454.4us max=1711506.1us hal_peak=309416 within_bounded=1
{"app":"AI_LEARNER","stage":"run","model":"b2_resnet","target":"aarch64-unknown-linux-gnu","attempted":108,"completed":108,"fail_input":0,"fail_invoke":0,"fail_output":0,"mean_us":621454.45,"max_us":1711506.13,"last_us":691016.48,"out0":0.35208,"out_elems":10,"out_sha256":"c379f179e94deb6f8c5587a6daa455c8296ff2c51c636e9786b9659fcc21efab","out_head":[0.352085,0.001092,0.001759,0.063552,0.332795,0.006340],"out_tail":[0.332795,0.006340,0.203565,0.013287,0.019282,0.006242],"out_full_file":"/cf/last_out.json","out_full_file_bytes":184,"out_full_file_reason":"ok","out_record_truncates":false}
{"app":"AI_LEARNER","stage":"mem","model":"b2_resnet","target":"aarch64-unknown-linux-gnu","completed":108,"hal_peak":309416,"peak_within_bounded":true,"admitted_budget_bytes":309416,"peak_within_admitted_budget":true,"admission_mode":"conditional_map","hal_bytes_per_call_amortized":297241.8,"process_rss_kb":7796,"process_rss_delta_init_kb":664,"max_active_calls":1,"active_calls_now":0,"call_counter_balanced":true}
.EVS Port1 1980-012-14:10:34.00422 66/1/CFE_TIME 21: Stop FLYWHEEL
EVS Port1 1980-012-14:10:35.00022 66/1/CFE_TIME 20: Start FLYWHEEL
EVS Port1 1980-012-14:10:35.22200 66/1/AI_LEARNER 4: AI_LEARNER completed=109/109 mean=620475.4us max=1711506.1us hal_peak=309416 within_bounded=1
{"app":"AI_LEARNER","stage":"run","model":"b2_resnet","target":"aarch64-unknown-linux-gnu","attempted":109,"completed":109,"fail_input":0,"fail_invoke":0,"fail_output":0,"mean_us":620475.41,"max_us":1711506.13,"last_us":514738.94,"out0":0.35208,"out_elems":10,"out_sha256":"c379f179e94deb6f8c5587a6daa455c8296ff2c51c636e9786b9659fcc21efab","out_head":[0.352085,0.001092,0.001759,0.063552,0.332795,0.006340],"out_tail":[0.332795,0.006340,0.203565,0.013287,0.019282,0.006242],"out_full_file":"/cf/last_out.json","out_full_file_bytes":184,"out_full_file_reason":"ok","out_record_truncates":false}
{"app":"AI_LEARNER","stage":"mem","model":"b2_resnet","target":"aarch64-unknown-linux-gnu","completed":109,"hal_peak":309416,"peak_within_bounded":true,"admitted_budget_bytes":309416,"peak_within_admitted_budget":true,"admission_mode":"conditional_map","hal_bytes_per_call_amortized":297240.7,"process_rss_kb":7796,"process_rss_delta_init_kb":664,"max_active_calls":1,"active_calls_now":0,"call_counter_balanced":true}
.EVS Port1 1980-012-14:10:39.33642 66/1/AI_LEARNER 4: AI_LEARNER completed=110/110 mean=620447.4us max=1711506.1us hal_peak=309416 within_bounded=1
{"app":"AI_LEARNER","stage":"run","model":"b2_resnet","target":"aarch64-unknown-linux-gnu","attempted":110,"completed":110,"fail_input":0,"fail_invoke":0,"fail_output":0,"mean_us":620447.39,"max_us":1711506.13,"last_us":617393.73,"out0":0.35208,"out_elems":10,"out_sha256":"c379f179e94deb6f8c5587a6daa455c8296ff2c51c636e9786b9659fcc21efab","out_head":[0.352085,0.001092,0.001759,0.063552,0.332795,0.006340],"out_tail":[0.332795,0.006340,0.203565,0.013287,0.019282,0.006242],"out_full_file":"/cf/last_out.json","out_full_file_bytes":184,"out_full_file_reason":"ok","out_record_truncates":false}
{"app":"AI_LEARNER","stage":"mem","model":"b2_resnet","target":"aarch64-unknown-linux-gnu","completed":110,"hal_peak":309416,"peak_within_bounded":true,"admitted_budget_bytes":309416,"peak_within_admitted_budget":true,"admission_mode":"conditional_map","hal_bytes_per_call_amortized":297239.7,"process_rss_kb":7796,"process_rss_delta_init_kb":664,"max_active_calls":1,"active_calls_now":0,"call_counter_balanced":true}
EVS Port1 1980-012-14:10:43.28562 66/1/AI_LEARNER 4: AI_LEARNER completed=111/111 mean=620018.7us max=1711506.1us hal_peak=309416 within_bounded=1
{"app":"AI_LEARNER","stage":"run","model":"b2_resnet","target":"aarch64-unknown-linux-gnu","attempted":111,"completed":111,"fail_input":0,"fail_invoke":0,"fail_output":0,"mean_us":620018.74,"max_us":1711506.13,"last_us":572867.42,"out0":0.35208,"out_elems":10,"out_sha256":"c379f179e94deb6f8c5587a6daa455c8296ff2c51c636e9786b9659fcc21efab","out_head":[0.352085,0.001092,0.001759,0.063552,0.332795,0.006340],"out_tail":[0.332795,0.006340,0.203565,0.013287,0.019282,0.006242],"out_full_file":"/cf/last_out.json","out_full_file_bytes":184,"out_full_file_reason":"ok","out_record_truncates":false}
{"app":"AI_LEARNER","stage":"mem","model":"b2_resnet","target":"aarch64-unknown-linux-gnu","completed":111,"hal_peak":309416,"peak_within_bounded":true,"admitted_budget_bytes":309416,"peak_within_admitted_budget":true,"admission_mode":"conditional_map","hal_bytes_per_call_amortized":297238.7,"process_rss_kb":7796,"process_rss_delta_init_kb":664,"max_active_calls":1,"active_calls_now":0,"call_counter_balanced":true}
.EVS Port1 1980-012-14:10:47.31619 66/1/AI_LEARNER 4: AI_LEARNER completed=112/112 mean=619723.1us max=1711506.1us hal_peak=309416 within_bounded=1
{"app":"AI_LEARNER","stage":"run","model":"b2_resnet","target":"aarch64-unknown-linux-gnu","attempted":112,"completed":112,"fail_input":0,"fail_invoke":0,"fail_output":0,"mean_us":619723.12,"max_us":1711506.13,"last_us":586909.18,"out0":0.35208,"out_elems":10,"out_sha256":"c379f179e94deb6f8c5587a6daa455c8296ff2c51c636e9786b9659fcc21efab","out_head":[0.352085,0.001092,0.001759,0.063552,0.332795,0.006340],"out_tail":[0.332795,0.006340,0.203565,0.013287,0.019282,0.006242],"out_full_file":"/cf/last_out.json","out_full_file_bytes":184,"out_full_file_reason":"ok","out_record_truncates":false}
{"app":"AI_LEARNER","stage":"mem","model":"b2_resnet","target":"aarch64-unknown-linux-gnu","completed":112,"hal_peak":309416,"peak_within_bounded":true,"admitted_budget_bytes":309416,"peak_within_admitted_budget":true,"admission_mode":"conditional_map","hal_bytes_per_call_amortized":297237.7,"process_rss_kb":7796,"process_rss_delta_init_kb":664,"max_active_calls":1,"active_calls_now":0,"call_counter_balanced":true}
.EVS Port1 1980-012-14:10:51.26116 66/1/AI_LEARNER 4: AI_LEARNER completed=113/113 mean=619078.9us max=1711506.1us hal_peak=309416 within_bounded=1
{"app":"AI_LEARNER","stage":"run","model":"b2_resnet","target":"aarch64-unknown-linux-gnu","attempted":113,"completed":113,"fail_input":0,"fail_invoke":0,"fail_output":0,"mean_us":619078.88,"max_us":1711506.13,"last_us":546924.13,"out0":0.35208,"out_elems":10,"out_sha256":"c379f179e94deb6f8c5587a6daa455c8296ff2c51c636e9786b9659fcc21efab","out_head":[0.352085,0.001092,0.001759,0.063552,0.332795,0.006340],"out_tail":[0.332795,0.006340,0.203565,0.013287,0.019282,0.006242],"out_full_file":"/cf/last_out.json","out_full_file_bytes":184,"out_full_file_reason":"ok","out_record_truncates":false}
{"app":"AI_LEARNER","stage":"mem","model":"b2_resnet","target":"aarch64-unknown-linux-gnu","completed":113,"hal_peak":309416,"peak_within_bounded":true,"admitted_budget_bytes":309416,"peak_within_admitted_budget":true,"admission_mode":"conditional_map","hal_bytes_per_call_amortized":297236.7,"process_rss_kb":7796,"process_rss_delta_init_kb":664,"max_active_calls":1,"active_calls_now":0,"call_counter_balanced":true}
EVS Port1 1980-012-14:10:55.25721 66/1/AI_LEARNER 4: AI_LEARNER completed=114/114 mean=618364.7us max=1711506.1us hal_peak=309416 within_bounded=1
{"app":"AI_LEARNER","stage":"run","model":"b2_resnet","target":"aarch64-unknown-linux-gnu","attempted":114,"completed":114,"fail_input":0,"fail_invoke":0,"fail_output":0,"mean_us":618364.72,"max_us":1711506.13,"last_us":537663.98,"out0":0.35208,"out_elems":10,"out_sha256":"c379f179e94deb6f8c5587a6daa455c8296ff2c51c636e9786b9659fcc21efab","out_head":[0.352085,0.001092,0.001759,0.063552,0.332795,0.006340],"out_tail":[0.332795,0.006340,0.203565,0.013287,0.019282,0.006242],"out_full_file":"/cf/last_out.json","out_full_file_bytes":184,"out_full_file_reason":"ok","out_record_truncates":false}
{"app":"AI_LEARNER","stage":"mem","model":"b2_resnet","target":"aarch64-unknown-linux-gnu","completed":114,"hal_peak":309416,"peak_within_bounded":true,"admitted_budget_bytes":309416,"peak_within_admitted_budget":true,"admission_mode":"conditional_map","hal_bytes_per_call_amortized":297235.8,"process_rss_kb":7796,"process_rss_delta_init_kb":664,"max_active_calls":1,"active_calls_now":0,"call_counter_balanced":true}
.EVS Port1 1980-012-14:10:59.27012 66/1/AI_LEARNER 4: AI_LEARNER completed=115/115 mean=617790.5us max=1711506.1us hal_peak=309416 within_bounded=1
{"app":"AI_LEARNER","stage":"run","model":"b2_resnet","target":"aarch64-unknown-linux-gnu","attempted":115,"completed":115,"fail_input":0,"fail_invoke":0,"fail_output":0,"mean_us":617790.46,"max_us":1711506.13,"last_us":552324.88,"out0":0.35208,"out_elems":10,"out_sha256":"c379f179e94deb6f8c5587a6daa455c8296ff2c51c636e9786b9659fcc21efab","out_head":[0.352085,0.001092,0.001759,0.063552,0.332795,0.006340],"out_tail":[0.332795,0.006340,0.203565,0.013287,0.019282,0.006242],"out_full_file":"/cf/last_out.json","out_full_file_bytes":184,"out_full_file_reason":"ok","out_record_truncates":false}
{"app":"AI_LEARNER","stage":"mem","model":"b2_resnet","target":"aarch64-unknown-linux-gnu","completed":115,"hal_peak":309416,"peak_within_bounded":true,"admitted_budget_bytes":309416,"peak_within_admitted_budget":true,"admission_mode":"conditional_map","hal_bytes_per_call_amortized":297234.9,"process_rss_kb":7796,"process_rss_delta_init_kb":664,"max_active_calls":1,"active_calls_now":0,"call_counter_balanced":true}
.EVS Port1 1980-012-14:11:03.27233 66/1/AI_LEARNER 4: AI_LEARNER completed=116/116 mean=617276.3us max=1711506.1us hal_peak=309416 within_bounded=1
{"app":"AI_LEARNER","stage":"run","model":"b2_resnet","target":"aarch64-unknown-linux-gnu","attempted":116,"completed":116,"fail_input":0,"fail_invoke":0,"fail_output":0,"mean_us":617276.29,"max_us":1711506.13,"last_us":558146.46,"out0":0.35208,"out_elems":10,"out_sha256":"c379f179e94deb6f8c5587a6daa455c8296ff2c51c636e9786b9659fcc21efab","out_head":[0.352085,0.001092,0.001759,0.063552,0.332795,0.006340],"out_tail":[0.332795,0.006340,0.203565,0.013287,0.019282,0.006242],"out_full_file":"/cf/last_out.json","out_full_file_bytes":184,"out_full_file_reason":"ok","out_record_truncates":false}
{"app":"AI_LEARNER","stage":"mem","model":"b2_resnet","target":"aarch64-unknown-linux-gnu","completed":116,"hal_peak":309416,"peak_within_bounded":true,"admitted_budget_bytes":309416,"peak_within_admitted_budget":true,"admission_mode":"conditional_map","hal_bytes_per_call_amortized":297233.9,"process_rss_kb":7796,"process_rss_delta_init_kb":664,"max_active_calls":1,"active_calls_now":0,"call_counter_balanced":true}
EVS Port1 1980-012-14:11:07.31689 66/1/AI_LEARNER 4: AI_LEARNER completed=117/117 mean=617169.3us max=1711506.1us hal_peak=309416 within_bounded=1
{"app":"AI_LEARNER","stage":"run","model":"b2_resnet","target":"aarch64-unknown-linux-gnu","attempted":117,"completed":117,"fail_input":0,"fail_invoke":0,"fail_output":0,"mean_us":617169.28,"max_us":1711506.13,"last_us":604756.80,"out0":0.35208,"out_elems":10,"out_sha256":"c379f179e94deb6f8c5587a6daa455c8296ff2c51c636e9786b9659fcc21efab","out_head":[0.352085,0.001092,0.001759,0.063552,0.332795,0.006340],"out_tail":[0.332795,0.006340,0.203565,0.013287,0.019282,0.006242],"out_full_file":"/cf/last_out.json","out_full_file_bytes":184,"out_full_file_reason":"ok","out_record_truncates":false}
{"app":"AI_LEARNER","stage":"mem","model":"b2_resnet","target":"aarch64-unknown-linux-gnu","completed":117,"hal_peak":309416,"peak_within_bounded":true,"admitted_budget_bytes":309416,"peak_within_admitted_budget":true,"admission_mode":"conditional_map","hal_bytes_per_call_amortized":297233.0,"process_rss_kb":7796,"process_rss_delta_init_kb":664,"max_active_calls":1,"active_calls_now":0,"call_counter_balanced":true}
.EVS Port1 1980-012-14:11:11.36663 66/1/AI_LEARNER 4: AI_LEARNER completed=118/118 mean=617407.5us max=1711506.1us hal_peak=309416 within_bounded=1
{"app":"AI_LEARNER","stage":"run","model":"b2_resnet","target":"aarch64-unknown-linux-gnu","attempted":118,"completed":118,"fail_input":0,"fail_invoke":0,"fail_output":0,"mean_us":617407.46,"max_us":1711506.13,"last_us":645273.79,"out0":0.35208,"out_elems":10,"out_sha256":"c379f179e94deb6f8c5587a6daa455c8296ff2c51c636e9786b9659fcc21efab","out_head":[0.352085,0.001092,0.001759,0.063552,0.332795,0.006340],"out_tail":[0.332795,0.006340,0.203565,0.013287,0.019282,0.006242],"out_full_file":"/cf/last_out.json","out_full_file_bytes":184,"out_full_file_reason":"ok","out_record_truncates":false}
{"app":"AI_LEARNER","stage":"mem","model":"b2_resnet","target":"aarch64-unknown-linux-gnu","completed":118,"hal_peak":309416,"peak_within_bounded":true,"admitted_budget_bytes":309416,"peak_within_admitted_budget":true,"admission_mode":"conditional_map","hal_bytes_per_call_amortized":297232.1,"process_rss_kb":7796,"process_rss_delta_init_kb":664,"max_active_calls":1,"active_calls_now":0,"call_counter_balanced":true}
.EVS Port1 1980-012-14:11:15.32032 66/1/AI_LEARNER 4: AI_LEARNER completed=119/119 mean=617408.0us max=1711506.1us hal_peak=309416 within_bounded=1
{"app":"AI_LEARNER","stage":"run","model":"b2_resnet","target":"aarch64-unknown-linux-gnu","attempted":119,"completed":119,"fail_input":0,"fail_invoke":0,"fail_output":0,"mean_us":617408.04,"max_us":1711506.13,"last_us":617476.93,"out0":0.35208,"out_elems":10,"out_sha256":"c379f179e94deb6f8c5587a6daa455c8296ff2c51c636e9786b9659fcc21efab","out_head":[0.352085,0.001092,0.001759,0.063552,0.332795,0.006340],"out_tail":[0.332795,0.006340,0.203565,0.013287,0.019282,0.006242],"out_full_file":"/cf/last_out.json","out_full_file_bytes":184,"out_full_file_reason":"ok","out_record_truncates":false}
{"app":"AI_LEARNER","stage":"mem","model":"b2_resnet","target":"aarch64-unknown-linux-gnu","completed":119,"hal_peak":309416,"peak_within_bounded":true,"admitted_budget_bytes":309416,"peak_within_admitted_budget":true,"admission_mode":"conditional_map","hal_bytes_per_call_amortized":297231.3,"process_rss_kb":7796,"process_rss_delta_init_kb":664,"max_active_calls":1,"active_calls_now":0,"call_counter_balanced":true}
EVS Port1 1980-012-14:11:19.27053 66/1/AI_LEARNER 4: AI_LEARNER completed=120/120 mean=616815.8us max=1711506.1us hal_peak=309416 within_bounded=1
{"app":"AI_LEARNER","stage":"run","model":"b2_resnet","target":"aarch64-unknown-linux-gnu","attempted":120,"completed":120,"fail_input":0,"fail_invoke":0,"fail_output":0,"mean_us":616815.77,"max_us":1711506.13,"last_us":546335.90,"out0":0.35208,"out_elems":10,"out_sha256":"c379f179e94deb6f8c5587a6daa455c8296ff2c51c636e9786b9659fcc21efab","out_head":[0.352085,0.001092,0.001759,0.063552,0.332795,0.006340],"out_tail":[0.332795,0.006340,0.203565,0.013287,0.019282,0.006242],"out_full_file":"/cf/last_out.json","out_full_file_bytes":184,"out_full_file_reason":"ok","out_record_truncates":false}
{"app":"AI_LEARNER","stage":"mem","model":"b2_resnet","target":"aarch64-unknown-linux-gnu","completed":120,"hal_peak":309416,"peak_within_bounded":true,"admitted_budget_bytes":309416,"peak_within_admitted_budget":true,"admission_mode":"conditional_map","hal_bytes_per_call_amortized":297230.4,"process_rss_kb":7796,"process_rss_delta_init_kb":664,"max_active_calls":1,"active_calls_now":0,"call_counter_balanced":true}
.EVS Port1 1980-012-14:11:23.25631 66/1/AI_LEARNER 4: AI_LEARNER completed=121/121 mean=616346.0us max=1711506.1us hal_peak=309416 within_bounded=1
{"app":"AI_LEARNER","stage":"run","model":"b2_resnet","target":"aarch64-unknown-linux-gnu","attempted":121,"completed":121,"fail_input":0,"fail_invoke":0,"fail_output":0,"mean_us":616345.97,"max_us":1711506.13,"last_us":559969.71,"out0":0.35208,"out_elems":10,"out_sha256":"c379f179e94deb6f8c5587a6daa455c8296ff2c51c636e9786b9659fcc21efab","out_head":[0.352085,0.001092,0.001759,0.063552,0.332795,0.006340],"out_tail":[0.332795,0.006340,0.203565,0.013287,0.019282,0.006242],"out_full_file":"/cf/last_out.json","out_full_file_bytes":184,"out_full_file_reason":"ok","out_record_truncates":false}
{"app":"AI_LEARNER","stage":"mem","model":"b2_resnet","target":"aarch64-unknown-linux-gnu","completed":121,"hal_peak":309416,"peak_within_bounded":true,"admitted_budget_bytes":309416,"peak_within_admitted_budget":true,"admission_mode":"conditional_map","hal_bytes_per_call_amortized":297229.6,"process_rss_kb":7796,"process_rss_delta_init_kb":664,"max_active_calls":1,"active_calls_now":0,"call_counter_balanced":true}
.EVS Port1 1980-012-14:11:27.47027 66/1/AI_LEARNER 4: AI_LEARNER completed=122/122 mean=617427.8us max=1711506.1us hal_peak=309416 within_bounded=1
{"app":"AI_LEARNER","stage":"run","model":"b2_resnet","target":"aarch64-unknown-linux-gnu","attempted":122,"completed":122,"fail_input":0,"fail_invoke":0,"fail_output":0,"mean_us":617427.77,"max_us":1711506.13,"last_us":748325.87,"out0":0.35208,"out_elems":10,"out_sha256":"c379f179e94deb6f8c5587a6daa455c8296ff2c51c636e9786b9659fcc21efab","out_head":[0.352085,0.001092,0.001759,0.063552,0.332795,0.006340],"out_tail":[0.332795,0.006340,0.203565,0.013287,0.019282,0.006242],"out_full_file":"/cf/last_out.json","out_full_file_bytes":184,"out_full_file_reason":"ok","out_record_truncates":false}
{"app":"AI_LEARNER","stage":"mem","model":"b2_resnet","target":"aarch64-unknown-linux-gnu","completed":122,"hal_peak":309416,"peak_within_bounded":true,"admitted_budget_bytes":309416,"peak_within_admitted_budget":true,"admission_mode":"conditional_map","hal_bytes_per_call_amortized":297228.7,"process_rss_kb":7796,"process_rss_delta_init_kb":664,"max_active_calls":1,"active_calls_now":0,"call_counter_balanced":true}
EVS Port1 1980-012-14:11:31.26222 66/1/AI_LEARNER 4: AI_LEARNER completed=123/123 mean=616886.3us max=1711506.1us hal_peak=309416 within_bounded=1
{"app":"AI_LEARNER","stage":"run","model":"b2_resnet","target":"aarch64-unknown-linux-gnu","attempted":123,"completed":123,"fail_input":0,"fail_invoke":0,"fail_output":0,"mean_us":616886.33,"max_us":1711506.13,"last_us":550830.24,"out0":0.35208,"out_elems":10,"out_sha256":"c379f179e94deb6f8c5587a6daa455c8296ff2c51c636e9786b9659fcc21efab","out_head":[0.352085,0.001092,0.001759,0.063552,0.332795,0.006340],"out_tail":[0.332795,0.006340,0.203565,0.013287,0.019282,0.006242],"out_full_file":"/cf/last_out.json","out_full_file_bytes":184,"out_full_file_reason":"ok","out_record_truncates":false}
{"app":"AI_LEARNER","stage":"mem","model":"b2_resnet","target":"aarch64-unknown-linux-gnu","completed":123,"hal_peak":309416,"peak_within_bounded":true,"admitted_budget_bytes":309416,"peak_within_admitted_budget":true,"admission_mode":"conditional_map","hal_bytes_per_call_amortized":297227.9,"process_rss_kb":7796,"process_rss_delta_init_kb":664,"max_active_calls":1,"active_calls_now":0,"call_counter_balanced":true}
.EVS Port1 1980-012-14:11:35.27519 66/1/AI_LEARNER 4: AI_LEARNER completed=124/124 mean=616415.9us max=1711506.1us hal_peak=309416 within_bounded=1
{"app":"AI_LEARNER","stage":"run","model":"b2_resnet","target":"aarch64-unknown-linux-gnu","attempted":124,"completed":124,"fail_input":0,"fail_invoke":0,"fail_output":0,"mean_us":616415.87,"max_us":1711506.13,"last_us":558549.57,"out0":0.35208,"out_elems":10,"out_sha256":"c379f179e94deb6f8c5587a6daa455c8296ff2c51c636e9786b9659fcc21efab","out_head":[0.352085,0.001092,0.001759,0.063552,0.332795,0.006340],"out_tail":[0.332795,0.006340,0.203565,0.013287,0.019282,0.006242],"out_full_file":"/cf/last_out.json","out_full_file_bytes":184,"out_full_file_reason":"ok","out_record_truncates":false}
{"app":"AI_LEARNER","stage":"mem","model":"b2_resnet","target":"aarch64-unknown-linux-gnu","completed":124,"hal_peak":309416,"peak_within_bounded":true,"admitted_budget_bytes":309416,"peak_within_admitted_budget":true,"admission_mode":"conditional_map","hal_bytes_per_call_amortized":297227.1,"process_rss_kb":7796,"process_rss_delta_init_kb":664,"max_active_calls":1,"active_calls_now":0,"call_counter_balanced":true}
.EVS Port1 1980-012-14:11:39.36112 66/1/AI_LEARNER 4: AI_LEARNER completed=125/125 mean=616530.5us max=1711506.1us hal_peak=309416 within_bounded=1
{"app":"AI_LEARNER","stage":"run","model":"b2_resnet","target":"aarch64-unknown-linux-gnu","attempted":125,"completed":125,"fail_input":0,"fail_invoke":0,"fail_output":0,"mean_us":616530.49,"max_us":1711506.13,"last_us":630743.06,"out0":0.35208,"out_elems":10,"out_sha256":"c379f179e94deb6f8c5587a6daa455c8296ff2c51c636e9786b9659fcc21efab","out_head":[0.352085,0.001092,0.001759,0.063552,0.332795,0.006340],"out_tail":[0.332795,0.006340,0.203565,0.013287,0.019282,0.006242],"out_full_file":"/cf/last_out.json","out_full_file_bytes":184,"out_full_file_reason":"ok","out_record_truncates":false}
{"app":"AI_LEARNER","stage":"mem","model":"b2_resnet","target":"aarch64-unknown-linux-gnu","completed":125,"hal_peak":309416,"peak_within_bounded":true,"admitted_budget_bytes":309416,"peak_within_admitted_budget":true,"admission_mode":"conditional_map","hal_bytes_per_call_amortized":297226.3,"process_rss_kb":7796,"process_rss_delta_init_kb":664,"max_active_calls":1,"active_calls_now":0,"call_counter_balanced":true}
EVS Port1 1980-012-14:11:43.28987 66/1/AI_LEARNER 4: AI_LEARNER completed=126/126 mean=616122.1us max=1711506.1us hal_peak=309416 within_bounded=1
{"app":"AI_LEARNER","stage":"run","model":"b2_resnet","target":"aarch64-unknown-linux-gnu","attempted":126,"completed":126,"fail_input":0,"fail_invoke":0,"fail_output":0,"mean_us":616122.10,"max_us":1711506.13,"last_us":565073.58,"out0":0.35208,"out_elems":10,"out_sha256":"c379f179e94deb6f8c5587a6daa455c8296ff2c51c636e9786b9659fcc21efab","out_head":[0.352085,0.001092,0.001759,0.063552,0.332795,0.006340],"out_tail":[0.332795,0.006340,0.203565,0.013287,0.019282,0.006242],"out_full_file":"/cf/last_out.json","out_full_file_bytes":184,"out_full_file_reason":"ok","out_record_truncates":false}
{"app":"AI_LEARNER","stage":"mem","model":"b2_resnet","target":"aarch64-unknown-linux-gnu","completed":126,"hal_peak":309416,"peak_within_bounded":true,"admitted_budget_bytes":309416,"peak_within_admitted_budget":true,"admission_mode":"conditional_map","hal_bytes_per_call_amortized":297225.5,"process_rss_kb":7796,"process_rss_delta_init_kb":664,"max_active_calls":1,"active_calls_now":0,"call_counter_balanced":true}
.EVS Port1 1980-012-14:11:47.27197 66/1/AI_LEARNER 4: AI_LEARNER completed=127/127 mean=615700.5us max=1711506.1us hal_peak=309416 within_bounded=1
{"app":"AI_LEARNER","stage":"run","model":"b2_resnet","target":"aarch64-unknown-linux-gnu","attempted":127,"completed":127,"fail_input":0,"fail_invoke":0,"fail_output":0,"mean_us":615700.51,"max_us":1711506.13,"last_us":562580.69,"out0":0.35208,"out_elems":10,"out_sha256":"c379f179e94deb6f8c5587a6daa455c8296ff2c51c636e9786b9659fcc21efab","out_head":[0.352085,0.001092,0.001759,0.063552,0.332795,0.006340],"out_tail":[0.332795,0.006340,0.203565,0.013287,0.019282,0.006242],"out_full_file":"/cf/last_out.json","out_full_file_bytes":184,"out_full_file_reason":"ok","out_record_truncates":false}
{"app":"AI_LEARNER","stage":"mem","model":"b2_resnet","target":"aarch64-unknown-linux-gnu","completed":127,"hal_peak":309416,"peak_within_bounded":true,"admitted_budget_bytes":309416,"peak_within_admitted_budget":true,"admission_mode":"conditional_map","hal_bytes_per_call_amortized":297224.8,"process_rss_kb":7796,"process_rss_delta_init_kb":664,"max_active_calls":1,"active_calls_now":0,"call_counter_balanced":true}
.EVS Port1 1980-012-14:11:51.25172 66/1/AI_LEARNER 4: AI_LEARNER completed=128/128 mean=615109.0us max=1711506.1us hal_peak=309416 within_bounded=1
{"app":"AI_LEARNER","stage":"run","model":"b2_resnet","target":"aarch64-unknown-linux-gnu","attempted":128,"completed":128,"fail_input":0,"fail_invoke":0,"fail_output":0,"mean_us":615108.99,"max_us":1711506.13,"last_us":539985.68,"out0":0.35208,"out_elems":10,"out_sha256":"c379f179e94deb6f8c5587a6daa455c8296ff2c51c636e9786b9659fcc21efab","out_head":[0.352085,0.001092,0.001759,0.063552,0.332795,0.006340],"out_tail":[0.332795,0.006340,0.203565,0.013287,0.019282,0.006242],"out_full_file":"/cf/last_out.json","out_full_file_bytes":184,"out_full_file_reason":"ok","out_record_truncates":false}
{"app":"AI_LEARNER","stage":"mem","model":"b2_resnet","target":"aarch64-unknown-linux-gnu","completed":128,"hal_peak":309416,"peak_within_bounded":true,"admitted_budget_bytes":309416,"peak_within_admitted_budget":true,"admission_mode":"conditional_map","hal_bytes_per_call_amortized":297224.0,"process_rss_kb":7796,"process_rss_delta_init_kb":664,"max_active_calls":1,"active_calls_now":0,"call_counter_balanced":true}
EVS Port1 1980-012-14:11:55.29786 66/1/AI_LEARNER 4: AI_LEARNER completed=129/129 mean=614940.8us max=1711506.1us hal_peak=309416 within_bounded=1
{"app":"AI_LEARNER","stage":"run","model":"b2_resnet","target":"aarch64-unknown-linux-gnu","attempted":129,"completed":129,"fail_input":0,"fail_invoke":0,"fail_output":0,"mean_us":614940.78,"max_us":1711506.13,"last_us":593410.11,"out0":0.35208,"out_elems":10,"out_sha256":"c379f179e94deb6f8c5587a6daa455c8296ff2c51c636e9786b9659fcc21efab","out_head":[0.352085,0.001092,0.001759,0.063552,0.332795,0.006340],"out_tail":[0.332795,0.006340,0.203565,0.013287,0.019282,0.006242],"out_full_file":"/cf/last_out.json","out_full_file_bytes":184,"out_full_file_reason":"ok","out_record_truncates":false}
{"app":"AI_LEARNER","stage":"mem","model":"b2_resnet","target":"aarch64-unknown-linux-gnu","completed":129,"hal_peak":309416,"peak_within_bounded":true,"admitted_budget_bytes":309416,"peak_within_admitted_budget":true,"admission_mode":"conditional_map","hal_bytes_per_call_amortized":297223.3,"process_rss_kb":7796,"process_rss_delta_init_kb":664,"max_active_calls":1,"active_calls_now":0,"call_counter_balanced":true}
.EVS Port1 1980-012-14:11:59.31999 66/1/AI_LEARNER 4: AI_LEARNER completed=130/130 mean=614853.8us max=1711506.1us hal_peak=309416 within_bounded=1
{"app":"AI_LEARNER","stage":"run","model":"b2_resnet","target":"aarch64-unknown-linux-gnu","attempted":130,"completed":130,"fail_input":0,"fail_invoke":0,"fail_output":0,"mean_us":614853.76,"max_us":1711506.13,"last_us":603628.13,"out0":0.35208,"out_elems":10,"out_sha256":"c379f179e94deb6f8c5587a6daa455c8296ff2c51c636e9786b9659fcc21efab","out_head":[0.352085,0.001092,0.001759,0.063552,0.332795,0.006340],"out_tail":[0.332795,0.006340,0.203565,0.013287,0.019282,0.006242],"out_full_file":"/cf/last_out.json","out_full_file_bytes":184,"out_full_file_reason":"ok","out_record_truncates":false}
{"app":"AI_LEARNER","stage":"mem","model":"b2_resnet","target":"aarch64-unknown-linux-gnu","completed":130,"hal_peak":309416,"peak_within_bounded":true,"admitted_budget_bytes":309416,"peak_within_admitted_budget":true,"admission_mode":"conditional_map","hal_bytes_per_call_amortized":297222.5,"process_rss_kb":7796,"process_rss_delta_init_kb":664,"max_active_calls":1,"active_calls_now":0,"call_counter_balanced":true}
.EVS Port1 1980-012-14:12:03.26185 66/1/AI_LEARNER 4: AI_LEARNER completed=131/131 mean=614346.0us max=1711506.1us hal_peak=309416 within_bounded=1
{"app":"AI_LEARNER","stage":"run","model":"b2_resnet","target":"aarch64-unknown-linux-gnu","attempted":131,"completed":131,"fail_input":0,"fail_invoke":0,"fail_output":0,"mean_us":614345.95,"max_us":1711506.13,"last_us":548330.30,"out0":0.35208,"out_elems":10,"out_sha256":"c379f179e94deb6f8c5587a6daa455c8296ff2c51c636e9786b9659fcc21efab","out_head":[0.352085,0.001092,0.001759,0.063552,0.332795,0.006340],"out_tail":[0.332795,0.006340,0.203565,0.013287,0.019282,0.006242],"out_full_file":"/cf/last_out.json","out_full_file_bytes":184,"out_full_file_reason":"ok","out_record_truncates":false}
{"app":"AI_LEARNER","stage":"mem","model":"b2_resnet","target":"aarch64-unknown-linux-gnu","completed":131,"hal_peak":309416,"peak_within_bounded":true,"admitted_budget_bytes":309416,"peak_within_admitted_budget":true,"admission_mode":"conditional_map","hal_bytes_per_call_amortized":297221.8,"process_rss_kb":7796,"process_rss_delta_init_kb":664,"max_active_calls":1,"active_calls_now":0,"call_counter_balanced":true}
EVS Port1 1980-012-14:12:07.47512 66/1/AI_LEARNER 4: AI_LEARNER completed=132/132 mean=615027.0us max=1711506.1us hal_peak=309416 within_bounded=1
{"app":"AI_LEARNER","stage":"run","model":"b2_resnet","target":"aarch64-unknown-linux-gnu","attempted":132,"completed":132,"fail_input":0,"fail_invoke":0,"fail_output":0,"mean_us":615027.04,"max_us":1711506.13,"last_us":704249.94,"out0":0.35208,"out_elems":10,"out_sha256":"c379f179e94deb6f8c5587a6daa455c8296ff2c51c636e9786b9659fcc21efab","out_head":[0.352085,0.001092,0.001759,0.063552,0.332795,0.006340],"out_tail":[0.332795,0.006340,0.203565,0.013287,0.019282,0.006242],"out_full_file":"/cf/last_out.json","out_full_file_bytes":184,"out_full_file_reason":"ok","out_record_truncates":false}
{"app":"AI_LEARNER","stage":"mem","model":"b2_resnet","target":"aarch64-unknown-linux-gnu","completed":132,"hal_peak":309416,"peak_within_bounded":true,"admitted_budget_bytes":309416,"peak_within_admitted_budget":true,"admission_mode":"conditional_map","hal_bytes_per_call_amortized":297221.1,"process_rss_kb":7796,"process_rss_delta_init_kb":664,"max_active_calls":1,"active_calls_now":0,"call_counter_balanced":true}
.EVS Port1 1980-012-14:12:10.00996 66/1/CFE_TIME 21: Stop FLYWHEEL
EVS Port1 1980-012-14:12:10.99592 66/1/CFE_TIME 20: Start FLYWHEEL
EVS Port1 1980-012-14:12:11.34632 66/1/AI_LEARNER 4: AI_LEARNER completed=133/133 mean=615213.3us max=1711506.1us hal_peak=309416 within_bounded=1
{"app":"AI_LEARNER","stage":"run","model":"b2_resnet","target":"aarch64-unknown-linux-gnu","attempted":133,"completed":133,"fail_input":0,"fail_invoke":0,"fail_output":0,"mean_us":615213.34,"max_us":1711506.13,"last_us":639805.30,"out0":0.35208,"out_elems":10,"out_sha256":"c379f179e94deb6f8c5587a6daa455c8296ff2c51c636e9786b9659fcc21efab","out_head":[0.352085,0.001092,0.001759,0.063552,0.332795,0.006340],"out_tail":[0.332795,0.006340,0.203565,0.013287,0.019282,0.006242],"out_full_file":"/cf/last_out.json","out_full_file_bytes":184,"out_full_file_reason":"ok","out_record_truncates":false}
{"app":"AI_LEARNER","stage":"mem","model":"b2_resnet","target":"aarch64-unknown-linux-gnu","completed":133,"hal_peak":309416,"peak_within_bounded":true,"admitted_budget_bytes":309416,"peak_within_admitted_budget":true,"admission_mode":"conditional_map","hal_bytes_per_call_amortized":297220.4,"process_rss_kb":7796,"process_rss_delta_init_kb":664,"max_active_calls":1,"active_calls_now":0,"call_counter_balanced":true}
.EVS Port1 1980-012-14:12:15.00733 66/1/CFE_TIME 21: Stop FLYWHEEL
EVS Port1 1980-012-14:12:15.24166 66/1/AI_LEARNER 4: AI_LEARNER completed=134/134 mean=614548.5us max=1711506.1us hal_peak=309416 within_bounded=1
{"app":"AI_LEARNER","stage":"run","model":"b2_resnet","target":"aarch64-unknown-linux-gnu","attempted":134,"completed":134,"fail_input":0,"fail_invoke":0,"fail_output":0,"mean_us":614548.55,"max_us":1711506.13,"last_us":526130.69,"out0":0.35208,"out_elems":10,"out_sha256":"c379f179e94deb6f8c5587a6daa455c8296ff2c51c636e9786b9659fcc21efab","out_head":[0.352085,0.001092,0.001759,0.063552,0.332795,0.006340],"out_tail":[0.332795,0.006340,0.203565,0.013287,0.019282,0.006242],"out_full_file":"/cf/last_out.json","out_full_file_bytes":184,"out_full_file_reason":"ok","out_record_truncates":false}
{"app":"AI_LEARNER","stage":"mem","model":"b2_resnet","target":"aarch64-unknown-linux-gnu","completed":134,"hal_peak":309416,"peak_within_bounded":true,"admitted_budget_bytes":309416,"peak_within_admitted_budget":true,"admission_mode":"conditional_map","hal_bytes_per_call_amortized":297219.7,"process_rss_kb":7796,"process_rss_delta_init_kb":664,"max_active_calls":1,"active_calls_now":0,"call_counter_balanced":true}
EVS Port1 1980-012-14:12:15.99696 66/1/CFE_TIME 20: Start FLYWHEEL
EVS Port1 1980-012-14:12:19.26727 66/1/AI_LEARNER 4: AI_LEARNER completed=135/135 mean=614198.1us max=1711506.1us hal_peak=309416 within_bounded=1
{"app":"AI_LEARNER","stage":"run","model":"b2_resnet","target":"aarch64-unknown-linux-gnu","attempted":135,"completed":135,"fail_input":0,"fail_invoke":0,"fail_output":0,"mean_us":614198.15,"max_us":1711506.13,"last_us":567244.08,"out0":0.35208,"out_elems":10,"out_sha256":"c379f179e94deb6f8c5587a6daa455c8296ff2c51c636e9786b9659fcc21efab","out_head":[0.352085,0.001092,0.001759,0.063552,0.332795,0.006340],"out_tail":[0.332795,0.006340,0.203565,0.013287,0.019282,0.006242],"out_full_file":"/cf/last_out.json","out_full_file_bytes":184,"out_full_file_reason":"ok","out_record_truncates":false}
{"app":"AI_LEARNER","stage":"mem","model":"b2_resnet","target":"aarch64-unknown-linux-gnu","completed":135,"hal_peak":309416,"peak_within_bounded":true,"admitted_budget_bytes":309416,"peak_within_admitted_budget":true,"admission_mode":"conditional_map","hal_bytes_per_call_amortized":297219.0,"process_rss_kb":7796,"process_rss_delta_init_kb":664,"max_active_calls":1,"active_calls_now":0,"call_counter_balanced":true}
.EVS Port1 1980-012-14:12:23.29319 66/1/AI_LEARNER 4: AI_LEARNER completed=136/136 mean=613909.2us max=1711506.1us hal_peak=309416 within_bounded=1
{"app":"AI_LEARNER","stage":"run","model":"b2_resnet","target":"aarch64-unknown-linux-gnu","attempted":136,"completed":136,"fail_input":0,"fail_invoke":0,"fail_output":0,"mean_us":613909.24,"max_us":1711506.13,"last_us":574907.33,"out0":0.35208,"out_elems":10,"out_sha256":"c379f179e94deb6f8c5587a6daa455c8296ff2c51c636e9786b9659fcc21efab","out_head":[0.352085,0.001092,0.001759,0.063552,0.332795,0.006340],"out_tail":[0.332795,0.006340,0.203565,0.013287,0.019282,0.006242],"out_full_file":"/cf/last_out.json","out_full_file_bytes":184,"out_full_file_reason":"ok","out_record_truncates":false}
{"app":"AI_LEARNER","stage":"mem","model":"b2_resnet","target":"aarch64-unknown-linux-gnu","completed":136,"hal_peak":309416,"peak_within_bounded":true,"admitted_budget_bytes":309416,"peak_within_admitted_budget":true,"admission_mode":"conditional_map","hal_bytes_per_call_amortized":297218.4,"process_rss_kb":7796,"process_rss_delta_init_kb":664,"max_active_calls":1,"active_calls_now":0,"call_counter_balanced":true}
.EVS Port1 1980-012-14:12:27.33203 66/1/AI_LEARNER 4: AI_LEARNER completed=137/137 mean=613914.8us max=1711506.1us hal_peak=309416 within_bounded=1
{"app":"AI_LEARNER","stage":"run","model":"b2_resnet","target":"aarch64-unknown-linux-gnu","attempted":137,"completed":137,"fail_input":0,"fail_invoke":0,"fail_output":0,"mean_us":613914.83,"max_us":1711506.13,"last_us":614674.13,"out0":0.35208,"out_elems":10,"out_sha256":"c379f179e94deb6f8c5587a6daa455c8296ff2c51c636e9786b9659fcc21efab","out_head":[0.352085,0.001092,0.001759,0.063552,0.332795,0.006340],"out_tail":[0.332795,0.006340,0.203565,0.013287,0.019282,0.006242],"out_full_file":"/cf/last_out.json","out_full_file_bytes":184,"out_full_file_reason":"ok","out_record_truncates":false}
{"app":"AI_LEARNER","stage":"mem","model":"b2_resnet","target":"aarch64-unknown-linux-gnu","completed":137,"hal_peak":309416,"peak_within_bounded":true,"admitted_budget_bytes":309416,"peak_within_admitted_budget":true,"admission_mode":"conditional_map","hal_bytes_per_call_amortized":297217.7,"process_rss_kb":7796,"process_rss_delta_init_kb":664,"max_active_calls":1,"active_calls_now":0,"call_counter_balanced":true}
EVS Port1 1980-012-14:12:31.28259 66/1/AI_LEARNER 4: AI_LEARNER completed=138/138 mean=613519.7us max=1711506.1us hal_peak=309416 within_bounded=1
{"app":"AI_LEARNER","stage":"run","model":"b2_resnet","target":"aarch64-unknown-linux-gnu","attempted":138,"completed":138,"fail_input":0,"fail_invoke":0,"fail_output":0,"mean_us":613519.74,"max_us":1711506.13,"last_us":559392.46,"out0":0.35208,"out_elems":10,"out_sha256":"c379f179e94deb6f8c5587a6daa455c8296ff2c51c636e9786b9659fcc21efab","out_head":[0.352085,0.001092,0.001759,0.063552,0.332795,0.006340],"out_tail":[0.332795,0.006340,0.203565,0.013287,0.019282,0.006242],"out_full_file":"/cf/last_out.json","out_full_file_bytes":184,"out_full_file_reason":"ok","out_record_truncates":false}
{"app":"AI_LEARNER","stage":"mem","model":"b2_resnet","target":"aarch64-unknown-linux-gnu","completed":138,"hal_peak":309416,"peak_within_bounded":true,"admitted_budget_bytes":309416,"peak_within_admitted_budget":true,"admission_mode":"conditional_map","hal_bytes_per_call_amortized":297217.0,"process_rss_kb":7796,"process_rss_delta_init_kb":664,"max_active_calls":1,"active_calls_now":0,"call_counter_balanced":true}
.EVS Port1 1980-012-14:12:35.27169 66/1/AI_LEARNER 4: AI_LEARNER completed=139/139 mean=613094.8us max=1711506.1us hal_peak=309416 within_bounded=1
{"app":"AI_LEARNER","stage":"run","model":"b2_resnet","target":"aarch64-unknown-linux-gnu","attempted":139,"completed":139,"fail_input":0,"fail_invoke":0,"fail_output":0,"mean_us":613094.77,"max_us":1711506.13,"last_us":554450.19,"out0":0.35208,"out_elems":10,"out_sha256":"c379f179e94deb6f8c5587a6daa455c8296ff2c51c636e9786b9659fcc21efab","out_head":[0.352085,0.001092,0.001759,0.063552,0.332795,0.006340],"out_tail":[0.332795,0.006340,0.203565,0.013287,0.019282,0.006242],"out_full_file":"/cf/last_out.json","out_full_file_bytes":184,"out_full_file_reason":"ok","out_record_truncates":false}
{"app":"AI_LEARNER","stage":"mem","model":"b2_resnet","target":"aarch64-unknown-linux-gnu","completed":139,"hal_peak":309416,"peak_within_bounded":true,"admitted_budget_bytes":309416,"peak_within_admitted_budget":true,"admission_mode":"conditional_map","hal_bytes_per_call_amortized":297216.4,"process_rss_kb":7796,"process_rss_delta_init_kb":664,"max_active_calls":1,"active_calls_now":0,"call_counter_balanced":true}
.EVS Port1 1980-012-14:12:39.25337 66/1/AI_LEARNER 4: AI_LEARNER completed=140/140 mean=612543.9us max=1711506.1us hal_peak=309416 within_bounded=1
{"app":"AI_LEARNER","stage":"run","model":"b2_resnet","target":"aarch64-unknown-linux-gnu","attempted":140,"completed":140,"fail_input":0,"fail_invoke":0,"fail_output":0,"mean_us":612543.88,"max_us":1711506.13,"last_us":535968.93,"out0":0.35208,"out_elems":10,"out_sha256":"c379f179e94deb6f8c5587a6daa455c8296ff2c51c636e9786b9659fcc21efab","out_head":[0.352085,0.001092,0.001759,0.063552,0.332795,0.006340],"out_tail":[0.332795,0.006340,0.203565,0.013287,0.019282,0.006242],"out_full_file":"/cf/last_out.json","out_full_file_bytes":184,"out_full_file_reason":"ok","out_record_truncates":false}
{"app":"AI_LEARNER","stage":"mem","model":"b2_resnet","target":"aarch64-unknown-linux-gnu","completed":140,"hal_peak":309416,"peak_within_bounded":true,"admitted_budget_bytes":309416,"peak_within_admitted_budget":true,"admission_mode":"conditional_map","hal_bytes_per_call_amortized":297215.8,"process_rss_kb":7796,"process_rss_delta_init_kb":664,"max_active_calls":1,"active_calls_now":0,"call_counter_balanced":true}
EVS Port1 1980-012-14:12:43.23893 66/1/AI_LEARNER 4: AI_LEARNER completed=141/141 mean=611885.9us max=1711506.1us hal_peak=309416 within_bounded=1
{"app":"AI_LEARNER","stage":"run","model":"b2_resnet","target":"aarch64-unknown-linux-gnu","attempted":141,"completed":141,"fail_input":0,"fail_invoke":0,"fail_output":0,"mean_us":611885.90,"max_us":1711506.13,"last_us":519768.80,"out0":0.35208,"out_elems":10,"out_sha256":"c379f179e94deb6f8c5587a6daa455c8296ff2c51c636e9786b9659fcc21efab","out_head":[0.352085,0.001092,0.001759,0.063552,0.332795,0.006340],"out_tail":[0.332795,0.006340,0.203565,0.013287,0.019282,0.006242],"out_full_file":"/cf/last_out.json","out_full_file_bytes":184,"out_full_file_reason":"ok","out_record_truncates":false}
{"app":"AI_LEARNER","stage":"mem","model":"b2_resnet","target":"aarch64-unknown-linux-gnu","completed":141,"hal_peak":309416,"peak_within_bounded":true,"admitted_budget_bytes":309416,"peak_within_admitted_budget":true,"admission_mode":"conditional_map","hal_bytes_per_call_amortized":297215.1,"process_rss_kb":7796,"process_rss_delta_init_kb":664,"max_active_calls":1,"active_calls_now":0,"call_counter_balanced":true}
.EVS Port1 1980-012-14:12:47.24043 66/1/AI_LEARNER 4: AI_LEARNER completed=142/142 mean=611295.4us max=1711506.1us hal_peak=309416 within_bounded=1
{"app":"AI_LEARNER","stage":"run","model":"b2_resnet","target":"aarch64-unknown-linux-gnu","attempted":142,"completed":142,"fail_input":0,"fail_invoke":0,"fail_output":0,"mean_us":611295.44,"max_us":1711506.13,"last_us":528040.48,"out0":0.35208,"out_elems":10,"out_sha256":"c379f179e94deb6f8c5587a6daa455c8296ff2c51c636e9786b9659fcc21efab","out_head":[0.352085,0.001092,0.001759,0.063552,0.332795,0.006340],"out_tail":[0.332795,0.006340,0.203565,0.013287,0.019282,0.006242],"out_full_file":"/cf/last_out.json","out_full_file_bytes":184,"out_full_file_reason":"ok","out_record_truncates":false}
{"app":"AI_LEARNER","stage":"mem","model":"b2_resnet","target":"aarch64-unknown-linux-gnu","completed":142,"hal_peak":309416,"peak_within_bounded":true,"admitted_budget_bytes":309416,"peak_within_admitted_budget":true,"admission_mode":"conditional_map","hal_bytes_per_call_amortized":297214.5,"process_rss_kb":7796,"process_rss_delta_init_kb":664,"max_active_calls":1,"active_calls_now":0,"call_counter_balanced":true}
.EVS Port1 1980-012-14:12:51.28205 66/1/AI_LEARNER 4: AI_LEARNER completed=143/143 mean=610965.4us max=1711506.1us hal_peak=309416 within_bounded=1
{"app":"AI_LEARNER","stage":"run","model":"b2_resnet","target":"aarch64-unknown-linux-gnu","attempted":143,"completed":143,"fail_input":0,"fail_invoke":0,"fail_output":0,"mean_us":610965.39,"max_us":1711506.13,"last_us":564099.42,"out0":0.35208,"out_elems":10,"out_sha256":"c379f179e94deb6f8c5587a6daa455c8296ff2c51c636e9786b9659fcc21efab","out_head":[0.352085,0.001092,0.001759,0.063552,0.332795,0.006340],"out_tail":[0.332795,0.006340,0.203565,0.013287,0.019282,0.006242],"out_full_file":"/cf/last_out.json","out_full_file_bytes":184,"out_full_file_reason":"ok","out_record_truncates":false}
{"app":"AI_LEARNER","stage":"mem","model":"b2_resnet","target":"aarch64-unknown-linux-gnu","completed":143,"hal_peak":309416,"peak_within_bounded":true,"admitted_budget_bytes":309416,"peak_within_admitted_budget":true,"admission_mode":"conditional_map","hal_bytes_per_call_amortized":297213.9,"process_rss_kb":7796,"process_rss_delta_init_kb":664,"max_active_calls":1,"active_calls_now":0,"call_counter_balanced":true}
EVS Port1 1980-012-14:12:55.28897 66/1/AI_LEARNER 4: AI_LEARNER completed=144/144 mean=610715.2us max=1711506.1us hal_peak=309416 within_bounded=1
{"app":"AI_LEARNER","stage":"run","model":"b2_resnet","target":"aarch64-unknown-linux-gnu","attempted":144,"completed":144,"fail_input":0,"fail_invoke":0,"fail_output":0,"mean_us":610715.24,"max_us":1711506.13,"last_us":574943.33,"out0":0.35208,"out_elems":10,"out_sha256":"c379f179e94deb6f8c5587a6daa455c8296ff2c51c636e9786b9659fcc21efab","out_head":[0.352085,0.001092,0.001759,0.063552,0.332795,0.006340],"out_tail":[0.332795,0.006340,0.203565,0.013287,0.019282,0.006242],"out_full_file":"/cf/last_out.json","out_full_file_bytes":184,"out_full_file_reason":"ok","out_record_truncates":false}
{"app":"AI_LEARNER","stage":"mem","model":"b2_resnet","target":"aarch64-unknown-linux-gnu","completed":144,"hal_peak":309416,"peak_within_bounded":true,"admitted_budget_bytes":309416,"peak_within_admitted_budget":true,"admission_mode":"conditional_map","hal_bytes_per_call_amortized":297213.3,"process_rss_kb":7796,"process_rss_delta_init_kb":664,"max_active_calls":1,"active_calls_now":0,"call_counter_balanced":true}
.EVS Port1 1980-012-14:12:59.26162 66/1/AI_LEARNER 4: AI_LEARNER completed=145/145 mean=610267.8us max=1711506.1us hal_peak=309416 within_bounded=1
{"app":"AI_LEARNER","stage":"run","model":"b2_resnet","target":"aarch64-unknown-linux-gnu","attempted":145,"completed":145,"fail_input":0,"fail_invoke":0,"fail_output":0,"mean_us":610267.80,"max_us":1711506.13,"last_us":545835.87,"out0":0.35208,"out_elems":10,"out_sha256":"c379f179e94deb6f8c5587a6daa455c8296ff2c51c636e9786b9659fcc21efab","out_head":[0.352085,0.001092,0.001759,0.063552,0.332795,0.006340],"out_tail":[0.332795,0.006340,0.203565,0.013287,0.019282,0.006242],"out_full_file":"/cf/last_out.json","out_full_file_bytes":184,"out_full_file_reason":"ok","out_record_truncates":false}
{"app":"AI_LEARNER","stage":"mem","model":"b2_resnet","target":"aarch64-unknown-linux-gnu","completed":145,"hal_peak":309416,"peak_within_bounded":true,"admitted_budget_bytes":309416,"peak_within_admitted_budget":true,"admission_mode":"conditional_map","hal_bytes_per_call_amortized":297212.7,"process_rss_kb":7796,"process_rss_delta_init_kb":664,"max_active_calls":1,"active_calls_now":0,"call_counter_balanced":true}
.EVS Port1 1980-012-14:13:03.25604 66/1/AI_LEARNER 4: AI_LEARNER completed=146/146 mean=609841.5us max=1711506.1us hal_peak=309416 within_bounded=1
{"app":"AI_LEARNER","stage":"run","model":"b2_resnet","target":"aarch64-unknown-linux-gnu","attempted":146,"completed":146,"fail_input":0,"fail_invoke":0,"fail_output":0,"mean_us":609841.52,"max_us":1711506.13,"last_us":548031.18,"out0":0.35208,"out_elems":10,"out_sha256":"c379f179e94deb6f8c5587a6daa455c8296ff2c51c636e9786b9659fcc21efab","out_head":[0.352085,0.001092,0.001759,0.063552,0.332795,0.006340],"out_tail":[0.332795,0.006340,0.203565,0.013287,0.019282,0.006242],"out_full_file":"/cf/last_out.json","out_full_file_bytes":184,"out_full_file_reason":"ok","out_record_truncates":false}
{"app":"AI_LEARNER","stage":"mem","model":"b2_resnet","target":"aarch64-unknown-linux-gnu","completed":146,"hal_peak":309416,"peak_within_bounded":true,"admitted_budget_bytes":309416,"peak_within_admitted_budget":true,"admission_mode":"conditional_map","hal_bytes_per_call_amortized":297212.2,"process_rss_kb":7796,"process_rss_delta_init_kb":664,"max_active_calls":1,"active_calls_now":0,"call_counter_balanced":true}
EVS Port1 1980-012-14:13:07.34391 66/1/AI_LEARNER 4: AI_LEARNER completed=147/147 mean=610027.2us max=1711506.1us hal_peak=309416 within_bounded=1
{"app":"AI_LEARNER","stage":"run","model":"b2_resnet","target":"aarch64-unknown-linux-gnu","attempted":147,"completed":147,"fail_input":0,"fail_invoke":0,"fail_output":0,"mean_us":610027.25,"max_us":1711506.13,"last_us":637143.66,"out0":0.35208,"out_elems":10,"out_sha256":"c379f179e94deb6f8c5587a6daa455c8296ff2c51c636e9786b9659fcc21efab","out_head":[0.352085,0.001092,0.001759,0.063552,0.332795,0.006340],"out_tail":[0.332795,0.006340,0.203565,0.013287,0.019282,0.006242],"out_full_file":"/cf/last_out.json","out_full_file_bytes":184,"out_full_file_reason":"ok","out_record_truncates":false}
{"app":"AI_LEARNER","stage":"mem","model":"b2_resnet","target":"aarch64-unknown-linux-gnu","completed":147,"hal_peak":309416,"peak_within_bounded":true,"admitted_budget_bytes":309416,"peak_within_admitted_budget":true,"admission_mode":"conditional_map","hal_bytes_per_call_amortized":297211.6,"process_rss_kb":7796,"process_rss_delta_init_kb":664,"max_active_calls":1,"active_calls_now":0,"call_counter_balanced":true}
.EVS Port1 1980-012-14:13:11.27079 66/1/AI_LEARNER 4: AI_LEARNER completed=148/148 mean=609693.9us max=1711506.1us hal_peak=309416 within_bounded=1
{"app":"AI_LEARNER","stage":"run","model":"b2_resnet","target":"aarch64-unknown-linux-gnu","attempted":148,"completed":148,"fail_input":0,"fail_invoke":0,"fail_output":0,"mean_us":609693.94,"max_us":1711506.13,"last_us":560697.06,"out0":0.35208,"out_elems":10,"out_sha256":"c379f179e94deb6f8c5587a6daa455c8296ff2c51c636e9786b9659fcc21efab","out_head":[0.352085,0.001092,0.001759,0.063552,0.332795,0.006340],"out_tail":[0.332795,0.006340,0.203565,0.013287,0.019282,0.006242],"out_full_file":"/cf/last_out.json","out_full_file_bytes":184,"out_full_file_reason":"ok","out_record_truncates":false}
{"app":"AI_LEARNER","stage":"mem","model":"b2_resnet","target":"aarch64-unknown-linux-gnu","completed":148,"hal_peak":309416,"peak_within_bounded":true,"admitted_budget_bytes":309416,"peak_within_admitted_budget":true,"admission_mode":"conditional_map","hal_bytes_per_call_amortized":297211.0,"process_rss_kb":7796,"process_rss_delta_init_kb":664,"max_active_calls":1,"active_calls_now":0,"call_counter_balanced":true}
.EVS Port1 1980-012-14:13:16.59735 66/1/AI_LEARNER 4: AI_LEARNER completed=149/149 mean=617669.5us max=1798056.4us hal_peak=309416 within_bounded=1
{"app":"AI_LEARNER","stage":"run","model":"b2_resnet","target":"aarch64-unknown-linux-gnu","attempted":149,"completed":149,"fail_input":0,"fail_invoke":0,"fail_output":0,"mean_us":617669.52,"max_us":1798056.43,"last_us":1798056.43,"out0":0.35208,"out_elems":10,"out_sha256":"c379f179e94deb6f8c5587a6daa455c8296ff2c51c636e9786b9659fcc21efab","out_head":[0.352085,0.001092,0.001759,0.063552,0.332795,0.006340],"out_tail":[0.332795,0.006340,0.203565,0.013287,0.019282,0.006242],"out_full_file":"/cf/last_out.json","out_full_file_bytes":184,"out_full_file_reason":"ok","out_record_truncates":false}
{"app":"AI_LEARNER","stage":"mem","model":"b2_resnet","target":"aarch64-unknown-linux-gnu","completed":149,"hal_peak":309416,"peak_within_bounded":true,"admitted_budget_bytes":309416,"peak_within_admitted_budget":true,"admission_mode":"conditional_map","hal_bytes_per_call_amortized":297210.5,"process_rss_kb":7796,"process_rss_delta_init_kb":664,"max_active_calls":1,"active_calls_now":0,"call_counter_balanced":true}
EVS Port1 1980-012-14:13:17.03785 66/1/CFE_TIME 20: Start FLYWHEEL
EVS Port1 1980-012-14:13:17.01007 66/1/CFE_TIME 21: Stop FLYWHEEL
.EVS Port1 1980-012-14:13:20.69079 66/1/AI_LEARNER 4: AI_LEARNER completed=150/150 mean=626665.9us max=1967126.6us hal_peak=309416 within_bounded=1
{"app":"AI_LEARNER","stage":"run","model":"b2_resnet","target":"aarch64-unknown-linux-gnu","attempted":150,"completed":150,"fail_input":0,"fail_invoke":0,"fail_output":0,"mean_us":626665.90,"max_us":1967126.56,"last_us":1967126.56,"out0":0.35208,"out_elems":10,"out_sha256":"c379f179e94deb6f8c5587a6daa455c8296ff2c51c636e9786b9659fcc21efab","out_head":[0.352085,0.001092,0.001759,0.063552,0.332795,0.006340],"out_tail":[0.332795,0.006340,0.203565,0.013287,0.019282,0.006242],"out_full_file":"/cf/last_out.json","out_full_file_bytes":184,"out_full_file_reason":"ok","out_record_truncates":false}
{"app":"AI_LEARNER","stage":"mem","model":"b2_resnet","target":"aarch64-unknown-linux-gnu","completed":150,"hal_peak":309416,"peak_within_bounded":true,"admitted_budget_bytes":309416,"peak_within_admitted_budget":true,"admission_mode":"conditional_map","hal_bytes_per_call_amortized":297209.9,"process_rss_kb":7796,"process_rss_delta_init_kb":664,"max_active_calls":1,"active_calls_now":0,"call_counter_balanced":true}
EVS Port1 1980-012-14:13:21.04782 66/1/CFE_TIME 20: Start FLYWHEEL
EVS Port1 1980-012-14:13:23.06893 66/1/CFE_TIME 21: Stop FLYWHEEL
EVS Port1 1980-012-14:13:24.76187 66/1/AI_LEARNER 4: AI_LEARNER completed=151/151 mean=636090.2us max=2049732.3us hal_peak=309416 within_bounded=1
{"app":"AI_LEARNER","stage":"run","model":"b2_resnet","target":"aarch64-unknown-linux-gnu","attempted":151,"completed":151,"fail_input":0,"fail_invoke":0,"fail_output":0,"mean_us":636090.18,"max_us":2049732.26,"last_us":2049732.26,"out0":0.35208,"out_elems":10,"out_sha256":"c379f179e94deb6f8c5587a6daa455c8296ff2c51c636e9786b9659fcc21efab","out_head":[0.352085,0.001092,0.001759,0.063552,0.332795,0.006340],"out_tail":[0.332795,0.006340,0.203565,0.013287,0.019282,0.006242],"out_full_file":"/cf/last_out.json","out_full_file_bytes":184,"out_full_file_reason":"ok","out_record_truncates":false}
{"app":"AI_LEARNER","stage":"mem","model":"b2_resnet","target":"aarch64-unknown-linux-gnu","completed":151,"hal_peak":309416,"peak_within_bounded":true,"admitted_budget_bytes":309416,"peak_within_admitted_budget":true,"admission_mode":"conditional_map","hal_bytes_per_call_amortized":297209.4,"process_rss_kb":7796,"process_rss_delta_init_kb":664,"max_active_calls":1,"active_calls_now":0,"call_counter_balanced":true}
.EVS Port1 1980-012-14:13:26.02131 66/1/CFE_TIME 21: Stop FLYWHEEL
EVS Port1 1980-012-14:13:27.02005 66/1/CFE_TIME 20: Start FLYWHEEL
EVS Port1 1980-012-14:13:28.02661 66/1/CFE_TIME 21: Stop FLYWHEEL
EVS Port1 1980-012-14:13:28.99794 66/1/CFE_TIME 20: Start FLYWHEEL
EVS Port1 1980-012-14:13:29.08187 66/1/AI_LEARNER 4: AI_LEARNER completed=152/152 mean=647648.4us max=2392935.0us hal_peak=309416 within_bounded=1
{"app":"AI_LEARNER","stage":"run","model":"b2_resnet","target":"aarch64-unknown-linux-gnu","attempted":152,"completed":152,"fail_input":0,"fail_invoke":0,"fail_output":0,"mean_us":647648.37,"max_us":2392935.02,"last_us":2392935.02,"out0":0.35208,"out_elems":10,"out_sha256":"c379f179e94deb6f8c5587a6daa455c8296ff2c51c636e9786b9659fcc21efab","out_head":[0.352085,0.001092,0.001759,0.063552,0.332795,0.006340],"out_tail":[0.332795,0.006340,0.203565,0.013287,0.019282,0.006242],"out_full_file":"/cf/last_out.json","out_full_file_bytes":184,"out_full_file_reason":"ok","out_record_truncates":false}
{"app":"AI_LEARNER","stage":"mem","model":"b2_resnet","target":"aarch64-unknown-linux-gnu","completed":152,"hal_peak":309416,"peak_within_bounded":true,"admitted_budget_bytes":309416,"peak_within_admitted_budget":true,"admission_mode":"conditional_map","hal_bytes_per_call_amortized":297208.8,"process_rss_kb":7796,"process_rss_delta_init_kb":664,"max_active_calls":1,"active_calls_now":0,"call_counter_balanced":true}
EVS Port1 1980-012-14:13:30.04862 66/1/CFE_TIME 21: Stop FLYWHEEL
EVS Port1 1980-012-14:13:30.97900 66/1/CFE_TIME 20: Start FLYWHEEL
.EVS Port1 1980-012-14:13:32.91708 66/1/AI_LEARNER 4: AI_LEARNER completed=153/153 mean=657918.9us max=2392935.0us hal_peak=309416 within_bounded=1
{"app":"AI_LEARNER","stage":"run","model":"b2_resnet","target":"aarch64-unknown-linux-gnu","attempted":153,"completed":153,"fail_input":0,"fail_invoke":0,"fail_output":0,"mean_us":657918.88,"max_us":2392935.02,"last_us":2219035.50,"out0":0.35208,"out_elems":10,"out_sha256":"c379f179e94deb6f8c5587a6daa455c8296ff2c51c636e9786b9659fcc21efab","out_head":[0.352085,0.001092,0.001759,0.063552,0.332795,0.006340],"out_tail":[0.332795,0.006340,0.203565,0.013287,0.019282,0.006242],"out_full_file":"/cf/last_out.json","out_full_file_bytes":184,"out_full_file_reason":"ok","out_record_truncates":false}
{"app":"AI_LEARNER","stage":"mem","model":"b2_resnet","target":"aarch64-unknown-linux-gnu","completed":153,"hal_peak":309416,"peak_within_bounded":true,"admitted_budget_bytes":309416,"peak_within_admitted_budget":true,"admission_mode":"conditional_map","hal_bytes_per_call_amortized":297208.3,"process_rss_kb":7796,"process_rss_delta_init_kb":664,"max_active_calls":1,"active_calls_now":0,"call_counter_balanced":true}
EVS Port1 1980-012-14:13:33.04829 66/1/CFE_TIME 21: Stop FLYWHEEL
EVS Port1 1980-012-14:13:33.98417 66/1/CFE_TIME 20: Start FLYWHEEL
EVS Port1 1980-012-14:13:36.83668 66/1/AI_LEARNER 4: AI_LEARNER completed=154/154 mean=667549.8us max=2392935.0us hal_peak=309416 within_bounded=1
{"app":"AI_LEARNER","stage":"run","model":"b2_resnet","target":"aarch64-unknown-linux-gnu","attempted":154,"completed":154,"fail_input":0,"fail_invoke":0,"fail_output":0,"mean_us":667549.75,"max_us":2392935.02,"last_us":2141073.41,"out0":0.35208,"out_elems":10,"out_sha256":"c379f179e94deb6f8c5587a6daa455c8296ff2c51c636e9786b9659fcc21efab","out_head":[0.352085,0.001092,0.001759,0.063552,0.332795,0.006340],"out_tail":[0.332795,0.006340,0.203565,0.013287,0.019282,0.006242],"out_full_file":"/cf/last_out.json","out_full_file_bytes":184,"out_full_file_reason":"ok","out_record_truncates":false}
{"app":"AI_LEARNER","stage":"mem","model":"b2_resnet","target":"aarch64-unknown-linux-gnu","completed":154,"hal_peak":309416,"peak_within_bounded":true,"admitted_budget_bytes":309416,"peak_within_admitted_budget":true,"admission_mode":"conditional_map","hal_bytes_per_call_amortized":297207.8,"process_rss_kb":7796,"process_rss_delta_init_kb":664,"max_active_calls":1,"active_calls_now":0,"call_counter_balanced":true}
.EVS Port1 1980-012-14:13:40.69326 66/1/AI_LEARNER 4: AI_LEARNER completed=155/155 mean=676044.0us max=2392935.0us hal_peak=309416 within_bounded=1
{"app":"AI_LEARNER","stage":"run","model":"b2_resnet","target":"aarch64-unknown-linux-gnu","attempted":155,"completed":155,"fail_input":0,"fail_invoke":0,"fail_output":0,"mean_us":676043.99,"max_us":2392935.02,"last_us":1984156.35,"out0":0.35208,"out_elems":10,"out_sha256":"c379f179e94deb6f8c5587a6daa455c8296ff2c51c636e9786b9659fcc21efab","out_head":[0.352085,0.001092,0.001759,0.063552,0.332795,0.006340],"out_tail":[0.332795,0.006340,0.203565,0.013287,0.019282,0.006242],"out_full_file":"/cf/last_out.json","out_full_file_bytes":184,"out_full_file_reason":"ok","out_record_truncates":false}
{"app":"AI_LEARNER","stage":"mem","model":"b2_resnet","target":"aarch64-unknown-linux-gnu","completed":155,"hal_peak":309416,"peak_within_bounded":true,"admitted_budget_bytes":309416,"peak_within_admitted_budget":true,"admission_mode":"conditional_map","hal_bytes_per_call_amortized":297207.3,"process_rss_kb":7796,"process_rss_delta_init_kb":664,"max_active_calls":1,"active_calls_now":0,"call_counter_balanced":true}
.EVS Port1 1980-012-14:13:44.54689 66/1/AI_LEARNER 4: AI_LEARNER completed=156/156 mean=683454.8us max=2392935.0us hal_peak=309416 within_bounded=1
{"app":"AI_LEARNER","stage":"run","model":"b2_resnet","target":"aarch64-unknown-linux-gnu","attempted":156,"completed":156,"fail_input":0,"fail_invoke":0,"fail_output":0,"mean_us":683454.76,"max_us":2392935.02,"last_us":1832125.34,"out0":0.35208,"out_elems":10,"out_sha256":"c379f179e94deb6f8c5587a6daa455c8296ff2c51c636e9786b9659fcc21efab","out_head":[0.352085,0.001092,0.001759,0.063552,0.332795,0.006340],"out_tail":[0.332795,0.006340,0.203565,0.013287,0.019282,0.006242],"out_full_file":"/cf/last_out.json","out_full_file_bytes":184,"out_full_file_reason":"ok","out_record_truncates":false}
{"app":"AI_LEARNER","stage":"mem","model":"b2_resnet","target":"aarch64-unknown-linux-gnu","completed":156,"hal_peak":309416,"peak_within_bounded":true,"admitted_budget_bytes":309416,"peak_within_admitted_budget":true,"admission_mode":"conditional_map","hal_bytes_per_call_amortized":297206.8,"process_rss_kb":7796,"process_rss_delta_init_kb":664,"max_active_calls":1,"active_calls_now":0,"call_counter_balanced":true}
EVS Port1 1980-012-14:13:45.01629 66/1/CFE_TIME 21: Stop FLYWHEEL
EVS Port1 1980-012-14:13:45.98715 66/1/CFE_TIME 20: Start FLYWHEEL
EVS Port1 1980-012-14:13:48.48767 66/1/AI_LEARNER 4: AI_LEARNER completed=157/157 mean=690420.2us max=2392935.0us hal_peak=309416 within_bounded=1
{"app":"AI_LEARNER","stage":"run","model":"b2_resnet","target":"aarch64-unknown-linux-gnu","attempted":157,"completed":157,"fail_input":0,"fail_invoke":0,"fail_output":0,"mean_us":690420.18,"max_us":2392935.02,"last_us":1777024.91,"out0":0.35208,"out_elems":10,"out_sha256":"c379f179e94deb6f8c5587a6daa455c8296ff2c51c636e9786b9659fcc21efab","out_head":[0.352085,0.001092,0.001759,0.063552,0.332795,0.006340],"out_tail":[0.332795,0.006340,0.203565,0.013287,0.019282,0.006242],"out_full_file":"/cf/last_out.json","out_full_file_bytes":184,"out_full_file_reason":"ok","out_record_truncates":false}
{"app":"AI_LEARNER","stage":"mem","model":"b2_resnet","target":"aarch64-unknown-linux-gnu","completed":157,"hal_peak":309416,"peak_within_bounded":true,"admitted_budget_bytes":309416,"peak_within_admitted_budget":true,"admission_mode":"conditional_map","hal_bytes_per_call_amortized":297206.3,"process_rss_kb":7796,"process_rss_delta_init_kb":664,"max_active_calls":1,"active_calls_now":0,"call_counter_balanced":true}
.EVS Port1 1980-012-14:13:52.07414 66/1/CFE_TIME 21: Stop FLYWHEEL
EVS Port1 1980-012-14:13:52.76118 66/1/AI_LEARNER 4: AI_LEARNER completed=158/158 mean=699094.7us max=2392935.0us hal_peak=309416 within_bounded=1
{"app":"AI_LEARNER","stage":"run","model":"b2_resnet","target":"aarch64-unknown-linux-gnu","attempted":158,"completed":158,"fail_input":0,"fail_invoke":0,"fail_output":0,"mean_us":699094.70,"max_us":2392935.02,"last_us":2060993.81,"out0":0.35208,"out_elems":10,"out_sha256":"c379f179e94deb6f8c5587a6daa455c8296ff2c51c636e9786b9659fcc21efab","out_head":[0.352085,0.001092,0.001759,0.063552,0.332795,0.006340],"out_tail":[0.332795,0.006340,0.203565,0.013287,0.019282,0.006242],"out_full_file":"/cf/last_out.json","out_full_file_bytes":184,"out_full_file_reason":"ok","out_record_truncates":false}
{"app":"AI_LEARNER","stage":"mem","model":"b2_resnet","target":"aarch64-unknown-linux-gnu","completed":158,"hal_peak":309416,"peak_within_bounded":true,"admitted_budget_bytes":309416,"peak_within_admitted_budget":true,"admission_mode":"conditional_map","hal_bytes_per_call_amortized":297205.8,"process_rss_kb":7796,"process_rss_delta_init_kb":664,"max_active_calls":1,"active_calls_now":0,"call_counter_balanced":true}
EVS Port1 1980-012-14:13:53.00196 66/1/CFE_TIME 20: Start FLYWHEEL
.EVS Port1 1980-012-14:13:56.53588 66/1/AI_LEARNER 4: AI_LEARNER completed=159/159 mean=705929.2us max=2392935.0us hal_peak=309416 within_bounded=1
{"app":"AI_LEARNER","stage":"run","model":"b2_resnet","target":"aarch64-unknown-linux-gnu","attempted":159,"completed":159,"fail_input":0,"fail_invoke":0,"fail_output":0,"mean_us":705929.17,"max_us":2392935.02,"last_us":1785775.62,"out0":0.35208,"out_elems":10,"out_sha256":"c379f179e94deb6f8c5587a6daa455c8296ff2c51c636e9786b9659fcc21efab","out_head":[0.352085,0.001092,0.001759,0.063552,0.332795,0.006340],"out_tail":[0.332795,0.006340,0.203565,0.013287,0.019282,0.006242],"out_full_file":"/cf/last_out.json","out_full_file_bytes":184,"out_full_file_reason":"ok","out_record_truncates":false}
{"app":"AI_LEARNER","stage":"mem","model":"b2_resnet","target":"aarch64-unknown-linux-gnu","completed":159,"hal_peak":309416,"peak_within_bounded":true,"admitted_budget_bytes":309416,"peak_within_admitted_budget":true,"admission_mode":"conditional_map","hal_bytes_per_call_amortized":297205.3,"process_rss_kb":7796,"process_rss_delta_init_kb":664,"max_active_calls":1,"active_calls_now":0,"call_counter_balanced":true}
EVS Port1 1980-012-14:14:00.60798 66/1/AI_LEARNER 4: AI_LEARNER completed=160/160 mean=713428.4us max=2392935.0us hal_peak=309416 within_bounded=1
{"app":"AI_LEARNER","stage":"run","model":"b2_resnet","target":"aarch64-unknown-linux-gnu","attempted":160,"completed":160,"fail_input":0,"fail_invoke":0,"fail_output":0,"mean_us":713428.35,"max_us":2392935.02,"last_us":1905798.74,"out0":0.35208,"out_elems":10,"out_sha256":"c379f179e94deb6f8c5587a6daa455c8296ff2c51c636e9786b9659fcc21efab","out_head":[0.352085,0.001092,0.001759,0.063552,0.332795,0.006340],"out_tail":[0.332795,0.006340,0.203565,0.013287,0.019282,0.006242],"out_full_file":"/cf/last_out.json","out_full_file_bytes":184,"out_full_file_reason":"ok","out_record_truncates":false}
{"app":"AI_LEARNER","stage":"mem","model":"b2_resnet","target":"aarch64-unknown-linux-gnu","completed":160,"hal_peak":309416,"peak_within_bounded":true,"admitted_budget_bytes":309416,"peak_within_admitted_budget":true,"admission_mode":"conditional_map","hal_bytes_per_call_amortized":297204.8,"process_rss_kb":7796,"process_rss_delta_init_kb":664,"max_active_calls":1,"active_calls_now":0,"call_counter_balanced":true}
EVS Port1 1980-012-14:14:01.00924 66/1/CFE_TIME 21: Stop FLYWHEEL
.EVS Port1 1980-012-14:14:02.00335 66/1/CFE_TIME 20: Start FLYWHEEL
EVS Port1 1980-012-14:14:03.01124 66/1/CFE_TIME 21: Stop FLYWHEEL
EVS Port1 1980-012-14:14:03.99897 66/1/CFE_TIME 20: Start FLYWHEEL
EVS Port1 1980-012-14:14:04.93397 66/1/AI_LEARNER 4: AI_LEARNER completed=161/161 mean=722713.5us max=2392935.0us hal_peak=309416 within_bounded=1
{"app":"AI_LEARNER","stage":"run","model":"b2_resnet","target":"aarch64-unknown-linux-gnu","attempted":161,"completed":161,"fail_input":0,"fail_invoke":0,"fail_output":0,"mean_us":722713.55,"max_us":2392935.02,"last_us":2208344.88,"out0":0.35208,"out_elems":10,"out_sha256":"c379f179e94deb6f8c5587a6daa455c8296ff2c51c636e9786b9659fcc21efab","out_head":[0.352085,0.001092,0.001759,0.063552,0.332795,0.006340],"out_tail":[0.332795,0.006340,0.203565,0.013287,0.019282,0.006242],"out_full_file":"/cf/last_out.json","out_full_file_bytes":184,"out_full_file_reason":"ok","out_record_truncates":false}
{"app":"AI_LEARNER","stage":"mem","model":"b2_resnet","target":"aarch64-unknown-linux-gnu","completed":161,"hal_peak":309416,"peak_within_bounded":true,"admitted_budget_bytes":309416,"peak_within_admitted_budget":true,"admission_mode":"conditional_map","hal_bytes_per_call_amortized":297204.3,"process_rss_kb":7796,"process_rss_delta_init_kb":664,"max_active_calls":1,"active_calls_now":0,"call_counter_balanced":true}
EVS Port1 1980-012-14:14:06.10031 66/1/CFE_TIME 20: Start FLYWHEEL
EVS Port1 1980-012-14:14:06.03330 66/1/CFE_TIME 21: Stop FLYWHEEL
.EVS Port1 1980-012-14:14:08.04486 66/1/CFE_TIME 21: Stop FLYWHEEL
EVS Port1 1980-012-14:14:08.91998 66/1/AI_LEARNER 4: AI_LEARNER completed=162/162 mean=731653.5us max=2392935.0us hal_peak=309416 within_bounded=1
{"app":"AI_LEARNER","stage":"run","model":"b2_resnet","target":"aarch64-unknown-linux-gnu","attempted":162,"completed":162,"fail_input":0,"fail_invoke":0,"fail_output":0,"mean_us":731653.48,"max_us":2392935.02,"last_us":2170982.11,"out0":0.35208,"out_elems":10,"out_sha256":"c379f179e94deb6f8c5587a6daa455c8296ff2c51c636e9786b9659fcc21efab","out_head":[0.352085,0.001092,0.001759,0.063552,0.332795,0.006340],"out_tail":[0.332795,0.006340,0.203565,0.013287,0.019282,0.006242],"out_full_file":"/cf/last_out.json","out_full_file_bytes":184,"out_full_file_reason":"ok","out_record_truncates":false}
{"app":"AI_LEARNER","stage":"mem","model":"b2_resnet","target":"aarch64-unknown-linux-gnu","completed":162,"hal_peak":309416,"peak_within_bounded":true,"admitted_budget_bytes":309416,"peak_within_admitted_budget":true,"admission_mode":"conditional_map","hal_bytes_per_call_amortized":297203.9,"process_rss_kb":7796,"process_rss_delta_init_kb":664,"max_active_calls":1,"active_calls_now":0,"call_counter_balanced":true}
EVS Port1 1980-012-14:14:09.00227 66/1/CFE_TIME 20: Start FLYWHEEL
EVS Port1 1980-012-14:14:10.02415 66/1/CFE_TIME 21: Stop FLYWHEEL
EVS Port1 1980-012-14:14:11.01228 66/1/CFE_TIME 20: Start FLYWHEEL
EVS Port1 1980-012-14:14:13.12222 66/1/CFE_TIME 20: Start FLYWHEEL
EVS Port1 1980-012-14:14:13.13536 66/1/AI_LEARNER 4: AI_LEARNER completed=163/163 mean=741954.6us max=2410733.5us hal_peak=309416 within_bounded=1
{"app":"AI_LEARNER","stage":"run","model":"b2_resnet","target":"aarch64-unknown-linux-gnu","attempted":163,"completed":163,"fail_input":0,"fail_invoke":0,"fail_output":0,"mean_us":741954.58,"max_us":2410733.50,"last_us":2410733.50,"out0":0.35208,"out_elems":10,"out_sha256":"c379f179e94deb6f8c5587a6daa455c8296ff2c51c636e9786b9659fcc21efab","out_head":[0.352085,0.001092,0.001759,0.063552,0.332795,0.006340],"out_tail":[0.332795,0.006340,0.203565,0.013287,0.019282,0.006242],"out_full_file":"/cf/last_out.json","out_full_file_bytes":184,"out_full_file_reason":"ok","out_record_truncates":false}
{"app":"AI_LEARNER","stage":"mem","model":"b2_resnet","target":"aarch64-unknown-linux-gnu","completed":163,"hal_peak":309416,"peak_within_bounded":true,"admitted_budget_bytes":309416,"peak_within_admitted_budget":true,"admission_mode":"conditional_map","hal_bytes_per_call_amortized":297203.4,"process_rss_kb":7796,"process_rss_delta_init_kb":664,"max_active_calls":1,"active_calls_now":0,"call_counter_balanced":true}
.EVS Port1 1980-012-14:14:14.03202 66/1/CFE_TIME 21: Stop FLYWHEEL
EVS Port1 1980-012-14:14:16.87704 66/1/AI_LEARNER 4: AI_LEARNER completed=164/164 mean=750618.8us max=2410733.5us hal_peak=309416 within_bounded=1
{"app":"AI_LEARNER","stage":"run","model":"b2_resnet","target":"aarch64-unknown-linux-gnu","attempted":164,"completed":164,"fail_input":0,"fail_invoke":0,"fail_output":0,"mean_us":750618.79,"max_us":2410733.50,"last_us":2162884.96,"out0":0.35208,"out_elems":10,"out_sha256":"c379f179e94deb6f8c5587a6daa455c8296ff2c51c636e9786b9659fcc21efab","out_head":[0.352085,0.001092,0.001759,0.063552,0.332795,0.006340],"out_tail":[0.332795,0.006340,0.203565,0.013287,0.019282,0.006242],"out_full_file":"/cf/last_out.json","out_full_file_bytes":184,"out_full_file_reason":"ok","out_record_truncates":false}
{"app":"AI_LEARNER","stage":"mem","model":"b2_resnet","target":"aarch64-unknown-linux-gnu","completed":164,"hal_peak":309416,"peak_within_bounded":true,"admitted_budget_bytes":309416,"peak_within_admitted_budget":true,"admission_mode":"conditional_map","hal_bytes_per_call_amortized":297202.9,"process_rss_kb":7796,"process_rss_delta_init_kb":664,"max_active_calls":1,"active_calls_now":0,"call_counter_balanced":true}
EVS Port1 1980-012-14:14:17.01824 66/1/CFE_TIME 21: Stop FLYWHEEL
EVS Port1 1980-012-14:14:18.00001 66/1/CFE_TIME 20: Start FLYWHEEL
.EVS Port1 1980-012-14:14:20.88325 66/1/AI_LEARNER 4: AI_LEARNER completed=165/165 mean=759191.3us max=2410733.5us hal_peak=309416 within_bounded=1
{"app":"AI_LEARNER","stage":"run","model":"b2_resnet","target":"aarch64-unknown-linux-gnu","attempted":165,"completed":165,"fail_input":0,"fail_invoke":0,"fail_output":0,"mean_us":759191.29,"max_us":2410733.50,"last_us":2165081.58,"out0":0.35208,"out_elems":10,"out_sha256":"c379f179e94deb6f8c5587a6daa455c8296ff2c51c636e9786b9659fcc21efab","out_head":[0.352085,0.001092,0.001759,0.063552,0.332795,0.006340],"out_tail":[0.332795,0.006340,0.203565,0.013287,0.019282,0.006242],"out_full_file":"/cf/last_out.json","out_full_file_bytes":184,"out_full_file_reason":"ok","out_record_truncates":false}
{"app":"AI_LEARNER","stage":"mem","model":"b2_resnet","target":"aarch64-unknown-linux-gnu","completed":165,"hal_peak":309416,"peak_within_bounded":true,"admitted_budget_bytes":309416,"peak_within_admitted_budget":true,"admission_mode":"conditional_map","hal_bytes_per_call_amortized":297202.5,"process_rss_kb":7796,"process_rss_delta_init_kb":664,"max_active_calls":1,"active_calls_now":0,"call_counter_balanced":true}
EVS Port1 1980-012-14:14:24.85206 66/1/AI_LEARNER 4: AI_LEARNER completed=166/166 mean=767130.0us max=2410733.5us hal_peak=309416 within_bounded=1
{"app":"AI_LEARNER","stage":"run","model":"b2_resnet","target":"aarch64-unknown-linux-gnu","attempted":166,"completed":166,"fail_input":0,"fail_invoke":0,"fail_output":0,"mean_us":767130.01,"max_us":2410733.50,"last_us":2077018.50,"out0":0.35208,"out_elems":10,"out_sha256":"c379f179e94deb6f8c5587a6daa455c8296ff2c51c636e9786b9659fcc21efab","out_head":[0.352085,0.001092,0.001759,0.063552,0.332795,0.006340],"out_tail":[0.332795,0.006340,0.203565,0.013287,0.019282,0.006242],"out_full_file":"/cf/last_out.json","out_full_file_bytes":184,"out_full_file_reason":"ok","out_record_truncates":false}
{"app":"AI_LEARNER","stage":"mem","model":"b2_resnet","target":"aarch64-unknown-linux-gnu","completed":166,"hal_peak":309416,"peak_within_bounded":true,"admitted_budget_bytes":309416,"peak_within_admitted_budget":true,"admission_mode":"conditional_map","hal_bytes_per_call_amortized":297202.0,"process_rss_kb":7796,"process_rss_delta_init_kb":664,"max_active_calls":1,"active_calls_now":0,"call_counter_balanced":true}
EVS Port1 1980-012-14:14:25.09907 66/1/CFE_TIME 20: Start FLYWHEEL
EVS Port1 1980-012-14:14:25.02423 66/1/CFE_TIME 21: Stop FLYWHEEL
.EVS Port1 1980-012-14:14:28.05133 66/1/CFE_TIME 21: Stop FLYWHEEL
EVS Port1 1980-012-14:14:28.89823 66/1/AI_LEARNER 4: AI_LEARNER completed=167/167 mean=775801.4us max=2410733.5us hal_peak=309416 within_bounded=1
{"app":"AI_LEARNER","stage":"run","model":"b2_resnet","target":"aarch64-unknown-linux-gnu","attempted":167,"completed":167,"fail_input":0,"fail_invoke":0,"fail_output":0,"mean_us":775801.36,"max_us":2410733.50,"last_us":2215244.88,"out0":0.35208,"out_elems":10,"out_sha256":"c379f179e94deb6f8c5587a6daa455c8296ff2c51c636e9786b9659fcc21efab","out_head":[0.352085,0.001092,0.001759,0.063552,0.332795,0.006340],"out_tail":[0.332795,0.006340,0.203565,0.013287,0.019282,0.006242],"out_full_file":"/cf/last_out.json","out_full_file_bytes":184,"out_full_file_reason":"ok","out_record_truncates":false}
{"app":"AI_LEARNER","stage":"mem","model":"b2_resnet","target":"aarch64-unknown-linux-gnu","completed":167,"hal_peak":309416,"peak_within_bounded":true,"admitted_budget_bytes":309416,"peak_within_admitted_budget":true,"admission_mode":"conditional_map","hal_bytes_per_call_amortized":297201.6,"process_rss_kb":7796,"process_rss_delta_init_kb":664,"max_active_calls":1,"active_calls_now":0,"call_counter_balanced":true}
EVS Port1 1980-012-14:14:29.01718 66/1/CFE_TIME 20: Start FLYWHEEL
EVS Port1 1980-012-14:14:30.02404 66/1/CFE_TIME 21: Stop FLYWHEEL
EVS Port1 1980-012-14:14:31.00511 66/1/CFE_TIME 20: Start FLYWHEEL
.EVS Port1 1980-012-14:14:32.26208 66/1/AI_LEARNER 4: AI_LEARNER completed=168/168 mean=780183.2us max=2410733.5us hal_peak=309416 within_bounded=1
{"app":"AI_LEARNER","stage":"run","model":"b2_resnet","target":"aarch64-unknown-linux-gnu","attempted":168,"completed":168,"fail_input":0,"fail_invoke":0,"fail_output":0,"mean_us":780183.22,"max_us":2410733.50,"last_us":1511953.86,"out0":0.35208,"out_elems":10,"out_sha256":"c379f179e94deb6f8c5587a6daa455c8296ff2c51c636e9786b9659fcc21efab","out_head":[0.352085,0.001092,0.001759,0.063552,0.332795,0.006340],"out_tail":[0.332795,0.006340,0.203565,0.013287,0.019282,0.006242],"out_full_file":"/cf/last_out.json","out_full_file_bytes":184,"out_full_file_reason":"ok","out_record_truncates":false}
{"app":"AI_LEARNER","stage":"mem","model":"b2_resnet","target":"aarch64-unknown-linux-gnu","completed":168,"hal_peak":309416,"peak_within_bounded":true,"admitted_budget_bytes":309416,"peak_within_admitted_budget":true,"admission_mode":"conditional_map","hal_bytes_per_call_amortized":297201.1,"process_rss_kb":7796,"process_rss_delta_init_kb":664,"max_active_calls":1,"active_calls_now":0,"call_counter_balanced":true}
EVS Port1 1980-012-14:14:33.18722 66/1/CFE_TIME 20: Start FLYWHEEL
EVS Port1 1980-012-14:14:34.03288 66/1/CFE_TIME 21: Stop FLYWHEEL
EVS Port1 1980-012-14:14:36.70735 66/1/AI_LEARNER 4: AI_LEARNER completed=169/169 mean=787430.1us max=2410733.5us hal_peak=309416 within_bounded=1
{"app":"AI_LEARNER","stage":"run","model":"b2_resnet","target":"aarch64-unknown-linux-gnu","attempted":169,"completed":169,"fail_input":0,"fail_invoke":0,"fail_output":0,"mean_us":787430.05,"max_us":2410733.50,"last_us":2004898.22,"out0":0.35208,"out_elems":10,"out_sha256":"c379f179e94deb6f8c5587a6daa455c8296ff2c51c636e9786b9659fcc21efab","out_head":[0.352085,0.001092,0.001759,0.063552,0.332795,0.006340],"out_tail":[0.332795,0.006340,0.203565,0.013287,0.019282,0.006242],"out_full_file":"/cf/last_out.json","out_full_file_bytes":184,"out_full_file_reason":"ok","out_record_truncates":false}
{"app":"AI_LEARNER","stage":"mem","model":"b2_resnet","target":"aarch64-unknown-linux-gnu","completed":169,"hal_peak":309416,"peak_within_bounded":true,"admitted_budget_bytes":309416,"peak_within_admitted_budget":true,"admission_mode":"conditional_map","hal_bytes_per_call_amortized":297200.7,"process_rss_kb":7796,"process_rss_delta_init_kb":664,"max_active_calls":1,"active_calls_now":0,"call_counter_balanced":true}
.EVS Port1 1980-012-14:14:38.01969 66/1/CFE_TIME 21: Stop FLYWHEEL
EVS Port1 1980-012-14:14:39.05020 66/1/CFE_TIME 20: Start FLYWHEEL
EVS Port1 1980-012-14:14:40.02209 66/1/CFE_TIME 21: Stop FLYWHEEL
EVS Port1 1980-012-14:14:40.99310 66/1/CFE_TIME 20: Start FLYWHEEL
EVS Port1 1980-012-14:14:41.06620 66/1/AI_LEARNER 4: AI_LEARNER completed=170/170 mean=796925.5us max=2410733.5us hal_peak=309416 within_bounded=1
{"app":"AI_LEARNER","stage":"run","model":"b2_resnet","target":"aarch64-unknown-linux-gnu","attempted":170,"completed":170,"fail_input":0,"fail_invoke":0,"fail_output":0,"mean_us":796925.47,"max_us":2410733.50,"last_us":2401651.54,"out0":0.35208,"out_elems":10,"out_sha256":"c379f179e94deb6f8c5587a6daa455c8296ff2c51c636e9786b9659fcc21efab","out_head":[0.352085,0.001092,0.001759,0.063552,0.332795,0.006340],"out_tail":[0.332795,0.006340,0.203565,0.013287,0.019282,0.006242],"out_full_file":"/cf/last_out.json","out_full_file_bytes":184,"out_full_file_reason":"ok","out_record_truncates":false}
{"app":"AI_LEARNER","stage":"mem","model":"b2_resnet","target":"aarch64-unknown-linux-gnu","completed":170,"hal_peak":309416,"peak_within_bounded":true,"admitted_budget_bytes":309416,"peak_within_admitted_budget":true,"admission_mode":"conditional_map","hal_bytes_per_call_amortized":297200.3,"process_rss_kb":7796,"process_rss_delta_init_kb":664,"max_active_calls":1,"active_calls_now":0,"call_counter_balanced":true}
.EVS Port1 1980-012-14:14:44.00610 66/1/CFE_TIME 20: Start FLYWHEEL
EVS Port1 1980-012-14:14:44.02848 66/1/CFE_TIME 21: Stop FLYWHEEL
EVS Port1 1980-012-14:14:45.01112 66/1/AI_LEARNER 4: AI_LEARNER completed=171/171 mean=805931.2us max=2410733.5us hal_peak=309416 within_bounded=1
{"app":"AI_LEARNER","stage":"run","model":"b2_resnet","target":"aarch64-unknown-linux-gnu","attempted":171,"completed":171,"fail_input":0,"fail_invoke":0,"fail_output":0,"mean_us":805931.22,"max_us":2410733.50,"last_us":2336908.19,"out0":0.35208,"out_elems":10,"out_sha256":"c379f179e94deb6f8c5587a6daa455c8296ff2c51c636e9786b9659fcc21efab","out_head":[0.352085,0.001092,0.001759,0.063552,0.332795,0.006340],"out_tail":[0.332795,0.006340,0.203565,0.013287,0.019282,0.006242],"out_full_file":"/cf/last_out.json","out_full_file_bytes":184,"out_full_file_reason":"ok","out_record_truncates":false}
{"app":"AI_LEARNER","stage":"mem","model":"b2_resnet","target":"aarch64-unknown-linux-gnu","completed":171,"hal_peak":309416,"peak_within_bounded":true,"admitted_budget_bytes":309416,"peak_within_admitted_budget":true,"admission_mode":"conditional_map","hal_bytes_per_call_amortized":297199.9,"process_rss_kb":7796,"process_rss_delta_init_kb":664,"max_active_calls":1,"active_calls_now":0,"call_counter_balanced":true}
EVS Port1 1980-012-14:14:47.82420 66/1/AI_LEARNER 4: AI_LEARNER completed=172/172 mean=813222.6us max=2410733.5us hal_peak=309416 within_bounded=1
{"app":"AI_LEARNER","stage":"run","model":"b2_resnet","target":"aarch64-unknown-linux-gnu","attempted":172,"completed":172,"fail_input":0,"fail_invoke":0,"fail_output":0,"mean_us":813222.57,"max_us":2410733.50,"last_us":2060044.05,"out0":0.35208,"out_elems":10,"out_sha256":"c379f179e94deb6f8c5587a6daa455c8296ff2c51c636e9786b9659fcc21efab","out_head":[0.352085,0.001092,0.001759,0.063552,0.332795,0.006340],"out_tail":[0.332795,0.006340,0.203565,0.013287,0.019282,0.006242],"out_full_file":"/cf/last_out.json","out_full_file_bytes":184,"out_full_file_reason":"ok","out_record_truncates":false}
{"app":"AI_LEARNER","stage":"mem","model":"b2_resnet","target":"aarch64-unknown-linux-gnu","completed":172,"hal_peak":309416,"peak_within_bounded":true,"admitted_budget_bytes":309416,"peak_within_admitted_budget":true,"admission_mode":"conditional_map","hal_bytes_per_call_amortized":297199.4,"process_rss_kb":7796,"process_rss_delta_init_kb":664,"max_active_calls":1,"active_calls_now":0,"call_counter_balanced":true}
EVS Port1 1980-012-14:14:48.01684 66/1/CFE_TIME 21: Stop FLYWHEEL
.EVS Port1 1980-012-14:14:48.99880 66/1/CFE_TIME 20: Start FLYWHEEL
EVS Port1 1980-012-14:14:51.59883 66/1/AI_LEARNER 4: AI_LEARNER completed=173/173 mean=819351.4us max=2410733.5us hal_peak=309416 within_bounded=1
{"app":"AI_LEARNER","stage":"run","model":"b2_resnet","target":"aarch64-unknown-linux-gnu","attempted":173,"completed":173,"fail_input":0,"fail_invoke":0,"fail_output":0,"mean_us":819351.41,"max_us":2410733.50,"last_us":1873510.58,"out0":0.35208,"out_elems":10,"out_sha256":"c379f179e94deb6f8c5587a6daa455c8296ff2c51c636e9786b9659fcc21efab","out_head":[0.352085,0.001092,0.001759,0.063552,0.332795,0.006340],"out_tail":[0.332795,0.006340,0.203565,0.013287,0.019282,0.006242],"out_full_file":"/cf/last_out.json","out_full_file_bytes":184,"out_full_file_reason":"ok","out_record_truncates":false}
{"app":"AI_LEARNER","stage":"mem","model":"b2_resnet","target":"aarch64-unknown-linux-gnu","completed":173,"hal_peak":309416,"peak_within_bounded":true,"admitted_budget_bytes":309416,"peak_within_admitted_budget":true,"admission_mode":"conditional_map","hal_bytes_per_call_amortized":297199.0,"process_rss_kb":7796,"process_rss_delta_init_kb":664,"max_active_calls":1,"active_calls_now":0,"call_counter_balanced":true}
EVS Port1 1980-012-14:14:52.03404 66/1/CFE_TIME 21: Stop FLYWHEEL
EVS Port1 1980-012-14:14:52.99119 66/1/CFE_TIME 20: Start FLYWHEEL
.EVS Port1 1980-012-14:14:55.66241 66/1/AI_LEARNER 4: AI_LEARNER completed=174/174 mean=825894.6us max=2410733.5us hal_peak=309416 within_bounded=1
{"app":"AI_LEARNER","stage":"run","model":"b2_resnet","target":"aarch64-unknown-linux-gnu","attempted":174,"completed":174,"fail_input":0,"fail_invoke":0,"fail_output":0,"mean_us":825894.63,"max_us":2410733.50,"last_us":1957872.99,"out0":0.35208,"out_elems":10,"out_sha256":"c379f179e94deb6f8c5587a6daa455c8296ff2c51c636e9786b9659fcc21efab","out_head":[0.352085,0.001092,0.001759,0.063552,0.332795,0.006340],"out_tail":[0.332795,0.006340,0.203565,0.013287,0.019282,0.006242],"out_full_file":"/cf/last_out.json","out_full_file_bytes":184,"out_full_file_reason":"ok","out_record_truncates":false}
{"app":"AI_LEARNER","stage":"mem","model":"b2_resnet","target":"aarch64-unknown-linux-gnu","completed":174,"hal_peak":309416,"peak_within_bounded":true,"admitted_budget_bytes":309416,"peak_within_admitted_budget":true,"admission_mode":"conditional_map","hal_bytes_per_call_amortized":297198.6,"process_rss_kb":7796,"process_rss_delta_init_kb":664,"max_active_calls":1,"active_calls_now":0,"call_counter_balanced":true}
EVS Port1 1980-012-14:14:56.02702 66/1/CFE_TIME 21: Stop FLYWHEEL
EVS Port1 1980-012-14:14:56.99609 66/1/CFE_TIME 20: Start FLYWHEEL
EVS Port1 1980-012-14:14:59.55728 66/1/AI_LEARNER 4: AI_LEARNER completed=175/175 mean=831802.6us max=2410733.5us hal_peak=309416 within_bounded=1
{"app":"AI_LEARNER","stage":"run","model":"b2_resnet","target":"aarch64-unknown-linux-gnu","attempted":175,"completed":175,"fail_input":0,"fail_invoke":0,"fail_output":0,"mean_us":831802.56,"max_us":2410733.50,"last_us":1859781.07,"out0":0.35208,"out_elems":10,"out_sha256":"c379f179e94deb6f8c5587a6daa455c8296ff2c51c636e9786b9659fcc21efab","out_head":[0.352085,0.001092,0.001759,0.063552,0.332795,0.006340],"out_tail":[0.332795,0.006340,0.203565,0.013287,0.019282,0.006242],"out_full_file":"/cf/last_out.json","out_full_file_bytes":184,"out_full_file_reason":"ok","out_record_truncates":false}
{"app":"AI_LEARNER","stage":"mem","model":"b2_resnet","target":"aarch64-unknown-linux-gnu","completed":175,"hal_peak":309416,"peak_within_bounded":true,"admitted_budget_bytes":309416,"peak_within_admitted_budget":true,"admission_mode":"conditional_map","hal_bytes_per_call_amortized":297198.2,"process_rss_kb":7796,"process_rss_delta_init_kb":664,"max_active_calls":1,"active_calls_now":0,"call_counter_balanced":true}
.EVS Port1 1980-012-14:15:02.09291 66/1/CFE_TIME 20: Start FLYWHEEL
EVS Port1 1980-012-14:15:03.02714 66/1/CFE_TIME 21: Stop FLYWHEEL
EVS Port1 1980-012-14:15:03.78396 66/1/AI_LEARNER 4: AI_LEARNER completed=176/176 mean=839256.0us max=2410733.5us hal_peak=309416 within_bounded=1
{"app":"AI_LEARNER","stage":"run","model":"b2_resnet","target":"aarch64-unknown-linux-gnu","attempted":176,"completed":176,"fail_input":0,"fail_invoke":0,"fail_output":0,"mean_us":839256.02,"max_us":2410733.50,"last_us":2143612.40,"out0":0.35208,"out_elems":10,"out_sha256":"c379f179e94deb6f8c5587a6daa455c8296ff2c51c636e9786b9659fcc21efab","out_head":[0.352085,0.001092,0.001759,0.063552,0.332795,0.006340],"out_tail":[0.332795,0.006340,0.203565,0.013287,0.019282,0.006242],"out_full_file":"/cf/last_out.json","out_full_file_bytes":184,"out_full_file_reason":"ok","out_record_truncates":false}
{"app":"AI_LEARNER","stage":"mem","model":"b2_resnet","target":"aarch64-unknown-linux-gnu","completed":176,"hal_peak":309416,"peak_within_bounded":true,"admitted_budget_bytes":309416,"peak_within_admitted_budget":true,"admission_mode":"conditional_map","hal_bytes_per_call_amortized":297197.8,"process_rss_kb":7796,"process_rss_delta_init_kb":664,"max_active_calls":1,"active_calls_now":0,"call_counter_balanced":true}
.EVS Port1 1980-012-14:15:07.02413 66/1/CFE_TIME 21: Stop FLYWHEEL
EVS Port1 1980-012-14:15:07.98196 66/1/AI_LEARNER 4: AI_LEARNER completed=177/177 mean=847212.1us max=2410733.5us hal_peak=309416 within_bounded=1
EVS Port1 1980-012-14:15:07.99531 66/1/CFE_TIME 20: Start FLYWHEEL
{"app":"AI_LEARNER","stage":"run","model":"b2_resnet","target":"aarch64-unknown-linux-gnu","attempted":177,"completed":177,"fail_input":0,"fail_invoke":0,"fail_output":0,"mean_us":847212.13,"max_us":2410733.50,"last_us":2247486.77,"out0":0.35208,"out_elems":10,"out_sha256":"c379f179e94deb6f8c5587a6daa455c8296ff2c51c636e9786b9659fcc21efab","out_head":[0.352085,0.001092,0.001759,0.063552,0.332795,0.006340],"out_tail":[0.332795,0.006340,0.203565,0.013287,0.019282,0.006242],"out_full_file":"/cf/last_out.json","out_full_file_bytes":184,"out_full_file_reason":"ok","out_record_truncates":false}
{"app":"AI_LEARNER","stage":"mem","model":"b2_resnet","target":"aarch64-unknown-linux-gnu","completed":177,"hal_peak":309416,"peak_within_bounded":true,"admitted_budget_bytes":309416,"peak_within_admitted_budget":true,"admission_mode":"conditional_map","hal_bytes_per_call_amortized":297197.4,"process_rss_kb":7796,"process_rss_delta_init_kb":664,"max_active_calls":1,"active_calls_now":0,"call_counter_balanced":true}
EVS Port1 1980-012-14:15:10.06089 66/1/CFE_TIME 21: Stop FLYWHEEL
EVS Port1 1980-012-14:15:11.00006 66/1/CFE_TIME 20: Start FLYWHEEL
EVS Port1 1980-012-14:15:11.97001 66/1/AI_LEARNER 4: AI_LEARNER completed=178/178 mean=855139.8us max=2410733.5us hal_peak=309416 within_bounded=1
{"app":"AI_LEARNER","stage":"run","model":"b2_resnet","target":"aarch64-unknown-linux-gnu","attempted":178,"completed":178,"fail_input":0,"fail_invoke":0,"fail_output":0,"mean_us":855139.84,"max_us":2410733.50,"last_us":2258344.67,"out0":0.35208,"out_elems":10,"out_sha256":"c379f179e94deb6f8c5587a6daa455c8296ff2c51c636e9786b9659fcc21efab","out_head":[0.352085,0.001092,0.001759,0.063552,0.332795,0.006340],"out_tail":[0.332795,0.006340,0.203565,0.013287,0.019282,0.006242],"out_full_file":"/cf/last_out.json","out_full_file_bytes":184,"out_full_file_reason":"ok","out_record_truncates":false}
{"app":"AI_LEARNER","stage":"mem","model":"b2_resnet","target":"aarch64-unknown-linux-gnu","completed":178,"hal_peak":309416,"peak_within_bounded":true,"admitted_budget_bytes":309416,"peak_within_admitted_budget":true,"admission_mode":"conditional_map","hal_bytes_per_call_amortized":297197.0,"process_rss_kb":7796,"process_rss_delta_init_kb":664,"max_active_calls":1,"active_calls_now":0,"call_counter_balanced":true}
EVS Port1 1980-012-14:15:12.02735 66/1/CFE_TIME 21: Stop FLYWHEEL
.EVS Port1 1980-012-14:15:12.98600 66/1/CFE_TIME 20: Start FLYWHEEL
EVS Port1 1980-012-14:15:15.03804 66/1/CFE_TIME 20: Start FLYWHEEL
EVS Port1 1980-012-14:15:15.70716 66/1/AI_LEARNER 4: AI_LEARNER completed=179/179 mean=861427.7us max=2410733.5us hal_peak=309416 within_bounded=1
{"app":"AI_LEARNER","stage":"run","model":"b2_resnet","target":"aarch64-unknown-linux-gnu","attempted":179,"completed":179,"fail_input":0,"fail_invoke":0,"fail_output":0,"mean_us":861427.71,"max_us":2410733.50,"last_us":1980669.81,"out0":0.35208,"out_elems":10,"out_sha256":"c379f179e94deb6f8c5587a6daa455c8296ff2c51c636e9786b9659fcc21efab","out_head":[0.352085,0.001092,0.001759,0.063552,0.332795,0.006340],"out_tail":[0.332795,0.006340,0.203565,0.013287,0.019282,0.006242],"out_full_file":"/cf/last_out.json","out_full_file_bytes":184,"out_full_file_reason":"ok","out_record_truncates":false}
{"app":"AI_LEARNER","stage":"mem","model":"b2_resnet","target":"aarch64-unknown-linux-gnu","completed":179,"hal_peak":309416,"peak_within_bounded":true,"admitted_budget_bytes":309416,"peak_within_admitted_budget":true,"admission_mode":"conditional_map","hal_bytes_per_call_amortized":297196.6,"process_rss_kb":7796,"process_rss_delta_init_kb":664,"max_active_calls":1,"active_calls_now":0,"call_counter_balanced":true}
EVS Port1 1980-012-14:15:17.03981 66/1/CFE_TIME 21: Stop FLYWHEEL
.EVS Port1 1980-012-14:15:20.09310 66/1/CFE_TIME 20: Start FLYWHEEL
EVS Port1 1980-012-14:15:20.28305 66/1/AI_LEARNER 4: AI_LEARNER completed=180/180 mean=870605.0us max=2513331.3us hal_peak=309416 within_bounded=1
{"app":"AI_LEARNER","stage":"run","model":"b2_resnet","target":"aarch64-unknown-linux-gnu","attempted":180,"completed":180,"fail_input":0,"fail_invoke":0,"fail_output":0,"mean_us":870604.96,"max_us":2513331.30,"last_us":2513331.30,"out0":0.35208,"out_elems":10,"out_sha256":"c379f179e94deb6f8c5587a6daa455c8296ff2c51c636e9786b9659fcc21efab","out_head":[0.352085,0.001092,0.001759,0.063552,0.332795,0.006340],"out_tail":[0.332795,0.006340,0.203565,0.013287,0.019282,0.006242],"out_full_file":"/cf/last_out.json","out_full_file_bytes":184,"out_full_file_reason":"ok","out_record_truncates":false}
{"app":"AI_LEARNER","stage":"mem","model":"b2_resnet","target":"aarch64-unknown-linux-gnu","completed":180,"hal_peak":309416,"peak_within_bounded":true,"admitted_budget_bytes":309416,"peak_within_admitted_budget":true,"admission_mode":"conditional_map","hal_bytes_per_call_amortized":297196.3,"process_rss_kb":7796,"process_rss_delta_init_kb":664,"max_active_calls":1,"active_calls_now":0,"call_counter_balanced":true}
EVS Port1 1980-012-14:15:24.10485 66/1/AI_LEARNER 4: AI_LEARNER completed=181/181 mean=878463.4us max=2513331.3us hal_peak=309416 within_bounded=1
{"app":"AI_LEARNER","stage":"run","model":"b2_resnet","target":"aarch64-unknown-linux-gnu","attempted":181,"completed":181,"fail_input":0,"fail_invoke":0,"fail_output":0,"mean_us":878463.44,"max_us":2513331.30,"last_us":2292990.59,"out0":0.35208,"out_elems":10,"out_sha256":"c379f179e94deb6f8c5587a6daa455c8296ff2c51c636e9786b9659fcc21efab","out_head":[0.352085,0.001092,0.001759,0.063552,0.332795,0.006340],"out_tail":[0.332795,0.006340,0.203565,0.013287,0.019282,0.006242],"out_full_file":"/cf/last_out.json","out_full_file_bytes":184,"out_full_file_reason":"ok","out_record_truncates":false}
{"app":"AI_LEARNER","stage":"mem","model":"b2_resnet","target":"aarch64-unknown-linux-gnu","completed":181,"hal_peak":309416,"peak_within_bounded":true,"admitted_budget_bytes":309416,"peak_within_admitted_budget":true,"admission_mode":"conditional_map","hal_bytes_per_call_amortized":297195.9,"process_rss_kb":7796,"process_rss_delta_init_kb":664,"max_active_calls":1,"active_calls_now":0,"call_counter_balanced":true}
EVS Port1 1980-012-14:15:24.02645 66/1/CFE_TIME 21: Stop FLYWHEEL
.EVS Port1 1980-012-14:15:27.04106 66/1/CFE_TIME 21: Stop FLYWHEEL
EVS Port1 1980-012-14:15:27.98416 66/1/CFE_TIME 20: Start FLYWHEEL
EVS Port1 1980-012-14:15:28.02871 66/1/AI_LEARNER 4: AI_LEARNER completed=182/182 mean=886508.0us max=2513331.3us hal_peak=309416 within_bounded=1
{"app":"AI_LEARNER","stage":"run","model":"b2_resnet","target":"aarch64-unknown-linux-gnu","attempted":182,"completed":182,"fail_input":0,"fail_invoke":0,"fail_output":0,"mean_us":886507.99,"max_us":2513331.30,"last_us":2342571.17,"out0":0.35208,"out_elems":10,"out_sha256":"c379f179e94deb6f8c5587a6daa455c8296ff2c51c636e9786b9659fcc21efab","out_head":[0.352085,0.001092,0.001759,0.063552,0.332795,0.006340],"out_tail":[0.332795,0.006340,0.203565,0.013287,0.019282,0.006242],"out_full_file":"/cf/last_out.json","out_full_file_bytes":184,"out_full_file_reason":"ok","out_record_truncates":false}
{"app":"AI_LEARNER","stage":"mem","model":"b2_resnet","target":"aarch64-unknown-linux-gnu","completed":182,"hal_peak":309416,"peak_within_bounded":true,"admitted_budget_bytes":309416,"peak_within_admitted_budget":true,"admission_mode":"conditional_map","hal_bytes_per_call_amortized":297195.5,"process_rss_kb":7796,"process_rss_delta_init_kb":664,"max_active_calls":1,"active_calls_now":0,"call_counter_balanced":true}
.EVS Port1 1980-012-14:15:31.87878 66/1/AI_LEARNER 4: AI_LEARNER completed=183/183 mean=893238.7us max=2513331.3us hal_peak=309416 within_bounded=1
{"app":"AI_LEARNER","stage":"run","model":"b2_resnet","target":"aarch64-unknown-linux-gnu","attempted":183,"completed":183,"fail_input":0,"fail_invoke":0,"fail_output":0,"mean_us":893238.69,"max_us":2513331.30,"last_us":2118226.32,"out0":0.35208,"out_elems":10,"out_sha256":"c379f179e94deb6f8c5587a6daa455c8296ff2c51c636e9786b9659fcc21efab","out_head":[0.352085,0.001092,0.001759,0.063552,0.332795,0.006340],"out_tail":[0.332795,0.006340,0.203565,0.013287,0.019282,0.006242],"out_full_file":"/cf/last_out.json","out_full_file_bytes":184,"out_full_file_reason":"ok","out_record_truncates":false}
{"app":"AI_LEARNER","stage":"mem","model":"b2_resnet","target":"aarch64-unknown-linux-gnu","completed":183,"hal_peak":309416,"peak_within_bounded":true,"admitted_budget_bytes":309416,"peak_within_admitted_budget":true,"admission_mode":"conditional_map","hal_bytes_per_call_amortized":297195.1,"process_rss_kb":7796,"process_rss_delta_init_kb":664,"max_active_calls":1,"active_calls_now":0,"call_counter_balanced":true}
EVS Port1 1980-012-14:15:32.04626 66/1/CFE_TIME 20: Start FLYWHEEL
EVS Port1 1980-012-14:15:32.01020 66/1/CFE_TIME 21: Stop FLYWHEEL
EVS Port1 1980-012-14:15:35.15332 66/1/CFE_TIME 21: Stop FLYWHEEL
EVS Port1 1980-012-14:15:35.83494 66/1/AI_LEARNER 4: AI_LEARNER completed=184/184 mean=899982.2us max=2513331.3us hal_peak=309416 within_bounded=1
{"app":"AI_LEARNER","stage":"run","model":"b2_resnet","target":"aarch64-unknown-linux-gnu","attempted":184,"completed":184,"fail_input":0,"fail_invoke":0,"fail_output":0,"mean_us":899982.22,"max_us":2513331.30,"last_us":2134049.04,"out0":0.35208,"out_elems":10,"out_sha256":"c379f179e94deb6f8c5587a6daa455c8296ff2c51c636e9786b9659fcc21efab","out_head":[0.352085,0.001092,0.001759,0.063552,0.332795,0.006340],"out_tail":[0.332795,0.006340,0.203565,0.013287,0.019282,0.006242],"out_full_file":"/cf/last_out.json","out_full_file_bytes":184,"out_full_file_reason":"ok","out_record_truncates":false}
{"app":"AI_LEARNER","stage":"mem","model":"b2_resnet","target":"aarch64-unknown-linux-gnu","completed":184,"hal_peak":309416,"peak_within_bounded":true,"admitted_budget_bytes":309416,"peak_within_admitted_budget":true,"admission_mode":"conditional_map","hal_bytes_per_call_amortized":297194.8,"process_rss_kb":7796,"process_rss_delta_init_kb":664,"max_active_calls":1,"active_calls_now":0,"call_counter_balanced":true}
EVS Port1 1980-012-14:15:35.98608 66/1/CFE_TIME 20: Start FLYWHEEL
.EVS Port1 1980-012-14:15:40.05001 66/1/AI_LEARNER 4: AI_LEARNER completed=185/185 mean=907650.3us max=2513331.3us hal_peak=309416 within_bounded=1
EVS Port1 1980-012-14:15:40.06491 66/1/CFE_TIME 20: Start FLYWHEEL
{"app":"AI_LEARNER","stage":"run","model":"b2_resnet","target":"aarch64-unknown-linux-gnu","attempted":185,"completed":185,"fail_input":0,"fail_invoke":0,"fail_output":0,"mean_us":907650.34,"max_us":2513331.30,"last_us":2318584.24,"out0":0.35208,"out_elems":10,"out_sha256":"c379f179e94deb6f8c5587a6daa455c8296ff2c51c636e9786b9659fcc21efab","out_head":[0.352085,0.001092,0.001759,0.063552,0.332795,0.006340],"out_tail":[0.332795,0.006340,0.203565,0.013287,0.019282,0.006242],"out_full_file":"/cf/last_out.json","out_full_file_bytes":184,"out_full_file_reason":"ok","out_record_truncates":false}
{"app":"AI_LEARNER","stage":"mem","model":"b2_resnet","target":"aarch64-unknown-linux-gnu","completed":185,"hal_peak":309416,"peak_within_bounded":true,"admitted_budget_bytes":309416,"peak_within_admitted_budget":true,"admission_mode":"conditional_map","hal_bytes_per_call_amortized":297194.4,"process_rss_kb":7796,"process_rss_delta_init_kb":664,"max_active_calls":1,"active_calls_now":0,"call_counter_balanced":true}
EVS Port1 1980-012-14:15:41.00328 66/1/CFE_TIME 21: Stop FLYWHEEL
.EVS Port1 1980-012-14:15:42.36196 66/1/AI_LEARNER 4: AI_LEARNER completed=186/186 mean=906283.6us max=2513331.3us hal_peak=309416 within_bounded=1
{"app":"AI_LEARNER","stage":"run","model":"b2_resnet","target":"aarch64-unknown-linux-gnu","attempted":186,"completed":186,"fail_input":0,"fail_invoke":0,"fail_output":0,"mean_us":906283.55,"max_us":2513331.30,"last_us":653427.02,"out0":0.35208,"out_elems":10,"out_sha256":"c379f179e94deb6f8c5587a6daa455c8296ff2c51c636e9786b9659fcc21efab","out_head":[0.352085,0.001092,0.001759,0.063552,0.332795,0.006340],"out_tail":[0.332795,0.006340,0.203565,0.013287,0.019282,0.006242],"out_full_file":"/cf/last_out.json","out_full_file_bytes":184,"out_full_file_reason":"ok","out_record_truncates":false}
{"app":"AI_LEARNER","stage":"mem","model":"b2_resnet","target":"aarch64-unknown-linux-gnu","completed":186,"hal_peak":309416,"peak_within_bounded":true,"admitted_budget_bytes":309416,"peak_within_admitted_budget":true,"admission_mode":"conditional_map","hal_bytes_per_call_amortized":297194.1,"process_rss_kb":7796,"process_rss_delta_init_kb":664,"max_active_calls":1,"active_calls_now":0,"call_counter_balanced":true}
EVS Port1 1980-012-14:15:46.25387 66/1/AI_LEARNER 4: AI_LEARNER completed=187/187 mean=904319.6us max=2513331.3us hal_peak=309416 within_bounded=1
{"app":"AI_LEARNER","stage":"run","model":"b2_resnet","target":"aarch64-unknown-linux-gnu","attempted":187,"completed":187,"fail_input":0,"fail_invoke":0,"fail_output":0,"mean_us":904319.59,"max_us":2513331.30,"last_us":539023.38,"out0":0.35208,"out_elems":10,"out_sha256":"c379f179e94deb6f8c5587a6daa455c8296ff2c51c636e9786b9659fcc21efab","out_head":[0.352085,0.001092,0.001759,0.063552,0.332795,0.006340],"out_tail":[0.332795,0.006340,0.203565,0.013287,0.019282,0.006242],"out_full_file":"/cf/last_out.json","out_full_file_bytes":184,"out_full_file_reason":"ok","out_record_truncates":false}
{"app":"AI_LEARNER","stage":"mem","model":"b2_resnet","target":"aarch64-unknown-linux-gnu","completed":187,"hal_peak":309416,"peak_within_bounded":true,"admitted_budget_bytes":309416,"peak_within_admitted_budget":true,"admission_mode":"conditional_map","hal_bytes_per_call_amortized":297193.7,"process_rss_kb":7796,"process_rss_delta_init_kb":664,"max_active_calls":1,"active_calls_now":0,"call_counter_balanced":true}
.EVS Port1 1980-012-14:15:50.29609 66/1/AI_LEARNER 4: AI_LEARNER completed=188/188 mean=902520.8us max=2513331.3us hal_peak=309416 within_bounded=1
{"app":"AI_LEARNER","stage":"run","model":"b2_resnet","target":"aarch64-unknown-linux-gnu","attempted":188,"completed":188,"fail_input":0,"fail_invoke":0,"fail_output":0,"mean_us":902520.80,"max_us":2513331.30,"last_us":566147.20,"out0":0.35208,"out_elems":10,"out_sha256":"c379f179e94deb6f8c5587a6daa455c8296ff2c51c636e9786b9659fcc21efab","out_head":[0.352085,0.001092,0.001759,0.063552,0.332795,0.006340],"out_tail":[0.332795,0.006340,0.203565,0.013287,0.019282,0.006242],"out_full_file":"/cf/last_out.json","out_full_file_bytes":184,"out_full_file_reason":"ok","out_record_truncates":false}
{"app":"AI_LEARNER","stage":"mem","model":"b2_resnet","target":"aarch64-unknown-linux-gnu","completed":188,"hal_peak":309416,"peak_within_bounded":true,"admitted_budget_bytes":309416,"peak_within_admitted_budget":true,"admission_mode":"conditional_map","hal_bytes_per_call_amortized":297193.4,"process_rss_kb":7796,"process_rss_delta_init_kb":664,"max_active_calls":1,"active_calls_now":0,"call_counter_balanced":true}
.EVS Port1 1980-012-14:15:54.28266 66/1/AI_LEARNER 4: AI_LEARNER completed=189/189 mean=900748.2us max=2513331.3us hal_peak=309416 within_bounded=1
{"app":"AI_LEARNER","stage":"run","model":"b2_resnet","target":"aarch64-unknown-linux-gnu","attempted":189,"completed":189,"fail_input":0,"fail_invoke":0,"fail_output":0,"mean_us":900748.15,"max_us":2513331.30,"last_us":567489.49,"out0":0.35208,"out_elems":10,"out_sha256":"c379f179e94deb6f8c5587a6daa455c8296ff2c51c636e9786b9659fcc21efab","out_head":[0.352085,0.001092,0.001759,0.063552,0.332795,0.006340],"out_tail":[0.332795,0.006340,0.203565,0.013287,0.019282,0.006242],"out_full_file":"/cf/last_out.json","out_full_file_bytes":184,"out_full_file_reason":"ok","out_record_truncates":false}
{"app":"AI_LEARNER","stage":"mem","model":"b2_resnet","target":"aarch64-unknown-linux-gnu","completed":189,"hal_peak":309416,"peak_within_bounded":true,"admitted_budget_bytes":309416,"peak_within_admitted_budget":true,"admission_mode":"conditional_map","hal_bytes_per_call_amortized":297193.0,"process_rss_kb":7796,"process_rss_delta_init_kb":664,"max_active_calls":1,"active_calls_now":0,"call_counter_balanced":true}
EVS Port1 1980-012-14:15:58.31341 66/1/AI_LEARNER 4: AI_LEARNER completed=190/190 mean=899120.3us max=2513331.3us hal_peak=309416 within_bounded=1
{"app":"AI_LEARNER","stage":"run","model":"b2_resnet","target":"aarch64-unknown-linux-gnu","attempted":190,"completed":190,"fail_input":0,"fail_invoke":0,"fail_output":0,"mean_us":899120.30,"max_us":2513331.30,"last_us":591456.50,"out0":0.35208,"out_elems":10,"out_sha256":"c379f179e94deb6f8c5587a6daa455c8296ff2c51c636e9786b9659fcc21efab","out_head":[0.352085,0.001092,0.001759,0.063552,0.332795,0.006340],"out_tail":[0.332795,0.006340,0.203565,0.013287,0.019282,0.006242],"out_full_file":"/cf/last_out.json","out_full_file_bytes":184,"out_full_file_reason":"ok","out_record_truncates":false}
{"app":"AI_LEARNER","stage":"mem","model":"b2_resnet","target":"aarch64-unknown-linux-gnu","completed":190,"hal_peak":309416,"peak_within_bounded":true,"admitted_budget_bytes":309416,"peak_within_admitted_budget":true,"admission_mode":"conditional_map","hal_bytes_per_call_amortized":297192.7,"process_rss_kb":7796,"process_rss_delta_init_kb":664,"max_active_calls":1,"active_calls_now":0,"call_counter_balanced":true}
.EVS Port1 1980-012-14:16:02.30950 66/1/AI_LEARNER 4: AI_LEARNER completed=191/191 mean=897537.1us max=2513331.3us hal_peak=309416 within_bounded=1
{"app":"AI_LEARNER","stage":"run","model":"b2_resnet","target":"aarch64-unknown-linux-gnu","attempted":191,"completed":191,"fail_input":0,"fail_invoke":0,"fail_output":0,"mean_us":897537.09,"max_us":2513331.30,"last_us":596726.24,"out0":0.35208,"out_elems":10,"out_sha256":"c379f179e94deb6f8c5587a6daa455c8296ff2c51c636e9786b9659fcc21efab","out_head":[0.352085,0.001092,0.001759,0.063552,0.332795,0.006340],"out_tail":[0.332795,0.006340,0.203565,0.013287,0.019282,0.006242],"out_full_file":"/cf/last_out.json","out_full_file_bytes":184,"out_full_file_reason":"ok","out_record_truncates":false}
{"app":"AI_LEARNER","stage":"mem","model":"b2_resnet","target":"aarch64-unknown-linux-gnu","completed":191,"hal_peak":309416,"peak_within_bounded":true,"admitted_budget_bytes":309416,"peak_within_admitted_budget":true,"admission_mode":"conditional_map","hal_bytes_per_call_amortized":297192.3,"process_rss_kb":7796,"process_rss_delta_init_kb":664,"max_active_calls":1,"active_calls_now":0,"call_counter_balanced":true}
EVS Port1 1980-012-14:16:03.00334 66/1/CFE_TIME 21: Stop FLYWHEEL
EVS Port1 1980-012-14:16:03.99810 66/1/CFE_TIME 20: Start FLYWHEEL
.EVS Port1 1980-012-14:16:06.25578 66/1/AI_LEARNER 4: AI_LEARNER completed=192/192 mean=895649.6us max=2513331.3us hal_peak=309416 within_bounded=1
{"app":"AI_LEARNER","stage":"run","model":"b2_resnet","target":"aarch64-unknown-linux-gnu","attempted":192,"completed":192,"fail_input":0,"fail_invoke":0,"fail_output":0,"mean_us":895649.58,"max_us":2513331.30,"last_us":535135.23,"out0":0.35208,"out_elems":10,"out_sha256":"c379f179e94deb6f8c5587a6daa455c8296ff2c51c636e9786b9659fcc21efab","out_head":[0.352085,0.001092,0.001759,0.063552,0.332795,0.006340],"out_tail":[0.332795,0.006340,0.203565,0.013287,0.019282,0.006242],"out_full_file":"/cf/last_out.json","out_full_file_bytes":184,"out_full_file_reason":"ok","out_record_truncates":false}
{"app":"AI_LEARNER","stage":"mem","model":"b2_resnet","target":"aarch64-unknown-linux-gnu","completed":192,"hal_peak":309416,"peak_within_bounded":true,"admitted_budget_bytes":309416,"peak_within_admitted_budget":true,"admission_mode":"conditional_map","hal_bytes_per_call_amortized":297192.0,"process_rss_kb":7796,"process_rss_delta_init_kb":664,"max_active_calls":1,"active_calls_now":0,"call_counter_balanced":true}
EVS Port1 1980-012-14:16:10.40010 66/1/AI_LEARNER 4: AI_LEARNER completed=193/193 mean=894489.7us max=2513331.3us hal_peak=309416 within_bounded=1
{"app":"AI_LEARNER","stage":"run","model":"b2_resnet","target":"aarch64-unknown-linux-gnu","attempted":193,"completed":193,"fail_input":0,"fail_invoke":0,"fail_output":0,"mean_us":894489.75,"max_us":2513331.30,"last_us":671802.85,"out0":0.35208,"out_elems":10,"out_sha256":"c379f179e94deb6f8c5587a6daa455c8296ff2c51c636e9786b9659fcc21efab","out_head":[0.352085,0.001092,0.001759,0.063552,0.332795,0.006340],"out_tail":[0.332795,0.006340,0.203565,0.013287,0.019282,0.006242],"out_full_file":"/cf/last_out.json","out_full_file_bytes":184,"out_full_file_reason":"ok","out_record_truncates":false}
{"app":"AI_LEARNER","stage":"mem","model":"b2_resnet","target":"aarch64-unknown-linux-gnu","completed":193,"hal_peak":309416,"peak_within_bounded":true,"admitted_budget_bytes":309416,"peak_within_admitted_budget":true,"admission_mode":"conditional_map","hal_bytes_per_call_amortized":297191.7,"process_rss_kb":7796,"process_rss_delta_init_kb":664,"max_active_calls":1,"active_calls_now":0,"call_counter_balanced":true}
.EVS Port1 1980-012-14:16:14.29148 66/1/AI_LEARNER 4: AI_LEARNER completed=194/194 mean=892779.7us max=2513331.3us hal_peak=309416 within_bounded=1
{"app":"AI_LEARNER","stage":"run","model":"b2_resnet","target":"aarch64-unknown-linux-gnu","attempted":194,"completed":194,"fail_input":0,"fail_invoke":0,"fail_output":0,"mean_us":892779.66,"max_us":2513331.30,"last_us":562733.42,"out0":0.35208,"out_elems":10,"out_sha256":"c379f179e94deb6f8c5587a6daa455c8296ff2c51c636e9786b9659fcc21efab","out_head":[0.352085,0.001092,0.001759,0.063552,0.332795,0.006340],"out_tail":[0.332795,0.006340,0.203565,0.013287,0.019282,0.006242],"out_full_file":"/cf/last_out.json","out_full_file_bytes":184,"out_full_file_reason":"ok","out_record_truncates":false}
{"app":"AI_LEARNER","stage":"mem","model":"b2_resnet","target":"aarch64-unknown-linux-gnu","completed":194,"hal_peak":309416,"peak_within_bounded":true,"admitted_budget_bytes":309416,"peak_within_admitted_budget":true,"admission_mode":"conditional_map","hal_bytes_per_call_amortized":297191.3,"process_rss_kb":7796,"process_rss_delta_init_kb":664,"max_active_calls":1,"active_calls_now":0,"call_counter_balanced":true}
.EVS Port1 1980-012-14:16:18.27162 66/1/AI_LEARNER 4: AI_LEARNER completed=195/195 mean=891051.5us max=2513331.3us hal_peak=309416 within_bounded=1
{"app":"AI_LEARNER","stage":"run","model":"b2_resnet","target":"aarch64-unknown-linux-gnu","attempted":195,"completed":195,"fail_input":0,"fail_invoke":0,"fail_output":0,"mean_us":891051.52,"max_us":2513331.30,"last_us":555791.22,"out0":0.35208,"out_elems":10,"out_sha256":"c379f179e94deb6f8c5587a6daa455c8296ff2c51c636e9786b9659fcc21efab","out_head":[0.352085,0.001092,0.001759,0.063552,0.332795,0.006340],"out_tail":[0.332795,0.006340,0.203565,0.013287,0.019282,0.006242],"out_full_file":"/cf/last_out.json","out_full_file_bytes":184,"out_full_file_reason":"ok","out_record_truncates":false}
{"app":"AI_LEARNER","stage":"mem","model":"b2_resnet","target":"aarch64-unknown-linux-gnu","completed":195,"hal_peak":309416,"peak_within_bounded":true,"admitted_budget_bytes":309416,"peak_within_admitted_budget":true,"admission_mode":"conditional_map","hal_bytes_per_call_amortized":297191.0,"process_rss_kb":7796,"process_rss_delta_init_kb":664,"max_active_calls":1,"active_calls_now":0,"call_counter_balanced":true}
EVS Port1 1980-012-14:16:22.24464 66/1/AI_LEARNER 4: AI_LEARNER completed=196/196 mean=889218.6us max=2513331.3us hal_peak=309416 within_bounded=1
{"app":"AI_LEARNER","stage":"run","model":"b2_resnet","target":"aarch64-unknown-linux-gnu","attempted":196,"completed":196,"fail_input":0,"fail_invoke":0,"fail_output":0,"mean_us":889218.57,"max_us":2513331.30,"last_us":531794.16,"out0":0.35208,"out_elems":10,"out_sha256":"c379f179e94deb6f8c5587a6daa455c8296ff2c51c636e9786b9659fcc21efab","out_head":[0.352085,0.001092,0.001759,0.063552,0.332795,0.006340],"out_tail":[0.332795,0.006340,0.203565,0.013287,0.019282,0.006242],"out_full_file":"/cf/last_out.json","out_full_file_bytes":184,"out_full_file_reason":"ok","out_record_truncates":false}
{"app":"AI_LEARNER","stage":"mem","model":"b2_resnet","target":"aarch64-unknown-linux-gnu","completed":196,"hal_peak":309416,"peak_within_bounded":true,"admitted_budget_bytes":309416,"peak_within_admitted_budget":true,"admission_mode":"conditional_map","hal_bytes_per_call_amortized":297190.7,"process_rss_kb":7796,"process_rss_delta_init_kb":664,"max_active_calls":1,"active_calls_now":0,"call_counter_balanced":true}
.EVS Port1 1980-012-14:16:26.25802 66/1/AI_LEARNER 4: AI_LEARNER completed=197/197 mean=887472.2us max=2513331.3us hal_peak=309416 within_bounded=1
{"app":"AI_LEARNER","stage":"run","model":"b2_resnet","target":"aarch64-unknown-linux-gnu","attempted":197,"completed":197,"fail_input":0,"fail_invoke":0,"fail_output":0,"mean_us":887472.18,"max_us":2513331.30,"last_us":545179.68,"out0":0.35208,"out_elems":10,"out_sha256":"c379f179e94deb6f8c5587a6daa455c8296ff2c51c636e9786b9659fcc21efab","out_head":[0.352085,0.001092,0.001759,0.063552,0.332795,0.006340],"out_tail":[0.332795,0.006340,0.203565,0.013287,0.019282,0.006242],"out_full_file":"/cf/last_out.json","out_full_file_bytes":184,"out_full_file_reason":"ok","out_record_truncates":false}
{"app":"AI_LEARNER","stage":"mem","model":"b2_resnet","target":"aarch64-unknown-linux-gnu","completed":197,"hal_peak":309416,"peak_within_bounded":true,"admitted_budget_bytes":309416,"peak_within_admitted_budget":true,"admission_mode":"conditional_map","hal_bytes_per_call_amortized":297190.4,"process_rss_kb":7796,"process_rss_delta_init_kb":664,"max_active_calls":1,"active_calls_now":0,"call_counter_balanced":true}
.EVS Port1 1980-012-14:16:30.45565 66/1/AI_LEARNER 4: AI_LEARNER completed=198/198 mean=886689.3us max=2513331.3us hal_peak=309416 within_bounded=1
{"app":"AI_LEARNER","stage":"run","model":"b2_resnet","target":"aarch64-unknown-linux-gnu","attempted":198,"completed":198,"fail_input":0,"fail_invoke":0,"fail_output":0,"mean_us":886689.33,"max_us":2513331.30,"last_us":732467.81,"out0":0.35208,"out_elems":10,"out_sha256":"c379f179e94deb6f8c5587a6daa455c8296ff2c51c636e9786b9659fcc21efab","out_head":[0.352085,0.001092,0.001759,0.063552,0.332795,0.006340],"out_tail":[0.332795,0.006340,0.203565,0.013287,0.019282,0.006242],"out_full_file":"/cf/last_out.json","out_full_file_bytes":184,"out_full_file_reason":"ok","out_record_truncates":false}
{"app":"AI_LEARNER","stage":"mem","model":"b2_resnet","target":"aarch64-unknown-linux-gnu","completed":198,"hal_peak":309416,"peak_within_bounded":true,"admitted_budget_bytes":309416,"peak_within_admitted_budget":true,"admission_mode":"conditional_map","hal_bytes_per_call_amortized":297190.1,"process_rss_kb":7796,"process_rss_delta_init_kb":664,"max_active_calls":1,"active_calls_now":0,"call_counter_balanced":true}
EVS Port1 1980-012-14:16:34.27099 66/1/AI_LEARNER 4: AI_LEARNER completed=199/199 mean=884891.1us max=2513331.3us hal_peak=309416 within_bounded=1
{"app":"AI_LEARNER","stage":"run","model":"b2_resnet","target":"aarch64-unknown-linux-gnu","attempted":199,"completed":199,"fail_input":0,"fail_invoke":0,"fail_output":0,"mean_us":884891.07,"max_us":2513331.30,"last_us":528835.52,"out0":0.35208,"out_elems":10,"out_sha256":"c379f179e94deb6f8c5587a6daa455c8296ff2c51c636e9786b9659fcc21efab","out_head":[0.352085,0.001092,0.001759,0.063552,0.332795,0.006340],"out_tail":[0.332795,0.006340,0.203565,0.013287,0.019282,0.006242],"out_full_file":"/cf/last_out.json","out_full_file_bytes":184,"out_full_file_reason":"ok","out_record_truncates":false}
{"app":"AI_LEARNER","stage":"mem","model":"b2_resnet","target":"aarch64-unknown-linux-gnu","completed":199,"hal_peak":309416,"peak_within_bounded":true,"admitted_budget_bytes":309416,"peak_within_admitted_budget":true,"admission_mode":"conditional_map","hal_bytes_per_call_amortized":297189.7,"process_rss_kb":7796,"process_rss_delta_init_kb":664,"max_active_calls":1,"active_calls_now":0,"call_counter_balanced":true}
.EVS Port1 1980-012-14:16:38.21583 66/1/AI_LEARNER 4: AI_LEARNER completed=200/200 mean=882937.6us max=2513331.3us hal_peak=309416 within_bounded=1
{"app":"AI_LEARNER","stage":"run","model":"b2_resnet","target":"aarch64-unknown-linux-gnu","attempted":200,"completed":200,"fail_input":0,"fail_invoke":0,"fail_output":0,"mean_us":882937.56,"max_us":2513331.30,"last_us":494188.58,"out0":0.35208,"out_elems":10,"out_sha256":"c379f179e94deb6f8c5587a6daa455c8296ff2c51c636e9786b9659fcc21efab","out_head":[0.352085,0.001092,0.001759,0.063552,0.332795,0.006340],"out_tail":[0.332795,0.006340,0.203565,0.013287,0.019282,0.006242],"out_full_file":"/cf/last_out.json","out_full_file_bytes":184,"out_full_file_reason":"ok","out_record_truncates":false}
{"app":"AI_LEARNER","stage":"mem","model":"b2_resnet","target":"aarch64-unknown-linux-gnu","completed":200,"hal_peak":309416,"peak_within_bounded":true,"admitted_budget_bytes":309416,"peak_within_admitted_budget":true,"admission_mode":"conditional_map","hal_bytes_per_call_amortized":297189.4,"process_rss_kb":7796,"process_rss_delta_init_kb":664,"max_active_calls":1,"active_calls_now":0,"call_counter_balanced":true}
EVS Port1 1980-012-14:16:42.25294 66/1/AI_LEARNER 4: AI_LEARNER completed=201/201 mean=881199.1us max=2513331.3us hal_peak=309416 within_bounded=1
{"app":"AI_LEARNER","stage":"run","model":"b2_resnet","target":"aarch64-unknown-linux-gnu","attempted":201,"completed":201,"fail_input":0,"fail_invoke":0,"fail_output":0,"mean_us":881199.12,"max_us":2513331.30,"last_us":533511.89,"out0":0.35208,"out_elems":10,"out_sha256":"c379f179e94deb6f8c5587a6daa455c8296ff2c51c636e9786b9659fcc21efab","out_head":[0.352085,0.001092,0.001759,0.063552,0.332795,0.006340],"out_tail":[0.332795,0.006340,0.203565,0.013287,0.019282,0.006242],"out_full_file":"/cf/last_out.json","out_full_file_bytes":184,"out_full_file_reason":"ok","out_record_truncates":false}
.{"app":"AI_LEARNER","stage":"mem","model":"b2_resnet","target":"aarch64-unknown-linux-gnu","completed":201,"hal_peak":309416,"peak_within_bounded":true,"admitted_budget_bytes":309416,"peak_within_admitted_budget":true,"admission_mode":"conditional_map","hal_bytes_per_call_amortized":297189.1,"process_rss_kb":7796,"process_rss_delta_init_kb":664,"max_active_calls":1,"active_calls_now":0,"call_counter_balanced":true}
EVS Port1 1980-012-14:16:46.24301 66/1/AI_LEARNER 4: AI_LEARNER completed=202/202 mean=879463.0us max=2513331.3us hal_peak=309416 within_bounded=1
{"app":"AI_LEARNER","stage":"run","model":"b2_resnet","target":"aarch64-unknown-linux-gnu","attempted":202,"completed":202,"fail_input":0,"fail_invoke":0,"fail_output":0,"mean_us":879463.05,"max_us":2513331.30,"last_us":530511.84,"out0":0.35208,"out_elems":10,"out_sha256":"c379f179e94deb6f8c5587a6daa455c8296ff2c51c636e9786b9659fcc21efab","out_head":[0.352085,0.001092,0.001759,0.063552,0.332795,0.006340],"out_tail":[0.332795,0.006340,0.203565,0.013287,0.019282,0.006242],"out_full_file":"/cf/last_out.json","out_full_file_bytes":184,"out_full_file_reason":"ok","out_record_truncates":false}
{"app":"AI_LEARNER","stage":"mem","model":"b2_resnet","target":"aarch64-unknown-linux-gnu","completed":202,"hal_peak":309416,"peak_within_bounded":true,"admitted_budget_bytes":309416,"peak_within_admitted_budget":true,"admission_mode":"conditional_map","hal_bytes_per_call_amortized":297188.8,"process_rss_kb":7796,"process_rss_delta_init_kb":664,"max_active_calls":1,"active_calls_now":0,"call_counter_balanced":true}
.EVS Port1 1980-012-14:16:50.23088 66/1/AI_LEARNER 4: AI_LEARNER completed=203/203 mean=877631.0us max=2513331.3us hal_peak=309416 within_bounded=1
{"app":"AI_LEARNER","stage":"run","model":"b2_resnet","target":"aarch64-unknown-linux-gnu","attempted":203,"completed":203,"fail_input":0,"fail_invoke":0,"fail_output":0,"mean_us":877631.03,"max_us":2513331.30,"last_us":507563.60,"out0":0.35208,"out_elems":10,"out_sha256":"c379f179e94deb6f8c5587a6daa455c8296ff2c51c636e9786b9659fcc21efab","out_head":[0.352085,0.001092,0.001759,0.063552,0.332795,0.006340],"out_tail":[0.332795,0.006340,0.203565,0.013287,0.019282,0.006242],"out_full_file":"/cf/last_out.json","out_full_file_bytes":184,"out_full_file_reason":"ok","out_record_truncates":false}
{"app":"AI_LEARNER","stage":"mem","model":"b2_resnet","target":"aarch64-unknown-linux-gnu","completed":203,"hal_peak":309416,"peak_within_bounded":true,"admitted_budget_bytes":309416,"peak_within_admitted_budget":true,"admission_mode":"conditional_map","hal_bytes_per_call_amortized":297188.5,"process_rss_kb":7796,"process_rss_delta_init_kb":664,"max_active_calls":1,"active_calls_now":0,"call_counter_balanced":true}
.EVS Port1 1980-012-14:16:54.46202 66/1/AI_LEARNER 4: AI_LEARNER completed=204/204 mean=877006.4us max=2513331.3us hal_peak=309416 within_bounded=1
{"app":"AI_LEARNER","stage":"run","model":"b2_resnet","target":"aarch64-unknown-linux-gnu","attempted":204,"completed":204,"fail_input":0,"fail_invoke":0,"fail_output":0,"mean_us":877006.40,"max_us":2513331.30,"last_us":750206.86,"out0":0.35208,"out_elems":10,"out_sha256":"c379f179e94deb6f8c5587a6daa455c8296ff2c51c636e9786b9659fcc21efab","out_head":[0.352085,0.001092,0.001759,0.063552,0.332795,0.006340],"out_tail":[0.332795,0.006340,0.203565,0.013287,0.019282,0.006242],"out_full_file":"/cf/last_out.json","out_full_file_bytes":184,"out_full_file_reason":"ok","out_record_truncates":false}
{"app":"AI_LEARNER","stage":"mem","model":"b2_resnet","target":"aarch64-unknown-linux-gnu","completed":204,"hal_peak":309416,"peak_within_bounded":true,"admitted_budget_bytes":309416,"peak_within_admitted_budget":true,"admission_mode":"conditional_map","hal_bytes_per_call_amortized":297188.2,"process_rss_kb":7796,"process_rss_delta_init_kb":664,"max_active_calls":1,"active_calls_now":0,"call_counter_balanced":true}
EVS Port1 1980-012-14:16:58.30731 66/1/AI_LEARNER 4: AI_LEARNER completed=205/205 mean=875588.7us max=2513331.3us hal_peak=309416 within_bounded=1
{"app":"AI_LEARNER","stage":"run","model":"b2_resnet","target":"aarch64-unknown-linux-gnu","attempted":205,"completed":205,"fail_input":0,"fail_invoke":0,"fail_output":0,"mean_us":875588.65,"max_us":2513331.30,"last_us":586368.08,"out0":0.35208,"out_elems":10,"out_sha256":"c379f179e94deb6f8c5587a6daa455c8296ff2c51c636e9786b9659fcc21efab","out_head":[0.352085,0.001092,0.001759,0.063552,0.332795,0.006340],"out_tail":[0.332795,0.006340,0.203565,0.013287,0.019282,0.006242],"out_full_file":"/cf/last_out.json","out_full_file_bytes":184,"out_full_file_reason":"ok","out_record_truncates":false}
{"app":"AI_LEARNER","stage":"mem","model":"b2_resnet","target":"aarch64-unknown-linux-gnu","completed":205,"hal_peak":309416,"peak_within_bounded":true,"admitted_budget_bytes":309416,"peak_within_admitted_budget":true,"admission_mode":"conditional_map","hal_bytes_per_call_amortized":297187.9,"process_rss_kb":7796,"process_rss_delta_init_kb":664,"max_active_calls":1,"active_calls_now":0,"call_counter_balanced":true}
.EVS Port1 1980-012-14:17:02.26147 66/1/AI_LEARNER 4: AI_LEARNER completed=206/206 mean=873984.8us max=2513331.3us hal_peak=309416 within_bounded=1
{"app":"AI_LEARNER","stage":"run","model":"b2_resnet","target":"aarch64-unknown-linux-gnu","attempted":206,"completed":206,"fail_input":0,"fail_invoke":0,"fail_output":0,"mean_us":873984.79,"max_us":2513331.30,"last_us":545193.10,"out0":0.35208,"out_elems":10,"out_sha256":"c379f179e94deb6f8c5587a6daa455c8296ff2c51c636e9786b9659fcc21efab","out_head":[0.352085,0.001092,0.001759,0.063552,0.332795,0.006340],"out_tail":[0.332795,0.006340,0.203565,0.013287,0.019282,0.006242],"out_full_file":"/cf/last_out.json","out_full_file_bytes":184,"out_full_file_reason":"ok","out_record_truncates":false}
{"app":"AI_LEARNER","stage":"mem","model":"b2_resnet","target":"aarch64-unknown-linux-gnu","completed":206,"hal_peak":309416,"peak_within_bounded":true,"admitted_budget_bytes":309416,"peak_within_admitted_budget":true,"admission_mode":"conditional_map","hal_bytes_per_call_amortized":297187.7,"process_rss_kb":7796,"process_rss_delta_init_kb":664,"max_active_calls":1,"active_calls_now":0,"call_counter_balanced":true}
EVS Port1 1980-012-14:17:06.26008 66/1/AI_LEARNER 4: AI_LEARNER completed=207/207 mean=872369.6us max=2513331.3us hal_peak=309416 within_bounded=1
{"app":"AI_LEARNER","stage":"run","model":"b2_resnet","target":"aarch64-unknown-linux-gnu","attempted":207,"completed":207,"fail_input":0,"fail_invoke":0,"fail_output":0,"mean_us":872369.63,"max_us":2513331.30,"last_us":539645.87,"out0":0.35208,"out_elems":10,"out_sha256":"c379f179e94deb6f8c5587a6daa455c8296ff2c51c636e9786b9659fcc21efab","out_head":[0.352085,0.001092,0.001759,0.063552,0.332795,0.006340],"out_tail":[0.332795,0.006340,0.203565,0.013287,0.019282,0.006242],"out_full_file":"/cf/last_out.json","out_full_file_bytes":184,"out_full_file_reason":"ok","out_record_truncates":false}
{"app":"AI_LEARNER","stage":"mem","model":"b2_resnet","target":"aarch64-unknown-linux-gnu","completed":207,"hal_peak":309416,"peak_within_bounded":true,"admitted_budget_bytes":309416,"peak_within_admitted_budget":true,"admission_mode":"conditional_map","hal_bytes_per_call_amortized":297187.4,"process_rss_kb":7796,"process_rss_delta_init_kb":664,"max_active_calls":1,"active_calls_now":0,"call_counter_balanced":true}
.EVS Port1 1980-012-14:17:10.27220 66/1/AI_LEARNER 4: AI_LEARNER completed=208/208 mean=870871.2us max=2513331.3us hal_peak=309416 within_bounded=1
{"app":"AI_LEARNER","stage":"run","model":"b2_resnet","target":"aarch64-unknown-linux-gnu","attempted":208,"completed":208,"fail_input":0,"fail_invoke":0,"fail_output":0,"mean_us":870871.17,"max_us":2513331.30,"last_us":560690.56,"out0":0.35208,"out_elems":10,"out_sha256":"c379f179e94deb6f8c5587a6daa455c8296ff2c51c636e9786b9659fcc21efab","out_head":[0.352085,0.001092,0.001759,0.063552,0.332795,0.006340],"out_tail":[0.332795,0.006340,0.203565,0.013287,0.019282,0.006242],"out_full_file":"/cf/last_out.json","out_full_file_bytes":184,"out_full_file_reason":"ok","out_record_truncates":false}
{"app":"AI_LEARNER","stage":"mem","model":"b2_resnet","target":"aarch64-unknown-linux-gnu","completed":208,"hal_peak":309416,"peak_within_bounded":true,"admitted_budget_bytes":309416,"peak_within_admitted_budget":true,"admission_mode":"conditional_map","hal_bytes_per_call_amortized":297187.1,"process_rss_kb":7796,"process_rss_delta_init_kb":664,"max_active_calls":1,"active_calls_now":0,"call_counter_balanced":true}
.EVS Port1 1980-012-14:17:14.36820 66/1/AI_LEARNER 4: AI_LEARNER completed=209/209 mean=869829.0us max=2513331.3us hal_peak=309416 within_bounded=1
{"app":"AI_LEARNER","stage":"run","model":"b2_resnet","target":"aarch64-unknown-linux-gnu","attempted":209,"completed":209,"fail_input":0,"fail_invoke":0,"fail_output":0,"mean_us":869828.96,"max_us":2513331.30,"last_us":653048.59,"out0":0.35208,"out_elems":10,"out_sha256":"c379f179e94deb6f8c5587a6daa455c8296ff2c51c636e9786b9659fcc21efab","out_head":[0.352085,0.001092,0.001759,0.063552,0.332795,0.006340],"out_tail":[0.332795,0.006340,0.203565,0.013287,0.019282,0.006242],"out_full_file":"/cf/last_out.json","out_full_file_bytes":184,"out_full_file_reason":"ok","out_record_truncates":false}
{"app":"AI_LEARNER","stage":"mem","model":"b2_resnet","target":"aarch64-unknown-linux-gnu","completed":209,"hal_peak":309416,"peak_within_bounded":true,"admitted_budget_bytes":309416,"peak_within_admitted_budget":true,"admission_mode":"conditional_map","hal_bytes_per_call_amortized":297186.8,"process_rss_kb":7796,"process_rss_delta_init_kb":664,"max_active_calls":1,"active_calls_now":0,"call_counter_balanced":true}
EVS Port1 1980-012-14:17:18.35069 66/1/AI_LEARNER 4: AI_LEARNER completed=210/210 mean=868715.3us max=2513331.3us hal_peak=309416 within_bounded=1
{"app":"AI_LEARNER","stage":"run","model":"b2_resnet","target":"aarch64-unknown-linux-gnu","attempted":210,"completed":210,"fail_input":0,"fail_invoke":0,"fail_output":0,"mean_us":868715.34,"max_us":2513331.30,"last_us":635968.24,"out0":0.35208,"out_elems":10,"out_sha256":"c379f179e94deb6f8c5587a6daa455c8296ff2c51c636e9786b9659fcc21efab","out_head":[0.352085,0.001092,0.001759,0.063552,0.332795,0.006340],"out_tail":[0.332795,0.006340,0.203565,0.013287,0.019282,0.006242],"out_full_file":"/cf/last_out.json","out_full_file_bytes":184,"out_full_file_reason":"ok","out_record_truncates":false}
{"app":"AI_LEARNER","stage":"mem","model":"b2_resnet","target":"aarch64-unknown-linux-gnu","completed":210,"hal_peak":309416,"peak_within_bounded":true,"admitted_budget_bytes":309416,"peak_within_admitted_budget":true,"admission_mode":"conditional_map","hal_bytes_per_call_amortized":297186.5,"process_rss_kb":7796,"process_rss_delta_init_kb":664,"max_active_calls":1,"active_calls_now":0,"call_counter_balanced":true}
.EVS Port1 1980-012-14:17:20.00541 66/1/CFE_TIME 21: Stop FLYWHEEL
EVS Port1 1980-012-14:17:20.99583 66/1/CFE_TIME 20: Start FLYWHEEL
EVS Port1 1980-012-14:17:22.27523 66/1/AI_LEARNER 4: AI_LEARNER completed=211/211 mean=867284.0us max=2513331.3us hal_peak=309416 within_bounded=1
{"app":"AI_LEARNER","stage":"run","model":"b2_resnet","target":"aarch64-unknown-linux-gnu","attempted":211,"completed":211,"fail_input":0,"fail_invoke":0,"fail_output":0,"mean_us":867284.03,"max_us":2513331.30,"last_us":566709.60,"out0":0.35208,"out_elems":10,"out_sha256":"c379f179e94deb6f8c5587a6daa455c8296ff2c51c636e9786b9659fcc21efab","out_head":[0.352085,0.001092,0.001759,0.063552,0.332795,0.006340],"out_tail":[0.332795,0.006340,0.203565,0.013287,0.019282,0.006242],"out_full_file":"/cf/last_out.json","out_full_file_bytes":184,"out_full_file_reason":"ok","out_record_truncates":false}
{"app":"AI_LEARNER","stage":"mem","model":"b2_resnet","target":"aarch64-unknown-linux-gnu","completed":211,"hal_peak":309416,"peak_within_bounded":true,"admitted_budget_bytes":309416,"peak_within_admitted_budget":true,"admission_mode":"conditional_map","hal_bytes_per_call_amortized":297186.2,"process_rss_kb":7796,"process_rss_delta_init_kb":664,"max_active_calls":1,"active_calls_now":0,"call_counter_balanced":true}
.EVS Port1 1980-012-14:17:26.31520 66/1/AI_LEARNER 4: AI_LEARNER completed=212/212 mean=865829.2us max=2513331.3us hal_peak=309416 within_bounded=1
{"app":"AI_LEARNER","stage":"run","model":"b2_resnet","target":"aarch64-unknown-linux-gnu","attempted":212,"completed":212,"fail_input":0,"fail_invoke":0,"fail_output":0,"mean_us":865829.15,"max_us":2513331.30,"last_us":558850.27,"out0":0.35208,"out_elems":10,"out_sha256":"c379f179e94deb6f8c5587a6daa455c8296ff2c51c636e9786b9659fcc21efab","out_head":[0.352085,0.001092,0.001759,0.063552,0.332795,0.006340],"out_tail":[0.332795,0.006340,0.203565,0.013287,0.019282,0.006242],"out_full_file":"/cf/last_out.json","out_full_file_bytes":184,"out_full_file_reason":"ok","out_record_truncates":false}
{"app":"AI_LEARNER","stage":"mem","model":"b2_resnet","target":"aarch64-unknown-linux-gnu","completed":212,"hal_peak":309416,"peak_within_bounded":true,"admitted_budget_bytes":309416,"peak_within_admitted_budget":true,"admission_mode":"conditional_map","hal_bytes_per_call_amortized":297186.0,"process_rss_kb":7796,"process_rss_delta_init_kb":664,"max_active_calls":1,"active_calls_now":0,"call_counter_balanced":true}
EVS Port1 1980-012-14:17:27.00373 66/1/CFE_TIME 21: Stop FLYWHEEL
EVS Port1 1980-012-14:17:28.00105 66/1/CFE_TIME 20: Start FLYWHEEL
EVS Port1 1980-012-14:17:30.23989 66/1/AI_LEARNER 4: AI_LEARNER completed=213/213 mean=864247.8us max=2513331.3us hal_peak=309416 within_bounded=1
{"app":"AI_LEARNER","stage":"run","model":"b2_resnet","target":"aarch64-unknown-linux-gnu","attempted":213,"completed":213,"fail_input":0,"fail_invoke":0,"fail_output":0,"mean_us":864247.83,"max_us":2513331.30,"last_us":529006.98,"out0":0.35208,"out_elems":10,"out_sha256":"c379f179e94deb6f8c5587a6daa455c8296ff2c51c636e9786b9659fcc21efab","out_head":[0.352085,0.001092,0.001759,0.063552,0.332795,0.006340],"out_tail":[0.332795,0.006340,0.203565,0.013287,0.019282,0.006242],"out_full_file":"/cf/last_out.json","out_full_file_bytes":184,"out_full_file_reason":"ok","out_record_truncates":false}
{"app":"AI_LEARNER","stage":"mem","model":"b2_resnet","target":"aarch64-unknown-linux-gnu","completed":213,"hal_peak":309416,"peak_within_bounded":true,"admitted_budget_bytes":309416,"peak_within_admitted_budget":true,"admission_mode":"conditional_map","hal_bytes_per_call_amortized":297185.7,"process_rss_kb":7796,"process_rss_delta_init_kb":664,"max_active_calls":1,"active_calls_now":0,"call_counter_balanced":true}
.EVS Port1 1980-012-14:17:34.26487 66/1/AI_LEARNER 4: AI_LEARNER completed=214/214 mean=862767.4us max=2513331.3us hal_peak=309416 within_bounded=1
{"app":"AI_LEARNER","stage":"run","model":"b2_resnet","target":"aarch64-unknown-linux-gnu","attempted":214,"completed":214,"fail_input":0,"fail_invoke":0,"fail_output":0,"mean_us":862767.41,"max_us":2513331.30,"last_us":547437.74,"out0":0.35208,"out_elems":10,"out_sha256":"c379f179e94deb6f8c5587a6daa455c8296ff2c51c636e9786b9659fcc21efab","out_head":[0.352085,0.001092,0.001759,0.063552,0.332795,0.006340],"out_tail":[0.332795,0.006340,0.203565,0.013287,0.019282,0.006242],"out_full_file":"/cf/last_out.json","out_full_file_bytes":184,"out_full_file_reason":"ok","out_record_truncates":false}
{"app":"AI_LEARNER","stage":"mem","model":"b2_resnet","target":"aarch64-unknown-linux-gnu","completed":214,"hal_peak":309416,"peak_within_bounded":true,"admitted_budget_bytes":309416,"peak_within_admitted_budget":true,"admission_mode":"conditional_map","hal_bytes_per_call_amortized":297185.4,"process_rss_kb":7796,"process_rss_delta_init_kb":664,"max_active_calls":1,"active_calls_now":0,"call_counter_balanced":true}
.EVS Port1 1980-012-14:17:38.26109 66/1/AI_LEARNER 4: AI_LEARNER completed=215/215 mean=861323.7us max=2513331.3us hal_peak=309416 within_bounded=1
{"app":"AI_LEARNER","stage":"run","model":"b2_resnet","target":"aarch64-unknown-linux-gnu","attempted":215,"completed":215,"fail_input":0,"fail_invoke":0,"fail_output":0,"mean_us":861323.67,"max_us":2513331.30,"last_us":552362.85,"out0":0.35208,"out_elems":10,"out_sha256":"c379f179e94deb6f8c5587a6daa455c8296ff2c51c636e9786b9659fcc21efab","out_head":[0.352085,0.001092,0.001759,0.063552,0.332795,0.006340],"out_tail":[0.332795,0.006340,0.203565,0.013287,0.019282,0.006242],"out_full_file":"/cf/last_out.json","out_full_file_bytes":184,"out_full_file_reason":"ok","out_record_truncates":false}
{"app":"AI_LEARNER","stage":"mem","model":"b2_resnet","target":"aarch64-unknown-linux-gnu","completed":215,"hal_peak":309416,"peak_within_bounded":true,"admitted_budget_bytes":309416,"peak_within_admitted_budget":true,"admission_mode":"conditional_map","hal_bytes_per_call_amortized":297185.2,"process_rss_kb":7796,"process_rss_delta_init_kb":664,"max_active_calls":1,"active_calls_now":0,"call_counter_balanced":true}
EVS Port1 1980-012-14:17:42.26879 66/1/AI_LEARNER 4: AI_LEARNER completed=216/216 mean=859909.8us max=2513331.3us hal_peak=309416 within_bounded=1
{"app":"AI_LEARNER","stage":"run","model":"b2_resnet","target":"aarch64-unknown-linux-gnu","attempted":216,"completed":216,"fail_input":0,"fail_invoke":0,"fail_output":0,"mean_us":859909.78,"max_us":2513331.30,"last_us":555925.57,"out0":0.35208,"out_elems":10,"out_sha256":"c379f179e94deb6f8c5587a6daa455c8296ff2c51c636e9786b9659fcc21efab","out_head":[0.352085,0.001092,0.001759,0.063552,0.332795,0.006340],"out_tail":[0.332795,0.006340,0.203565,0.013287,0.019282,0.006242],"out_full_file":"/cf/last_out.json","out_full_file_bytes":184,"out_full_file_reason":"ok","out_record_truncates":false}
{"app":"AI_LEARNER","stage":"mem","model":"b2_resnet","target":"aarch64-unknown-linux-gnu","completed":216,"hal_peak":309416,"peak_within_bounded":true,"admitted_budget_bytes":309416,"peak_within_admitted_budget":true,"admission_mode":"conditional_map","hal_bytes_per_call_amortized":297184.9,"process_rss_kb":7796,"process_rss_delta_init_kb":664,"max_active_calls":1,"active_calls_now":0,"call_counter_balanced":true}
.EVS Port1 1980-012-14:17:46.27563 66/1/AI_LEARNER 4: AI_LEARNER completed=217/217 mean=858565.1us max=2513331.3us hal_peak=309416 within_bounded=1
{"app":"AI_LEARNER","stage":"run","model":"b2_resnet","target":"aarch64-unknown-linux-gnu","attempted":217,"completed":217,"fail_input":0,"fail_invoke":0,"fail_output":0,"mean_us":858565.10,"max_us":2513331.30,"last_us":568112.64,"out0":0.35208,"out_elems":10,"out_sha256":"c379f179e94deb6f8c5587a6daa455c8296ff2c51c636e9786b9659fcc21efab","out_head":[0.352085,0.001092,0.001759,0.063552,0.332795,0.006340],"out_tail":[0.332795,0.006340,0.203565,0.013287,0.019282,0.006242],"out_full_file":"/cf/last_out.json","out_full_file_bytes":184,"out_full_file_reason":"ok","out_record_truncates":false}
{"app":"AI_LEARNER","stage":"mem","model":"b2_resnet","target":"aarch64-unknown-linux-gnu","completed":217,"hal_peak":309416,"peak_within_bounded":true,"admitted_budget_bytes":309416,"peak_within_admitted_budget":true,"admission_mode":"conditional_map","hal_bytes_per_call_amortized":297184.6,"process_rss_kb":7796,"process_rss_delta_init_kb":664,"max_active_calls":1,"active_calls_now":0,"call_counter_balanced":true}
.EVS Port1 1980-012-14:17:50.31723 66/1/AI_LEARNER 4: AI_LEARNER completed=218/218 mean=857383.5us max=2513331.3us hal_peak=309416 within_bounded=1
{"app":"AI_LEARNER","stage":"run","model":"b2_resnet","target":"aarch64-unknown-linux-gnu","attempted":218,"completed":218,"fail_input":0,"fail_invoke":0,"fail_output":0,"mean_us":857383.46,"max_us":2513331.30,"last_us":600969.14,"out0":0.35208,"out_elems":10,"out_sha256":"c379f179e94deb6f8c5587a6daa455c8296ff2c51c636e9786b9659fcc21efab","out_head":[0.352085,0.001092,0.001759,0.063552,0.332795,0.006340],"out_tail":[0.332795,0.006340,0.203565,0.013287,0.019282,0.006242],"out_full_file":"/cf/last_out.json","out_full_file_bytes":184,"out_full_file_reason":"ok","out_record_truncates":false}
{"app":"AI_LEARNER","stage":"mem","model":"b2_resnet","target":"aarch64-unknown-linux-gnu","completed":218,"hal_peak":309416,"peak_within_bounded":true,"admitted_budget_bytes":309416,"peak_within_admitted_budget":true,"admission_mode":"conditional_map","hal_bytes_per_call_amortized":297184.4,"process_rss_kb":7796,"process_rss_delta_init_kb":664,"max_active_calls":1,"active_calls_now":0,"call_counter_balanced":true}
EVS Port1 1980-012-14:17:54.26617 66/1/AI_LEARNER 4: AI_LEARNER completed=219/219 mean=856006.7us max=2513331.3us hal_peak=309416 within_bounded=1
{"app":"AI_LEARNER","stage":"run","model":"b2_resnet","target":"aarch64-unknown-linux-gnu","attempted":219,"completed":219,"fail_input":0,"fail_invoke":0,"fail_output":0,"mean_us":856006.73,"max_us":2513331.30,"last_us":555878.29,"out0":0.35208,"out_elems":10,"out_sha256":"c379f179e94deb6f8c5587a6daa455c8296ff2c51c636e9786b9659fcc21efab","out_head":[0.352085,0.001092,0.001759,0.063552,0.332795,0.006340],"out_tail":[0.332795,0.006340,0.203565,0.013287,0.019282,0.006242],"out_full_file":"/cf/last_out.json","out_full_file_bytes":184,"out_full_file_reason":"ok","out_record_truncates":false}
{"app":"AI_LEARNER","stage":"mem","model":"b2_resnet","target":"aarch64-unknown-linux-gnu","completed":219,"hal_peak":309416,"peak_within_bounded":true,"admitted_budget_bytes":309416,"peak_within_admitted_budget":true,"admission_mode":"conditional_map","hal_bytes_per_call_amortized":297184.1,"process_rss_kb":7796,"process_rss_delta_init_kb":664,"max_active_calls":1,"active_calls_now":0,"call_counter_balanced":true}
.EVS Port1 1980-012-14:17:58.24157 66/1/AI_LEARNER 4: AI_LEARNER completed=220/220 mean=854501.6us max=2513331.3us hal_peak=309416 within_bounded=1
{"app":"AI_LEARNER","stage":"run","model":"b2_resnet","target":"aarch64-unknown-linux-gnu","attempted":220,"completed":220,"fail_input":0,"fail_invoke":0,"fail_output":0,"mean_us":854501.55,"max_us":2513331.30,"last_us":524868.02,"out0":0.35208,"out_elems":10,"out_sha256":"c379f179e94deb6f8c5587a6daa455c8296ff2c51c636e9786b9659fcc21efab","out_head":[0.352085,0.001092,0.001759,0.063552,0.332795,0.006340],"out_tail":[0.332795,0.006340,0.203565,0.013287,0.019282,0.006242],"out_full_file":"/cf/last_out.json","out_full_file_bytes":184,"out_full_file_reason":"ok","out_record_truncates":false}
{"app":"AI_LEARNER","stage":"mem","model":"b2_resnet","target":"aarch64-unknown-linux-gnu","completed":220,"hal_peak":309416,"peak_within_bounded":true,"admitted_budget_bytes":309416,"peak_within_admitted_budget":true,"admission_mode":"conditional_map","hal_bytes_per_call_amortized":297183.9,"process_rss_kb":7796,"process_rss_delta_init_kb":664,"max_active_calls":1,"active_calls_now":0,"call_counter_balanced":true}
.EVS Port1 1980-012-14:18:02.27163 66/1/AI_LEARNER 4: AI_LEARNER completed=221/221 mean=853180.5us max=2513331.3us hal_peak=309416 within_bounded=1
{"app":"AI_LEARNER","stage":"run","model":"b2_resnet","target":"aarch64-unknown-linux-gnu","attempted":221,"completed":221,"fail_input":0,"fail_invoke":0,"fail_output":0,"mean_us":853180.54,"max_us":2513331.30,"last_us":562558.05,"out0":0.35208,"out_elems":10,"out_sha256":"c379f179e94deb6f8c5587a6daa455c8296ff2c51c636e9786b9659fcc21efab","out_head":[0.352085,0.001092,0.001759,0.063552,0.332795,0.006340],"out_tail":[0.332795,0.006340,0.203565,0.013287,0.019282,0.006242],"out_full_file":"/cf/last_out.json","out_full_file_bytes":184,"out_full_file_reason":"ok","out_record_truncates":false}
{"app":"AI_LEARNER","stage":"mem","model":"b2_resnet","target":"aarch64-unknown-linux-gnu","completed":221,"hal_peak":309416,"peak_within_bounded":true,"admitted_budget_bytes":309416,"peak_within_admitted_budget":true,"admission_mode":"conditional_map","hal_bytes_per_call_amortized":297183.6,"process_rss_kb":7796,"process_rss_delta_init_kb":664,"max_active_calls":1,"active_calls_now":0,"call_counter_balanced":true}
EVS Port1 1980-012-14:18:06.33222 66/1/AI_LEARNER 4: AI_LEARNER completed=222/222 mean=852102.9us max=2513331.3us hal_peak=309416 within_bounded=1
{"app":"AI_LEARNER","stage":"run","model":"b2_resnet","target":"aarch64-unknown-linux-gnu","attempted":222,"completed":222,"fail_input":0,"fail_invoke":0,"fail_output":0,"mean_us":852102.90,"max_us":2513331.30,"last_us":613944.00,"out0":0.35208,"out_elems":10,"out_sha256":"c379f179e94deb6f8c5587a6daa455c8296ff2c51c636e9786b9659fcc21efab","out_head":[0.352085,0.001092,0.001759,0.063552,0.332795,0.006340],"out_tail":[0.332795,0.006340,0.203565,0.013287,0.019282,0.006242],"out_full_file":"/cf/last_out.json","out_full_file_bytes":184,"out_full_file_reason":"ok","out_record_truncates":false}
{"app":"AI_LEARNER","stage":"mem","model":"b2_resnet","target":"aarch64-unknown-linux-gnu","completed":222,"hal_peak":309416,"peak_within_bounded":true,"admitted_budget_bytes":309416,"peak_within_admitted_budget":true,"admission_mode":"conditional_map","hal_bytes_per_call_amortized":297183.4,"process_rss_kb":7796,"process_rss_delta_init_kb":664,"max_active_calls":1,"active_calls_now":0,"call_counter_balanced":true}
.EVS Port1 1980-012-14:18:10.25364 66/1/AI_LEARNER 4: AI_LEARNER completed=223/223 mean=850665.5us max=2513331.3us hal_peak=309416 within_bounded=1
{"app":"AI_LEARNER","stage":"run","model":"b2_resnet","target":"aarch64-unknown-linux-gnu","attempted":223,"completed":223,"fail_input":0,"fail_invoke":0,"fail_output":0,"mean_us":850665.50,"max_us":2513331.30,"last_us":531562.77,"out0":0.35208,"out_elems":10,"out_sha256":"c379f179e94deb6f8c5587a6daa455c8296ff2c51c636e9786b9659fcc21efab","out_head":[0.352085,0.001092,0.001759,0.063552,0.332795,0.006340],"out_tail":[0.332795,0.006340,0.203565,0.013287,0.019282,0.006242],"out_full_file":"/cf/last_out.json","out_full_file_bytes":184,"out_full_file_reason":"ok","out_record_truncates":false}
{"app":"AI_LEARNER","stage":"mem","model":"b2_resnet","target":"aarch64-unknown-linux-gnu","completed":223,"hal_peak":309416,"peak_within_bounded":true,"admitted_budget_bytes":309416,"peak_within_admitted_budget":true,"admission_mode":"conditional_map","hal_bytes_per_call_amortized":297183.1,"process_rss_kb":7796,"process_rss_delta_init_kb":664,"max_active_calls":1,"active_calls_now":0,"call_counter_balanced":true}
1980-012-14:18:10.89463 CFE_ES_RunExceptionScan: ExceptionID 0x1110000 in TaskID 0: Caught SIGINT
1980-012-14:18:10.89503 CFE_ES_RunExceptionScan: Processor Reset count not reached (0/2)
CFE_PSP: Exiting cFE with PROCESSOR Reset status.

CFE_PSP: Shutdown initiated - Exiting cFE
CI delete callback -- Closing CI Network socket.
TO delete callback -- Closing TO Network socket.
EXIT=124
