OS_BSP_Initialize():Maximum user msg queue depth = 512
CFE_PSP: Default Reset SubType = 1
CFE_PSP: Default CPU ID = 1
CFE_PSP: Default Spacecraft ID = 66
CFE_PSP: Default CPU Name: cpu1
OS_Posix_GetSchedulerParams():208:Policy 1: available, min-max: 1-99
OS_Posix_GetSchedulerParams():208:Policy 2: available, min-max: 1-99
OS_Posix_TaskAPI_Impl_Init():401:Selected policy 2 for RT tasks, root task = 99
OS_Posix_TaskAPI_Impl_Init():419:Could not setschedparam in main thread: Operation not permitted (1)
CFE_PSP: initializing module 'soft_timebase' with ID 0110ff00
CFE_PSP: Instantiated software timebase 'cFS-Master' running at 10000 usec
CFE_PSP: initializing module 'timebase_posix_clock' with ID 0110ff01
CFE_PSP: Using POSIX monotonic clock as CFE timebase
CFE_PSP: initializing module 'eeprom_mmap_file' with ID 0110ff02
CFE_PSP: Using MMAP simulated EEPROM implementation
CFE_PSP: initializing module 'port_notimpl' with ID 0110ff03
CFE_PSP: I/O Port access not implementedCFE_PSP: EEPROM Range (2) created: Start Address = EBE90831E000, Size = 00080000 Status = 0

CFE_PSP: initializing module 'iodriver' with ID 0110ff04
CFE_PSP: initializing module 'linux_sysmon' with ID 0110ff05
CFE_PSP: initializing module 'endian_api' with ID 0110ff06
CFE_PSP: Host CPU Endian=LITTLE
CFE_PSP: initializing module 'ram_notimpl' with ID 0110ff07
CFE_PSP: Physical RAM access not implemented
CFE_PSP: Normal exit from previous cFE instance
CFE_PSP: Starting the cFE with a PROCESSOR reset.
1980-001-01:20:06.43032 CFE_ES_Main: CFE_ES_Main in EARLY_INIT state
1980-001-01:20:06.44960 CFE_ES_InitializeFileSystems: Volatile Disk has 100 Percent free space.
Number of addresses returned by backtrace = 1
CFE_PSP: CFE_PSP_AttachExceptions called
1980-001-01:20:06.47501 CFE_ES_Main: CFE_ES_Main entering CORE_STARTUP state
1980-001-01:20:06.47680 CFE_ES_CreateObjects: Starting Object Creation calls.
1980-001-01:20:06.47700 CFE_ES_CreateObjects: Calling EarlyInit for CFE_CONFIG
1980-001-01:20:06.48165 CFE_ES_CreateObjects: Calling EarlyInit for CFE_ES
1980-001-01:20:06.48834 CFE_ES_CreateObjects: Calling EarlyInit for CFE_EVS
1980-001-01:20:06.49160 CFE_EVS_EarlyInit: Event Log restored, n=0, c=20, f=1, m=1, o=394
1980-001-01:20:06.49197 CFE_ES_CreateObjects: Calling EarlyInit for CFE_FS
1980-001-01:20:06.49351 CFE_ES_CreateObjects: Calling EarlyInit for CFE_SB
1980-001-01:20:06.51885 CFE_ES_CreateObjects: Calling EarlyInit for CFE_TBL
1980-001-01:20:06.54847 CFE_ES_CreateObjects: Calling EarlyInit for CFE_TIME
EVS Port1 1980-012-14:18:10.99368 66/1/CFE_ES 1: cFE ES Initialized: CFE_ES v7.0.1+dev1 (Draco) DEV BUILD, based on v7.0.1, EDS disabled
EVS Port1 1980-012-14:18:11.00163 66/1/CFE_ES 2: cFS Versions: cfe v7.0.1+dev1, osal v7.0.1+dev1, psp v7.0.1+dev1. cFE chksm 31659
EVS Port1 1980-012-14:18:11.00387 66/1/CFE_ES 91: Version Info: Mission SampleMission, version git:v7.0.1-90-g78c23b0-dirty
EVS Port1 1980-012-14:18:11.00488 66/1/CFE_ES 91: Version Info: Module CORE_API, version git:2612eb0
EVS Port1 1980-012-14:18:11.00717 66/1/CFE_ES 91: Version Info: Module CONFIG, version git:2612eb0
EVS Port1 1980-012-14:18:11.00888 66/1/CFE_ES 91: Version Info: Module ES, version git:2612eb0
EVS Port1 1980-012-14:18:11.00915 66/1/CFE_ES 91: Version Info: Module EVS, version git:2612eb0
EVS Port1 1980-012-14:18:11.01058 66/1/CFE_ES 91: Version Info: Module FS, version git:2612eb0
EVS Port1 1980-012-14:18:11.01103 66/1/CFE_ES 91: Version Info: Module SB, version git:2612eb0
EVS Port1 1980-012-14:18:11.01177 66/1/CFE_ES 91: Version Info: Module TBL, version git:2612eb0
EVS Port1 1980-012-14:18:11.01216 66/1/CFE_ES 91: Version Info: Module TIME, version git:2612eb0
EVS Port1 1980-012-14:18:11.01472 66/1/CFE_ES 91: Version Info: Module OSAL, version git:8111e4a
EVS Port1 1980-012-14:18:11.01620 66/1/CFE_ES 91: Version Info: Module PSP, version git:d1da809
EVS Port1 1980-012-14:18:11.01759 66/1/CFE_ES 91: Version Info: Module MSG, version git:2612eb0
EVS Port1 1980-012-14:18:11.01792 66/1/CFE_ES 91: Version Info: Module SBR, version git:2612eb0
EVS Port1 1980-012-14:18:11.01817 66/1/CFE_ES 91: Version Info: Module RESOURCEID, version git:2612eb0
EVS Port1 1980-012-14:18:11.01991 66/1/CFE_ES 92: Build 202609140214 by root@vm, config aarch64
EVS Port1 1980-012-14:18:11.14093 66/1/CFE_EVS 1: cFE EVS Initialized: CFE_EVS v7.0.1+dev1 (Draco) DEV BUILD, based on v7.0.1, EDS disabled
1980-012-14:18:11.24489 CFE_SB_AppInit: Registered 4 events for filtering
EVS Port1 1980-012-14:18:11.24998 66/1/CFE_SB 1: cFE SB Initialized: CFE_SB v7.0.1+dev1 (Draco) DEV BUILD, based on v7.0.1, EDS disabled
EVS Port1 1980-012-14:18:11.25085 66/1/CFE_SB 14: No subscribers for MsgId 0x808,sender CFE_SB
EVS Port1 1980-012-14:18:11.35296 66/1/CFE_TBL 1: cFE TBL Initialized: CFE_TBL v7.0.1+dev1 (Draco) DEV BUILD, based on v7.0.1, EDS disabled
EVS Port1 1980-012-14:18:11.35679 66/1/CFE_SB 14: No subscribers for MsgId 0x808,sender CFE_TBL
EVS Port1 1980-012-14:18:11.47895 66/1/CFE_TIME 1: cFE TIME Initialized: CFE_TIME v7.0.1+dev1 (Draco) DEV BUILD, based on v7.0.1, EDS disabled
EVS Port1 1980-012-14:18:11.48091 66/1/CFE_SB 14: No subscribers for MsgId 0x808,sender CFE_TIME
1980-012-14:18:11.50652 CFE_ES_CreateObjects: Finished ES CreateObject table entries.
1980-012-14:18:11.50803 CFE_ES_Main: CFE_ES_Main entering CORE_READY state
OS_FileOpen_Impl():110:open(/dev/shm/osal:RAM/cfe_es_startup.scr): No such file or directory
1980-012-14:18:11.52081 CFE_ES_OpenStartupScript: Cannot Open Volatile Startup file: /ram/cfe_es_startup.scr, Trying Nonvolatile.
1980-012-14:18:11.52301 CFE_ES_OpenStartupScript: Opened ES App Startup file: /cf/cfe_es_startup.scr
1980-012-14:18:11.56949 CFE_ES_ParseFileEntry: Loading shared library: /cf/cfe_assert.so
1980-012-14:18:11.58756 [BEGIN] CFE FUNCTIONAL TEST
1980-012-14:18:11.59001 [BEGIN] 01 CFE-STARTUP
1980-012-14:18:11.62853 CFE_ES_ParseFileEntry: Loading shared library: /cf/sample_lib.so
SAMPLE Lib Initialized.Sample Lib v7.0.0+dev1 (Draco) DEV BUILD, based on v7.0.1, EDS disabled
1980-012-14:18:11.67616 CFE_ES_ParseFileEntry: Loading file: /cf/sch_lab.so, APP: SCH_LAB
1980-012-14:18:11.73677 CFE_ES_ParseFileEntry: Loading file: /cf/ci_lab.so, APP: CI_LAB
SCH Lab Initialized.SCH Lab v7.0.1+dev1 (Draco) DEV BUILD, based on v7.0.1, EDS disabled
1980-012-14:18:11.84076 CFE_ES_ParseFileEntry: Loading file: /cf/to_lab.so, APP: TO_LAB
EVS Port1 1980-012-14:18:11.96809 66/1/TO_LAB 1: TO Lab Initialized.TO Lab v7.0.1+dev1 (Draco) DEV BUILD, based on v7.0.1, EDS disabled, Awaiting enable command.
EVS Port1 1980-012-14:18:11.97085 66/1/CFE_SB 14: No subscribers for MsgId 0x808,sender TO_LAB
1980-012-14:18:11.96721 CI_LAB listening on UDP port: 1234
EVS Port1 1980-012-14:18:11.97715 66/1/CI_LAB 3: CI Lab Initialized.CI Lab App v7.0.1+dev1 (Draco) DEV BUILD, based on v7.0.1, EDS disabled
1980-012-14:18:11.98389 CFE_ES_ParseFileEntry: Loading file: /cf/sample_app.so, APP: SAMPLE_APP
1980-012-14:18:12.04468 CFE_ES_ParseFileEntry: Loading file: /cf/ai_learner.so, APP: AI_LEARNER
EVS Port1 1980-012-14:18:12.08113 66/1/SAMPLE_APP 1: Sample App Initialized.Sample App v7.0.0+dev1 (Draco) DEV BUILD, based on v7.0.1, EDS disabled
1980-012-14:18:12.15751 CFE_ES_ParseFileEntry: Loading file: /cf/lc.so, APP: LC
{"app":"AI_LEARNER","stage":"build_config","model":"b3_deepae","allow_conditional_map":1,"contract_bounded_bytes":1069632,"contract_per_call_bytes":6208,"contract_const_bytes":1063424,"contract_bound_known":true,"contract_artifact_sha256":"9ff64bd168e07135c196423d44408e7780984c977912b67c8240c0db522c4d7c"}
{"app":"AI_LEARNER","stage":"stack","es_stack_size":262160,"stack_base_bytes":262144,"contract_kernel_stack_bytes":16,"kernel_stack_accounted":true}
{"app":"AI_LEARNER","stage":"admission","verdict":"ADMIT_CONDITIONAL_MAP","model":"b3_deepae","target":"aarch64-unknown-linux-gnu","bounded":1069632,"budget":6208,"budget_source":"override","per_call":6208,"constants":1063424,"kernel_stack_bytes":16,"bound_known":true,"scope":"per_app_local_budget"}
EVS Port1 1980-012-14:18:12.18595 66/1/AI_LEARNER 8: AI_LEARNER stack: es=262160 base=262144 kernel=16 accounted=1
{"app":"AI_LEARNER","stage":"blob_align","requested_offset":0,"state":"unset","module_ptr_mod64":0}
1980-012-14:18:12.24174 CFE_ES_ParseFileEntry: Loading file: /cf/cf.so, APP: CF
EVS Port1 1980-012-14:18:12.26214 66/1/LC 56: WDT verify results: good = 0, bad = 0, unused = 176
EVS Port1 1980-012-14:18:12.28216 66/1/LC 66: ADT verify results: good = 0, bad = 0, unused = 176
EVS Port1 1980-012-14:18:12.29403 66/1/LC 23: LC use of Critical Data Store disabled, activity mask = 0x00991990
EVS Port1 1980-012-14:18:12.29943 66/1/LC 2: LC Initialized. Version 7.0.1.255
1980-012-14:18:12.36870 CFE_ES_ParseFileEntry: Loading file: /cf/ds.so, APP: DS
EVS Port1 1980-012-14:18:12.46916 66/1/CF 20: CF Initialized. Version 7.0.1.255
1980-012-14:18:12.50604 CFE_ES_ParseFileEntry: Loading file: /cf/fm.so, APP: FM
EVS Port1 1980-012-14:18:12.50488 66/1/DS 10: Destination file table verify results: good entries = 6, bad = 0, unused = 10
EVS Port1 1980-012-14:18:12.53784 66/1/DS 12: Filter table verify results: good entries = 14, bad = 0, unused = 242
EVS Port1 1980-012-14:18:12.56112 66/1/DS 1: Application initialized, version 7.0.1.255, data at 0xebe8fbaf0460
1980-012-14:18:12.62469 CFE_ES_ParseFileEntry: Loading file: /cf/hk.so, APP: HK
EVS Port1 1980-012-14:18:12.63406 66/1/FM 80: Free Space Table verify results: good entries = 3, bad = 0, unused = 5
EVS Port1 1980-012-14:18:12.70103 66/1/FM 1: Initialization complete: version 7.0.1.255
EVS Port1 1980-012-14:18:12.76150 66/1/FM 72: Child Task initialization complete
EVS Port1 1980-012-14:18:12.81002 66/1/HK 1: HK Initialized.  Version 7.0.1.255
1980-012-14:18:12.82287 CFE_ES_ParseFileEntry: Loading file: /cf/hs.so, APP: HS
1980-012-14:18:12.96269 CFE_ES_ParseFileEntry: Loading file: /cf/mm.so, APP: MM
EVS Port1 1980-012-14:18:13.04804 66/1/HS 54: ExeCount verify results: good = 5, bad = 0, unused = 27
EVS Port1 1980-012-14:18:13.11308 66/1/HS 50: AppMon verify results: good = 0, bad = 0, unused = 32
EVS Port1 1980-012-14:18:13.13597 66/1/MM 1: MM Initialized. Version 7.0.1.255
EVS Port1 1980-012-14:18:13.13720 66/1/HS 52: EventMon verify results: good = 0, bad = 0, unused = 16
EVS Port1 1980-012-14:18:13.17410 66/1/HS 56: MsgActs verify results: good = 2, bad = 0, unused = 6
1980-012-14:18:13.18229 HS_SysMonInit(): System Monitor using PSP device ID 0110ff05
1980-012-14:18:13.18564 CFE_ES_ParseFileEntry: Loading file: /cf/sc.so, APP: SC
CFE_PSP(Linux_SysMon): Started CPU utilization monitoring on 1 CPU(s)
EVS Port1 1980-012-14:18:13.23013 66/1/HS 1: HS Initialized.  Version 7.0.1.255
{"app":"AI_LEARNER","stage":"binding","verdict":"MATCH","artifact_bytes":1080730,"artifact_sha256":"9ff64bd168e07135","contract_sha256":"9ff64bd168e07135"}
1980-012-14:18:13.29184 CFE_ES_ParseFileEntry: Loading file: /cf/md.so, APP: MD
EVS Port1 1980-012-14:18:13.37263 66/1/SC 21: RTS table files not loaded at initialization = 0 of 4
EVS Port1 1980-012-14:18:13.39071 66/1/SC 9: SC Initialized. Version 7.0.1.255
EVS Port1 1980-012-14:18:13.41407 66/1/MD 52: MD Dwell Tbl verify results: good = 0, bad = 0, unused = 25
EVS Port1 1980-012-14:18:13.42198 66/1/MD 3: Recovered Dwell Table #1 is valid and has been copied to the MD App
EVS Port1 1980-012-14:18:13.43475 66/1/MD 52: MD Dwell Tbl verify results: good = 0, bad = 0, unused = 25
EVS Port1 1980-012-14:18:13.44084 66/1/MD 3: Recovered Dwell Table #2 is valid and has been copied to the MD App
EVS Port1 1980-012-14:18:13.44902 66/1/MD 52: MD Dwell Tbl verify results: good = 0, bad = 0, unused = 25
1980-012-14:18:13.45041 CFE_ES_ParseFileEntry: Loading file: /cf/cs.so, APP: CS
EVS Port1 1980-012-14:18:13.45816 66/1/MD 3: Recovered Dwell Table #3 is valid and has been copied to the MD App
EVS Port1 1980-012-14:18:13.46395 66/1/MD 52: MD Dwell Tbl verify results: good = 0, bad = 0, unused = 25
EVS Port1 1980-012-14:18:13.46910 66/1/MD 3: Recovered Dwell Table #4 is valid and has been copied to the MD App
EVS Port1 1980-012-14:18:13.47555 66/1/MD 7: Dwell Tables Recovered: 4, Dwell Tables Initialized: 0
EVS Port1 1980-012-14:18:13.47917 66/1/MD 1: MD Initialized.  Version 7.0.1.255
{"app":"AI_LEARNER","stage":"map_branch","model":"b3_deepae","module_ptr_mod64":0,"hal_peak_after_append":0,"contract_const_bytes":1063424,"contract_per_call_bytes":6208,"arm":"map","admission_mode":"conditional_map"}
{"app":"AI_LEARNER","stage":"mem_init","model":"b3_deepae","target":"aarch64-unknown-linux-gnu","hal_peak":2560,"hal_allocated":2560,"bounded":1069632,"peak_within_bounded":true,"inferences_so_far":0,"process_rss_kb":6932,"rss_kb_before_runtime":6328,"rss_kb_after_session":6632,"rss_kb_after_init":6932}
{"app":"AI_LEARNER","stage":"e25_mode","active":false,"inputs_path":"/cf/e25_inputs.bin"}
EVS Port1 1980-012-14:18:13.51194 66/1/AI_LEARNER 3: AI_LEARNER initialized: model b3_deepae (1080730 B), rss_delta_init=604 KB
EVS Port1 1980-012-14:18:13.56356 66/1/CS 144: CS EEPROM Table verification results: good = 0, bad = 0, unused = 16
EVS Port1 1980-012-14:18:13.56953 66/1/CS 107: CS EEPROM Table: No valid entries in the table
EVS Port1 1980-012-14:18:13.57780 66/1/CS 143: CS Memory Table verification results: good = 0, bad = 0, unused = 16
EVS Port1 1980-012-14:18:13.58087 66/1/CS 107: CS Memory Table: No valid entries in the table
EVS Port1 1980-012-14:18:13.58773 66/1/CS 139: CS Tables Table verification results: good = 1, bad = 0, unused = 23
EVS Port1 1980-012-14:18:13.59487 66/1/CS 142: CS Apps Table verification results: good = 0, bad = 0, unused = 24
EVS Port1 1980-012-14:18:13.60626 66/1/CS 108: CS Apps Table: No valid entries in the table
EVS Port1 1980-012-14:18:13.61059 66/1/CS 127: OS Text Segment disabled due to platform
EVS Port1 1980-012-14:18:13.61325 66/1/CS 1: CS Initialized. Version 7.0.1.255
1980-012-14:18:13.66092 CFE_ES_Main: CFE_ES_Main entering APPS_INIT state
1980-012-14:18:13.66158 CFE_ES_Main: CFE_ES_Main entering OPERATIONAL state
EVS Port1 1980-012-14:18:13.69915 66/1/TO_LAB 19: L550 TO Lab subscribed to 32 messages from the table
EVS Port1 1980-012-14:18:15.00454 66/1/CFE_TIME 21: Stop FLYWHEEL
EVS Port1 1980-012-14:18:16.77915 66/1/AI_LEARNER 4: AI_LEARNER completed=1/1 mean=30412.8us max=30412.8us hal_peak=6208 within_bounded=1
{"app":"AI_LEARNER","stage":"run","model":"b3_deepae","target":"aarch64-unknown-linux-gnu","attempted":1,"completed":1,"fail_input":0,"fail_invoke":0,"fail_output":0,"mean_us":30412.85,"max_us":30412.85,"last_us":30412.85,"out0":-34.89132,"out_elems":640,"out_sha256":"7763b1b4e316064ecc3a1eec43afdc04dbae44f8c1f789188132c9d6c8250412","out_head":[-34.891319,-19.254387,-10.698231,-6.055479,-3.156272,1.490048],"out_tail":[-19.599941,-18.188206,-18.764072,-20.379299,-29.050501,-42.499268],"out_full_file":"/cf/last_out.json","out_full_file_bytes":7044,"out_full_file_reason":"ok","out_record_truncates":false}
{"app":"AI_LEARNER","stage":"mem","model":"b3_deepae","target":"aarch64-unknown-linux-gnu","completed":1,"hal_peak":6208,"peak_within_bounded":true,"admitted_budget_bytes":6208,"peak_within_admitted_budget":true,"admission_mode":"conditional_map","hal_bytes_per_call_amortized":6208.0,"process_rss_kb":7004,"process_rss_delta_init_kb":604,"max_active_calls":1,"active_calls_now":0,"call_counter_balanced":true}
.EVS Port1 1980-012-14:18:20.73709 66/1/AI_LEARNER 4: AI_LEARNER completed=2/2 mean=21371.6us max=30412.8us hal_peak=6208 within_bounded=1
{"app":"AI_LEARNER","stage":"run","model":"b3_deepae","target":"aarch64-unknown-linux-gnu","attempted":2,"completed":2,"fail_input":0,"fail_invoke":0,"fail_output":0,"mean_us":21371.58,"max_us":30412.85,"last_us":12330.32,"out0":-34.89132,"out_elems":640,"out_sha256":"7763b1b4e316064ecc3a1eec43afdc04dbae44f8c1f789188132c9d6c8250412","out_head":[-34.891319,-19.254387,-10.698231,-6.055479,-3.156272,1.490048],"out_tail":[-19.599941,-18.188206,-18.764072,-20.379299,-29.050501,-42.499268],"out_full_file":"/cf/last_out.json","out_full_file_bytes":7044,"out_full_file_reason":"ok","out_record_truncates":false}
{"app":"AI_LEARNER","stage":"mem","model":"b3_deepae","target":"aarch64-unknown-linux-gnu","completed":2,"hal_peak":6208,"peak_within_bounded":true,"admitted_budget_bytes":6208,"peak_within_admitted_budget":true,"admission_mode":"conditional_map","hal_bytes_per_call_amortized":4928.0,"process_rss_kb":7004,"process_rss_delta_init_kb":604,"max_active_calls":1,"active_calls_now":0,"call_counter_balanced":true}
EVS Port1 1980-012-14:18:24.74455 66/1/AI_LEARNER 4: AI_LEARNER completed=3/3 mean=19923.1us max=30412.8us hal_peak=6208 within_bounded=1
{"app":"AI_LEARNER","stage":"run","model":"b3_deepae","target":"aarch64-unknown-linux-gnu","attempted":3,"completed":3,"fail_input":0,"fail_invoke":0,"fail_output":0,"mean_us":19923.05,"max_us":30412.85,"last_us":17025.98,"out0":-34.89132,"out_elems":640,"out_sha256":"7763b1b4e316064ecc3a1eec43afdc04dbae44f8c1f789188132c9d6c8250412","out_head":[-34.891319,-19.254387,-10.698231,-6.055479,-3.156272,1.490048],"out_tail":[-19.599941,-18.188206,-18.764072,-20.379299,-29.050501,-42.499268],"out_full_file":"/cf/last_out.json","out_full_file_bytes":7044,"out_full_file_reason":"ok","out_record_truncates":false}
{"app":"AI_LEARNER","stage":"mem","model":"b3_deepae","target":"aarch64-unknown-linux-gnu","completed":3,"hal_peak":6208,"peak_within_bounded":true,"admitted_budget_bytes":6208,"peak_within_admitted_budget":true,"admission_mode":"conditional_map","hal_bytes_per_call_amortized":4501.3,"process_rss_kb":7004,"process_rss_delta_init_kb":604,"max_active_calls":1,"active_calls_now":0,"call_counter_balanced":true}
.EVS Port1 1980-012-14:18:28.74342 66/1/AI_LEARNER 4: AI_LEARNER completed=4/4 mean=18172.2us max=30412.8us hal_peak=6208 within_bounded=1
{"app":"AI_LEARNER","stage":"run","model":"b3_deepae","target":"aarch64-unknown-linux-gnu","attempted":4,"completed":4,"fail_input":0,"fail_invoke":0,"fail_output":0,"mean_us":18172.23,"max_us":30412.85,"last_us":12919.78,"out0":-34.89132,"out_elems":640,"out_sha256":"7763b1b4e316064ecc3a1eec43afdc04dbae44f8c1f789188132c9d6c8250412","out_head":[-34.891319,-19.254387,-10.698231,-6.055479,-3.156272,1.490048],"out_tail":[-19.599941,-18.188206,-18.764072,-20.379299,-29.050501,-42.499268],"out_full_file":"/cf/last_out.json","out_full_file_bytes":7044,"out_full_file_reason":"ok","out_record_truncates":false}
{"app":"AI_LEARNER","stage":"mem","model":"b3_deepae","target":"aarch64-unknown-linux-gnu","completed":4,"hal_peak":6208,"peak_within_bounded":true,"admitted_budget_bytes":6208,"peak_within_admitted_budget":true,"admission_mode":"conditional_map","hal_bytes_per_call_amortized":4288.0,"process_rss_kb":7004,"process_rss_delta_init_kb":604,"max_active_calls":1,"active_calls_now":0,"call_counter_balanced":true}
.EVS Port1 1980-012-14:18:32.78735 66/1/AI_LEARNER 4: AI_LEARNER completed=5/5 mean=22754.9us max=41085.5us hal_peak=6208 within_bounded=1
{"app":"AI_LEARNER","stage":"run","model":"b3_deepae","target":"aarch64-unknown-linux-gnu","attempted":5,"completed":5,"fail_input":0,"fail_invoke":0,"fail_output":0,"mean_us":22754.89,"max_us":41085.54,"last_us":41085.54,"out0":-34.89132,"out_elems":640,"out_sha256":"7763b1b4e316064ecc3a1eec43afdc04dbae44f8c1f789188132c9d6c8250412","out_head":[-34.891319,-19.254387,-10.698231,-6.055479,-3.156272,1.490048],"out_tail":[-19.599941,-18.188206,-18.764072,-20.379299,-29.050501,-42.499268],"out_full_file":"/cf/last_out.json","out_full_file_bytes":7044,"out_full_file_reason":"ok","out_record_truncates":false}
{"app":"AI_LEARNER","stage":"mem","model":"b3_deepae","target":"aarch64-unknown-linux-gnu","completed":5,"hal_peak":6208,"peak_within_bounded":true,"admitted_budget_bytes":6208,"peak_within_admitted_budget":true,"admission_mode":"conditional_map","hal_bytes_per_call_amortized":4160.0,"process_rss_kb":7004,"process_rss_delta_init_kb":604,"max_active_calls":1,"active_calls_now":0,"call_counter_balanced":true}
EVS Port1 1980-012-14:18:36.93109 66/1/AI_LEARNER 4: AI_LEARNER completed=6/6 mean=32786.0us max=82941.5us hal_peak=6208 within_bounded=1
{"app":"AI_LEARNER","stage":"run","model":"b3_deepae","target":"aarch64-unknown-linux-gnu","attempted":6,"completed":6,"fail_input":0,"fail_invoke":0,"fail_output":0,"mean_us":32785.99,"max_us":82941.47,"last_us":82941.47,"out0":-34.89132,"out_elems":640,"out_sha256":"7763b1b4e316064ecc3a1eec43afdc04dbae44f8c1f789188132c9d6c8250412","out_head":[-34.891319,-19.254387,-10.698231,-6.055479,-3.156272,1.490048],"out_tail":[-19.599941,-18.188206,-18.764072,-20.379299,-29.050501,-42.499268],"out_full_file":"/cf/last_out.json","out_full_file_bytes":7044,"out_full_file_reason":"ok","out_record_truncates":false}
{"app":"AI_LEARNER","stage":"mem","model":"b3_deepae","target":"aarch64-unknown-linux-gnu","completed":6,"hal_peak":6208,"peak_within_bounded":true,"admitted_budget_bytes":6208,"peak_within_admitted_budget":true,"admission_mode":"conditional_map","hal_bytes_per_call_amortized":4074.7,"process_rss_kb":7004,"process_rss_delta_init_kb":604,"max_active_calls":1,"active_calls_now":0,"call_counter_balanced":true}
.EVS Port1 1980-012-14:18:38.00985 66/1/CFE_TIME 21: Stop FLYWHEEL
EVS Port1 1980-012-14:18:39.01708 66/1/CFE_TIME 20: Start FLYWHEEL
EVS Port1 1980-012-14:18:40.00665 66/1/CFE_TIME 21: Stop FLYWHEEL
EVS Port1 1980-012-14:18:40.76934 66/1/AI_LEARNER 4: AI_LEARNER completed=7/7 mean=32941.3us max=82941.5us hal_peak=6208 within_bounded=1
{"app":"AI_LEARNER","stage":"run","model":"b3_deepae","target":"aarch64-unknown-linux-gnu","attempted":7,"completed":7,"fail_input":0,"fail_invoke":0,"fail_output":0,"mean_us":32941.27,"max_us":82941.47,"last_us":33872.94,"out0":-34.89132,"out_elems":640,"out_sha256":"7763b1b4e316064ecc3a1eec43afdc04dbae44f8c1f789188132c9d6c8250412","out_head":[-34.891319,-19.254387,-10.698231,-6.055479,-3.156272,1.490048],"out_tail":[-19.599941,-18.188206,-18.764072,-20.379299,-29.050501,-42.499268],"out_full_file":"/cf/last_out.json","out_full_file_bytes":7044,"out_full_file_reason":"ok","out_record_truncates":false}
{"app":"AI_LEARNER","stage":"mem","model":"b3_deepae","target":"aarch64-unknown-linux-gnu","completed":7,"hal_peak":6208,"peak_within_bounded":true,"admitted_budget_bytes":6208,"peak_within_admitted_budget":true,"admission_mode":"conditional_map","hal_bytes_per_call_amortized":4013.7,"process_rss_kb":7008,"process_rss_delta_init_kb":604,"max_active_calls":1,"active_calls_now":0,"call_counter_balanced":true}
EVS Port1 1980-012-14:18:40.99362 66/1/CFE_TIME 20: Start FLYWHEEL
.EVS Port1 1980-012-14:18:44.78451 66/1/AI_LEARNER 4: AI_LEARNER completed=8/8 mean=31753.0us max=82941.5us hal_peak=6208 within_bounded=1
{"app":"AI_LEARNER","stage":"run","model":"b3_deepae","target":"aarch64-unknown-linux-gnu","attempted":8,"completed":8,"fail_input":0,"fail_invoke":0,"fail_output":0,"mean_us":31752.97,"max_us":82941.47,"last_us":23434.85,"out0":-34.89132,"out_elems":640,"out_sha256":"7763b1b4e316064ecc3a1eec43afdc04dbae44f8c1f789188132c9d6c8250412","out_head":[-34.891319,-19.254387,-10.698231,-6.055479,-3.156272,1.490048],"out_tail":[-19.599941,-18.188206,-18.764072,-20.379299,-29.050501,-42.499268],"out_full_file":"/cf/last_out.json","out_full_file_bytes":7044,"out_full_file_reason":"ok","out_record_truncates":false}
{"app":"AI_LEARNER","stage":"mem","model":"b3_deepae","target":"aarch64-unknown-linux-gnu","completed":8,"hal_peak":6208,"peak_within_bounded":true,"admitted_budget_bytes":6208,"peak_within_admitted_budget":true,"admission_mode":"conditional_map","hal_bytes_per_call_amortized":3968.0,"process_rss_kb":7012,"process_rss_delta_init_kb":604,"max_active_calls":1,"active_calls_now":0,"call_counter_balanced":true}
EVS Port1 1980-012-14:18:48.76249 66/1/AI_LEARNER 4: AI_LEARNER completed=9/9 mean=30237.2us max=82941.5us hal_peak=6208 within_bounded=1
{"app":"AI_LEARNER","stage":"run","model":"b3_deepae","target":"aarch64-unknown-linux-gnu","attempted":9,"completed":9,"fail_input":0,"fail_invoke":0,"fail_output":0,"mean_us":30237.24,"max_us":82941.47,"last_us":18111.44,"out0":-34.89132,"out_elems":640,"out_sha256":"7763b1b4e316064ecc3a1eec43afdc04dbae44f8c1f789188132c9d6c8250412","out_head":[-34.891319,-19.254387,-10.698231,-6.055479,-3.156272,1.490048],"out_tail":[-19.599941,-18.188206,-18.764072,-20.379299,-29.050501,-42.499268],"out_full_file":"/cf/last_out.json","out_full_file_bytes":7044,"out_full_file_reason":"ok","out_record_truncates":false}
{"app":"AI_LEARNER","stage":"mem","model":"b3_deepae","target":"aarch64-unknown-linux-gnu","completed":9,"hal_peak":6208,"peak_within_bounded":true,"admitted_budget_bytes":6208,"peak_within_admitted_budget":true,"admission_mode":"conditional_map","hal_bytes_per_call_amortized":3932.4,"process_rss_kb":7012,"process_rss_delta_init_kb":604,"max_active_calls":1,"active_calls_now":0,"call_counter_balanced":true}
.EVS Port1 1980-012-14:18:52.82818 66/1/AI_LEARNER 4: AI_LEARNER completed=10/10 mean=32661.5us max=82941.5us hal_peak=6208 within_bounded=1
{"app":"AI_LEARNER","stage":"run","model":"b3_deepae","target":"aarch64-unknown-linux-gnu","attempted":10,"completed":10,"fail_input":0,"fail_invoke":0,"fail_output":0,"mean_us":32661.54,"max_us":82941.47,"last_us":54480.21,"out0":-34.89132,"out_elems":640,"out_sha256":"7763b1b4e316064ecc3a1eec43afdc04dbae44f8c1f789188132c9d6c8250412","out_head":[-34.891319,-19.254387,-10.698231,-6.055479,-3.156272,1.490048],"out_tail":[-19.599941,-18.188206,-18.764072,-20.379299,-29.050501,-42.499268],"out_full_file":"/cf/last_out.json","out_full_file_bytes":7045,"out_full_file_reason":"ok","out_record_truncates":false}
{"app":"AI_LEARNER","stage":"mem","model":"b3_deepae","target":"aarch64-unknown-linux-gnu","completed":10,"hal_peak":6208,"peak_within_bounded":true,"admitted_budget_bytes":6208,"peak_within_admitted_budget":true,"admission_mode":"conditional_map","hal_bytes_per_call_amortized":3904.0,"process_rss_kb":7012,"process_rss_delta_init_kb":604,"max_active_calls":1,"active_calls_now":0,"call_counter_balanced":true}
.EVS Port1 1980-012-14:18:56.77798 66/1/AI_LEARNER 4: AI_LEARNER completed=11/11 mean=31664.5us max=82941.5us hal_peak=6208 within_bounded=1
{"app":"AI_LEARNER","stage":"run","model":"b3_deepae","target":"aarch64-unknown-linux-gnu","attempted":11,"completed":11,"fail_input":0,"fail_invoke":0,"fail_output":0,"mean_us":31664.45,"max_us":82941.47,"last_us":21693.58,"out0":-34.89132,"out_elems":640,"out_sha256":"7763b1b4e316064ecc3a1eec43afdc04dbae44f8c1f789188132c9d6c8250412","out_head":[-34.891319,-19.254387,-10.698231,-6.055479,-3.156272,1.490048],"out_tail":[-19.599941,-18.188206,-18.764072,-20.379299,-29.050501,-42.499268],"out_full_file":"/cf/last_out.json","out_full_file_bytes":7045,"out_full_file_reason":"ok","out_record_truncates":false}
{"app":"AI_LEARNER","stage":"mem","model":"b3_deepae","target":"aarch64-unknown-linux-gnu","completed":11,"hal_peak":6208,"peak_within_bounded":true,"admitted_budget_bytes":6208,"peak_within_admitted_budget":true,"admission_mode":"conditional_map","hal_bytes_per_call_amortized":3880.7,"process_rss_kb":7012,"process_rss_delta_init_kb":604,"max_active_calls":1,"active_calls_now":0,"call_counter_balanced":true}
EVS Port1 1980-012-14:19:00.77503 66/1/AI_LEARNER 4: AI_LEARNER completed=12/12 mean=32099.8us max=82941.5us hal_peak=6208 within_bounded=1
{"app":"AI_LEARNER","stage":"run","model":"b3_deepae","target":"aarch64-unknown-linux-gnu","attempted":12,"completed":12,"fail_input":0,"fail_invoke":0,"fail_output":0,"mean_us":32099.84,"max_us":82941.47,"last_us":36889.07,"out0":-34.89132,"out_elems":640,"out_sha256":"7763b1b4e316064ecc3a1eec43afdc04dbae44f8c1f789188132c9d6c8250412","out_head":[-34.891319,-19.254387,-10.698231,-6.055479,-3.156272,1.490048],"out_tail":[-19.599941,-18.188206,-18.764072,-20.379299,-29.050501,-42.499268],"out_full_file":"/cf/last_out.json","out_full_file_bytes":7045,"out_full_file_reason":"ok","out_record_truncates":false}
{"app":"AI_LEARNER","stage":"mem","model":"b3_deepae","target":"aarch64-unknown-linux-gnu","completed":12,"hal_peak":6208,"peak_within_bounded":true,"admitted_budget_bytes":6208,"peak_within_admitted_budget":true,"admission_mode":"conditional_map","hal_bytes_per_call_amortized":3861.3,"process_rss_kb":7012,"process_rss_delta_init_kb":604,"max_active_calls":1,"active_calls_now":0,"call_counter_balanced":true}
.EVS Port1 1980-012-14:19:04.78067 66/1/AI_LEARNER 4: AI_LEARNER completed=13/13 mean=32157.2us max=82941.5us hal_peak=6208 within_bounded=1
{"app":"AI_LEARNER","stage":"run","model":"b3_deepae","target":"aarch64-unknown-linux-gnu","attempted":13,"completed":13,"fail_input":0,"fail_invoke":0,"fail_output":0,"mean_us":32157.21,"max_us":82941.47,"last_us":32845.73,"out0":-34.89132,"out_elems":640,"out_sha256":"7763b1b4e316064ecc3a1eec43afdc04dbae44f8c1f789188132c9d6c8250412","out_head":[-34.891319,-19.254387,-10.698231,-6.055479,-3.156272,1.490048],"out_tail":[-19.599941,-18.188206,-18.764072,-20.379299,-29.050501,-42.499268],"out_full_file":"/cf/last_out.json","out_full_file_bytes":7045,"out_full_file_reason":"ok","out_record_truncates":false}
{"app":"AI_LEARNER","stage":"mem","model":"b3_deepae","target":"aarch64-unknown-linux-gnu","completed":13,"hal_peak":6208,"peak_within_bounded":true,"admitted_budget_bytes":6208,"peak_within_admitted_budget":true,"admission_mode":"conditional_map","hal_bytes_per_call_amortized":3844.9,"process_rss_kb":7012,"process_rss_delta_init_kb":604,"max_active_calls":1,"active_calls_now":0,"call_counter_balanced":true}
.EVS Port1 1980-012-14:19:08.73991 66/1/AI_LEARNER 4: AI_LEARNER completed=14/14 mean=31625.3us max=82941.5us hal_peak=6208 within_bounded=1
{"app":"AI_LEARNER","stage":"run","model":"b3_deepae","target":"aarch64-unknown-linux-gnu","attempted":14,"completed":14,"fail_input":0,"fail_invoke":0,"fail_output":0,"mean_us":31625.35,"max_us":82941.47,"last_us":24711.10,"out0":-34.89132,"out_elems":640,"out_sha256":"7763b1b4e316064ecc3a1eec43afdc04dbae44f8c1f789188132c9d6c8250412","out_head":[-34.891319,-19.254387,-10.698231,-6.055479,-3.156272,1.490048],"out_tail":[-19.599941,-18.188206,-18.764072,-20.379299,-29.050501,-42.499268],"out_full_file":"/cf/last_out.json","out_full_file_bytes":7045,"out_full_file_reason":"ok","out_record_truncates":false}
{"app":"AI_LEARNER","stage":"mem","model":"b3_deepae","target":"aarch64-unknown-linux-gnu","completed":14,"hal_peak":6208,"peak_within_bounded":true,"admitted_budget_bytes":6208,"peak_within_admitted_budget":true,"admission_mode":"conditional_map","hal_bytes_per_call_amortized":3830.9,"process_rss_kb":7012,"process_rss_delta_init_kb":604,"max_active_calls":1,"active_calls_now":0,"call_counter_balanced":true}
EVS Port1 1980-012-14:19:12.78216 66/1/AI_LEARNER 4: AI_LEARNER completed=15/15 mean=31051.4us max=82941.5us hal_peak=6208 within_bounded=1
{"app":"AI_LEARNER","stage":"run","model":"b3_deepae","target":"aarch64-unknown-linux-gnu","attempted":15,"completed":15,"fail_input":0,"fail_invoke":0,"fail_output":0,"mean_us":31051.39,"max_us":82941.47,"last_us":23016.00,"out0":-34.89132,"out_elems":640,"out_sha256":"7763b1b4e316064ecc3a1eec43afdc04dbae44f8c1f789188132c9d6c8250412","out_head":[-34.891319,-19.254387,-10.698231,-6.055479,-3.156272,1.490048],"out_tail":[-19.599941,-18.188206,-18.764072,-20.379299,-29.050501,-42.499268],"out_full_file":"/cf/last_out.json","out_full_file_bytes":7045,"out_full_file_reason":"ok","out_record_truncates":false}
{"app":"AI_LEARNER","stage":"mem","model":"b3_deepae","target":"aarch64-unknown-linux-gnu","completed":15,"hal_peak":6208,"peak_within_bounded":true,"admitted_budget_bytes":6208,"peak_within_admitted_budget":true,"admission_mode":"conditional_map","hal_bytes_per_call_amortized":3818.7,"process_rss_kb":7012,"process_rss_delta_init_kb":604,"max_active_calls":1,"active_calls_now":0,"call_counter_balanced":true}
.EVS Port1 1980-012-14:19:16.75801 66/1/AI_LEARNER 4: AI_LEARNER completed=16/16 mean=30863.3us max=82941.5us hal_peak=6208 within_bounded=1
{"app":"AI_LEARNER","stage":"run","model":"b3_deepae","target":"aarch64-unknown-linux-gnu","attempted":16,"completed":16,"fail_input":0,"fail_invoke":0,"fail_output":0,"mean_us":30863.34,"max_us":82941.47,"last_us":28042.58,"out0":-34.89132,"out_elems":640,"out_sha256":"7763b1b4e316064ecc3a1eec43afdc04dbae44f8c1f789188132c9d6c8250412","out_head":[-34.891319,-19.254387,-10.698231,-6.055479,-3.156272,1.490048],"out_tail":[-19.599941,-18.188206,-18.764072,-20.379299,-29.050501,-42.499268],"out_full_file":"/cf/last_out.json","out_full_file_bytes":7045,"out_full_file_reason":"ok","out_record_truncates":false}
{"app":"AI_LEARNER","stage":"mem","model":"b3_deepae","target":"aarch64-unknown-linux-gnu","completed":16,"hal_peak":6208,"peak_within_bounded":true,"admitted_budget_bytes":6208,"peak_within_admitted_budget":true,"admission_mode":"conditional_map","hal_bytes_per_call_amortized":3808.0,"process_rss_kb":7012,"process_rss_delta_init_kb":604,"max_active_calls":1,"active_calls_now":0,"call_counter_balanced":true}
.EVS Port1 1980-012-14:19:20.72987 66/1/AI_LEARNER 4: AI_LEARNER completed=17/17 mean=30104.8us max=82941.5us hal_peak=6208 within_bounded=1
{"app":"AI_LEARNER","stage":"run","model":"b3_deepae","target":"aarch64-unknown-linux-gnu","attempted":17,"completed":17,"fail_input":0,"fail_invoke":0,"fail_output":0,"mean_us":30104.83,"max_us":82941.47,"last_us":17968.62,"out0":-34.89132,"out_elems":640,"out_sha256":"7763b1b4e316064ecc3a1eec43afdc04dbae44f8c1f789188132c9d6c8250412","out_head":[-34.891319,-19.254387,-10.698231,-6.055479,-3.156272,1.490048],"out_tail":[-19.599941,-18.188206,-18.764072,-20.379299,-29.050501,-42.499268],"out_full_file":"/cf/last_out.json","out_full_file_bytes":7045,"out_full_file_reason":"ok","out_record_truncates":false}
{"app":"AI_LEARNER","stage":"mem","model":"b3_deepae","target":"aarch64-unknown-linux-gnu","completed":17,"hal_peak":6208,"peak_within_bounded":true,"admitted_budget_bytes":6208,"peak_within_admitted_budget":true,"admission_mode":"conditional_map","hal_bytes_per_call_amortized":3798.6,"process_rss_kb":7012,"process_rss_delta_init_kb":604,"max_active_calls":1,"active_calls_now":0,"call_counter_balanced":true}
EVS Port1 1980-012-14:19:24.75318 66/1/AI_LEARNER 4: AI_LEARNER completed=18/18 mean=29727.0us max=82941.5us hal_peak=6208 within_bounded=1
{"app":"AI_LEARNER","stage":"run","model":"b3_deepae","target":"aarch64-unknown-linux-gnu","attempted":18,"completed":18,"fail_input":0,"fail_invoke":0,"fail_output":0,"mean_us":29727.01,"max_us":82941.47,"last_us":23304.16,"out0":-34.89132,"out_elems":640,"out_sha256":"7763b1b4e316064ecc3a1eec43afdc04dbae44f8c1f789188132c9d6c8250412","out_head":[-34.891319,-19.254387,-10.698231,-6.055479,-3.156272,1.490048],"out_tail":[-19.599941,-18.188206,-18.764072,-20.379299,-29.050501,-42.499268],"out_full_file":"/cf/last_out.json","out_full_file_bytes":7045,"out_full_file_reason":"ok","out_record_truncates":false}
{"app":"AI_LEARNER","stage":"mem","model":"b3_deepae","target":"aarch64-unknown-linux-gnu","completed":18,"hal_peak":6208,"peak_within_bounded":true,"admitted_budget_bytes":6208,"peak_within_admitted_budget":true,"admission_mode":"conditional_map","hal_bytes_per_call_amortized":3790.2,"process_rss_kb":7012,"process_rss_delta_init_kb":604,"max_active_calls":1,"active_calls_now":0,"call_counter_balanced":true}
.EVS Port1 1980-012-14:19:28.74891 66/1/AI_LEARNER 4: AI_LEARNER completed=19/19 mean=29242.6us max=82941.5us hal_peak=6208 within_bounded=1
{"app":"AI_LEARNER","stage":"run","model":"b3_deepae","target":"aarch64-unknown-linux-gnu","attempted":19,"completed":19,"fail_input":0,"fail_invoke":0,"fail_output":0,"mean_us":29242.64,"max_us":82941.47,"last_us":20524.00,"out0":-34.89132,"out_elems":640,"out_sha256":"7763b1b4e316064ecc3a1eec43afdc04dbae44f8c1f789188132c9d6c8250412","out_head":[-34.891319,-19.254387,-10.698231,-6.055479,-3.156272,1.490048],"out_tail":[-19.599941,-18.188206,-18.764072,-20.379299,-29.050501,-42.499268],"out_full_file":"/cf/last_out.json","out_full_file_bytes":7045,"out_full_file_reason":"ok","out_record_truncates":false}
{"app":"AI_LEARNER","stage":"mem","model":"b3_deepae","target":"aarch64-unknown-linux-gnu","completed":19,"hal_peak":6208,"peak_within_bounded":true,"admitted_budget_bytes":6208,"peak_within_admitted_budget":true,"admission_mode":"conditional_map","hal_bytes_per_call_amortized":3782.7,"process_rss_kb":7012,"process_rss_delta_init_kb":604,"max_active_calls":1,"active_calls_now":0,"call_counter_balanced":true}
.EVS Port1 1980-012-14:19:32.75213 66/1/AI_LEARNER 4: AI_LEARNER completed=20/20 mean=28834.0us max=82941.5us hal_peak=6208 within_bounded=1
{"app":"AI_LEARNER","stage":"run","model":"b3_deepae","target":"aarch64-unknown-linux-gnu","attempted":20,"completed":20,"fail_input":0,"fail_invoke":0,"fail_output":0,"mean_us":28834.01,"max_us":82941.47,"last_us":21069.95,"out0":-34.89132,"out_elems":640,"out_sha256":"7763b1b4e316064ecc3a1eec43afdc04dbae44f8c1f789188132c9d6c8250412","out_head":[-34.891319,-19.254387,-10.698231,-6.055479,-3.156272,1.490048],"out_tail":[-19.599941,-18.188206,-18.764072,-20.379299,-29.050501,-42.499268],"out_full_file":"/cf/last_out.json","out_full_file_bytes":7045,"out_full_file_reason":"ok","out_record_truncates":false}
{"app":"AI_LEARNER","stage":"mem","model":"b3_deepae","target":"aarch64-unknown-linux-gnu","completed":20,"hal_peak":6208,"peak_within_bounded":true,"admitted_budget_bytes":6208,"peak_within_admitted_budget":true,"admission_mode":"conditional_map","hal_bytes_per_call_amortized":3776.0,"process_rss_kb":7012,"process_rss_delta_init_kb":604,"max_active_calls":1,"active_calls_now":0,"call_counter_balanced":true}
EVS Port1 1980-012-14:19:36.77082 66/1/AI_LEARNER 4: AI_LEARNER completed=21/21 mean=28540.8us max=82941.5us hal_peak=6208 within_bounded=1
{"app":"AI_LEARNER","stage":"run","model":"b3_deepae","target":"aarch64-unknown-linux-gnu","attempted":21,"completed":21,"fail_input":0,"fail_invoke":0,"fail_output":0,"mean_us":28540.77,"max_us":82941.47,"last_us":22676.08,"out0":-34.89132,"out_elems":640,"out_sha256":"7763b1b4e316064ecc3a1eec43afdc04dbae44f8c1f789188132c9d6c8250412","out_head":[-34.891319,-19.254387,-10.698231,-6.055479,-3.156272,1.490048],"out_tail":[-19.599941,-18.188206,-18.764072,-20.379299,-29.050501,-42.499268],"out_full_file":"/cf/last_out.json","out_full_file_bytes":7045,"out_full_file_reason":"ok","out_record_truncates":false}
{"app":"AI_LEARNER","stage":"mem","model":"b3_deepae","target":"aarch64-unknown-linux-gnu","completed":21,"hal_peak":6208,"peak_within_bounded":true,"admitted_budget_bytes":6208,"peak_within_admitted_budget":true,"admission_mode":"conditional_map","hal_bytes_per_call_amortized":3769.9,"process_rss_kb":7012,"process_rss_delta_init_kb":604,"max_active_calls":1,"active_calls_now":0,"call_counter_balanced":true}
.EVS Port1 1980-012-14:19:40.74699 66/1/AI_LEARNER 4: AI_LEARNER completed=22/22 mean=28112.4us max=82941.5us hal_peak=6208 within_bounded=1
{"app":"AI_LEARNER","stage":"run","model":"b3_deepae","target":"aarch64-unknown-linux-gnu","attempted":22,"completed":22,"fail_input":0,"fail_invoke":0,"fail_output":0,"mean_us":28112.36,"max_us":82941.47,"last_us":19115.68,"out0":-34.89132,"out_elems":640,"out_sha256":"7763b1b4e316064ecc3a1eec43afdc04dbae44f8c1f789188132c9d6c8250412","out_head":[-34.891319,-19.254387,-10.698231,-6.055479,-3.156272,1.490048],"out_tail":[-19.599941,-18.188206,-18.764072,-20.379299,-29.050501,-42.499268],"out_full_file":"/cf/last_out.json","out_full_file_bytes":7045,"out_full_file_reason":"ok","out_record_truncates":false}
{"app":"AI_LEARNER","stage":"mem","model":"b3_deepae","target":"aarch64-unknown-linux-gnu","completed":22,"hal_peak":6208,"peak_within_bounded":true,"admitted_budget_bytes":6208,"peak_within_admitted_budget":true,"admission_mode":"conditional_map","hal_bytes_per_call_amortized":3764.4,"process_rss_kb":7012,"process_rss_delta_init_kb":604,"max_active_calls":1,"active_calls_now":0,"call_counter_balanced":true}
.EVS Port1 1980-012-14:19:44.80726 66/1/AI_LEARNER 4: AI_LEARNER completed=23/23 mean=28634.7us max=82941.5us hal_peak=6208 within_bounded=1
{"app":"AI_LEARNER","stage":"run","model":"b3_deepae","target":"aarch64-unknown-linux-gnu","attempted":23,"completed":23,"fail_input":0,"fail_invoke":0,"fail_output":0,"mean_us":28634.75,"max_us":82941.47,"last_us":40127.28,"out0":-34.89132,"out_elems":640,"out_sha256":"7763b1b4e316064ecc3a1eec43afdc04dbae44f8c1f789188132c9d6c8250412","out_head":[-34.891319,-19.254387,-10.698231,-6.055479,-3.156272,1.490048],"out_tail":[-19.599941,-18.188206,-18.764072,-20.379299,-29.050501,-42.499268],"out_full_file":"/cf/last_out.json","out_full_file_bytes":7045,"out_full_file_reason":"ok","out_record_truncates":false}
{"app":"AI_LEARNER","stage":"mem","model":"b3_deepae","target":"aarch64-unknown-linux-gnu","completed":23,"hal_peak":6208,"peak_within_bounded":true,"admitted_budget_bytes":6208,"peak_within_admitted_budget":true,"admission_mode":"conditional_map","hal_bytes_per_call_amortized":3759.3,"process_rss_kb":7012,"process_rss_delta_init_kb":604,"max_active_calls":1,"active_calls_now":0,"call_counter_balanced":true}
EVS Port1 1980-012-14:19:48.75080 66/1/AI_LEARNER 4: AI_LEARNER completed=24/24 mean=28246.0us max=82941.5us hal_peak=6208 within_bounded=1
{"app":"AI_LEARNER","stage":"run","model":"b3_deepae","target":"aarch64-unknown-linux-gnu","attempted":24,"completed":24,"fail_input":0,"fail_invoke":0,"fail_output":0,"mean_us":28246.01,"max_us":82941.47,"last_us":19305.10,"out0":-34.89132,"out_elems":640,"out_sha256":"7763b1b4e316064ecc3a1eec43afdc04dbae44f8c1f789188132c9d6c8250412","out_head":[-34.891319,-19.254387,-10.698231,-6.055479,-3.156272,1.490048],"out_tail":[-19.599941,-18.188206,-18.764072,-20.379299,-29.050501,-42.499268],"out_full_file":"/cf/last_out.json","out_full_file_bytes":7045,"out_full_file_reason":"ok","out_record_truncates":false}
{"app":"AI_LEARNER","stage":"mem","model":"b3_deepae","target":"aarch64-unknown-linux-gnu","completed":24,"hal_peak":6208,"peak_within_bounded":true,"admitted_budget_bytes":6208,"peak_within_admitted_budget":true,"admission_mode":"conditional_map","hal_bytes_per_call_amortized":3754.7,"process_rss_kb":7012,"process_rss_delta_init_kb":604,"max_active_calls":1,"active_calls_now":0,"call_counter_balanced":true}
.EVS Port1 1980-012-14:19:52.75169 66/1/AI_LEARNER 4: AI_LEARNER completed=25/25 mean=27660.6us max=82941.5us hal_peak=6208 within_bounded=1
{"app":"AI_LEARNER","stage":"run","model":"b3_deepae","target":"aarch64-unknown-linux-gnu","attempted":25,"completed":25,"fail_input":0,"fail_invoke":0,"fail_output":0,"mean_us":27660.56,"max_us":82941.47,"last_us":13609.79,"out0":-34.89132,"out_elems":640,"out_sha256":"7763b1b4e316064ecc3a1eec43afdc04dbae44f8c1f789188132c9d6c8250412","out_head":[-34.891319,-19.254387,-10.698231,-6.055479,-3.156272,1.490048],"out_tail":[-19.599941,-18.188206,-18.764072,-20.379299,-29.050501,-42.499268],"out_full_file":"/cf/last_out.json","out_full_file_bytes":7045,"out_full_file_reason":"ok","out_record_truncates":false}
{"app":"AI_LEARNER","stage":"mem","model":"b3_deepae","target":"aarch64-unknown-linux-gnu","completed":25,"hal_peak":6208,"peak_within_bounded":true,"admitted_budget_bytes":6208,"peak_within_admitted_budget":true,"admission_mode":"conditional_map","hal_bytes_per_call_amortized":3750.4,"process_rss_kb":7012,"process_rss_delta_init_kb":604,"max_active_calls":1,"active_calls_now":0,"call_counter_balanced":true}
.EVS Port1 1980-012-14:19:56.76525 66/1/AI_LEARNER 4: AI_LEARNER completed=26/26 mean=27709.9us max=82941.5us hal_peak=6208 within_bounded=1
{"app":"AI_LEARNER","stage":"run","model":"b3_deepae","target":"aarch64-unknown-linux-gnu","attempted":26,"completed":26,"fail_input":0,"fail_invoke":0,"fail_output":0,"mean_us":27709.86,"max_us":82941.47,"last_us":28942.16,"out0":-34.89132,"out_elems":640,"out_sha256":"7763b1b4e316064ecc3a1eec43afdc04dbae44f8c1f789188132c9d6c8250412","out_head":[-34.891319,-19.254387,-10.698231,-6.055479,-3.156272,1.490048],"out_tail":[-19.599941,-18.188206,-18.764072,-20.379299,-29.050501,-42.499268],"out_full_file":"/cf/last_out.json","out_full_file_bytes":7045,"out_full_file_reason":"ok","out_record_truncates":false}
{"app":"AI_LEARNER","stage":"mem","model":"b3_deepae","target":"aarch64-unknown-linux-gnu","completed":26,"hal_peak":6208,"peak_within_bounded":true,"admitted_budget_bytes":6208,"peak_within_admitted_budget":true,"admission_mode":"conditional_map","hal_bytes_per_call_amortized":3746.5,"process_rss_kb":7012,"process_rss_delta_init_kb":604,"max_active_calls":1,"active_calls_now":0,"call_counter_balanced":true}
EVS Port1 1980-012-14:20:00.77288 66/1/AI_LEARNER 4: AI_LEARNER completed=27/27 mean=27752.5us max=82941.5us hal_peak=6208 within_bounded=1
{"app":"AI_LEARNER","stage":"run","model":"b3_deepae","target":"aarch64-unknown-linux-gnu","attempted":27,"completed":27,"fail_input":0,"fail_invoke":0,"fail_output":0,"mean_us":27752.47,"max_us":82941.47,"last_us":28860.32,"out0":-34.89132,"out_elems":640,"out_sha256":"7763b1b4e316064ecc3a1eec43afdc04dbae44f8c1f789188132c9d6c8250412","out_head":[-34.891319,-19.254387,-10.698231,-6.055479,-3.156272,1.490048],"out_tail":[-19.599941,-18.188206,-18.764072,-20.379299,-29.050501,-42.499268],"out_full_file":"/cf/last_out.json","out_full_file_bytes":7045,"out_full_file_reason":"ok","out_record_truncates":false}
{"app":"AI_LEARNER","stage":"mem","model":"b3_deepae","target":"aarch64-unknown-linux-gnu","completed":27,"hal_peak":6208,"peak_within_bounded":true,"admitted_budget_bytes":6208,"peak_within_admitted_budget":true,"admission_mode":"conditional_map","hal_bytes_per_call_amortized":3742.8,"process_rss_kb":7012,"process_rss_delta_init_kb":604,"max_active_calls":1,"active_calls_now":0,"call_counter_balanced":true}
.EVS Port1 1980-012-14:20:04.78257 66/1/AI_LEARNER 4: AI_LEARNER completed=28/28 mean=28413.5us max=82941.5us hal_peak=6208 within_bounded=1
{"app":"AI_LEARNER","stage":"run","model":"b3_deepae","target":"aarch64-unknown-linux-gnu","attempted":28,"completed":28,"fail_input":0,"fail_invoke":0,"fail_output":0,"mean_us":28413.54,"max_us":82941.47,"last_us":46262.42,"out0":-34.89132,"out_elems":640,"out_sha256":"7763b1b4e316064ecc3a1eec43afdc04dbae44f8c1f789188132c9d6c8250412","out_head":[-34.891319,-19.254387,-10.698231,-6.055479,-3.156272,1.490048],"out_tail":[-19.599941,-18.188206,-18.764072,-20.379299,-29.050501,-42.499268],"out_full_file":"/cf/last_out.json","out_full_file_bytes":7045,"out_full_file_reason":"ok","out_record_truncates":false}
{"app":"AI_LEARNER","stage":"mem","model":"b3_deepae","target":"aarch64-unknown-linux-gnu","completed":28,"hal_peak":6208,"peak_within_bounded":true,"admitted_budget_bytes":6208,"peak_within_admitted_budget":true,"admission_mode":"conditional_map","hal_bytes_per_call_amortized":3739.4,"process_rss_kb":7012,"process_rss_delta_init_kb":604,"max_active_calls":1,"active_calls_now":0,"call_counter_balanced":true}
.EVS Port1 1980-012-14:20:08.75596 66/1/AI_LEARNER 4: AI_LEARNER completed=29/29 mean=28035.9us max=82941.5us hal_peak=6208 within_bounded=1
{"app":"AI_LEARNER","stage":"run","model":"b3_deepae","target":"aarch64-unknown-linux-gnu","attempted":29,"completed":29,"fail_input":0,"fail_invoke":0,"fail_output":0,"mean_us":28035.93,"max_us":82941.47,"last_us":17463.10,"out0":-34.89132,"out_elems":640,"out_sha256":"7763b1b4e316064ecc3a1eec43afdc04dbae44f8c1f789188132c9d6c8250412","out_head":[-34.891319,-19.254387,-10.698231,-6.055479,-3.156272,1.490048],"out_tail":[-19.599941,-18.188206,-18.764072,-20.379299,-29.050501,-42.499268],"out_full_file":"/cf/last_out.json","out_full_file_bytes":7045,"out_full_file_reason":"ok","out_record_truncates":false}
{"app":"AI_LEARNER","stage":"mem","model":"b3_deepae","target":"aarch64-unknown-linux-gnu","completed":29,"hal_peak":6208,"peak_within_bounded":true,"admitted_budget_bytes":6208,"peak_within_admitted_budget":true,"admission_mode":"conditional_map","hal_bytes_per_call_amortized":3736.3,"process_rss_kb":7012,"process_rss_delta_init_kb":604,"max_active_calls":1,"active_calls_now":0,"call_counter_balanced":true}
EVS Port1 1980-012-14:20:12.77438 66/1/AI_LEARNER 4: AI_LEARNER completed=30/30 mean=27922.2us max=82941.5us hal_peak=6208 within_bounded=1
{"app":"AI_LEARNER","stage":"run","model":"b3_deepae","target":"aarch64-unknown-linux-gnu","attempted":30,"completed":30,"fail_input":0,"fail_invoke":0,"fail_output":0,"mean_us":27922.19,"max_us":82941.47,"last_us":24623.65,"out0":-34.89132,"out_elems":640,"out_sha256":"7763b1b4e316064ecc3a1eec43afdc04dbae44f8c1f789188132c9d6c8250412","out_head":[-34.891319,-19.254387,-10.698231,-6.055479,-3.156272,1.490048],"out_tail":[-19.599941,-18.188206,-18.764072,-20.379299,-29.050501,-42.499268],"out_full_file":"/cf/last_out.json","out_full_file_bytes":7045,"out_full_file_reason":"ok","out_record_truncates":false}
{"app":"AI_LEARNER","stage":"mem","model":"b3_deepae","target":"aarch64-unknown-linux-gnu","completed":30,"hal_peak":6208,"peak_within_bounded":true,"admitted_budget_bytes":6208,"peak_within_admitted_budget":true,"admission_mode":"conditional_map","hal_bytes_per_call_amortized":3733.3,"process_rss_kb":7012,"process_rss_delta_init_kb":604,"max_active_calls":1,"active_calls_now":0,"call_counter_balanced":true}
.EVS Port1 1980-012-14:20:16.73980 66/1/AI_LEARNER 4: AI_LEARNER completed=31/31 mean=27404.6us max=82941.5us hal_peak=6208 within_bounded=1
{"app":"AI_LEARNER","stage":"run","model":"b3_deepae","target":"aarch64-unknown-linux-gnu","attempted":31,"completed":31,"fail_input":0,"fail_invoke":0,"fail_output":0,"mean_us":27404.55,"max_us":82941.47,"last_us":11875.34,"out0":-34.89132,"out_elems":640,"out_sha256":"7763b1b4e316064ecc3a1eec43afdc04dbae44f8c1f789188132c9d6c8250412","out_head":[-34.891319,-19.254387,-10.698231,-6.055479,-3.156272,1.490048],"out_tail":[-19.599941,-18.188206,-18.764072,-20.379299,-29.050501,-42.499268],"out_full_file":"/cf/last_out.json","out_full_file_bytes":7045,"out_full_file_reason":"ok","out_record_truncates":false}
{"app":"AI_LEARNER","stage":"mem","model":"b3_deepae","target":"aarch64-unknown-linux-gnu","completed":31,"hal_peak":6208,"peak_within_bounded":true,"admitted_budget_bytes":6208,"peak_within_admitted_budget":true,"admission_mode":"conditional_map","hal_bytes_per_call_amortized":3730.6,"process_rss_kb":7012,"process_rss_delta_init_kb":604,"max_active_calls":1,"active_calls_now":0,"call_counter_balanced":true}
.EVS Port1 1980-012-14:20:20.77088 66/1/AI_LEARNER 4: AI_LEARNER completed=32/32 mean=27680.6us max=82941.5us hal_peak=6208 within_bounded=1
{"app":"AI_LEARNER","stage":"run","model":"b3_deepae","target":"aarch64-unknown-linux-gnu","attempted":32,"completed":32,"fail_input":0,"fail_invoke":0,"fail_output":0,"mean_us":27680.58,"max_us":82941.47,"last_us":36237.39,"out0":-34.89132,"out_elems":640,"out_sha256":"7763b1b4e316064ecc3a1eec43afdc04dbae44f8c1f789188132c9d6c8250412","out_head":[-34.891319,-19.254387,-10.698231,-6.055479,-3.156272,1.490048],"out_tail":[-19.599941,-18.188206,-18.764072,-20.379299,-29.050501,-42.499268],"out_full_file":"/cf/last_out.json","out_full_file_bytes":7045,"out_full_file_reason":"ok","out_record_truncates":false}
{"app":"AI_LEARNER","stage":"mem","model":"b3_deepae","target":"aarch64-unknown-linux-gnu","completed":32,"hal_peak":6208,"peak_within_bounded":true,"admitted_budget_bytes":6208,"peak_within_admitted_budget":true,"admission_mode":"conditional_map","hal_bytes_per_call_amortized":3728.0,"process_rss_kb":7012,"process_rss_delta_init_kb":604,"max_active_calls":1,"active_calls_now":0,"call_counter_balanced":true}
EVS Port1 1980-012-14:20:24.76463 66/1/AI_LEARNER 4: AI_LEARNER completed=33/33 mean=27731.5us max=82941.5us hal_peak=6208 within_bounded=1
{"app":"AI_LEARNER","stage":"run","model":"b3_deepae","target":"aarch64-unknown-linux-gnu","attempted":33,"completed":33,"fail_input":0,"fail_invoke":0,"fail_output":0,"mean_us":27731.54,"max_us":82941.47,"last_us":29362.45,"out0":-34.89132,"out_elems":640,"out_sha256":"7763b1b4e316064ecc3a1eec43afdc04dbae44f8c1f789188132c9d6c8250412","out_head":[-34.891319,-19.254387,-10.698231,-6.055479,-3.156272,1.490048],"out_tail":[-19.599941,-18.188206,-18.764072,-20.379299,-29.050501,-42.499268],"out_full_file":"/cf/last_out.json","out_full_file_bytes":7045,"out_full_file_reason":"ok","out_record_truncates":false}
{"app":"AI_LEARNER","stage":"mem","model":"b3_deepae","target":"aarch64-unknown-linux-gnu","completed":33,"hal_peak":6208,"peak_within_bounded":true,"admitted_budget_bytes":6208,"peak_within_admitted_budget":true,"admission_mode":"conditional_map","hal_bytes_per_call_amortized":3725.6,"process_rss_kb":7012,"process_rss_delta_init_kb":604,"max_active_calls":1,"active_calls_now":0,"call_counter_balanced":true}
.EVS Port1 1980-012-14:20:28.74124 66/1/AI_LEARNER 4: AI_LEARNER completed=34/34 mean=27421.7us max=82941.5us hal_peak=6208 within_bounded=1
{"app":"AI_LEARNER","stage":"run","model":"b3_deepae","target":"aarch64-unknown-linux-gnu","attempted":34,"completed":34,"fail_input":0,"fail_invoke":0,"fail_output":0,"mean_us":27421.65,"max_us":82941.47,"last_us":17195.17,"out0":-34.89132,"out_elems":640,"out_sha256":"7763b1b4e316064ecc3a1eec43afdc04dbae44f8c1f789188132c9d6c8250412","out_head":[-34.891319,-19.254387,-10.698231,-6.055479,-3.156272,1.490048],"out_tail":[-19.599941,-18.188206,-18.764072,-20.379299,-29.050501,-42.499268],"out_full_file":"/cf/last_out.json","out_full_file_bytes":7045,"out_full_file_reason":"ok","out_record_truncates":false}
{"app":"AI_LEARNER","stage":"mem","model":"b3_deepae","target":"aarch64-unknown-linux-gnu","completed":34,"hal_peak":6208,"peak_within_bounded":true,"admitted_budget_bytes":6208,"peak_within_admitted_budget":true,"admission_mode":"conditional_map","hal_bytes_per_call_amortized":3723.3,"process_rss_kb":7012,"process_rss_delta_init_kb":604,"max_active_calls":1,"active_calls_now":0,"call_counter_balanced":true}
.EVS Port1 1980-012-14:20:32.77703 66/1/AI_LEARNER 4: AI_LEARNER completed=35/35 mean=27344.2us max=82941.5us hal_peak=6208 within_bounded=1
{"app":"AI_LEARNER","stage":"run","model":"b3_deepae","target":"aarch64-unknown-linux-gnu","attempted":35,"completed":35,"fail_input":0,"fail_invoke":0,"fail_output":0,"mean_us":27344.21,"max_us":82941.47,"last_us":24711.38,"out0":-34.89132,"out_elems":640,"out_sha256":"7763b1b4e316064ecc3a1eec43afdc04dbae44f8c1f789188132c9d6c8250412","out_head":[-34.891319,-19.254387,-10.698231,-6.055479,-3.156272,1.490048],"out_tail":[-19.599941,-18.188206,-18.764072,-20.379299,-29.050501,-42.499268],"out_full_file":"/cf/last_out.json","out_full_file_bytes":7045,"out_full_file_reason":"ok","out_record_truncates":false}
{"app":"AI_LEARNER","stage":"mem","model":"b3_deepae","target":"aarch64-unknown-linux-gnu","completed":35,"hal_peak":6208,"peak_within_bounded":true,"admitted_budget_bytes":6208,"peak_within_admitted_budget":true,"admission_mode":"conditional_map","hal_bytes_per_call_amortized":3721.1,"process_rss_kb":7012,"process_rss_delta_init_kb":604,"max_active_calls":1,"active_calls_now":0,"call_counter_balanced":true}
EVS Port1 1980-012-14:20:36.77397 66/1/AI_LEARNER 4: AI_LEARNER completed=36/36 mean=27535.4us max=82941.5us hal_peak=6208 within_bounded=1
{"app":"AI_LEARNER","stage":"run","model":"b3_deepae","target":"aarch64-unknown-linux-gnu","attempted":36,"completed":36,"fail_input":0,"fail_invoke":0,"fail_output":0,"mean_us":27535.37,"max_us":82941.47,"last_us":34225.95,"out0":-34.89132,"out_elems":640,"out_sha256":"7763b1b4e316064ecc3a1eec43afdc04dbae44f8c1f789188132c9d6c8250412","out_head":[-34.891319,-19.254387,-10.698231,-6.055479,-3.156272,1.490048],"out_tail":[-19.599941,-18.188206,-18.764072,-20.379299,-29.050501,-42.499268],"out_full_file":"/cf/last_out.json","out_full_file_bytes":7045,"out_full_file_reason":"ok","out_record_truncates":false}
{"app":"AI_LEARNER","stage":"mem","model":"b3_deepae","target":"aarch64-unknown-linux-gnu","completed":36,"hal_peak":6208,"peak_within_bounded":true,"admitted_budget_bytes":6208,"peak_within_admitted_budget":true,"admission_mode":"conditional_map","hal_bytes_per_call_amortized":3719.1,"process_rss_kb":7012,"process_rss_delta_init_kb":604,"max_active_calls":1,"active_calls_now":0,"call_counter_balanced":true}
.EVS Port1 1980-012-14:20:40.74713 66/1/AI_LEARNER 4: AI_LEARNER completed=37/37 mean=27337.2us max=82941.5us hal_peak=6208 within_bounded=1
{"app":"AI_LEARNER","stage":"run","model":"b3_deepae","target":"aarch64-unknown-linux-gnu","attempted":37,"completed":37,"fail_input":0,"fail_invoke":0,"fail_output":0,"mean_us":27337.15,"max_us":82941.47,"last_us":20201.25,"out0":-34.89132,"out_elems":640,"out_sha256":"7763b1b4e316064ecc3a1eec43afdc04dbae44f8c1f789188132c9d6c8250412","out_head":[-34.891319,-19.254387,-10.698231,-6.055479,-3.156272,1.490048],"out_tail":[-19.599941,-18.188206,-18.764072,-20.379299,-29.050501,-42.499268],"out_full_file":"/cf/last_out.json","out_full_file_bytes":7045,"out_full_file_reason":"ok","out_record_truncates":false}
{"app":"AI_LEARNER","stage":"mem","model":"b3_deepae","target":"aarch64-unknown-linux-gnu","completed":37,"hal_peak":6208,"peak_within_bounded":true,"admitted_budget_bytes":6208,"peak_within_admitted_budget":true,"admission_mode":"conditional_map","hal_bytes_per_call_amortized":3717.2,"process_rss_kb":7012,"process_rss_delta_init_kb":604,"max_active_calls":1,"active_calls_now":0,"call_counter_balanced":true}
.EVS Port1 1980-012-14:20:44.78421 66/1/AI_LEARNER 4: AI_LEARNER completed=38/38 mean=27426.5us max=82941.5us hal_peak=6208 within_bounded=1
{"app":"AI_LEARNER","stage":"run","model":"b3_deepae","target":"aarch64-unknown-linux-gnu","attempted":38,"completed":38,"fail_input":0,"fail_invoke":0,"fail_output":0,"mean_us":27426.49,"max_us":82941.47,"last_us":30732.00,"out0":-34.89132,"out_elems":640,"out_sha256":"7763b1b4e316064ecc3a1eec43afdc04dbae44f8c1f789188132c9d6c8250412","out_head":[-34.891319,-19.254387,-10.698231,-6.055479,-3.156272,1.490048],"out_tail":[-19.599941,-18.188206,-18.764072,-20.379299,-29.050501,-42.499268],"out_full_file":"/cf/last_out.json","out_full_file_bytes":7045,"out_full_file_reason":"ok","out_record_truncates":false}
{"app":"AI_LEARNER","stage":"mem","model":"b3_deepae","target":"aarch64-unknown-linux-gnu","completed":38,"hal_peak":6208,"peak_within_bounded":true,"admitted_budget_bytes":6208,"peak_within_admitted_budget":true,"admission_mode":"conditional_map","hal_bytes_per_call_amortized":3715.4,"process_rss_kb":7012,"process_rss_delta_init_kb":604,"max_active_calls":1,"active_calls_now":0,"call_counter_balanced":true}
EVS Port1 1980-012-14:20:48.73599 66/1/AI_LEARNER 4: AI_LEARNER completed=39/39 mean=27158.4us max=82941.5us hal_peak=6208 within_bounded=1
{"app":"AI_LEARNER","stage":"run","model":"b3_deepae","target":"aarch64-unknown-linux-gnu","attempted":39,"completed":39,"fail_input":0,"fail_invoke":0,"fail_output":0,"mean_us":27158.36,"max_us":82941.47,"last_us":16969.25,"out0":-34.89132,"out_elems":640,"out_sha256":"7763b1b4e316064ecc3a1eec43afdc04dbae44f8c1f789188132c9d6c8250412","out_head":[-34.891319,-19.254387,-10.698231,-6.055479,-3.156272,1.490048],"out_tail":[-19.599941,-18.188206,-18.764072,-20.379299,-29.050501,-42.499268],"out_full_file":"/cf/last_out.json","out_full_file_bytes":7045,"out_full_file_reason":"ok","out_record_truncates":false}
{"app":"AI_LEARNER","stage":"mem","model":"b3_deepae","target":"aarch64-unknown-linux-gnu","completed":39,"hal_peak":6208,"peak_within_bounded":true,"admitted_budget_bytes":6208,"peak_within_admitted_budget":true,"admission_mode":"conditional_map","hal_bytes_per_call_amortized":3713.6,"process_rss_kb":7012,"process_rss_delta_init_kb":604,"max_active_calls":1,"active_calls_now":0,"call_counter_balanced":true}
.EVS Port1 1980-012-14:20:52.75407 66/1/AI_LEARNER 4: AI_LEARNER completed=40/40 mean=27067.2us max=82941.5us hal_peak=6208 within_bounded=1
{"app":"AI_LEARNER","stage":"run","model":"b3_deepae","target":"aarch64-unknown-linux-gnu","attempted":40,"completed":40,"fail_input":0,"fail_invoke":0,"fail_output":0,"mean_us":27067.23,"max_us":82941.47,"last_us":23513.10,"out0":-34.89132,"out_elems":640,"out_sha256":"7763b1b4e316064ecc3a1eec43afdc04dbae44f8c1f789188132c9d6c8250412","out_head":[-34.891319,-19.254387,-10.698231,-6.055479,-3.156272,1.490048],"out_tail":[-19.599941,-18.188206,-18.764072,-20.379299,-29.050501,-42.499268],"out_full_file":"/cf/last_out.json","out_full_file_bytes":7045,"out_full_file_reason":"ok","out_record_truncates":false}
{"app":"AI_LEARNER","stage":"mem","model":"b3_deepae","target":"aarch64-unknown-linux-gnu","completed":40,"hal_peak":6208,"peak_within_bounded":true,"admitted_budget_bytes":6208,"peak_within_admitted_budget":true,"admission_mode":"conditional_map","hal_bytes_per_call_amortized":3712.0,"process_rss_kb":7012,"process_rss_delta_init_kb":604,"max_active_calls":1,"active_calls_now":0,"call_counter_balanced":true}
.EVS Port1 1980-012-14:20:56.78666 66/1/AI_LEARNER 4: AI_LEARNER completed=41/41 mean=26956.2us max=82941.5us hal_peak=6208 within_bounded=1
{"app":"AI_LEARNER","stage":"run","model":"b3_deepae","target":"aarch64-unknown-linux-gnu","attempted":41,"completed":41,"fail_input":0,"fail_invoke":0,"fail_output":0,"mean_us":26956.16,"max_us":82941.47,"last_us":22513.63,"out0":-34.89132,"out_elems":640,"out_sha256":"7763b1b4e316064ecc3a1eec43afdc04dbae44f8c1f789188132c9d6c8250412","out_head":[-34.891319,-19.254387,-10.698231,-6.055479,-3.156272,1.490048],"out_tail":[-19.599941,-18.188206,-18.764072,-20.379299,-29.050501,-42.499268],"out_full_file":"/cf/last_out.json","out_full_file_bytes":7045,"out_full_file_reason":"ok","out_record_truncates":false}
{"app":"AI_LEARNER","stage":"mem","model":"b3_deepae","target":"aarch64-unknown-linux-gnu","completed":41,"hal_peak":6208,"peak_within_bounded":true,"admitted_budget_bytes":6208,"peak_within_admitted_budget":true,"admission_mode":"conditional_map","hal_bytes_per_call_amortized":3710.4,"process_rss_kb":7012,"process_rss_delta_init_kb":604,"max_active_calls":1,"active_calls_now":0,"call_counter_balanced":true}
EVS Port1 1980-012-14:21:00.78204 66/1/AI_LEARNER 4: AI_LEARNER completed=42/42 mean=27462.7us max=82941.5us hal_peak=6208 within_bounded=1
{"app":"AI_LEARNER","stage":"run","model":"b3_deepae","target":"aarch64-unknown-linux-gnu","attempted":42,"completed":42,"fail_input":0,"fail_invoke":0,"fail_output":0,"mean_us":27462.68,"max_us":82941.47,"last_us":48229.70,"out0":-34.89132,"out_elems":640,"out_sha256":"7763b1b4e316064ecc3a1eec43afdc04dbae44f8c1f789188132c9d6c8250412","out_head":[-34.891319,-19.254387,-10.698231,-6.055479,-3.156272,1.490048],"out_tail":[-19.599941,-18.188206,-18.764072,-20.379299,-29.050501,-42.499268],"out_full_file":"/cf/last_out.json","out_full_file_bytes":7045,"out_full_file_reason":"ok","out_record_truncates":false}
{"app":"AI_LEARNER","stage":"mem","model":"b3_deepae","target":"aarch64-unknown-linux-gnu","completed":42,"hal_peak":6208,"peak_within_bounded":true,"admitted_budget_bytes":6208,"peak_within_admitted_budget":true,"admission_mode":"conditional_map","hal_bytes_per_call_amortized":3709.0,"process_rss_kb":7012,"process_rss_delta_init_kb":604,"max_active_calls":1,"active_calls_now":0,"call_counter_balanced":true}
.EVS Port1 1980-012-14:21:04.77919 66/1/AI_LEARNER 4: AI_LEARNER completed=43/43 mean=27423.7us max=82941.5us hal_peak=6208 within_bounded=1
{"app":"AI_LEARNER","stage":"run","model":"b3_deepae","target":"aarch64-unknown-linux-gnu","attempted":43,"completed":43,"fail_input":0,"fail_invoke":0,"fail_output":0,"mean_us":27423.70,"max_us":82941.47,"last_us":25786.54,"out0":-34.89132,"out_elems":640,"out_sha256":"7763b1b4e316064ecc3a1eec43afdc04dbae44f8c1f789188132c9d6c8250412","out_head":[-34.891319,-19.254387,-10.698231,-6.055479,-3.156272,1.490048],"out_tail":[-19.599941,-18.188206,-18.764072,-20.379299,-29.050501,-42.499268],"out_full_file":"/cf/last_out.json","out_full_file_bytes":7045,"out_full_file_reason":"ok","out_record_truncates":false}
{"app":"AI_LEARNER","stage":"mem","model":"b3_deepae","target":"aarch64-unknown-linux-gnu","completed":43,"hal_peak":6208,"peak_within_bounded":true,"admitted_budget_bytes":6208,"peak_within_admitted_budget":true,"admission_mode":"conditional_map","hal_bytes_per_call_amortized":3707.5,"process_rss_kb":7012,"process_rss_delta_init_kb":604,"max_active_calls":1,"active_calls_now":0,"call_counter_balanced":true}
.EVS Port1 1980-012-14:21:08.75723 66/1/AI_LEARNER 4: AI_LEARNER completed=44/44 mean=27358.7us max=82941.5us hal_peak=6208 within_bounded=1
{"app":"AI_LEARNER","stage":"run","model":"b3_deepae","target":"aarch64-unknown-linux-gnu","attempted":44,"completed":44,"fail_input":0,"fail_invoke":0,"fail_output":0,"mean_us":27358.73,"max_us":82941.47,"last_us":24565.25,"out0":-34.89132,"out_elems":640,"out_sha256":"7763b1b4e316064ecc3a1eec43afdc04dbae44f8c1f789188132c9d6c8250412","out_head":[-34.891319,-19.254387,-10.698231,-6.055479,-3.156272,1.490048],"out_tail":[-19.599941,-18.188206,-18.764072,-20.379299,-29.050501,-42.499268],"out_full_file":"/cf/last_out.json","out_full_file_bytes":7045,"out_full_file_reason":"ok","out_record_truncates":false}
{"app":"AI_LEARNER","stage":"mem","model":"b3_deepae","target":"aarch64-unknown-linux-gnu","completed":44,"hal_peak":6208,"peak_within_bounded":true,"admitted_budget_bytes":6208,"peak_within_admitted_budget":true,"admission_mode":"conditional_map","hal_bytes_per_call_amortized":3706.2,"process_rss_kb":7012,"process_rss_delta_init_kb":604,"max_active_calls":1,"active_calls_now":0,"call_counter_balanced":true}
EVS Port1 1980-012-14:21:12.75677 66/1/AI_LEARNER 4: AI_LEARNER completed=45/45 mean=27303.6us max=82941.5us hal_peak=6208 within_bounded=1
{"app":"AI_LEARNER","stage":"run","model":"b3_deepae","target":"aarch64-unknown-linux-gnu","attempted":45,"completed":45,"fail_input":0,"fail_invoke":0,"fail_output":0,"mean_us":27303.64,"max_us":82941.47,"last_us":24879.49,"out0":-34.89132,"out_elems":640,"out_sha256":"7763b1b4e316064ecc3a1eec43afdc04dbae44f8c1f789188132c9d6c8250412","out_head":[-34.891319,-19.254387,-10.698231,-6.055479,-3.156272,1.490048],"out_tail":[-19.599941,-18.188206,-18.764072,-20.379299,-29.050501,-42.499268],"out_full_file":"/cf/last_out.json","out_full_file_bytes":7045,"out_full_file_reason":"ok","out_record_truncates":false}
{"app":"AI_LEARNER","stage":"mem","model":"b3_deepae","target":"aarch64-unknown-linux-gnu","completed":45,"hal_peak":6208,"peak_within_bounded":true,"admitted_budget_bytes":6208,"peak_within_admitted_budget":true,"admission_mode":"conditional_map","hal_bytes_per_call_amortized":3704.9,"process_rss_kb":7012,"process_rss_delta_init_kb":604,"max_active_calls":1,"active_calls_now":0,"call_counter_balanced":true}
.EVS Port1 1980-012-14:21:16.74716 66/1/AI_LEARNER 4: AI_LEARNER completed=46/46 mean=27142.8us max=82941.5us hal_peak=6208 within_bounded=1
{"app":"AI_LEARNER","stage":"run","model":"b3_deepae","target":"aarch64-unknown-linux-gnu","attempted":46,"completed":46,"fail_input":0,"fail_invoke":0,"fail_output":0,"mean_us":27142.85,"max_us":82941.47,"last_us":19907.26,"out0":-34.89132,"out_elems":640,"out_sha256":"7763b1b4e316064ecc3a1eec43afdc04dbae44f8c1f789188132c9d6c8250412","out_head":[-34.891319,-19.254387,-10.698231,-6.055479,-3.156272,1.490048],"out_tail":[-19.599941,-18.188206,-18.764072,-20.379299,-29.050501,-42.499268],"out_full_file":"/cf/last_out.json","out_full_file_bytes":7045,"out_full_file_reason":"ok","out_record_truncates":false}
{"app":"AI_LEARNER","stage":"mem","model":"b3_deepae","target":"aarch64-unknown-linux-gnu","completed":46,"hal_peak":6208,"peak_within_bounded":true,"admitted_budget_bytes":6208,"peak_within_admitted_budget":true,"admission_mode":"conditional_map","hal_bytes_per_call_amortized":3703.7,"process_rss_kb":7012,"process_rss_delta_init_kb":604,"max_active_calls":1,"active_calls_now":0,"call_counter_balanced":true}
.EVS Port1 1980-012-14:21:20.74195 66/1/AI_LEARNER 4: AI_LEARNER completed=47/47 mean=26865.1us max=82941.5us hal_peak=6208 within_bounded=1
{"app":"AI_LEARNER","stage":"run","model":"b3_deepae","target":"aarch64-unknown-linux-gnu","attempted":47,"completed":47,"fail_input":0,"fail_invoke":0,"fail_output":0,"mean_us":26865.14,"max_us":82941.47,"last_us":14090.88,"out0":-34.89132,"out_elems":640,"out_sha256":"7763b1b4e316064ecc3a1eec43afdc04dbae44f8c1f789188132c9d6c8250412","out_head":[-34.891319,-19.254387,-10.698231,-6.055479,-3.156272,1.490048],"out_tail":[-19.599941,-18.188206,-18.764072,-20.379299,-29.050501,-42.499268],"out_full_file":"/cf/last_out.json","out_full_file_bytes":7045,"out_full_file_reason":"ok","out_record_truncates":false}
{"app":"AI_LEARNER","stage":"mem","model":"b3_deepae","target":"aarch64-unknown-linux-gnu","completed":47,"hal_peak":6208,"peak_within_bounded":true,"admitted_budget_bytes":6208,"peak_within_admitted_budget":true,"admission_mode":"conditional_map","hal_bytes_per_call_amortized":3702.5,"process_rss_kb":7012,"process_rss_delta_init_kb":604,"max_active_calls":1,"active_calls_now":0,"call_counter_balanced":true}
EVS Port1 1980-012-14:21:24.77607 66/1/AI_LEARNER 4: AI_LEARNER completed=48/48 mean=26809.4us max=82941.5us hal_peak=6208 within_bounded=1
{"app":"AI_LEARNER","stage":"run","model":"b3_deepae","target":"aarch64-unknown-linux-gnu","attempted":48,"completed":48,"fail_input":0,"fail_invoke":0,"fail_output":0,"mean_us":26809.38,"max_us":82941.47,"last_us":24188.22,"out0":-34.89132,"out_elems":640,"out_sha256":"7763b1b4e316064ecc3a1eec43afdc04dbae44f8c1f789188132c9d6c8250412","out_head":[-34.891319,-19.254387,-10.698231,-6.055479,-3.156272,1.490048],"out_tail":[-19.599941,-18.188206,-18.764072,-20.379299,-29.050501,-42.499268],"out_full_file":"/cf/last_out.json","out_full_file_bytes":7045,"out_full_file_reason":"ok","out_record_truncates":false}
{"app":"AI_LEARNER","stage":"mem","model":"b3_deepae","target":"aarch64-unknown-linux-gnu","completed":48,"hal_peak":6208,"peak_within_bounded":true,"admitted_budget_bytes":6208,"peak_within_admitted_budget":true,"admission_mode":"conditional_map","hal_bytes_per_call_amortized":3701.3,"process_rss_kb":7012,"process_rss_delta_init_kb":604,"max_active_calls":1,"active_calls_now":0,"call_counter_balanced":true}
.EVS Port1 1980-012-14:21:28.74842 66/1/AI_LEARNER 4: AI_LEARNER completed=49/49 mean=26592.5us max=82941.5us hal_peak=6208 within_bounded=1
{"app":"AI_LEARNER","stage":"run","model":"b3_deepae","target":"aarch64-unknown-linux-gnu","attempted":49,"completed":49,"fail_input":0,"fail_invoke":0,"fail_output":0,"mean_us":26592.49,"max_us":82941.47,"last_us":16182.03,"out0":-34.89132,"out_elems":640,"out_sha256":"7763b1b4e316064ecc3a1eec43afdc04dbae44f8c1f789188132c9d6c8250412","out_head":[-34.891319,-19.254387,-10.698231,-6.055479,-3.156272,1.490048],"out_tail":[-19.599941,-18.188206,-18.764072,-20.379299,-29.050501,-42.499268],"out_full_file":"/cf/last_out.json","out_full_file_bytes":7045,"out_full_file_reason":"ok","out_record_truncates":false}
{"app":"AI_LEARNER","stage":"mem","model":"b3_deepae","target":"aarch64-unknown-linux-gnu","completed":49,"hal_peak":6208,"peak_within_bounded":true,"admitted_budget_bytes":6208,"peak_within_admitted_budget":true,"admission_mode":"conditional_map","hal_bytes_per_call_amortized":3700.2,"process_rss_kb":7012,"process_rss_delta_init_kb":604,"max_active_calls":1,"active_calls_now":0,"call_counter_balanced":true}
.EVS Port1 1980-012-14:21:32.75656 66/1/AI_LEARNER 4: AI_LEARNER completed=50/50 mean=26572.4us max=82941.5us hal_peak=6208 within_bounded=1
{"app":"AI_LEARNER","stage":"run","model":"b3_deepae","target":"aarch64-unknown-linux-gnu","attempted":50,"completed":50,"fail_input":0,"fail_invoke":0,"fail_output":0,"mean_us":26572.36,"max_us":82941.47,"last_us":25586.05,"out0":-34.89132,"out_elems":640,"out_sha256":"7763b1b4e316064ecc3a1eec43afdc04dbae44f8c1f789188132c9d6c8250412","out_head":[-34.891319,-19.254387,-10.698231,-6.055479,-3.156272,1.490048],"out_tail":[-19.599941,-18.188206,-18.764072,-20.379299,-29.050501,-42.499268],"out_full_file":"/cf/last_out.json","out_full_file_bytes":7045,"out_full_file_reason":"ok","out_record_truncates":false}
{"app":"AI_LEARNER","stage":"mem","model":"b3_deepae","target":"aarch64-unknown-linux-gnu","completed":50,"hal_peak":6208,"peak_within_bounded":true,"admitted_budget_bytes":6208,"peak_within_admitted_budget":true,"admission_mode":"conditional_map","hal_bytes_per_call_amortized":3699.2,"process_rss_kb":7012,"process_rss_delta_init_kb":604,"max_active_calls":1,"active_calls_now":0,"call_counter_balanced":true}
EVS Port1 1980-012-14:21:36.78611 66/1/AI_LEARNER 4: AI_LEARNER completed=51/51 mean=26444.1us max=82941.5us hal_peak=6208 within_bounded=1
{"app":"AI_LEARNER","stage":"run","model":"b3_deepae","target":"aarch64-unknown-linux-gnu","attempted":51,"completed":51,"fail_input":0,"fail_invoke":0,"fail_output":0,"mean_us":26444.07,"max_us":82941.47,"last_us":20029.60,"out0":-34.89132,"out_elems":640,"out_sha256":"7763b1b4e316064ecc3a1eec43afdc04dbae44f8c1f789188132c9d6c8250412","out_head":[-34.891319,-19.254387,-10.698231,-6.055479,-3.156272,1.490048],"out_tail":[-19.599941,-18.188206,-18.764072,-20.379299,-29.050501,-42.499268],"out_full_file":"/cf/last_out.json","out_full_file_bytes":7045,"out_full_file_reason":"ok","out_record_truncates":false}
{"app":"AI_LEARNER","stage":"mem","model":"b3_deepae","target":"aarch64-unknown-linux-gnu","completed":51,"hal_peak":6208,"peak_within_bounded":true,"admitted_budget_bytes":6208,"peak_within_admitted_budget":true,"admission_mode":"conditional_map","hal_bytes_per_call_amortized":3698.2,"process_rss_kb":7012,"process_rss_delta_init_kb":604,"max_active_calls":1,"active_calls_now":0,"call_counter_balanced":true}
.EVS Port1 1980-012-14:21:40.78199 66/1/AI_LEARNER 4: AI_LEARNER completed=52/52 mean=26288.2us max=82941.5us hal_peak=6208 within_bounded=1
{"app":"AI_LEARNER","stage":"run","model":"b3_deepae","target":"aarch64-unknown-linux-gnu","attempted":52,"completed":52,"fail_input":0,"fail_invoke":0,"fail_output":0,"mean_us":26288.23,"max_us":82941.47,"last_us":18340.40,"out0":-34.89132,"out_elems":640,"out_sha256":"7763b1b4e316064ecc3a1eec43afdc04dbae44f8c1f789188132c9d6c8250412","out_head":[-34.891319,-19.254387,-10.698231,-6.055479,-3.156272,1.490048],"out_tail":[-19.599941,-18.188206,-18.764072,-20.379299,-29.050501,-42.499268],"out_full_file":"/cf/last_out.json","out_full_file_bytes":7045,"out_full_file_reason":"ok","out_record_truncates":false}
{"app":"AI_LEARNER","stage":"mem","model":"b3_deepae","target":"aarch64-unknown-linux-gnu","completed":52,"hal_peak":6208,"peak_within_bounded":true,"admitted_budget_bytes":6208,"peak_within_admitted_budget":true,"admission_mode":"conditional_map","hal_bytes_per_call_amortized":3697.2,"process_rss_kb":7012,"process_rss_delta_init_kb":604,"max_active_calls":1,"active_calls_now":0,"call_counter_balanced":true}
.EVS Port1 1980-012-14:21:44.74563 66/1/AI_LEARNER 4: AI_LEARNER completed=53/53 mean=26038.7us max=82941.5us hal_peak=6208 within_bounded=1
{"app":"AI_LEARNER","stage":"run","model":"b3_deepae","target":"aarch64-unknown-linux-gnu","attempted":53,"completed":53,"fail_input":0,"fail_invoke":0,"fail_output":0,"mean_us":26038.70,"max_us":82941.47,"last_us":13062.94,"out0":-34.89132,"out_elems":640,"out_sha256":"7763b1b4e316064ecc3a1eec43afdc04dbae44f8c1f789188132c9d6c8250412","out_head":[-34.891319,-19.254387,-10.698231,-6.055479,-3.156272,1.490048],"out_tail":[-19.599941,-18.188206,-18.764072,-20.379299,-29.050501,-42.499268],"out_full_file":"/cf/last_out.json","out_full_file_bytes":7045,"out_full_file_reason":"ok","out_record_truncates":false}
{"app":"AI_LEARNER","stage":"mem","model":"b3_deepae","target":"aarch64-unknown-linux-gnu","completed":53,"hal_peak":6208,"peak_within_bounded":true,"admitted_budget_bytes":6208,"peak_within_admitted_budget":true,"admission_mode":"conditional_map","hal_bytes_per_call_amortized":3696.3,"process_rss_kb":7012,"process_rss_delta_init_kb":604,"max_active_calls":1,"active_calls_now":0,"call_counter_balanced":true}
EVS Port1 1980-012-14:21:48.74777 66/1/AI_LEARNER 4: AI_LEARNER completed=54/54 mean=26019.0us max=82941.5us hal_peak=6208 within_bounded=1
{"app":"AI_LEARNER","stage":"run","model":"b3_deepae","target":"aarch64-unknown-linux-gnu","attempted":54,"completed":54,"fail_input":0,"fail_invoke":0,"fail_output":0,"mean_us":26018.96,"max_us":82941.47,"last_us":24972.66,"out0":-34.89132,"out_elems":640,"out_sha256":"7763b1b4e316064ecc3a1eec43afdc04dbae44f8c1f789188132c9d6c8250412","out_head":[-34.891319,-19.254387,-10.698231,-6.055479,-3.156272,1.490048],"out_tail":[-19.599941,-18.188206,-18.764072,-20.379299,-29.050501,-42.499268],"out_full_file":"/cf/last_out.json","out_full_file_bytes":7045,"out_full_file_reason":"ok","out_record_truncates":false}
{"app":"AI_LEARNER","stage":"mem","model":"b3_deepae","target":"aarch64-unknown-linux-gnu","completed":54,"hal_peak":6208,"peak_within_bounded":true,"admitted_budget_bytes":6208,"peak_within_admitted_budget":true,"admission_mode":"conditional_map","hal_bytes_per_call_amortized":3695.4,"process_rss_kb":7012,"process_rss_delta_init_kb":604,"max_active_calls":1,"active_calls_now":0,"call_counter_balanced":true}
.EVS Port1 1980-012-14:21:52.77722 66/1/AI_LEARNER 4: AI_LEARNER completed=55/55 mean=26272.6us max=82941.5us hal_peak=6208 within_bounded=1
{"app":"AI_LEARNER","stage":"run","model":"b3_deepae","target":"aarch64-unknown-linux-gnu","attempted":55,"completed":55,"fail_input":0,"fail_invoke":0,"fail_output":0,"mean_us":26272.55,"max_us":82941.47,"last_us":39966.80,"out0":-34.89132,"out_elems":640,"out_sha256":"7763b1b4e316064ecc3a1eec43afdc04dbae44f8c1f789188132c9d6c8250412","out_head":[-34.891319,-19.254387,-10.698231,-6.055479,-3.156272,1.490048],"out_tail":[-19.599941,-18.188206,-18.764072,-20.379299,-29.050501,-42.499268],"out_full_file":"/cf/last_out.json","out_full_file_bytes":7045,"out_full_file_reason":"ok","out_record_truncates":false}
{"app":"AI_LEARNER","stage":"mem","model":"b3_deepae","target":"aarch64-unknown-linux-gnu","completed":55,"hal_peak":6208,"peak_within_bounded":true,"admitted_budget_bytes":6208,"peak_within_admitted_budget":true,"admission_mode":"conditional_map","hal_bytes_per_call_amortized":3694.5,"process_rss_kb":7012,"process_rss_delta_init_kb":604,"max_active_calls":1,"active_calls_now":0,"call_counter_balanced":true}
.EVS Port1 1980-012-14:21:56.74426 66/1/AI_LEARNER 4: AI_LEARNER completed=56/56 mean=26000.6us max=82941.5us hal_peak=6208 within_bounded=1
{"app":"AI_LEARNER","stage":"run","model":"b3_deepae","target":"aarch64-unknown-linux-gnu","attempted":56,"completed":56,"fail_input":0,"fail_invoke":0,"fail_output":0,"mean_us":26000.61,"max_us":82941.47,"last_us":11043.81,"out0":-34.89132,"out_elems":640,"out_sha256":"7763b1b4e316064ecc3a1eec43afdc04dbae44f8c1f789188132c9d6c8250412","out_head":[-34.891319,-19.254387,-10.698231,-6.055479,-3.156272,1.490048],"out_tail":[-19.599941,-18.188206,-18.764072,-20.379299,-29.050501,-42.499268],"out_full_file":"/cf/last_out.json","out_full_file_bytes":7045,"out_full_file_reason":"ok","out_record_truncates":false}
{"app":"AI_LEARNER","stage":"mem","model":"b3_deepae","target":"aarch64-unknown-linux-gnu","completed":56,"hal_peak":6208,"peak_within_bounded":true,"admitted_budget_bytes":6208,"peak_within_admitted_budget":true,"admission_mode":"conditional_map","hal_bytes_per_call_amortized":3693.7,"process_rss_kb":7012,"process_rss_delta_init_kb":604,"max_active_calls":1,"active_calls_now":0,"call_counter_balanced":true}
EVS Port1 1980-012-14:22:00.74765 66/1/AI_LEARNER 4: AI_LEARNER completed=57/57 mean=25926.4us max=82941.5us hal_peak=6208 within_bounded=1
{"app":"AI_LEARNER","stage":"run","model":"b3_deepae","target":"aarch64-unknown-linux-gnu","attempted":57,"completed":57,"fail_input":0,"fail_invoke":0,"fail_output":0,"mean_us":25926.43,"max_us":82941.47,"last_us":21772.32,"out0":-34.89132,"out_elems":640,"out_sha256":"7763b1b4e316064ecc3a1eec43afdc04dbae44f8c1f789188132c9d6c8250412","out_head":[-34.891319,-19.254387,-10.698231,-6.055479,-3.156272,1.490048],"out_tail":[-19.599941,-18.188206,-18.764072,-20.379299,-29.050501,-42.499268],"out_full_file":"/cf/last_out.json","out_full_file_bytes":7045,"out_full_file_reason":"ok","out_record_truncates":false}
{"app":"AI_LEARNER","stage":"mem","model":"b3_deepae","target":"aarch64-unknown-linux-gnu","completed":57,"hal_peak":6208,"peak_within_bounded":true,"admitted_budget_bytes":6208,"peak_within_admitted_budget":true,"admission_mode":"conditional_map","hal_bytes_per_call_amortized":3692.9,"process_rss_kb":7012,"process_rss_delta_init_kb":604,"max_active_calls":1,"active_calls_now":0,"call_counter_balanced":true}
.EVS Port1 1980-012-14:22:04.74415 66/1/AI_LEARNER 4: AI_LEARNER completed=58/58 mean=25670.9us max=82941.5us hal_peak=6208 within_bounded=1
{"app":"AI_LEARNER","stage":"run","model":"b3_deepae","target":"aarch64-unknown-linux-gnu","attempted":58,"completed":58,"fail_input":0,"fail_invoke":0,"fail_output":0,"mean_us":25670.93,"max_us":82941.47,"last_us":11107.57,"out0":-34.89132,"out_elems":640,"out_sha256":"7763b1b4e316064ecc3a1eec43afdc04dbae44f8c1f789188132c9d6c8250412","out_head":[-34.891319,-19.254387,-10.698231,-6.055479,-3.156272,1.490048],"out_tail":[-19.599941,-18.188206,-18.764072,-20.379299,-29.050501,-42.499268],"out_full_file":"/cf/last_out.json","out_full_file_bytes":7045,"out_full_file_reason":"ok","out_record_truncates":false}
{"app":"AI_LEARNER","stage":"mem","model":"b3_deepae","target":"aarch64-unknown-linux-gnu","completed":58,"hal_peak":6208,"peak_within_bounded":true,"admitted_budget_bytes":6208,"peak_within_admitted_budget":true,"admission_mode":"conditional_map","hal_bytes_per_call_amortized":3692.1,"process_rss_kb":7012,"process_rss_delta_init_kb":604,"max_active_calls":1,"active_calls_now":0,"call_counter_balanced":true}
.EVS Port1 1980-012-14:22:08.76417 66/1/AI_LEARNER 4: AI_LEARNER completed=59/59 mean=25775.8us max=82941.5us hal_peak=6208 within_bounded=1
{"app":"AI_LEARNER","stage":"run","model":"b3_deepae","target":"aarch64-unknown-linux-gnu","attempted":59,"completed":59,"fail_input":0,"fail_invoke":0,"fail_output":0,"mean_us":25775.81,"max_us":82941.47,"last_us":31858.51,"out0":-34.89132,"out_elems":640,"out_sha256":"7763b1b4e316064ecc3a1eec43afdc04dbae44f8c1f789188132c9d6c8250412","out_head":[-34.891319,-19.254387,-10.698231,-6.055479,-3.156272,1.490048],"out_tail":[-19.599941,-18.188206,-18.764072,-20.379299,-29.050501,-42.499268],"out_full_file":"/cf/last_out.json","out_full_file_bytes":7045,"out_full_file_reason":"ok","out_record_truncates":false}
{"app":"AI_LEARNER","stage":"mem","model":"b3_deepae","target":"aarch64-unknown-linux-gnu","completed":59,"hal_peak":6208,"peak_within_bounded":true,"admitted_budget_bytes":6208,"peak_within_admitted_budget":true,"admission_mode":"conditional_map","hal_bytes_per_call_amortized":3691.4,"process_rss_kb":7012,"process_rss_delta_init_kb":604,"max_active_calls":1,"active_calls_now":0,"call_counter_balanced":true}
EVS Port1 1980-012-14:22:12.78173 66/1/AI_LEARNER 4: AI_LEARNER completed=60/60 mean=25662.5us max=82941.5us hal_peak=6208 within_bounded=1
{"app":"AI_LEARNER","stage":"run","model":"b3_deepae","target":"aarch64-unknown-linux-gnu","attempted":60,"completed":60,"fail_input":0,"fail_invoke":0,"fail_output":0,"mean_us":25662.49,"max_us":82941.47,"last_us":18976.66,"out0":-34.89132,"out_elems":640,"out_sha256":"7763b1b4e316064ecc3a1eec43afdc04dbae44f8c1f789188132c9d6c8250412","out_head":[-34.891319,-19.254387,-10.698231,-6.055479,-3.156272,1.490048],"out_tail":[-19.599941,-18.188206,-18.764072,-20.379299,-29.050501,-42.499268],"out_full_file":"/cf/last_out.json","out_full_file_bytes":7045,"out_full_file_reason":"ok","out_record_truncates":false}
{"app":"AI_LEARNER","stage":"mem","model":"b3_deepae","target":"aarch64-unknown-linux-gnu","completed":60,"hal_peak":6208,"peak_within_bounded":true,"admitted_budget_bytes":6208,"peak_within_admitted_budget":true,"admission_mode":"conditional_map","hal_bytes_per_call_amortized":3690.7,"process_rss_kb":7012,"process_rss_delta_init_kb":604,"max_active_calls":1,"active_calls_now":0,"call_counter_balanced":true}
EVS Port1 1980-012-14:22:13.00326 66/1/CFE_TIME 21: Stop FLYWHEEL
EVS Port1 1980-012-14:22:14.00100 66/1/CFE_TIME 20: Start FLYWHEEL
.EVS Port1 1980-012-14:22:16.74198 66/1/AI_LEARNER 4: AI_LEARNER completed=61/61 mean=25395.4us max=82941.5us hal_peak=6208 within_bounded=1
{"app":"AI_LEARNER","stage":"run","model":"b3_deepae","target":"aarch64-unknown-linux-gnu","attempted":61,"completed":61,"fail_input":0,"fail_invoke":0,"fail_output":0,"mean_us":25395.39,"max_us":82941.47,"last_us":9369.20,"out0":-34.89132,"out_elems":640,"out_sha256":"7763b1b4e316064ecc3a1eec43afdc04dbae44f8c1f789188132c9d6c8250412","out_head":[-34.891319,-19.254387,-10.698231,-6.055479,-3.156272,1.490048],"out_tail":[-19.599941,-18.188206,-18.764072,-20.379299,-29.050501,-42.499268],"out_full_file":"/cf/last_out.json","out_full_file_bytes":7045,"out_full_file_reason":"ok","out_record_truncates":false}
{"app":"AI_LEARNER","stage":"mem","model":"b3_deepae","target":"aarch64-unknown-linux-gnu","completed":61,"hal_peak":6208,"peak_within_bounded":true,"admitted_budget_bytes":6208,"peak_within_admitted_budget":true,"admission_mode":"conditional_map","hal_bytes_per_call_amortized":3690.0,"process_rss_kb":7012,"process_rss_delta_init_kb":604,"max_active_calls":1,"active_calls_now":0,"call_counter_balanced":true}
.EVS Port1 1980-012-14:22:20.76565 66/1/AI_LEARNER 4: AI_LEARNER completed=62/62 mean=25262.3us max=82941.5us hal_peak=6208 within_bounded=1
{"app":"AI_LEARNER","stage":"run","model":"b3_deepae","target":"aarch64-unknown-linux-gnu","attempted":62,"completed":62,"fail_input":0,"fail_invoke":0,"fail_output":0,"mean_us":25262.27,"max_us":82941.47,"last_us":17142.03,"out0":-34.89132,"out_elems":640,"out_sha256":"7763b1b4e316064ecc3a1eec43afdc04dbae44f8c1f789188132c9d6c8250412","out_head":[-34.891319,-19.254387,-10.698231,-6.055479,-3.156272,1.490048],"out_tail":[-19.599941,-18.188206,-18.764072,-20.379299,-29.050501,-42.499268],"out_full_file":"/cf/last_out.json","out_full_file_bytes":7045,"out_full_file_reason":"ok","out_record_truncates":false}
{"app":"AI_LEARNER","stage":"mem","model":"b3_deepae","target":"aarch64-unknown-linux-gnu","completed":62,"hal_peak":6208,"peak_within_bounded":true,"admitted_budget_bytes":6208,"peak_within_admitted_budget":true,"admission_mode":"conditional_map","hal_bytes_per_call_amortized":3689.3,"process_rss_kb":7012,"process_rss_delta_init_kb":604,"max_active_calls":1,"active_calls_now":0,"call_counter_balanced":true}
EVS Port1 1980-012-14:22:24.76069 66/1/AI_LEARNER 4: AI_LEARNER completed=63/63 mean=25364.6us max=82941.5us hal_peak=6208 within_bounded=1
{"app":"AI_LEARNER","stage":"run","model":"b3_deepae","target":"aarch64-unknown-linux-gnu","attempted":63,"completed":63,"fail_input":0,"fail_invoke":0,"fail_output":0,"mean_us":25364.61,"max_us":82941.47,"last_us":31709.89,"out0":-34.89132,"out_elems":640,"out_sha256":"7763b1b4e316064ecc3a1eec43afdc04dbae44f8c1f789188132c9d6c8250412","out_head":[-34.891319,-19.254387,-10.698231,-6.055479,-3.156272,1.490048],"out_tail":[-19.599941,-18.188206,-18.764072,-20.379299,-29.050501,-42.499268],"out_full_file":"/cf/last_out.json","out_full_file_bytes":7045,"out_full_file_reason":"ok","out_record_truncates":false}
{"app":"AI_LEARNER","stage":"mem","model":"b3_deepae","target":"aarch64-unknown-linux-gnu","completed":63,"hal_peak":6208,"peak_within_bounded":true,"admitted_budget_bytes":6208,"peak_within_admitted_budget":true,"admission_mode":"conditional_map","hal_bytes_per_call_amortized":3688.6,"process_rss_kb":7012,"process_rss_delta_init_kb":604,"max_active_calls":1,"active_calls_now":0,"call_counter_balanced":true}
.EVS Port1 1980-012-14:22:28.73881 66/1/AI_LEARNER 4: AI_LEARNER completed=64/64 mean=25230.7us max=82941.5us hal_peak=6208 within_bounded=1
{"app":"AI_LEARNER","stage":"run","model":"b3_deepae","target":"aarch64-unknown-linux-gnu","attempted":64,"completed":64,"fail_input":0,"fail_invoke":0,"fail_output":0,"mean_us":25230.71,"max_us":82941.47,"last_us":16794.80,"out0":-34.89132,"out_elems":640,"out_sha256":"7763b1b4e316064ecc3a1eec43afdc04dbae44f8c1f789188132c9d6c8250412","out_head":[-34.891319,-19.254387,-10.698231,-6.055479,-3.156272,1.490048],"out_tail":[-19.599941,-18.188206,-18.764072,-20.379299,-29.050501,-42.499268],"out_full_file":"/cf/last_out.json","out_full_file_bytes":7045,"out_full_file_reason":"ok","out_record_truncates":false}
{"app":"AI_LEARNER","stage":"mem","model":"b3_deepae","target":"aarch64-unknown-linux-gnu","completed":64,"hal_peak":6208,"peak_within_bounded":true,"admitted_budget_bytes":6208,"peak_within_admitted_budget":true,"admission_mode":"conditional_map","hal_bytes_per_call_amortized":3688.0,"process_rss_kb":7012,"process_rss_delta_init_kb":604,"max_active_calls":1,"active_calls_now":0,"call_counter_balanced":true}
.EVS Port1 1980-012-14:22:32.77371 66/1/AI_LEARNER 4: AI_LEARNER completed=65/65 mean=25156.1us max=82941.5us hal_peak=6208 within_bounded=1
{"app":"AI_LEARNER","stage":"run","model":"b3_deepae","target":"aarch64-unknown-linux-gnu","attempted":65,"completed":65,"fail_input":0,"fail_invoke":0,"fail_output":0,"mean_us":25156.08,"max_us":82941.47,"last_us":20379.68,"out0":-34.89132,"out_elems":640,"out_sha256":"7763b1b4e316064ecc3a1eec43afdc04dbae44f8c1f789188132c9d6c8250412","out_head":[-34.891319,-19.254387,-10.698231,-6.055479,-3.156272,1.490048],"out_tail":[-19.599941,-18.188206,-18.764072,-20.379299,-29.050501,-42.499268],"out_full_file":"/cf/last_out.json","out_full_file_bytes":7045,"out_full_file_reason":"ok","out_record_truncates":false}
{"app":"AI_LEARNER","stage":"mem","model":"b3_deepae","target":"aarch64-unknown-linux-gnu","completed":65,"hal_peak":6208,"peak_within_bounded":true,"admitted_budget_bytes":6208,"peak_within_admitted_budget":true,"admission_mode":"conditional_map","hal_bytes_per_call_amortized":3687.4,"process_rss_kb":7012,"process_rss_delta_init_kb":604,"max_active_calls":1,"active_calls_now":0,"call_counter_balanced":true}
EVS Port1 1980-012-14:22:36.80252 66/1/AI_LEARNER 4: AI_LEARNER completed=66/66 mean=25192.7us max=82941.5us hal_peak=6208 within_bounded=1
{"app":"AI_LEARNER","stage":"run","model":"b3_deepae","target":"aarch64-unknown-linux-gnu","attempted":66,"completed":66,"fail_input":0,"fail_invoke":0,"fail_output":0,"mean_us":25192.66,"max_us":82941.47,"last_us":27570.45,"out0":-34.89132,"out_elems":640,"out_sha256":"7763b1b4e316064ecc3a1eec43afdc04dbae44f8c1f789188132c9d6c8250412","out_head":[-34.891319,-19.254387,-10.698231,-6.055479,-3.156272,1.490048],"out_tail":[-19.599941,-18.188206,-18.764072,-20.379299,-29.050501,-42.499268],"out_full_file":"/cf/last_out.json","out_full_file_bytes":7045,"out_full_file_reason":"ok","out_record_truncates":false}
{"app":"AI_LEARNER","stage":"mem","model":"b3_deepae","target":"aarch64-unknown-linux-gnu","completed":66,"hal_peak":6208,"peak_within_bounded":true,"admitted_budget_bytes":6208,"peak_within_admitted_budget":true,"admission_mode":"conditional_map","hal_bytes_per_call_amortized":3686.8,"process_rss_kb":7012,"process_rss_delta_init_kb":604,"max_active_calls":1,"active_calls_now":0,"call_counter_balanced":true}
.EVS Port1 1980-012-14:22:40.74089 66/1/AI_LEARNER 4: AI_LEARNER completed=67/67 mean=25009.4us max=82941.5us hal_peak=6208 within_bounded=1
{"app":"AI_LEARNER","stage":"run","model":"b3_deepae","target":"aarch64-unknown-linux-gnu","attempted":67,"completed":67,"fail_input":0,"fail_invoke":0,"fail_output":0,"mean_us":25009.40,"max_us":82941.47,"last_us":12914.21,"out0":-34.89132,"out_elems":640,"out_sha256":"7763b1b4e316064ecc3a1eec43afdc04dbae44f8c1f789188132c9d6c8250412","out_head":[-34.891319,-19.254387,-10.698231,-6.055479,-3.156272,1.490048],"out_tail":[-19.599941,-18.188206,-18.764072,-20.379299,-29.050501,-42.499268],"out_full_file":"/cf/last_out.json","out_full_file_bytes":7045,"out_full_file_reason":"ok","out_record_truncates":false}
{"app":"AI_LEARNER","stage":"mem","model":"b3_deepae","target":"aarch64-unknown-linux-gnu","completed":67,"hal_peak":6208,"peak_within_bounded":true,"admitted_budget_bytes":6208,"peak_within_admitted_budget":true,"admission_mode":"conditional_map","hal_bytes_per_call_amortized":3686.2,"process_rss_kb":7012,"process_rss_delta_init_kb":604,"max_active_calls":1,"active_calls_now":0,"call_counter_balanced":true}
.EVS Port1 1980-012-14:22:44.74339 66/1/AI_LEARNER 4: AI_LEARNER completed=68/68 mean=24820.4us max=82941.5us hal_peak=6208 within_bounded=1
{"app":"AI_LEARNER","stage":"run","model":"b3_deepae","target":"aarch64-unknown-linux-gnu","attempted":68,"completed":68,"fail_input":0,"fail_invoke":0,"fail_output":0,"mean_us":24820.36,"max_us":82941.47,"last_us":12154.85,"out0":-34.89132,"out_elems":640,"out_sha256":"7763b1b4e316064ecc3a1eec43afdc04dbae44f8c1f789188132c9d6c8250412","out_head":[-34.891319,-19.254387,-10.698231,-6.055479,-3.156272,1.490048],"out_tail":[-19.599941,-18.188206,-18.764072,-20.379299,-29.050501,-42.499268],"out_full_file":"/cf/last_out.json","out_full_file_bytes":7045,"out_full_file_reason":"ok","out_record_truncates":false}
{"app":"AI_LEARNER","stage":"mem","model":"b3_deepae","target":"aarch64-unknown-linux-gnu","completed":68,"hal_peak":6208,"peak_within_bounded":true,"admitted_budget_bytes":6208,"peak_within_admitted_budget":true,"admission_mode":"conditional_map","hal_bytes_per_call_amortized":3685.6,"process_rss_kb":7012,"process_rss_delta_init_kb":604,"max_active_calls":1,"active_calls_now":0,"call_counter_balanced":true}
EVS Port1 1980-012-14:22:48.76072 66/1/AI_LEARNER 4: AI_LEARNER completed=69/69 mean=24651.6us max=82941.5us hal_peak=6208 within_bounded=1
{"app":"AI_LEARNER","stage":"run","model":"b3_deepae","target":"aarch64-unknown-linux-gnu","attempted":69,"completed":69,"fail_input":0,"fail_invoke":0,"fail_output":0,"mean_us":24651.60,"max_us":82941.47,"last_us":13175.71,"out0":-34.89132,"out_elems":640,"out_sha256":"7763b1b4e316064ecc3a1eec43afdc04dbae44f8c1f789188132c9d6c8250412","out_head":[-34.891319,-19.254387,-10.698231,-6.055479,-3.156272,1.490048],"out_tail":[-19.599941,-18.188206,-18.764072,-20.379299,-29.050501,-42.499268],"out_full_file":"/cf/last_out.json","out_full_file_bytes":7045,"out_full_file_reason":"ok","out_record_truncates":false}
{"app":"AI_LEARNER","stage":"mem","model":"b3_deepae","target":"aarch64-unknown-linux-gnu","completed":69,"hal_peak":6208,"peak_within_bounded":true,"admitted_budget_bytes":6208,"peak_within_admitted_budget":true,"admission_mode":"conditional_map","hal_bytes_per_call_amortized":3685.1,"process_rss_kb":7012,"process_rss_delta_init_kb":604,"max_active_calls":1,"active_calls_now":0,"call_counter_balanced":true}
.EVS Port1 1980-012-14:22:52.85925 66/1/AI_LEARNER 4: AI_LEARNER completed=70/70 mean=25688.1us max=97207.9us hal_peak=6208 within_bounded=1
{"app":"AI_LEARNER","stage":"run","model":"b3_deepae","target":"aarch64-unknown-linux-gnu","attempted":70,"completed":70,"fail_input":0,"fail_invoke":0,"fail_output":0,"mean_us":25688.12,"max_us":97207.92,"last_us":97207.92,"out0":-34.89132,"out_elems":640,"out_sha256":"7763b1b4e316064ecc3a1eec43afdc04dbae44f8c1f789188132c9d6c8250412","out_head":[-34.891319,-19.254387,-10.698231,-6.055479,-3.156272,1.490048],"out_tail":[-19.599941,-18.188206,-18.764072,-20.379299,-29.050501,-42.499268],"out_full_file":"/cf/last_out.json","out_full_file_bytes":7045,"out_full_file_reason":"ok","out_record_truncates":false}
{"app":"AI_LEARNER","stage":"mem","model":"b3_deepae","target":"aarch64-unknown-linux-gnu","completed":70,"hal_peak":6208,"peak_within_bounded":true,"admitted_budget_bytes":6208,"peak_within_admitted_budget":true,"admission_mode":"conditional_map","hal_bytes_per_call_amortized":3684.6,"process_rss_kb":7012,"process_rss_delta_init_kb":604,"max_active_calls":1,"active_calls_now":0,"call_counter_balanced":true}
.EVS Port1 1980-012-14:22:56.76243 66/1/AI_LEARNER 4: AI_LEARNER completed=71/71 mean=25488.1us max=97207.9us hal_peak=6208 within_bounded=1
{"app":"AI_LEARNER","stage":"run","model":"b3_deepae","target":"aarch64-unknown-linux-gnu","attempted":71,"completed":71,"fail_input":0,"fail_invoke":0,"fail_output":0,"mean_us":25488.12,"max_us":97207.92,"last_us":11488.58,"out0":-34.89132,"out_elems":640,"out_sha256":"7763b1b4e316064ecc3a1eec43afdc04dbae44f8c1f789188132c9d6c8250412","out_head":[-34.891319,-19.254387,-10.698231,-6.055479,-3.156272,1.490048],"out_tail":[-19.599941,-18.188206,-18.764072,-20.379299,-29.050501,-42.499268],"out_full_file":"/cf/last_out.json","out_full_file_bytes":7045,"out_full_file_reason":"ok","out_record_truncates":false}
{"app":"AI_LEARNER","stage":"mem","model":"b3_deepae","target":"aarch64-unknown-linux-gnu","completed":71,"hal_peak":6208,"peak_within_bounded":true,"admitted_budget_bytes":6208,"peak_within_admitted_budget":true,"admission_mode":"conditional_map","hal_bytes_per_call_amortized":3684.1,"process_rss_kb":7012,"process_rss_delta_init_kb":604,"max_active_calls":1,"active_calls_now":0,"call_counter_balanced":true}
EVS Port1 1980-012-14:23:00.74412 66/1/AI_LEARNER 4: AI_LEARNER completed=72/72 mean=25384.8us max=97207.9us hal_peak=6208 within_bounded=1
{"app":"AI_LEARNER","stage":"run","model":"b3_deepae","target":"aarch64-unknown-linux-gnu","attempted":72,"completed":72,"fail_input":0,"fail_invoke":0,"fail_output":0,"mean_us":25384.81,"max_us":97207.92,"last_us":18049.97,"out0":-34.89132,"out_elems":640,"out_sha256":"7763b1b4e316064ecc3a1eec43afdc04dbae44f8c1f789188132c9d6c8250412","out_head":[-34.891319,-19.254387,-10.698231,-6.055479,-3.156272,1.490048],"out_tail":[-19.599941,-18.188206,-18.764072,-20.379299,-29.050501,-42.499268],"out_full_file":"/cf/last_out.json","out_full_file_bytes":7045,"out_full_file_reason":"ok","out_record_truncates":false}
{"app":"AI_LEARNER","stage":"mem","model":"b3_deepae","target":"aarch64-unknown-linux-gnu","completed":72,"hal_peak":6208,"peak_within_bounded":true,"admitted_budget_bytes":6208,"peak_within_admitted_budget":true,"admission_mode":"conditional_map","hal_bytes_per_call_amortized":3683.6,"process_rss_kb":7012,"process_rss_delta_init_kb":604,"max_active_calls":1,"active_calls_now":0,"call_counter_balanced":true}
.EVS Port1 1980-012-14:23:04.75100 66/1/AI_LEARNER 4: AI_LEARNER completed=73/73 mean=25353.0us max=97207.9us hal_peak=6208 within_bounded=1
{"app":"AI_LEARNER","stage":"run","model":"b3_deepae","target":"aarch64-unknown-linux-gnu","attempted":73,"completed":73,"fail_input":0,"fail_invoke":0,"fail_output":0,"mean_us":25353.05,"max_us":97207.92,"last_us":23065.65,"out0":-34.89132,"out_elems":640,"out_sha256":"7763b1b4e316064ecc3a1eec43afdc04dbae44f8c1f789188132c9d6c8250412","out_head":[-34.891319,-19.254387,-10.698231,-6.055479,-3.156272,1.490048],"out_tail":[-19.599941,-18.188206,-18.764072,-20.379299,-29.050501,-42.499268],"out_full_file":"/cf/last_out.json","out_full_file_bytes":7045,"out_full_file_reason":"ok","out_record_truncates":false}
{"app":"AI_LEARNER","stage":"mem","model":"b3_deepae","target":"aarch64-unknown-linux-gnu","completed":73,"hal_peak":6208,"peak_within_bounded":true,"admitted_budget_bytes":6208,"peak_within_admitted_budget":true,"admission_mode":"conditional_map","hal_bytes_per_call_amortized":3683.1,"process_rss_kb":7012,"process_rss_delta_init_kb":604,"max_active_calls":1,"active_calls_now":0,"call_counter_balanced":true}
.EVS Port1 1980-012-14:23:08.77203 66/1/AI_LEARNER 4: AI_LEARNER completed=74/74 mean=25370.3us max=97207.9us hal_peak=6208 within_bounded=1
{"app":"AI_LEARNER","stage":"run","model":"b3_deepae","target":"aarch64-unknown-linux-gnu","attempted":74,"completed":74,"fail_input":0,"fail_invoke":0,"fail_output":0,"mean_us":25370.32,"max_us":97207.92,"last_us":26631.20,"out0":-34.89132,"out_elems":640,"out_sha256":"7763b1b4e316064ecc3a1eec43afdc04dbae44f8c1f789188132c9d6c8250412","out_head":[-34.891319,-19.254387,-10.698231,-6.055479,-3.156272,1.490048],"out_tail":[-19.599941,-18.188206,-18.764072,-20.379299,-29.050501,-42.499268],"out_full_file":"/cf/last_out.json","out_full_file_bytes":7045,"out_full_file_reason":"ok","out_record_truncates":false}
{"app":"AI_LEARNER","stage":"mem","model":"b3_deepae","target":"aarch64-unknown-linux-gnu","completed":74,"hal_peak":6208,"peak_within_bounded":true,"admitted_budget_bytes":6208,"peak_within_admitted_budget":true,"admission_mode":"conditional_map","hal_bytes_per_call_amortized":3682.6,"process_rss_kb":7012,"process_rss_delta_init_kb":604,"max_active_calls":1,"active_calls_now":0,"call_counter_balanced":true}
EVS Port1 1980-012-14:23:12.76602 66/1/AI_LEARNER 4: AI_LEARNER completed=75/75 mean=25551.0us max=97207.9us hal_peak=6208 within_bounded=1
{"app":"AI_LEARNER","stage":"run","model":"b3_deepae","target":"aarch64-unknown-linux-gnu","attempted":75,"completed":75,"fail_input":0,"fail_invoke":0,"fail_output":0,"mean_us":25551.00,"max_us":97207.92,"last_us":38921.62,"out0":-34.89132,"out_elems":640,"out_sha256":"7763b1b4e316064ecc3a1eec43afdc04dbae44f8c1f789188132c9d6c8250412","out_head":[-34.891319,-19.254387,-10.698231,-6.055479,-3.156272,1.490048],"out_tail":[-19.599941,-18.188206,-18.764072,-20.379299,-29.050501,-42.499268],"out_full_file":"/cf/last_out.json","out_full_file_bytes":7045,"out_full_file_reason":"ok","out_record_truncates":false}
{"app":"AI_LEARNER","stage":"mem","model":"b3_deepae","target":"aarch64-unknown-linux-gnu","completed":75,"hal_peak":6208,"peak_within_bounded":true,"admitted_budget_bytes":6208,"peak_within_admitted_budget":true,"admission_mode":"conditional_map","hal_bytes_per_call_amortized":3682.1,"process_rss_kb":7012,"process_rss_delta_init_kb":604,"max_active_calls":1,"active_calls_now":0,"call_counter_balanced":true}
.EVS Port1 1980-012-14:23:16.85406 66/1/AI_LEARNER 4: AI_LEARNER completed=76/76 mean=26494.6us max=97261.7us hal_peak=6208 within_bounded=1
{"app":"AI_LEARNER","stage":"run","model":"b3_deepae","target":"aarch64-unknown-linux-gnu","attempted":76,"completed":76,"fail_input":0,"fail_invoke":0,"fail_output":0,"mean_us":26494.56,"max_us":97261.71,"last_us":97261.71,"out0":-34.89132,"out_elems":640,"out_sha256":"7763b1b4e316064ecc3a1eec43afdc04dbae44f8c1f789188132c9d6c8250412","out_head":[-34.891319,-19.254387,-10.698231,-6.055479,-3.156272,1.490048],"out_tail":[-19.599941,-18.188206,-18.764072,-20.379299,-29.050501,-42.499268],"out_full_file":"/cf/last_out.json","out_full_file_bytes":7045,"out_full_file_reason":"ok","out_record_truncates":false}
{"app":"AI_LEARNER","stage":"mem","model":"b3_deepae","target":"aarch64-unknown-linux-gnu","completed":76,"hal_peak":6208,"peak_within_bounded":true,"admitted_budget_bytes":6208,"peak_within_admitted_budget":true,"admission_mode":"conditional_map","hal_bytes_per_call_amortized":3681.7,"process_rss_kb":7012,"process_rss_delta_init_kb":604,"max_active_calls":1,"active_calls_now":0,"call_counter_balanced":true}
.EVS Port1 1980-012-14:23:20.76557 66/1/AI_LEARNER 4: AI_LEARNER completed=77/77 mean=26650.9us max=97261.7us hal_peak=6208 within_bounded=1
{"app":"AI_LEARNER","stage":"run","model":"b3_deepae","target":"aarch64-unknown-linux-gnu","attempted":77,"completed":77,"fail_input":0,"fail_invoke":0,"fail_output":0,"mean_us":26650.89,"max_us":97261.71,"last_us":38532.02,"out0":-34.89132,"out_elems":640,"out_sha256":"7763b1b4e316064ecc3a1eec43afdc04dbae44f8c1f789188132c9d6c8250412","out_head":[-34.891319,-19.254387,-10.698231,-6.055479,-3.156272,1.490048],"out_tail":[-19.599941,-18.188206,-18.764072,-20.379299,-29.050501,-42.499268],"out_full_file":"/cf/last_out.json","out_full_file_bytes":7045,"out_full_file_reason":"ok","out_record_truncates":false}
{"app":"AI_LEARNER","stage":"mem","model":"b3_deepae","target":"aarch64-unknown-linux-gnu","completed":77,"hal_peak":6208,"peak_within_bounded":true,"admitted_budget_bytes":6208,"peak_within_admitted_budget":true,"admission_mode":"conditional_map","hal_bytes_per_call_amortized":3681.2,"process_rss_kb":7012,"process_rss_delta_init_kb":604,"max_active_calls":1,"active_calls_now":0,"call_counter_balanced":true}
EVS Port1 1980-012-14:23:24.79655 66/1/AI_LEARNER 4: AI_LEARNER completed=78/78 mean=26728.7us max=97261.7us hal_peak=6208 within_bounded=1
{"app":"AI_LEARNER","stage":"run","model":"b3_deepae","target":"aarch64-unknown-linux-gnu","attempted":78,"completed":78,"fail_input":0,"fail_invoke":0,"fail_output":0,"mean_us":26728.75,"max_us":97261.71,"last_us":32723.33,"out0":-34.89132,"out_elems":640,"out_sha256":"7763b1b4e316064ecc3a1eec43afdc04dbae44f8c1f789188132c9d6c8250412","out_head":[-34.891319,-19.254387,-10.698231,-6.055479,-3.156272,1.490048],"out_tail":[-19.599941,-18.188206,-18.764072,-20.379299,-29.050501,-42.499268],"out_full_file":"/cf/last_out.json","out_full_file_bytes":7045,"out_full_file_reason":"ok","out_record_truncates":false}
{"app":"AI_LEARNER","stage":"mem","model":"b3_deepae","target":"aarch64-unknown-linux-gnu","completed":78,"hal_peak":6208,"peak_within_bounded":true,"admitted_budget_bytes":6208,"peak_within_admitted_budget":true,"admission_mode":"conditional_map","hal_bytes_per_call_amortized":3680.8,"process_rss_kb":7012,"process_rss_delta_init_kb":604,"max_active_calls":1,"active_calls_now":0,"call_counter_balanced":true}
.EVS Port1 1980-012-14:23:28.74610 66/1/AI_LEARNER 4: AI_LEARNER completed=79/79 mean=26500.4us max=97261.7us hal_peak=6208 within_bounded=1
{"app":"AI_LEARNER","stage":"run","model":"b3_deepae","target":"aarch64-unknown-linux-gnu","attempted":79,"completed":79,"fail_input":0,"fail_invoke":0,"fail_output":0,"mean_us":26500.42,"max_us":97261.71,"last_us":8691.22,"out0":-34.89132,"out_elems":640,"out_sha256":"7763b1b4e316064ecc3a1eec43afdc04dbae44f8c1f789188132c9d6c8250412","out_head":[-34.891319,-19.254387,-10.698231,-6.055479,-3.156272,1.490048],"out_tail":[-19.599941,-18.188206,-18.764072,-20.379299,-29.050501,-42.499268],"out_full_file":"/cf/last_out.json","out_full_file_bytes":7045,"out_full_file_reason":"ok","out_record_truncates":false}
{"app":"AI_LEARNER","stage":"mem","model":"b3_deepae","target":"aarch64-unknown-linux-gnu","completed":79,"hal_peak":6208,"peak_within_bounded":true,"admitted_budget_bytes":6208,"peak_within_admitted_budget":true,"admission_mode":"conditional_map","hal_bytes_per_call_amortized":3680.4,"process_rss_kb":7012,"process_rss_delta_init_kb":604,"max_active_calls":1,"active_calls_now":0,"call_counter_balanced":true}
.EVS Port1 1980-012-14:23:32.76217 66/1/AI_LEARNER 4: AI_LEARNER completed=80/80 mean=26382.6us max=97261.7us hal_peak=6208 within_bounded=1
{"app":"AI_LEARNER","stage":"run","model":"b3_deepae","target":"aarch64-unknown-linux-gnu","attempted":80,"completed":80,"fail_input":0,"fail_invoke":0,"fail_output":0,"mean_us":26382.56,"max_us":97261.71,"last_us":17071.55,"out0":-34.89132,"out_elems":640,"out_sha256":"7763b1b4e316064ecc3a1eec43afdc04dbae44f8c1f789188132c9d6c8250412","out_head":[-34.891319,-19.254387,-10.698231,-6.055479,-3.156272,1.490048],"out_tail":[-19.599941,-18.188206,-18.764072,-20.379299,-29.050501,-42.499268],"out_full_file":"/cf/last_out.json","out_full_file_bytes":7045,"out_full_file_reason":"ok","out_record_truncates":false}
{"app":"AI_LEARNER","stage":"mem","model":"b3_deepae","target":"aarch64-unknown-linux-gnu","completed":80,"hal_peak":6208,"peak_within_bounded":true,"admitted_budget_bytes":6208,"peak_within_admitted_budget":true,"admission_mode":"conditional_map","hal_bytes_per_call_amortized":3680.0,"process_rss_kb":7012,"process_rss_delta_init_kb":604,"max_active_calls":1,"active_calls_now":0,"call_counter_balanced":true}
EVS Port1 1980-012-14:23:36.75285 66/1/AI_LEARNER 4: AI_LEARNER completed=81/81 mean=26336.2us max=97261.7us hal_peak=6208 within_bounded=1
{"app":"AI_LEARNER","stage":"run","model":"b3_deepae","target":"aarch64-unknown-linux-gnu","attempted":81,"completed":81,"fail_input":0,"fail_invoke":0,"fail_output":0,"mean_us":26336.18,"max_us":97261.71,"last_us":22625.84,"out0":-34.89132,"out_elems":640,"out_sha256":"7763b1b4e316064ecc3a1eec43afdc04dbae44f8c1f789188132c9d6c8250412","out_head":[-34.891319,-19.254387,-10.698231,-6.055479,-3.156272,1.490048],"out_tail":[-19.599941,-18.188206,-18.764072,-20.379299,-29.050501,-42.499268],"out_full_file":"/cf/last_out.json","out_full_file_bytes":7045,"out_full_file_reason":"ok","out_record_truncates":false}
{"app":"AI_LEARNER","stage":"mem","model":"b3_deepae","target":"aarch64-unknown-linux-gnu","completed":81,"hal_peak":6208,"peak_within_bounded":true,"admitted_budget_bytes":6208,"peak_within_admitted_budget":true,"admission_mode":"conditional_map","hal_bytes_per_call_amortized":3679.6,"process_rss_kb":7012,"process_rss_delta_init_kb":604,"max_active_calls":1,"active_calls_now":0,"call_counter_balanced":true}
.EVS Port1 1980-012-14:23:40.73818 66/1/AI_LEARNER 4: AI_LEARNER completed=82/82 mean=26161.4us max=97261.7us hal_peak=6208 within_bounded=1
{"app":"AI_LEARNER","stage":"run","model":"b3_deepae","target":"aarch64-unknown-linux-gnu","attempted":82,"completed":82,"fail_input":0,"fail_invoke":0,"fail_output":0,"mean_us":26161.39,"max_us":97261.71,"last_us":12003.49,"out0":-34.89132,"out_elems":640,"out_sha256":"7763b1b4e316064ecc3a1eec43afdc04dbae44f8c1f789188132c9d6c8250412","out_head":[-34.891319,-19.254387,-10.698231,-6.055479,-3.156272,1.490048],"out_tail":[-19.599941,-18.188206,-18.764072,-20.379299,-29.050501,-42.499268],"out_full_file":"/cf/last_out.json","out_full_file_bytes":7045,"out_full_file_reason":"ok","out_record_truncates":false}
{"app":"AI_LEARNER","stage":"mem","model":"b3_deepae","target":"aarch64-unknown-linux-gnu","completed":82,"hal_peak":6208,"peak_within_bounded":true,"admitted_budget_bytes":6208,"peak_within_admitted_budget":true,"admission_mode":"conditional_map","hal_bytes_per_call_amortized":3679.2,"process_rss_kb":7012,"process_rss_delta_init_kb":604,"max_active_calls":1,"active_calls_now":0,"call_counter_balanced":true}
.EVS Port1 1980-012-14:23:44.76826 66/1/AI_LEARNER 4: AI_LEARNER completed=83/83 mean=26113.6us max=97261.7us hal_peak=6208 within_bounded=1
{"app":"AI_LEARNER","stage":"run","model":"b3_deepae","target":"aarch64-unknown-linux-gnu","attempted":83,"completed":83,"fail_input":0,"fail_invoke":0,"fail_output":0,"mean_us":26113.65,"max_us":97261.71,"last_us":22198.43,"out0":-34.89132,"out_elems":640,"out_sha256":"7763b1b4e316064ecc3a1eec43afdc04dbae44f8c1f789188132c9d6c8250412","out_head":[-34.891319,-19.254387,-10.698231,-6.055479,-3.156272,1.490048],"out_tail":[-19.599941,-18.188206,-18.764072,-20.379299,-29.050501,-42.499268],"out_full_file":"/cf/last_out.json","out_full_file_bytes":7045,"out_full_file_reason":"ok","out_record_truncates":false}
{"app":"AI_LEARNER","stage":"mem","model":"b3_deepae","target":"aarch64-unknown-linux-gnu","completed":83,"hal_peak":6208,"peak_within_bounded":true,"admitted_budget_bytes":6208,"peak_within_admitted_budget":true,"admission_mode":"conditional_map","hal_bytes_per_call_amortized":3678.8,"process_rss_kb":7012,"process_rss_delta_init_kb":604,"max_active_calls":1,"active_calls_now":0,"call_counter_balanced":true}
EVS Port1 1980-012-14:23:48.79216 66/1/AI_LEARNER 4: AI_LEARNER completed=84/84 mean=26013.4us max=97261.7us hal_peak=6208 within_bounded=1
{"app":"AI_LEARNER","stage":"run","model":"b3_deepae","target":"aarch64-unknown-linux-gnu","attempted":84,"completed":84,"fail_input":0,"fail_invoke":0,"fail_output":0,"mean_us":26013.37,"max_us":97261.71,"last_us":17690.64,"out0":-34.89132,"out_elems":640,"out_sha256":"7763b1b4e316064ecc3a1eec43afdc04dbae44f8c1f789188132c9d6c8250412","out_head":[-34.891319,-19.254387,-10.698231,-6.055479,-3.156272,1.490048],"out_tail":[-19.599941,-18.188206,-18.764072,-20.379299,-29.050501,-42.499268],"out_full_file":"/cf/last_out.json","out_full_file_bytes":7045,"out_full_file_reason":"ok","out_record_truncates":false}
{"app":"AI_LEARNER","stage":"mem","model":"b3_deepae","target":"aarch64-unknown-linux-gnu","completed":84,"hal_peak":6208,"peak_within_bounded":true,"admitted_budget_bytes":6208,"peak_within_admitted_budget":true,"admission_mode":"conditional_map","hal_bytes_per_call_amortized":3678.5,"process_rss_kb":7012,"process_rss_delta_init_kb":604,"max_active_calls":1,"active_calls_now":0,"call_counter_balanced":true}
.EVS Port1 1980-012-14:23:52.74310 66/1/AI_LEARNER 4: AI_LEARNER completed=85/85 mean=25908.5us max=97261.7us hal_peak=6208 within_bounded=1
{"app":"AI_LEARNER","stage":"run","model":"b3_deepae","target":"aarch64-unknown-linux-gnu","attempted":85,"completed":85,"fail_input":0,"fail_invoke":0,"fail_output":0,"mean_us":25908.53,"max_us":97261.71,"last_us":17101.62,"out0":-34.89132,"out_elems":640,"out_sha256":"7763b1b4e316064ecc3a1eec43afdc04dbae44f8c1f789188132c9d6c8250412","out_head":[-34.891319,-19.254387,-10.698231,-6.055479,-3.156272,1.490048],"out_tail":[-19.599941,-18.188206,-18.764072,-20.379299,-29.050501,-42.499268],"out_full_file":"/cf/last_out.json","out_full_file_bytes":7045,"out_full_file_reason":"ok","out_record_truncates":false}
{"app":"AI_LEARNER","stage":"mem","model":"b3_deepae","target":"aarch64-unknown-linux-gnu","completed":85,"hal_peak":6208,"peak_within_bounded":true,"admitted_budget_bytes":6208,"peak_within_admitted_budget":true,"admission_mode":"conditional_map","hal_bytes_per_call_amortized":3678.1,"process_rss_kb":7012,"process_rss_delta_init_kb":604,"max_active_calls":1,"active_calls_now":0,"call_counter_balanced":true}
.EVS Port1 1980-012-14:23:56.74307 66/1/AI_LEARNER 4: AI_LEARNER completed=86/86 mean=25731.0us max=97261.7us hal_peak=6208 within_bounded=1
{"app":"AI_LEARNER","stage":"run","model":"b3_deepae","target":"aarch64-unknown-linux-gnu","attempted":86,"completed":86,"fail_input":0,"fail_invoke":0,"fail_output":0,"mean_us":25731.00,"max_us":97261.71,"last_us":10641.30,"out0":-34.89132,"out_elems":640,"out_sha256":"7763b1b4e316064ecc3a1eec43afdc04dbae44f8c1f789188132c9d6c8250412","out_head":[-34.891319,-19.254387,-10.698231,-6.055479,-3.156272,1.490048],"out_tail":[-19.599941,-18.188206,-18.764072,-20.379299,-29.050501,-42.499268],"out_full_file":"/cf/last_out.json","out_full_file_bytes":7045,"out_full_file_reason":"ok","out_record_truncates":false}
{"app":"AI_LEARNER","stage":"mem","model":"b3_deepae","target":"aarch64-unknown-linux-gnu","completed":86,"hal_peak":6208,"peak_within_bounded":true,"admitted_budget_bytes":6208,"peak_within_admitted_budget":true,"admission_mode":"conditional_map","hal_bytes_per_call_amortized":3677.8,"process_rss_kb":7012,"process_rss_delta_init_kb":604,"max_active_calls":1,"active_calls_now":0,"call_counter_balanced":true}
EVS Port1 1980-012-14:24:00.74459 66/1/AI_LEARNER 4: AI_LEARNER completed=87/87 mean=25665.5us max=97261.7us hal_peak=6208 within_bounded=1
{"app":"AI_LEARNER","stage":"run","model":"b3_deepae","target":"aarch64-unknown-linux-gnu","attempted":87,"completed":87,"fail_input":0,"fail_invoke":0,"fail_output":0,"mean_us":25665.51,"max_us":97261.71,"last_us":20033.26,"out0":-34.89132,"out_elems":640,"out_sha256":"7763b1b4e316064ecc3a1eec43afdc04dbae44f8c1f789188132c9d6c8250412","out_head":[-34.891319,-19.254387,-10.698231,-6.055479,-3.156272,1.490048],"out_tail":[-19.599941,-18.188206,-18.764072,-20.379299,-29.050501,-42.499268],"out_full_file":"/cf/last_out.json","out_full_file_bytes":7045,"out_full_file_reason":"ok","out_record_truncates":false}
{"app":"AI_LEARNER","stage":"mem","model":"b3_deepae","target":"aarch64-unknown-linux-gnu","completed":87,"hal_peak":6208,"peak_within_bounded":true,"admitted_budget_bytes":6208,"peak_within_admitted_budget":true,"admission_mode":"conditional_map","hal_bytes_per_call_amortized":3677.4,"process_rss_kb":7012,"process_rss_delta_init_kb":604,"max_active_calls":1,"active_calls_now":0,"call_counter_balanced":true}
.EVS Port1 1980-012-14:24:04.74012 66/1/AI_LEARNER 4: AI_LEARNER completed=88/88 mean=25496.9us max=97261.7us hal_peak=6208 within_bounded=1
{"app":"AI_LEARNER","stage":"run","model":"b3_deepae","target":"aarch64-unknown-linux-gnu","attempted":88,"completed":88,"fail_input":0,"fail_invoke":0,"fail_output":0,"mean_us":25496.91,"max_us":97261.71,"last_us":10828.59,"out0":-34.89132,"out_elems":640,"out_sha256":"7763b1b4e316064ecc3a1eec43afdc04dbae44f8c1f789188132c9d6c8250412","out_head":[-34.891319,-19.254387,-10.698231,-6.055479,-3.156272,1.490048],"out_tail":[-19.599941,-18.188206,-18.764072,-20.379299,-29.050501,-42.499268],"out_full_file":"/cf/last_out.json","out_full_file_bytes":7045,"out_full_file_reason":"ok","out_record_truncates":false}
{"app":"AI_LEARNER","stage":"mem","model":"b3_deepae","target":"aarch64-unknown-linux-gnu","completed":88,"hal_peak":6208,"peak_within_bounded":true,"admitted_budget_bytes":6208,"peak_within_admitted_budget":true,"admission_mode":"conditional_map","hal_bytes_per_call_amortized":3677.1,"process_rss_kb":7012,"process_rss_delta_init_kb":604,"max_active_calls":1,"active_calls_now":0,"call_counter_balanced":true}
.EVS Port1 1980-012-14:24:08.74441 66/1/AI_LEARNER 4: AI_LEARNER completed=89/89 mean=25379.9us max=97261.7us hal_peak=6208 within_bounded=1
{"app":"AI_LEARNER","stage":"run","model":"b3_deepae","target":"aarch64-unknown-linux-gnu","attempted":89,"completed":89,"fail_input":0,"fail_invoke":0,"fail_output":0,"mean_us":25379.89,"max_us":97261.71,"last_us":15082.54,"out0":-34.89132,"out_elems":640,"out_sha256":"7763b1b4e316064ecc3a1eec43afdc04dbae44f8c1f789188132c9d6c8250412","out_head":[-34.891319,-19.254387,-10.698231,-6.055479,-3.156272,1.490048],"out_tail":[-19.599941,-18.188206,-18.764072,-20.379299,-29.050501,-42.499268],"out_full_file":"/cf/last_out.json","out_full_file_bytes":7045,"out_full_file_reason":"ok","out_record_truncates":false}
{"app":"AI_LEARNER","stage":"mem","model":"b3_deepae","target":"aarch64-unknown-linux-gnu","completed":89,"hal_peak":6208,"peak_within_bounded":true,"admitted_budget_bytes":6208,"peak_within_admitted_budget":true,"admission_mode":"conditional_map","hal_bytes_per_call_amortized":3676.8,"process_rss_kb":7012,"process_rss_delta_init_kb":604,"max_active_calls":1,"active_calls_now":0,"call_counter_balanced":true}
EVS Port1 1980-012-14:24:12.75262 66/1/AI_LEARNER 4: AI_LEARNER completed=90/90 mean=25344.6us max=97261.7us hal_peak=6208 within_bounded=1
{"app":"AI_LEARNER","stage":"run","model":"b3_deepae","target":"aarch64-unknown-linux-gnu","attempted":90,"completed":90,"fail_input":0,"fail_invoke":0,"fail_output":0,"mean_us":25344.55,"max_us":97261.71,"last_us":22199.25,"out0":-34.89132,"out_elems":640,"out_sha256":"7763b1b4e316064ecc3a1eec43afdc04dbae44f8c1f789188132c9d6c8250412","out_head":[-34.891319,-19.254387,-10.698231,-6.055479,-3.156272,1.490048],"out_tail":[-19.599941,-18.188206,-18.764072,-20.379299,-29.050501,-42.499268],"out_full_file":"/cf/last_out.json","out_full_file_bytes":7045,"out_full_file_reason":"ok","out_record_truncates":false}
{"app":"AI_LEARNER","stage":"mem","model":"b3_deepae","target":"aarch64-unknown-linux-gnu","completed":90,"hal_peak":6208,"peak_within_bounded":true,"admitted_budget_bytes":6208,"peak_within_admitted_budget":true,"admission_mode":"conditional_map","hal_bytes_per_call_amortized":3676.4,"process_rss_kb":7012,"process_rss_delta_init_kb":604,"max_active_calls":1,"active_calls_now":0,"call_counter_balanced":true}
.EVS Port1 1980-012-14:24:16.75117 66/1/AI_LEARNER 4: AI_LEARNER completed=91/91 mean=25340.5us max=97261.7us hal_peak=6208 within_bounded=1
{"app":"AI_LEARNER","stage":"run","model":"b3_deepae","target":"aarch64-unknown-linux-gnu","attempted":91,"completed":91,"fail_input":0,"fail_invoke":0,"fail_output":0,"mean_us":25340.50,"max_us":97261.71,"last_us":24975.66,"out0":-34.89132,"out_elems":640,"out_sha256":"7763b1b4e316064ecc3a1eec43afdc04dbae44f8c1f789188132c9d6c8250412","out_head":[-34.891319,-19.254387,-10.698231,-6.055479,-3.156272,1.490048],"out_tail":[-19.599941,-18.188206,-18.764072,-20.379299,-29.050501,-42.499268],"out_full_file":"/cf/last_out.json","out_full_file_bytes":7045,"out_full_file_reason":"ok","out_record_truncates":false}
{"app":"AI_LEARNER","stage":"mem","model":"b3_deepae","target":"aarch64-unknown-linux-gnu","completed":91,"hal_peak":6208,"peak_within_bounded":true,"admitted_budget_bytes":6208,"peak_within_admitted_budget":true,"admission_mode":"conditional_map","hal_bytes_per_call_amortized":3676.1,"process_rss_kb":7012,"process_rss_delta_init_kb":604,"max_active_calls":1,"active_calls_now":0,"call_counter_balanced":true}
.EVS Port1 1980-012-14:24:20.83152 66/1/AI_LEARNER 4: AI_LEARNER completed=92/92 mean=25577.9us max=97261.7us hal_peak=6208 within_bounded=1
{"app":"AI_LEARNER","stage":"run","model":"b3_deepae","target":"aarch64-unknown-linux-gnu","attempted":92,"completed":92,"fail_input":0,"fail_invoke":0,"fail_output":0,"mean_us":25577.88,"max_us":97261.71,"last_us":47179.57,"out0":-34.89132,"out_elems":640,"out_sha256":"7763b1b4e316064ecc3a1eec43afdc04dbae44f8c1f789188132c9d6c8250412","out_head":[-34.891319,-19.254387,-10.698231,-6.055479,-3.156272,1.490048],"out_tail":[-19.599941,-18.188206,-18.764072,-20.379299,-29.050501,-42.499268],"out_full_file":"/cf/last_out.json","out_full_file_bytes":7045,"out_full_file_reason":"ok","out_record_truncates":false}
{"app":"AI_LEARNER","stage":"mem","model":"b3_deepae","target":"aarch64-unknown-linux-gnu","completed":92,"hal_peak":6208,"peak_within_bounded":true,"admitted_budget_bytes":6208,"peak_within_admitted_budget":true,"admission_mode":"conditional_map","hal_bytes_per_call_amortized":3675.8,"process_rss_kb":7012,"process_rss_delta_init_kb":604,"max_active_calls":1,"active_calls_now":0,"call_counter_balanced":true}
EVS Port1 1980-012-14:24:24.74081 66/1/AI_LEARNER 4: AI_LEARNER completed=93/93 mean=25452.2us max=97261.7us hal_peak=6208 within_bounded=1
{"app":"AI_LEARNER","stage":"run","model":"b3_deepae","target":"aarch64-unknown-linux-gnu","attempted":93,"completed":93,"fail_input":0,"fail_invoke":0,"fail_output":0,"mean_us":25452.19,"max_us":97261.71,"last_us":13888.45,"out0":-34.89132,"out_elems":640,"out_sha256":"7763b1b4e316064ecc3a1eec43afdc04dbae44f8c1f789188132c9d6c8250412","out_head":[-34.891319,-19.254387,-10.698231,-6.055479,-3.156272,1.490048],"out_tail":[-19.599941,-18.188206,-18.764072,-20.379299,-29.050501,-42.499268],"out_full_file":"/cf/last_out.json","out_full_file_bytes":7045,"out_full_file_reason":"ok","out_record_truncates":false}
{"app":"AI_LEARNER","stage":"mem","model":"b3_deepae","target":"aarch64-unknown-linux-gnu","completed":93,"hal_peak":6208,"peak_within_bounded":true,"admitted_budget_bytes":6208,"peak_within_admitted_budget":true,"admission_mode":"conditional_map","hal_bytes_per_call_amortized":3675.5,"process_rss_kb":7012,"process_rss_delta_init_kb":604,"max_active_calls":1,"active_calls_now":0,"call_counter_balanced":true}
.EVS Port1 1980-012-14:24:28.77793 66/1/AI_LEARNER 4: AI_LEARNER completed=94/94 mean=25459.4us max=97261.7us hal_peak=6208 within_bounded=1
{"app":"AI_LEARNER","stage":"run","model":"b3_deepae","target":"aarch64-unknown-linux-gnu","attempted":94,"completed":94,"fail_input":0,"fail_invoke":0,"fail_output":0,"mean_us":25459.39,"max_us":97261.71,"last_us":26129.20,"out0":-34.89132,"out_elems":640,"out_sha256":"7763b1b4e316064ecc3a1eec43afdc04dbae44f8c1f789188132c9d6c8250412","out_head":[-34.891319,-19.254387,-10.698231,-6.055479,-3.156272,1.490048],"out_tail":[-19.599941,-18.188206,-18.764072,-20.379299,-29.050501,-42.499268],"out_full_file":"/cf/last_out.json","out_full_file_bytes":7045,"out_full_file_reason":"ok","out_record_truncates":false}
{"app":"AI_LEARNER","stage":"mem","model":"b3_deepae","target":"aarch64-unknown-linux-gnu","completed":94,"hal_peak":6208,"peak_within_bounded":true,"admitted_budget_bytes":6208,"peak_within_admitted_budget":true,"admission_mode":"conditional_map","hal_bytes_per_call_amortized":3675.2,"process_rss_kb":7012,"process_rss_delta_init_kb":604,"max_active_calls":1,"active_calls_now":0,"call_counter_balanced":true}
.EVS Port1 1980-012-14:24:32.75854 66/1/AI_LEARNER 4: AI_LEARNER completed=95/95 mean=25414.5us max=97261.7us hal_peak=6208 within_bounded=1
{"app":"AI_LEARNER","stage":"run","model":"b3_deepae","target":"aarch64-unknown-linux-gnu","attempted":95,"completed":95,"fail_input":0,"fail_invoke":0,"fail_output":0,"mean_us":25414.50,"max_us":97261.71,"last_us":21194.32,"out0":-34.89132,"out_elems":640,"out_sha256":"7763b1b4e316064ecc3a1eec43afdc04dbae44f8c1f789188132c9d6c8250412","out_head":[-34.891319,-19.254387,-10.698231,-6.055479,-3.156272,1.490048],"out_tail":[-19.599941,-18.188206,-18.764072,-20.379299,-29.050501,-42.499268],"out_full_file":"/cf/last_out.json","out_full_file_bytes":7045,"out_full_file_reason":"ok","out_record_truncates":false}
{"app":"AI_LEARNER","stage":"mem","model":"b3_deepae","target":"aarch64-unknown-linux-gnu","completed":95,"hal_peak":6208,"peak_within_bounded":true,"admitted_budget_bytes":6208,"peak_within_admitted_budget":true,"admission_mode":"conditional_map","hal_bytes_per_call_amortized":3674.9,"process_rss_kb":7012,"process_rss_delta_init_kb":604,"max_active_calls":1,"active_calls_now":0,"call_counter_balanced":true}
EVS Port1 1980-012-14:24:36.74546 66/1/AI_LEARNER 4: AI_LEARNER completed=96/96 mean=25296.2us max=97261.7us hal_peak=6208 within_bounded=1
{"app":"AI_LEARNER","stage":"run","model":"b3_deepae","target":"aarch64-unknown-linux-gnu","attempted":96,"completed":96,"fail_input":0,"fail_invoke":0,"fail_output":0,"mean_us":25296.24,"max_us":97261.71,"last_us":14061.82,"out0":-34.89132,"out_elems":640,"out_sha256":"7763b1b4e316064ecc3a1eec43afdc04dbae44f8c1f789188132c9d6c8250412","out_head":[-34.891319,-19.254387,-10.698231,-6.055479,-3.156272,1.490048],"out_tail":[-19.599941,-18.188206,-18.764072,-20.379299,-29.050501,-42.499268],"out_full_file":"/cf/last_out.json","out_full_file_bytes":7045,"out_full_file_reason":"ok","out_record_truncates":false}
{"app":"AI_LEARNER","stage":"mem","model":"b3_deepae","target":"aarch64-unknown-linux-gnu","completed":96,"hal_peak":6208,"peak_within_bounded":true,"admitted_budget_bytes":6208,"peak_within_admitted_budget":true,"admission_mode":"conditional_map","hal_bytes_per_call_amortized":3674.7,"process_rss_kb":7012,"process_rss_delta_init_kb":604,"max_active_calls":1,"active_calls_now":0,"call_counter_balanced":true}
.EVS Port1 1980-012-14:24:40.75018 66/1/AI_LEARNER 4: AI_LEARNER completed=97/97 mean=25237.2us max=97261.7us hal_peak=6208 within_bounded=1
{"app":"AI_LEARNER","stage":"run","model":"b3_deepae","target":"aarch64-unknown-linux-gnu","attempted":97,"completed":97,"fail_input":0,"fail_invoke":0,"fail_output":0,"mean_us":25237.20,"max_us":97261.71,"last_us":19569.76,"out0":-34.89132,"out_elems":640,"out_sha256":"7763b1b4e316064ecc3a1eec43afdc04dbae44f8c1f789188132c9d6c8250412","out_head":[-34.891319,-19.254387,-10.698231,-6.055479,-3.156272,1.490048],"out_tail":[-19.599941,-18.188206,-18.764072,-20.379299,-29.050501,-42.499268],"out_full_file":"/cf/last_out.json","out_full_file_bytes":7045,"out_full_file_reason":"ok","out_record_truncates":false}
{"app":"AI_LEARNER","stage":"mem","model":"b3_deepae","target":"aarch64-unknown-linux-gnu","completed":97,"hal_peak":6208,"peak_within_bounded":true,"admitted_budget_bytes":6208,"peak_within_admitted_budget":true,"admission_mode":"conditional_map","hal_bytes_per_call_amortized":3674.4,"process_rss_kb":7012,"process_rss_delta_init_kb":604,"max_active_calls":1,"active_calls_now":0,"call_counter_balanced":true}
.EVS Port1 1980-012-14:24:44.77621 66/1/AI_LEARNER 4: AI_LEARNER completed=98/98 mean=25377.6us max=97261.7us hal_peak=6208 within_bounded=1
{"app":"AI_LEARNER","stage":"run","model":"b3_deepae","target":"aarch64-unknown-linux-gnu","attempted":98,"completed":98,"fail_input":0,"fail_invoke":0,"fail_output":0,"mean_us":25377.58,"max_us":97261.71,"last_us":38994.45,"out0":-34.89132,"out_elems":640,"out_sha256":"7763b1b4e316064ecc3a1eec43afdc04dbae44f8c1f789188132c9d6c8250412","out_head":[-34.891319,-19.254387,-10.698231,-6.055479,-3.156272,1.490048],"out_tail":[-19.599941,-18.188206,-18.764072,-20.379299,-29.050501,-42.499268],"out_full_file":"/cf/last_out.json","out_full_file_bytes":7045,"out_full_file_reason":"ok","out_record_truncates":false}
{"app":"AI_LEARNER","stage":"mem","model":"b3_deepae","target":"aarch64-unknown-linux-gnu","completed":98,"hal_peak":6208,"peak_within_bounded":true,"admitted_budget_bytes":6208,"peak_within_admitted_budget":true,"admission_mode":"conditional_map","hal_bytes_per_call_amortized":3674.1,"process_rss_kb":7012,"process_rss_delta_init_kb":604,"max_active_calls":1,"active_calls_now":0,"call_counter_balanced":true}
EVS Port1 1980-012-14:24:48.75796 66/1/AI_LEARNER 4: AI_LEARNER completed=99/99 mean=25420.7us max=97261.7us hal_peak=6208 within_bounded=1
{"app":"AI_LEARNER","stage":"run","model":"b3_deepae","target":"aarch64-unknown-linux-gnu","attempted":99,"completed":99,"fail_input":0,"fail_invoke":0,"fail_output":0,"mean_us":25420.68,"max_us":97261.71,"last_us":29644.24,"out0":-34.89132,"out_elems":640,"out_sha256":"7763b1b4e316064ecc3a1eec43afdc04dbae44f8c1f789188132c9d6c8250412","out_head":[-34.891319,-19.254387,-10.698231,-6.055479,-3.156272,1.490048],"out_tail":[-19.599941,-18.188206,-18.764072,-20.379299,-29.050501,-42.499268],"out_full_file":"/cf/last_out.json","out_full_file_bytes":7045,"out_full_file_reason":"ok","out_record_truncates":false}
{"app":"AI_LEARNER","stage":"mem","model":"b3_deepae","target":"aarch64-unknown-linux-gnu","completed":99,"hal_peak":6208,"peak_within_bounded":true,"admitted_budget_bytes":6208,"peak_within_admitted_budget":true,"admission_mode":"conditional_map","hal_bytes_per_call_amortized":3673.9,"process_rss_kb":7012,"process_rss_delta_init_kb":604,"max_active_calls":1,"active_calls_now":0,"call_counter_balanced":true}
.EVS Port1 1980-012-14:24:52.74475 66/1/AI_LEARNER 4: AI_LEARNER completed=100/100 mean=25334.9us max=97261.7us hal_peak=6208 within_bounded=1
{"app":"AI_LEARNER","stage":"run","model":"b3_deepae","target":"aarch64-unknown-linux-gnu","attempted":100,"completed":100,"fail_input":0,"fail_invoke":0,"fail_output":0,"mean_us":25334.92,"max_us":97261.71,"last_us":16844.96,"out0":-34.89132,"out_elems":640,"out_sha256":"7763b1b4e316064ecc3a1eec43afdc04dbae44f8c1f789188132c9d6c8250412","out_head":[-34.891319,-19.254387,-10.698231,-6.055479,-3.156272,1.490048],"out_tail":[-19.599941,-18.188206,-18.764072,-20.379299,-29.050501,-42.499268],"out_full_file":"/cf/last_out.json","out_full_file_bytes":7046,"out_full_file_reason":"ok","out_record_truncates":false}
{"app":"AI_LEARNER","stage":"mem","model":"b3_deepae","target":"aarch64-unknown-linux-gnu","completed":100,"hal_peak":6208,"peak_within_bounded":true,"admitted_budget_bytes":6208,"peak_within_admitted_budget":true,"admission_mode":"conditional_map","hal_bytes_per_call_amortized":3673.6,"process_rss_kb":7012,"process_rss_delta_init_kb":604,"max_active_calls":1,"active_calls_now":0,"call_counter_balanced":true}
.EVS Port1 1980-012-14:24:56.74436 66/1/AI_LEARNER 4: AI_LEARNER completed=101/101 mean=25193.8us max=97261.7us hal_peak=6208 within_bounded=1
{"app":"AI_LEARNER","stage":"run","model":"b3_deepae","target":"aarch64-unknown-linux-gnu","attempted":101,"completed":101,"fail_input":0,"fail_invoke":0,"fail_output":0,"mean_us":25193.75,"max_us":97261.71,"last_us":11076.91,"out0":-34.89132,"out_elems":640,"out_sha256":"7763b1b4e316064ecc3a1eec43afdc04dbae44f8c1f789188132c9d6c8250412","out_head":[-34.891319,-19.254387,-10.698231,-6.055479,-3.156272,1.490048],"out_tail":[-19.599941,-18.188206,-18.764072,-20.379299,-29.050501,-42.499268],"out_full_file":"/cf/last_out.json","out_full_file_bytes":7046,"out_full_file_reason":"ok","out_record_truncates":false}
{"app":"AI_LEARNER","stage":"mem","model":"b3_deepae","target":"aarch64-unknown-linux-gnu","completed":101,"hal_peak":6208,"peak_within_bounded":true,"admitted_budget_bytes":6208,"peak_within_admitted_budget":true,"admission_mode":"conditional_map","hal_bytes_per_call_amortized":3673.3,"process_rss_kb":7012,"process_rss_delta_init_kb":604,"max_active_calls":1,"active_calls_now":0,"call_counter_balanced":true}
EVS Port1 1980-012-14:25:00.75080 66/1/AI_LEARNER 4: AI_LEARNER completed=102/102 mean=25222.0us max=97261.7us hal_peak=6208 within_bounded=1
{"app":"AI_LEARNER","stage":"run","model":"b3_deepae","target":"aarch64-unknown-linux-gnu","attempted":102,"completed":102,"fail_input":0,"fail_invoke":0,"fail_output":0,"mean_us":25222.00,"max_us":97261.71,"last_us":28074.86,"out0":-34.89132,"out_elems":640,"out_sha256":"7763b1b4e316064ecc3a1eec43afdc04dbae44f8c1f789188132c9d6c8250412","out_head":[-34.891319,-19.254387,-10.698231,-6.055479,-3.156272,1.490048],"out_tail":[-19.599941,-18.188206,-18.764072,-20.379299,-29.050501,-42.499268],"out_full_file":"/cf/last_out.json","out_full_file_bytes":7046,"out_full_file_reason":"ok","out_record_truncates":false}
{"app":"AI_LEARNER","stage":"mem","model":"b3_deepae","target":"aarch64-unknown-linux-gnu","completed":102,"hal_peak":6208,"peak_within_bounded":true,"admitted_budget_bytes":6208,"peak_within_admitted_budget":true,"admission_mode":"conditional_map","hal_bytes_per_call_amortized":3673.1,"process_rss_kb":7012,"process_rss_delta_init_kb":604,"max_active_calls":1,"active_calls_now":0,"call_counter_balanced":true}
.EVS Port1 1980-012-14:25:04.75724 66/1/AI_LEARNER 4: AI_LEARNER completed=103/103 mean=25185.2us max=97261.7us hal_peak=6208 within_bounded=1
{"app":"AI_LEARNER","stage":"run","model":"b3_deepae","target":"aarch64-unknown-linux-gnu","attempted":103,"completed":103,"fail_input":0,"fail_invoke":0,"fail_output":0,"mean_us":25185.22,"max_us":97261.71,"last_us":21433.70,"out0":-34.89132,"out_elems":640,"out_sha256":"7763b1b4e316064ecc3a1eec43afdc04dbae44f8c1f789188132c9d6c8250412","out_head":[-34.891319,-19.254387,-10.698231,-6.055479,-3.156272,1.490048],"out_tail":[-19.599941,-18.188206,-18.764072,-20.379299,-29.050501,-42.499268],"out_full_file":"/cf/last_out.json","out_full_file_bytes":7046,"out_full_file_reason":"ok","out_record_truncates":false}
{"app":"AI_LEARNER","stage":"mem","model":"b3_deepae","target":"aarch64-unknown-linux-gnu","completed":103,"hal_peak":6208,"peak_within_bounded":true,"admitted_budget_bytes":6208,"peak_within_admitted_budget":true,"admission_mode":"conditional_map","hal_bytes_per_call_amortized":3672.9,"process_rss_kb":7012,"process_rss_delta_init_kb":604,"max_active_calls":1,"active_calls_now":0,"call_counter_balanced":true}
.EVS Port1 1980-012-14:25:08.74221 66/1/AI_LEARNER 4: AI_LEARNER completed=104/104 mean=25037.1us max=97261.7us hal_peak=6208 within_bounded=1
{"app":"AI_LEARNER","stage":"run","model":"b3_deepae","target":"aarch64-unknown-linux-gnu","attempted":104,"completed":104,"fail_input":0,"fail_invoke":0,"fail_output":0,"mean_us":25037.10,"max_us":97261.71,"last_us":9781.12,"out0":-34.89132,"out_elems":640,"out_sha256":"7763b1b4e316064ecc3a1eec43afdc04dbae44f8c1f789188132c9d6c8250412","out_head":[-34.891319,-19.254387,-10.698231,-6.055479,-3.156272,1.490048],"out_tail":[-19.599941,-18.188206,-18.764072,-20.379299,-29.050501,-42.499268],"out_full_file":"/cf/last_out.json","out_full_file_bytes":7046,"out_full_file_reason":"ok","out_record_truncates":false}
{"app":"AI_LEARNER","stage":"mem","model":"b3_deepae","target":"aarch64-unknown-linux-gnu","completed":104,"hal_peak":6208,"peak_within_bounded":true,"admitted_budget_bytes":6208,"peak_within_admitted_budget":true,"admission_mode":"conditional_map","hal_bytes_per_call_amortized":3672.6,"process_rss_kb":7012,"process_rss_delta_init_kb":604,"max_active_calls":1,"active_calls_now":0,"call_counter_balanced":true}
EVS Port1 1980-012-14:25:12.77560 66/1/AI_LEARNER 4: AI_LEARNER completed=105/105 mean=25103.7us max=97261.7us hal_peak=6208 within_bounded=1
{"app":"AI_LEARNER","stage":"run","model":"b3_deepae","target":"aarch64-unknown-linux-gnu","attempted":105,"completed":105,"fail_input":0,"fail_invoke":0,"fail_output":0,"mean_us":25103.69,"max_us":97261.71,"last_us":32028.13,"out0":-34.89132,"out_elems":640,"out_sha256":"7763b1b4e316064ecc3a1eec43afdc04dbae44f8c1f789188132c9d6c8250412","out_head":[-34.891319,-19.254387,-10.698231,-6.055479,-3.156272,1.490048],"out_tail":[-19.599941,-18.188206,-18.764072,-20.379299,-29.050501,-42.499268],"out_full_file":"/cf/last_out.json","out_full_file_bytes":7046,"out_full_file_reason":"ok","out_record_truncates":false}
{"app":"AI_LEARNER","stage":"mem","model":"b3_deepae","target":"aarch64-unknown-linux-gnu","completed":105,"hal_peak":6208,"peak_within_bounded":true,"admitted_budget_bytes":6208,"peak_within_admitted_budget":true,"admission_mode":"conditional_map","hal_bytes_per_call_amortized":3672.4,"process_rss_kb":7012,"process_rss_delta_init_kb":604,"max_active_calls":1,"active_calls_now":0,"call_counter_balanced":true}
.EVS Port1 1980-012-14:25:16.74153 66/1/AI_LEARNER 4: AI_LEARNER completed=106/106 mean=24995.9us max=97261.7us hal_peak=6208 within_bounded=1
{"app":"AI_LEARNER","stage":"run","model":"b3_deepae","target":"aarch64-unknown-linux-gnu","attempted":106,"completed":106,"fail_input":0,"fail_invoke":0,"fail_output":0,"mean_us":24995.90,"max_us":97261.71,"last_us":13678.10,"out0":-34.89132,"out_elems":640,"out_sha256":"7763b1b4e316064ecc3a1eec43afdc04dbae44f8c1f789188132c9d6c8250412","out_head":[-34.891319,-19.254387,-10.698231,-6.055479,-3.156272,1.490048],"out_tail":[-19.599941,-18.188206,-18.764072,-20.379299,-29.050501,-42.499268],"out_full_file":"/cf/last_out.json","out_full_file_bytes":7046,"out_full_file_reason":"ok","out_record_truncates":false}
{"app":"AI_LEARNER","stage":"mem","model":"b3_deepae","target":"aarch64-unknown-linux-gnu","completed":106,"hal_peak":6208,"peak_within_bounded":true,"admitted_budget_bytes":6208,"peak_within_admitted_budget":true,"admission_mode":"conditional_map","hal_bytes_per_call_amortized":3672.2,"process_rss_kb":7012,"process_rss_delta_init_kb":604,"max_active_calls":1,"active_calls_now":0,"call_counter_balanced":true}
EVS Port1 1980-012-14:25:18.99882 66/1/CFE_TIME 20: Start FLYWHEEL
EVS Port1 1980-012-14:25:19.00390 66/1/CFE_TIME 21: Stop FLYWHEEL
.EVS Port1 1980-012-14:25:20.76293 66/1/AI_LEARNER 4: AI_LEARNER completed=107/107 mean=25046.5us max=97261.7us hal_peak=6208 within_bounded=1
{"app":"AI_LEARNER","stage":"run","model":"b3_deepae","target":"aarch64-unknown-linux-gnu","attempted":107,"completed":107,"fail_input":0,"fail_invoke":0,"fail_output":0,"mean_us":25046.47,"max_us":97261.71,"last_us":30406.64,"out0":-34.89132,"out_elems":640,"out_sha256":"7763b1b4e316064ecc3a1eec43afdc04dbae44f8c1f789188132c9d6c8250412","out_head":[-34.891319,-19.254387,-10.698231,-6.055479,-3.156272,1.490048],"out_tail":[-19.599941,-18.188206,-18.764072,-20.379299,-29.050501,-42.499268],"out_full_file":"/cf/last_out.json","out_full_file_bytes":7046,"out_full_file_reason":"ok","out_record_truncates":false}
{"app":"AI_LEARNER","stage":"mem","model":"b3_deepae","target":"aarch64-unknown-linux-gnu","completed":107,"hal_peak":6208,"peak_within_bounded":true,"admitted_budget_bytes":6208,"peak_within_admitted_budget":true,"admission_mode":"conditional_map","hal_bytes_per_call_amortized":3671.9,"process_rss_kb":7012,"process_rss_delta_init_kb":604,"max_active_calls":1,"active_calls_now":0,"call_counter_balanced":true}
EVS Port1 1980-012-14:25:24.77105 66/1/AI_LEARNER 4: AI_LEARNER completed=108/108 mean=25190.6us max=97261.7us hal_peak=6208 within_bounded=1
{"app":"AI_LEARNER","stage":"run","model":"b3_deepae","target":"aarch64-unknown-linux-gnu","attempted":108,"completed":108,"fail_input":0,"fail_invoke":0,"fail_output":0,"mean_us":25190.61,"max_us":97261.71,"last_us":40614.53,"out0":-34.89132,"out_elems":640,"out_sha256":"7763b1b4e316064ecc3a1eec43afdc04dbae44f8c1f789188132c9d6c8250412","out_head":[-34.891319,-19.254387,-10.698231,-6.055479,-3.156272,1.490048],"out_tail":[-19.599941,-18.188206,-18.764072,-20.379299,-29.050501,-42.499268],"out_full_file":"/cf/last_out.json","out_full_file_bytes":7046,"out_full_file_reason":"ok","out_record_truncates":false}
{"app":"AI_LEARNER","stage":"mem","model":"b3_deepae","target":"aarch64-unknown-linux-gnu","completed":108,"hal_peak":6208,"peak_within_bounded":true,"admitted_budget_bytes":6208,"peak_within_admitted_budget":true,"admission_mode":"conditional_map","hal_bytes_per_call_amortized":3671.7,"process_rss_kb":7012,"process_rss_delta_init_kb":604,"max_active_calls":1,"active_calls_now":0,"call_counter_balanced":true}
.EVS Port1 1980-012-14:25:28.74435 66/1/AI_LEARNER 4: AI_LEARNER completed=109/109 mean=25101.8us max=97261.7us hal_peak=6208 within_bounded=1
{"app":"AI_LEARNER","stage":"run","model":"b3_deepae","target":"aarch64-unknown-linux-gnu","attempted":109,"completed":109,"fail_input":0,"fail_invoke":0,"fail_output":0,"mean_us":25101.84,"max_us":97261.71,"last_us":15514.10,"out0":-34.89132,"out_elems":640,"out_sha256":"7763b1b4e316064ecc3a1eec43afdc04dbae44f8c1f789188132c9d6c8250412","out_head":[-34.891319,-19.254387,-10.698231,-6.055479,-3.156272,1.490048],"out_tail":[-19.599941,-18.188206,-18.764072,-20.379299,-29.050501,-42.499268],"out_full_file":"/cf/last_out.json","out_full_file_bytes":7046,"out_full_file_reason":"ok","out_record_truncates":false}
{"app":"AI_LEARNER","stage":"mem","model":"b3_deepae","target":"aarch64-unknown-linux-gnu","completed":109,"hal_peak":6208,"peak_within_bounded":true,"admitted_budget_bytes":6208,"peak_within_admitted_budget":true,"admission_mode":"conditional_map","hal_bytes_per_call_amortized":3671.5,"process_rss_kb":7012,"process_rss_delta_init_kb":604,"max_active_calls":1,"active_calls_now":0,"call_counter_balanced":true}
.EVS Port1 1980-012-14:25:32.76879 66/1/AI_LEARNER 4: AI_LEARNER completed=110/110 mean=25186.9us max=97261.7us hal_peak=6208 within_bounded=1
{"app":"AI_LEARNER","stage":"run","model":"b3_deepae","target":"aarch64-unknown-linux-gnu","attempted":110,"completed":110,"fail_input":0,"fail_invoke":0,"fail_output":0,"mean_us":25186.86,"max_us":97261.71,"last_us":34453.86,"out0":-34.89132,"out_elems":640,"out_sha256":"7763b1b4e316064ecc3a1eec43afdc04dbae44f8c1f789188132c9d6c8250412","out_head":[-34.891319,-19.254387,-10.698231,-6.055479,-3.156272,1.490048],"out_tail":[-19.599941,-18.188206,-18.764072,-20.379299,-29.050501,-42.499268],"out_full_file":"/cf/last_out.json","out_full_file_bytes":7046,"out_full_file_reason":"ok","out_record_truncates":false}
{"app":"AI_LEARNER","stage":"mem","model":"b3_deepae","target":"aarch64-unknown-linux-gnu","completed":110,"hal_peak":6208,"peak_within_bounded":true,"admitted_budget_bytes":6208,"peak_within_admitted_budget":true,"admission_mode":"conditional_map","hal_bytes_per_call_amortized":3671.3,"process_rss_kb":7012,"process_rss_delta_init_kb":604,"max_active_calls":1,"active_calls_now":0,"call_counter_balanced":true}
EVS Port1 1980-012-14:25:36.74563 66/1/AI_LEARNER 4: AI_LEARNER completed=111/111 mean=25055.2us max=97261.7us hal_peak=6208 within_bounded=1
{"app":"AI_LEARNER","stage":"run","model":"b3_deepae","target":"aarch64-unknown-linux-gnu","attempted":111,"completed":111,"fail_input":0,"fail_invoke":0,"fail_output":0,"mean_us":25055.16,"max_us":97261.71,"last_us":10568.67,"out0":-34.89132,"out_elems":640,"out_sha256":"7763b1b4e316064ecc3a1eec43afdc04dbae44f8c1f789188132c9d6c8250412","out_head":[-34.891319,-19.254387,-10.698231,-6.055479,-3.156272,1.490048],"out_tail":[-19.599941,-18.188206,-18.764072,-20.379299,-29.050501,-42.499268],"out_full_file":"/cf/last_out.json","out_full_file_bytes":7046,"out_full_file_reason":"ok","out_record_truncates":false}
{"app":"AI_LEARNER","stage":"mem","model":"b3_deepae","target":"aarch64-unknown-linux-gnu","completed":111,"hal_peak":6208,"peak_within_bounded":true,"admitted_budget_bytes":6208,"peak_within_admitted_budget":true,"admission_mode":"conditional_map","hal_bytes_per_call_amortized":3671.1,"process_rss_kb":7012,"process_rss_delta_init_kb":604,"max_active_calls":1,"active_calls_now":0,"call_counter_balanced":true}
.EVS Port1 1980-012-14:25:40.74702 66/1/AI_LEARNER 4: AI_LEARNER completed=112/112 mean=24989.5us max=97261.7us hal_peak=6208 within_bounded=1
{"app":"AI_LEARNER","stage":"run","model":"b3_deepae","target":"aarch64-unknown-linux-gnu","attempted":112,"completed":112,"fail_input":0,"fail_invoke":0,"fail_output":0,"mean_us":24989.50,"max_us":97261.71,"last_us":17700.62,"out0":-34.89132,"out_elems":640,"out_sha256":"7763b1b4e316064ecc3a1eec43afdc04dbae44f8c1f789188132c9d6c8250412","out_head":[-34.891319,-19.254387,-10.698231,-6.055479,-3.156272,1.490048],"out_tail":[-19.599941,-18.188206,-18.764072,-20.379299,-29.050501,-42.499268],"out_full_file":"/cf/last_out.json","out_full_file_bytes":7046,"out_full_file_reason":"ok","out_record_truncates":false}
{"app":"AI_LEARNER","stage":"mem","model":"b3_deepae","target":"aarch64-unknown-linux-gnu","completed":112,"hal_peak":6208,"peak_within_bounded":true,"admitted_budget_bytes":6208,"peak_within_admitted_budget":true,"admission_mode":"conditional_map","hal_bytes_per_call_amortized":3670.9,"process_rss_kb":7012,"process_rss_delta_init_kb":604,"max_active_calls":1,"active_calls_now":0,"call_counter_balanced":true}
.EVS Port1 1980-012-14:25:44.74595 66/1/AI_LEARNER 4: AI_LEARNER completed=113/113 mean=24874.6us max=97261.7us hal_peak=6208 within_bounded=1
{"app":"AI_LEARNER","stage":"run","model":"b3_deepae","target":"aarch64-unknown-linux-gnu","attempted":113,"completed":113,"fail_input":0,"fail_invoke":0,"fail_output":0,"mean_us":24874.57,"max_us":97261.71,"last_us":12002.34,"out0":-34.89132,"out_elems":640,"out_sha256":"7763b1b4e316064ecc3a1eec43afdc04dbae44f8c1f789188132c9d6c8250412","out_head":[-34.891319,-19.254387,-10.698231,-6.055479,-3.156272,1.490048],"out_tail":[-19.599941,-18.188206,-18.764072,-20.379299,-29.050501,-42.499268],"out_full_file":"/cf/last_out.json","out_full_file_bytes":7046,"out_full_file_reason":"ok","out_record_truncates":false}
{"app":"AI_LEARNER","stage":"mem","model":"b3_deepae","target":"aarch64-unknown-linux-gnu","completed":113,"hal_peak":6208,"peak_within_bounded":true,"admitted_budget_bytes":6208,"peak_within_admitted_budget":true,"admission_mode":"conditional_map","hal_bytes_per_call_amortized":3670.7,"process_rss_kb":7012,"process_rss_delta_init_kb":604,"max_active_calls":1,"active_calls_now":0,"call_counter_balanced":true}
EVS Port1 1980-012-14:25:48.75193 66/1/AI_LEARNER 4: AI_LEARNER completed=114/114 mean=24809.9us max=97261.7us hal_peak=6208 within_bounded=1
{"app":"AI_LEARNER","stage":"run","model":"b3_deepae","target":"aarch64-unknown-linux-gnu","attempted":114,"completed":114,"fail_input":0,"fail_invoke":0,"fail_output":0,"mean_us":24809.90,"max_us":97261.71,"last_us":17502.69,"out0":-34.89132,"out_elems":640,"out_sha256":"7763b1b4e316064ecc3a1eec43afdc04dbae44f8c1f789188132c9d6c8250412","out_head":[-34.891319,-19.254387,-10.698231,-6.055479,-3.156272,1.490048],"out_tail":[-19.599941,-18.188206,-18.764072,-20.379299,-29.050501,-42.499268],"out_full_file":"/cf/last_out.json","out_full_file_bytes":7046,"out_full_file_reason":"ok","out_record_truncates":false}
{"app":"AI_LEARNER","stage":"mem","model":"b3_deepae","target":"aarch64-unknown-linux-gnu","completed":114,"hal_peak":6208,"peak_within_bounded":true,"admitted_budget_bytes":6208,"peak_within_admitted_budget":true,"admission_mode":"conditional_map","hal_bytes_per_call_amortized":3670.5,"process_rss_kb":7012,"process_rss_delta_init_kb":604,"max_active_calls":1,"active_calls_now":0,"call_counter_balanced":true}
.EVS Port1 1980-012-14:25:52.76278 66/1/AI_LEARNER 4: AI_LEARNER completed=115/115 mean=24740.3us max=97261.7us hal_peak=6208 within_bounded=1
{"app":"AI_LEARNER","stage":"run","model":"b3_deepae","target":"aarch64-unknown-linux-gnu","attempted":115,"completed":115,"fail_input":0,"fail_invoke":0,"fail_output":0,"mean_us":24740.32,"max_us":97261.71,"last_us":16808.53,"out0":-34.89132,"out_elems":640,"out_sha256":"7763b1b4e316064ecc3a1eec43afdc04dbae44f8c1f789188132c9d6c8250412","out_head":[-34.891319,-19.254387,-10.698231,-6.055479,-3.156272,1.490048],"out_tail":[-19.599941,-18.188206,-18.764072,-20.379299,-29.050501,-42.499268],"out_full_file":"/cf/last_out.json","out_full_file_bytes":7046,"out_full_file_reason":"ok","out_record_truncates":false}
{"app":"AI_LEARNER","stage":"mem","model":"b3_deepae","target":"aarch64-unknown-linux-gnu","completed":115,"hal_peak":6208,"peak_within_bounded":true,"admitted_budget_bytes":6208,"peak_within_admitted_budget":true,"admission_mode":"conditional_map","hal_bytes_per_call_amortized":3670.3,"process_rss_kb":7012,"process_rss_delta_init_kb":604,"max_active_calls":1,"active_calls_now":0,"call_counter_balanced":true}
.EVS Port1 1980-012-14:25:56.77020 66/1/AI_LEARNER 4: AI_LEARNER completed=116/116 mean=24838.4us max=97261.7us hal_peak=6208 within_bounded=1
{"app":"AI_LEARNER","stage":"run","model":"b3_deepae","target":"aarch64-unknown-linux-gnu","attempted":116,"completed":116,"fail_input":0,"fail_invoke":0,"fail_output":0,"mean_us":24838.38,"max_us":97261.71,"last_us":36114.78,"out0":-34.89132,"out_elems":640,"out_sha256":"7763b1b4e316064ecc3a1eec43afdc04dbae44f8c1f789188132c9d6c8250412","out_head":[-34.891319,-19.254387,-10.698231,-6.055479,-3.156272,1.490048],"out_tail":[-19.599941,-18.188206,-18.764072,-20.379299,-29.050501,-42.499268],"out_full_file":"/cf/last_out.json","out_full_file_bytes":7046,"out_full_file_reason":"ok","out_record_truncates":false}
{"app":"AI_LEARNER","stage":"mem","model":"b3_deepae","target":"aarch64-unknown-linux-gnu","completed":116,"hal_peak":6208,"peak_within_bounded":true,"admitted_budget_bytes":6208,"peak_within_admitted_budget":true,"admission_mode":"conditional_map","hal_bytes_per_call_amortized":3670.1,"process_rss_kb":7012,"process_rss_delta_init_kb":604,"max_active_calls":1,"active_calls_now":0,"call_counter_balanced":true}
EVS Port1 1980-012-14:26:00.74838 66/1/AI_LEARNER 4: AI_LEARNER completed=117/117 mean=24795.5us max=97261.7us hal_peak=6208 within_bounded=1
{"app":"AI_LEARNER","stage":"run","model":"b3_deepae","target":"aarch64-unknown-linux-gnu","attempted":117,"completed":117,"fail_input":0,"fail_invoke":0,"fail_output":0,"mean_us":24795.52,"max_us":97261.71,"last_us":19824.08,"out0":-34.89132,"out_elems":640,"out_sha256":"7763b1b4e316064ecc3a1eec43afdc04dbae44f8c1f789188132c9d6c8250412","out_head":[-34.891319,-19.254387,-10.698231,-6.055479,-3.156272,1.490048],"out_tail":[-19.599941,-18.188206,-18.764072,-20.379299,-29.050501,-42.499268],"out_full_file":"/cf/last_out.json","out_full_file_bytes":7046,"out_full_file_reason":"ok","out_record_truncates":false}
{"app":"AI_LEARNER","stage":"mem","model":"b3_deepae","target":"aarch64-unknown-linux-gnu","completed":117,"hal_peak":6208,"peak_within_bounded":true,"admitted_budget_bytes":6208,"peak_within_admitted_budget":true,"admission_mode":"conditional_map","hal_bytes_per_call_amortized":3669.9,"process_rss_kb":7012,"process_rss_delta_init_kb":604,"max_active_calls":1,"active_calls_now":0,"call_counter_balanced":true}
.EVS Port1 1980-012-14:26:04.74035 66/1/AI_LEARNER 4: AI_LEARNER completed=118/118 mean=24686.9us max=97261.7us hal_peak=6208 within_bounded=1
{"app":"AI_LEARNER","stage":"run","model":"b3_deepae","target":"aarch64-unknown-linux-gnu","attempted":118,"completed":118,"fail_input":0,"fail_invoke":0,"fail_output":0,"mean_us":24686.86,"max_us":97261.71,"last_us":11973.50,"out0":-34.89132,"out_elems":640,"out_sha256":"7763b1b4e316064ecc3a1eec43afdc04dbae44f8c1f789188132c9d6c8250412","out_head":[-34.891319,-19.254387,-10.698231,-6.055479,-3.156272,1.490048],"out_tail":[-19.599941,-18.188206,-18.764072,-20.379299,-29.050501,-42.499268],"out_full_file":"/cf/last_out.json","out_full_file_bytes":7046,"out_full_file_reason":"ok","out_record_truncates":false}
{"app":"AI_LEARNER","stage":"mem","model":"b3_deepae","target":"aarch64-unknown-linux-gnu","completed":118,"hal_peak":6208,"peak_within_bounded":true,"admitted_budget_bytes":6208,"peak_within_admitted_budget":true,"admission_mode":"conditional_map","hal_bytes_per_call_amortized":3669.7,"process_rss_kb":7012,"process_rss_delta_init_kb":604,"max_active_calls":1,"active_calls_now":0,"call_counter_balanced":true}
.EVS Port1 1980-012-14:26:08.79927 66/1/AI_LEARNER 4: AI_LEARNER completed=119/119 mean=24773.3us max=97261.7us hal_peak=6208 within_bounded=1
{"app":"AI_LEARNER","stage":"run","model":"b3_deepae","target":"aarch64-unknown-linux-gnu","attempted":119,"completed":119,"fail_input":0,"fail_invoke":0,"fail_output":0,"mean_us":24773.25,"max_us":97261.71,"last_us":34967.76,"out0":-34.89132,"out_elems":640,"out_sha256":"7763b1b4e316064ecc3a1eec43afdc04dbae44f8c1f789188132c9d6c8250412","out_head":[-34.891319,-19.254387,-10.698231,-6.055479,-3.156272,1.490048],"out_tail":[-19.599941,-18.188206,-18.764072,-20.379299,-29.050501,-42.499268],"out_full_file":"/cf/last_out.json","out_full_file_bytes":7046,"out_full_file_reason":"ok","out_record_truncates":false}
{"app":"AI_LEARNER","stage":"mem","model":"b3_deepae","target":"aarch64-unknown-linux-gnu","completed":119,"hal_peak":6208,"peak_within_bounded":true,"admitted_budget_bytes":6208,"peak_within_admitted_budget":true,"admission_mode":"conditional_map","hal_bytes_per_call_amortized":3669.5,"process_rss_kb":7012,"process_rss_delta_init_kb":604,"max_active_calls":1,"active_calls_now":0,"call_counter_balanced":true}
EVS Port1 1980-012-14:26:12.75448 66/1/AI_LEARNER 4: AI_LEARNER completed=120/120 mean=24743.8us max=97261.7us hal_peak=6208 within_bounded=1
{"app":"AI_LEARNER","stage":"run","model":"b3_deepae","target":"aarch64-unknown-linux-gnu","attempted":120,"completed":120,"fail_input":0,"fail_invoke":0,"fail_output":0,"mean_us":24743.80,"max_us":97261.71,"last_us":21238.27,"out0":-34.89132,"out_elems":640,"out_sha256":"7763b1b4e316064ecc3a1eec43afdc04dbae44f8c1f789188132c9d6c8250412","out_head":[-34.891319,-19.254387,-10.698231,-6.055479,-3.156272,1.490048],"out_tail":[-19.599941,-18.188206,-18.764072,-20.379299,-29.050501,-42.499268],"out_full_file":"/cf/last_out.json","out_full_file_bytes":7046,"out_full_file_reason":"ok","out_record_truncates":false}
{"app":"AI_LEARNER","stage":"mem","model":"b3_deepae","target":"aarch64-unknown-linux-gnu","completed":120,"hal_peak":6208,"peak_within_bounded":true,"admitted_budget_bytes":6208,"peak_within_admitted_budget":true,"admission_mode":"conditional_map","hal_bytes_per_call_amortized":3669.3,"process_rss_kb":7012,"process_rss_delta_init_kb":604,"max_active_calls":1,"active_calls_now":0,"call_counter_balanced":true}
.EVS Port1 1980-012-14:26:16.75506 66/1/AI_LEARNER 4: AI_LEARNER completed=121/121 mean=24771.3us max=97261.7us hal_peak=6208 within_bounded=1
{"app":"AI_LEARNER","stage":"run","model":"b3_deepae","target":"aarch64-unknown-linux-gnu","attempted":121,"completed":121,"fail_input":0,"fail_invoke":0,"fail_output":0,"mean_us":24771.28,"max_us":97261.71,"last_us":28069.84,"out0":-34.89132,"out_elems":640,"out_sha256":"7763b1b4e316064ecc3a1eec43afdc04dbae44f8c1f789188132c9d6c8250412","out_head":[-34.891319,-19.254387,-10.698231,-6.055479,-3.156272,1.490048],"out_tail":[-19.599941,-18.188206,-18.764072,-20.379299,-29.050501,-42.499268],"out_full_file":"/cf/last_out.json","out_full_file_bytes":7046,"out_full_file_reason":"ok","out_record_truncates":false}
{"app":"AI_LEARNER","stage":"mem","model":"b3_deepae","target":"aarch64-unknown-linux-gnu","completed":121,"hal_peak":6208,"peak_within_bounded":true,"admitted_budget_bytes":6208,"peak_within_admitted_budget":true,"admission_mode":"conditional_map","hal_bytes_per_call_amortized":3669.2,"process_rss_kb":7012,"process_rss_delta_init_kb":604,"max_active_calls":1,"active_calls_now":0,"call_counter_balanced":true}
.EVS Port1 1980-012-14:26:20.76094 66/1/AI_LEARNER 4: AI_LEARNER completed=122/122 mean=24730.1us max=97261.7us hal_peak=6208 within_bounded=1
{"app":"AI_LEARNER","stage":"run","model":"b3_deepae","target":"aarch64-unknown-linux-gnu","attempted":122,"completed":122,"fail_input":0,"fail_invoke":0,"fail_output":0,"mean_us":24730.07,"max_us":97261.71,"last_us":19743.18,"out0":-34.89132,"out_elems":640,"out_sha256":"7763b1b4e316064ecc3a1eec43afdc04dbae44f8c1f789188132c9d6c8250412","out_head":[-34.891319,-19.254387,-10.698231,-6.055479,-3.156272,1.490048],"out_tail":[-19.599941,-18.188206,-18.764072,-20.379299,-29.050501,-42.499268],"out_full_file":"/cf/last_out.json","out_full_file_bytes":7046,"out_full_file_reason":"ok","out_record_truncates":false}
{"app":"AI_LEARNER","stage":"mem","model":"b3_deepae","target":"aarch64-unknown-linux-gnu","completed":122,"hal_peak":6208,"peak_within_bounded":true,"admitted_budget_bytes":6208,"peak_within_admitted_budget":true,"admission_mode":"conditional_map","hal_bytes_per_call_amortized":3669.0,"process_rss_kb":7012,"process_rss_delta_init_kb":604,"max_active_calls":1,"active_calls_now":0,"call_counter_balanced":true}
EVS Port1 1980-012-14:26:21.00582 66/1/CFE_TIME 21: Stop FLYWHEEL
EVS Port1 1980-012-14:26:22.00170 66/1/CFE_TIME 20: Start FLYWHEEL
EVS Port1 1980-012-14:26:24.75535 66/1/AI_LEARNER 4: AI_LEARNER completed=123/123 mean=24772.9us max=97261.7us hal_peak=6208 within_bounded=1
{"app":"AI_LEARNER","stage":"run","model":"b3_deepae","target":"aarch64-unknown-linux-gnu","attempted":123,"completed":123,"fail_input":0,"fail_invoke":0,"fail_output":0,"mean_us":24772.86,"max_us":97261.71,"last_us":29992.94,"out0":-34.89132,"out_elems":640,"out_sha256":"7763b1b4e316064ecc3a1eec43afdc04dbae44f8c1f789188132c9d6c8250412","out_head":[-34.891319,-19.254387,-10.698231,-6.055479,-3.156272,1.490048],"out_tail":[-19.599941,-18.188206,-18.764072,-20.379299,-29.050501,-42.499268],"out_full_file":"/cf/last_out.json","out_full_file_bytes":7046,"out_full_file_reason":"ok","out_record_truncates":false}
{"app":"AI_LEARNER","stage":"mem","model":"b3_deepae","target":"aarch64-unknown-linux-gnu","completed":123,"hal_peak":6208,"peak_within_bounded":true,"admitted_budget_bytes":6208,"peak_within_admitted_budget":true,"admission_mode":"conditional_map","hal_bytes_per_call_amortized":3668.8,"process_rss_kb":7012,"process_rss_delta_init_kb":604,"max_active_calls":1,"active_calls_now":0,"call_counter_balanced":true}
.EVS Port1 1980-012-14:26:28.79942 66/1/AI_LEARNER 4: AI_LEARNER completed=124/124 mean=24863.5us max=97261.7us hal_peak=6208 within_bounded=1
{"app":"AI_LEARNER","stage":"run","model":"b3_deepae","target":"aarch64-unknown-linux-gnu","attempted":124,"completed":124,"fail_input":0,"fail_invoke":0,"fail_output":0,"mean_us":24863.50,"max_us":97261.71,"last_us":36011.92,"out0":-34.89132,"out_elems":640,"out_sha256":"7763b1b4e316064ecc3a1eec43afdc04dbae44f8c1f789188132c9d6c8250412","out_head":[-34.891319,-19.254387,-10.698231,-6.055479,-3.156272,1.490048],"out_tail":[-19.599941,-18.188206,-18.764072,-20.379299,-29.050501,-42.499268],"out_full_file":"/cf/last_out.json","out_full_file_bytes":7046,"out_full_file_reason":"ok","out_record_truncates":false}
{"app":"AI_LEARNER","stage":"mem","model":"b3_deepae","target":"aarch64-unknown-linux-gnu","completed":124,"hal_peak":6208,"peak_within_bounded":true,"admitted_budget_bytes":6208,"peak_within_admitted_budget":true,"admission_mode":"conditional_map","hal_bytes_per_call_amortized":3668.6,"process_rss_kb":7012,"process_rss_delta_init_kb":604,"max_active_calls":1,"active_calls_now":0,"call_counter_balanced":true}
.EVS Port1 1980-012-14:26:32.79614 66/1/AI_LEARNER 4: AI_LEARNER completed=125/125 mean=24915.6us max=97261.7us hal_peak=6208 within_bounded=1
{"app":"AI_LEARNER","stage":"run","model":"b3_deepae","target":"aarch64-unknown-linux-gnu","attempted":125,"completed":125,"fail_input":0,"fail_invoke":0,"fail_output":0,"mean_us":24915.58,"max_us":97261.71,"last_us":31374.48,"out0":-34.89132,"out_elems":640,"out_sha256":"7763b1b4e316064ecc3a1eec43afdc04dbae44f8c1f789188132c9d6c8250412","out_head":[-34.891319,-19.254387,-10.698231,-6.055479,-3.156272,1.490048],"out_tail":[-19.599941,-18.188206,-18.764072,-20.379299,-29.050501,-42.499268],"out_full_file":"/cf/last_out.json","out_full_file_bytes":7046,"out_full_file_reason":"ok","out_record_truncates":false}
{"app":"AI_LEARNER","stage":"mem","model":"b3_deepae","target":"aarch64-unknown-linux-gnu","completed":125,"hal_peak":6208,"peak_within_bounded":true,"admitted_budget_bytes":6208,"peak_within_admitted_budget":true,"admission_mode":"conditional_map","hal_bytes_per_call_amortized":3668.5,"process_rss_kb":7012,"process_rss_delta_init_kb":604,"max_active_calls":1,"active_calls_now":0,"call_counter_balanced":true}
EVS Port1 1980-012-14:26:36.76368 66/1/AI_LEARNER 4: AI_LEARNER completed=126/126 mean=24971.5us max=97261.7us hal_peak=6208 within_bounded=1
{"app":"AI_LEARNER","stage":"run","model":"b3_deepae","target":"aarch64-unknown-linux-gnu","attempted":126,"completed":126,"fail_input":0,"fail_invoke":0,"fail_output":0,"mean_us":24971.51,"max_us":97261.71,"last_us":31962.19,"out0":-34.89132,"out_elems":640,"out_sha256":"7763b1b4e316064ecc3a1eec43afdc04dbae44f8c1f789188132c9d6c8250412","out_head":[-34.891319,-19.254387,-10.698231,-6.055479,-3.156272,1.490048],"out_tail":[-19.599941,-18.188206,-18.764072,-20.379299,-29.050501,-42.499268],"out_full_file":"/cf/last_out.json","out_full_file_bytes":7046,"out_full_file_reason":"ok","out_record_truncates":false}
{"app":"AI_LEARNER","stage":"mem","model":"b3_deepae","target":"aarch64-unknown-linux-gnu","completed":126,"hal_peak":6208,"peak_within_bounded":true,"admitted_budget_bytes":6208,"peak_within_admitted_budget":true,"admission_mode":"conditional_map","hal_bytes_per_call_amortized":3668.3,"process_rss_kb":7012,"process_rss_delta_init_kb":604,"max_active_calls":1,"active_calls_now":0,"call_counter_balanced":true}
.EVS Port1 1980-012-14:26:40.74909 66/1/AI_LEARNER 4: AI_LEARNER completed=127/127 mean=24917.3us max=97261.7us hal_peak=6208 within_bounded=1
{"app":"AI_LEARNER","stage":"run","model":"b3_deepae","target":"aarch64-unknown-linux-gnu","attempted":127,"completed":127,"fail_input":0,"fail_invoke":0,"fail_output":0,"mean_us":24917.27,"max_us":97261.71,"last_us":18083.76,"out0":-34.89132,"out_elems":640,"out_sha256":"7763b1b4e316064ecc3a1eec43afdc04dbae44f8c1f789188132c9d6c8250412","out_head":[-34.891319,-19.254387,-10.698231,-6.055479,-3.156272,1.490048],"out_tail":[-19.599941,-18.188206,-18.764072,-20.379299,-29.050501,-42.499268],"out_full_file":"/cf/last_out.json","out_full_file_bytes":7046,"out_full_file_reason":"ok","out_record_truncates":false}
{"app":"AI_LEARNER","stage":"mem","model":"b3_deepae","target":"aarch64-unknown-linux-gnu","completed":127,"hal_peak":6208,"peak_within_bounded":true,"admitted_budget_bytes":6208,"peak_within_admitted_budget":true,"admission_mode":"conditional_map","hal_bytes_per_call_amortized":3668.2,"process_rss_kb":7012,"process_rss_delta_init_kb":604,"max_active_calls":1,"active_calls_now":0,"call_counter_balanced":true}
EVS Port1 1980-012-14:26:42.00334 66/1/CFE_TIME 21: Stop FLYWHEEL
EVS Port1 1980-012-14:26:42.99818 66/1/CFE_TIME 20: Start FLYWHEEL
.EVS Port1 1980-012-14:26:44.74951 66/1/AI_LEARNER 4: AI_LEARNER completed=128/128 mean=24844.3us max=97261.7us hal_peak=6208 within_bounded=1
{"app":"AI_LEARNER","stage":"run","model":"b3_deepae","target":"aarch64-unknown-linux-gnu","attempted":128,"completed":128,"fail_input":0,"fail_invoke":0,"fail_output":0,"mean_us":24844.30,"max_us":97261.71,"last_us":15576.91,"out0":-34.89132,"out_elems":640,"out_sha256":"7763b1b4e316064ecc3a1eec43afdc04dbae44f8c1f789188132c9d6c8250412","out_head":[-34.891319,-19.254387,-10.698231,-6.055479,-3.156272,1.490048],"out_tail":[-19.599941,-18.188206,-18.764072,-20.379299,-29.050501,-42.499268],"out_full_file":"/cf/last_out.json","out_full_file_bytes":7046,"out_full_file_reason":"ok","out_record_truncates":false}
{"app":"AI_LEARNER","stage":"mem","model":"b3_deepae","target":"aarch64-unknown-linux-gnu","completed":128,"hal_peak":6208,"peak_within_bounded":true,"admitted_budget_bytes":6208,"peak_within_admitted_budget":true,"admission_mode":"conditional_map","hal_bytes_per_call_amortized":3668.0,"process_rss_kb":7012,"process_rss_delta_init_kb":604,"max_active_calls":1,"active_calls_now":0,"call_counter_balanced":true}
EVS Port1 1980-012-14:26:48.77210 66/1/AI_LEARNER 4: AI_LEARNER completed=129/129 mean=24922.9us max=97261.7us hal_peak=6208 within_bounded=1
{"app":"AI_LEARNER","stage":"run","model":"b3_deepae","target":"aarch64-unknown-linux-gnu","attempted":129,"completed":129,"fail_input":0,"fail_invoke":0,"fail_output":0,"mean_us":24922.88,"max_us":97261.71,"last_us":34980.96,"out0":-34.89132,"out_elems":640,"out_sha256":"7763b1b4e316064ecc3a1eec43afdc04dbae44f8c1f789188132c9d6c8250412","out_head":[-34.891319,-19.254387,-10.698231,-6.055479,-3.156272,1.490048],"out_tail":[-19.599941,-18.188206,-18.764072,-20.379299,-29.050501,-42.499268],"out_full_file":"/cf/last_out.json","out_full_file_bytes":7046,"out_full_file_reason":"ok","out_record_truncates":false}
{"app":"AI_LEARNER","stage":"mem","model":"b3_deepae","target":"aarch64-unknown-linux-gnu","completed":129,"hal_peak":6208,"peak_within_bounded":true,"admitted_budget_bytes":6208,"peak_within_admitted_budget":true,"admission_mode":"conditional_map","hal_bytes_per_call_amortized":3667.8,"process_rss_kb":7012,"process_rss_delta_init_kb":604,"max_active_calls":1,"active_calls_now":0,"call_counter_balanced":true}
.EVS Port1 1980-012-14:26:52.77153 66/1/AI_LEARNER 4: AI_LEARNER completed=130/130 mean=24962.9us max=97261.7us hal_peak=6208 within_bounded=1
{"app":"AI_LEARNER","stage":"run","model":"b3_deepae","target":"aarch64-unknown-linux-gnu","attempted":130,"completed":130,"fail_input":0,"fail_invoke":0,"fail_output":0,"mean_us":24962.88,"max_us":97261.71,"last_us":30122.61,"out0":-34.89132,"out_elems":640,"out_sha256":"7763b1b4e316064ecc3a1eec43afdc04dbae44f8c1f789188132c9d6c8250412","out_head":[-34.891319,-19.254387,-10.698231,-6.055479,-3.156272,1.490048],"out_tail":[-19.599941,-18.188206,-18.764072,-20.379299,-29.050501,-42.499268],"out_full_file":"/cf/last_out.json","out_full_file_bytes":7046,"out_full_file_reason":"ok","out_record_truncates":false}
{"app":"AI_LEARNER","stage":"mem","model":"b3_deepae","target":"aarch64-unknown-linux-gnu","completed":130,"hal_peak":6208,"peak_within_bounded":true,"admitted_budget_bytes":6208,"peak_within_admitted_budget":true,"admission_mode":"conditional_map","hal_bytes_per_call_amortized":3667.7,"process_rss_kb":7012,"process_rss_delta_init_kb":604,"max_active_calls":1,"active_calls_now":0,"call_counter_balanced":true}
.EVS Port1 1980-012-14:26:56.78417 66/1/AI_LEARNER 4: AI_LEARNER completed=131/131 mean=24956.8us max=97261.7us hal_peak=6208 within_bounded=1
{"app":"AI_LEARNER","stage":"run","model":"b3_deepae","target":"aarch64-unknown-linux-gnu","attempted":131,"completed":131,"fail_input":0,"fail_invoke":0,"fail_output":0,"mean_us":24956.80,"max_us":97261.71,"last_us":24165.97,"out0":-34.89132,"out_elems":640,"out_sha256":"7763b1b4e316064ecc3a1eec43afdc04dbae44f8c1f789188132c9d6c8250412","out_head":[-34.891319,-19.254387,-10.698231,-6.055479,-3.156272,1.490048],"out_tail":[-19.599941,-18.188206,-18.764072,-20.379299,-29.050501,-42.499268],"out_full_file":"/cf/last_out.json","out_full_file_bytes":7046,"out_full_file_reason":"ok","out_record_truncates":false}
{"app":"AI_LEARNER","stage":"mem","model":"b3_deepae","target":"aarch64-unknown-linux-gnu","completed":131,"hal_peak":6208,"peak_within_bounded":true,"admitted_budget_bytes":6208,"peak_within_admitted_budget":true,"admission_mode":"conditional_map","hal_bytes_per_call_amortized":3667.5,"process_rss_kb":7012,"process_rss_delta_init_kb":604,"max_active_calls":1,"active_calls_now":0,"call_counter_balanced":true}
EVS Port1 1980-012-14:27:00.79234 66/1/AI_LEARNER 4: AI_LEARNER completed=132/132 mean=25018.0us max=97261.7us hal_peak=6208 within_bounded=1
{"app":"AI_LEARNER","stage":"run","model":"b3_deepae","target":"aarch64-unknown-linux-gnu","attempted":132,"completed":132,"fail_input":0,"fail_invoke":0,"fail_output":0,"mean_us":25017.96,"max_us":97261.71,"last_us":33030.96,"out0":-34.89132,"out_elems":640,"out_sha256":"7763b1b4e316064ecc3a1eec43afdc04dbae44f8c1f789188132c9d6c8250412","out_head":[-34.891319,-19.254387,-10.698231,-6.055479,-3.156272,1.490048],"out_tail":[-19.599941,-18.188206,-18.764072,-20.379299,-29.050501,-42.499268],"out_full_file":"/cf/last_out.json","out_full_file_bytes":7046,"out_full_file_reason":"ok","out_record_truncates":false}
{"app":"AI_LEARNER","stage":"mem","model":"b3_deepae","target":"aarch64-unknown-linux-gnu","completed":132,"hal_peak":6208,"peak_within_bounded":true,"admitted_budget_bytes":6208,"peak_within_admitted_budget":true,"admission_mode":"conditional_map","hal_bytes_per_call_amortized":3667.4,"process_rss_kb":7012,"process_rss_delta_init_kb":604,"max_active_calls":1,"active_calls_now":0,"call_counter_balanced":true}
.EVS Port1 1980-012-14:27:04.77272 66/1/AI_LEARNER 4: AI_LEARNER completed=133/133 mean=24993.2us max=97261.7us hal_peak=6208 within_bounded=1
{"app":"AI_LEARNER","stage":"run","model":"b3_deepae","target":"aarch64-unknown-linux-gnu","attempted":133,"completed":133,"fail_input":0,"fail_invoke":0,"fail_output":0,"mean_us":24993.22,"max_us":97261.71,"last_us":21727.04,"out0":-34.89132,"out_elems":640,"out_sha256":"7763b1b4e316064ecc3a1eec43afdc04dbae44f8c1f789188132c9d6c8250412","out_head":[-34.891319,-19.254387,-10.698231,-6.055479,-3.156272,1.490048],"out_tail":[-19.599941,-18.188206,-18.764072,-20.379299,-29.050501,-42.499268],"out_full_file":"/cf/last_out.json","out_full_file_bytes":7046,"out_full_file_reason":"ok","out_record_truncates":false}
{"app":"AI_LEARNER","stage":"mem","model":"b3_deepae","target":"aarch64-unknown-linux-gnu","completed":133,"hal_peak":6208,"peak_within_bounded":true,"admitted_budget_bytes":6208,"peak_within_admitted_budget":true,"admission_mode":"conditional_map","hal_bytes_per_call_amortized":3667.2,"process_rss_kb":7012,"process_rss_delta_init_kb":604,"max_active_calls":1,"active_calls_now":0,"call_counter_balanced":true}
.EVS Port1 1980-012-14:27:08.76292 66/1/AI_LEARNER 4: AI_LEARNER completed=134/134 mean=24933.6us max=97261.7us hal_peak=6208 within_bounded=1
{"app":"AI_LEARNER","stage":"run","model":"b3_deepae","target":"aarch64-unknown-linux-gnu","attempted":134,"completed":134,"fail_input":0,"fail_invoke":0,"fail_output":0,"mean_us":24933.57,"max_us":97261.71,"last_us":16999.82,"out0":-34.89132,"out_elems":640,"out_sha256":"7763b1b4e316064ecc3a1eec43afdc04dbae44f8c1f789188132c9d6c8250412","out_head":[-34.891319,-19.254387,-10.698231,-6.055479,-3.156272,1.490048],"out_tail":[-19.599941,-18.188206,-18.764072,-20.379299,-29.050501,-42.499268],"out_full_file":"/cf/last_out.json","out_full_file_bytes":7046,"out_full_file_reason":"ok","out_record_truncates":false}
{"app":"AI_LEARNER","stage":"mem","model":"b3_deepae","target":"aarch64-unknown-linux-gnu","completed":134,"hal_peak":6208,"peak_within_bounded":true,"admitted_budget_bytes":6208,"peak_within_admitted_budget":true,"admission_mode":"conditional_map","hal_bytes_per_call_amortized":3667.1,"process_rss_kb":7012,"process_rss_delta_init_kb":604,"max_active_calls":1,"active_calls_now":0,"call_counter_balanced":true}
EVS Port1 1980-012-14:27:08.99992 66/1/CFE_TIME 20: Start FLYWHEEL
EVS Port1 1980-012-14:27:09.00460 66/1/CFE_TIME 21: Stop FLYWHEEL
EVS Port1 1980-012-14:27:12.76167 66/1/AI_LEARNER 4: AI_LEARNER completed=135/135 mean=24929.0us max=97261.7us hal_peak=6208 within_bounded=1
{"app":"AI_LEARNER","stage":"run","model":"b3_deepae","target":"aarch64-unknown-linux-gnu","attempted":135,"completed":135,"fail_input":0,"fail_invoke":0,"fail_output":0,"mean_us":24929.03,"max_us":97261.71,"last_us":24320.85,"out0":-34.89132,"out_elems":640,"out_sha256":"7763b1b4e316064ecc3a1eec43afdc04dbae44f8c1f789188132c9d6c8250412","out_head":[-34.891319,-19.254387,-10.698231,-6.055479,-3.156272,1.490048],"out_tail":[-19.599941,-18.188206,-18.764072,-20.379299,-29.050501,-42.499268],"out_full_file":"/cf/last_out.json","out_full_file_bytes":7046,"out_full_file_reason":"ok","out_record_truncates":false}
{"app":"AI_LEARNER","stage":"mem","model":"b3_deepae","target":"aarch64-unknown-linux-gnu","completed":135,"hal_peak":6208,"peak_within_bounded":true,"admitted_budget_bytes":6208,"peak_within_admitted_budget":true,"admission_mode":"conditional_map","hal_bytes_per_call_amortized":3667.0,"process_rss_kb":7012,"process_rss_delta_init_kb":604,"max_active_calls":1,"active_calls_now":0,"call_counter_balanced":true}
.EVS Port1 1980-012-14:27:16.74829 66/1/AI_LEARNER 4: AI_LEARNER completed=136/136 mean=24861.5us max=97261.7us hal_peak=6208 within_bounded=1
{"app":"AI_LEARNER","stage":"run","model":"b3_deepae","target":"aarch64-unknown-linux-gnu","attempted":136,"completed":136,"fail_input":0,"fail_invoke":0,"fail_output":0,"mean_us":24861.46,"max_us":97261.71,"last_us":15739.31,"out0":-34.89132,"out_elems":640,"out_sha256":"7763b1b4e316064ecc3a1eec43afdc04dbae44f8c1f789188132c9d6c8250412","out_head":[-34.891319,-19.254387,-10.698231,-6.055479,-3.156272,1.490048],"out_tail":[-19.599941,-18.188206,-18.764072,-20.379299,-29.050501,-42.499268],"out_full_file":"/cf/last_out.json","out_full_file_bytes":7046,"out_full_file_reason":"ok","out_record_truncates":false}
{"app":"AI_LEARNER","stage":"mem","model":"b3_deepae","target":"aarch64-unknown-linux-gnu","completed":136,"hal_peak":6208,"peak_within_bounded":true,"admitted_budget_bytes":6208,"peak_within_admitted_budget":true,"admission_mode":"conditional_map","hal_bytes_per_call_amortized":3666.8,"process_rss_kb":7012,"process_rss_delta_init_kb":604,"max_active_calls":1,"active_calls_now":0,"call_counter_balanced":true}
.EVS Port1 1980-012-14:27:20.79264 66/1/AI_LEARNER 4: AI_LEARNER completed=137/137 mean=24895.4us max=97261.7us hal_peak=6208 within_bounded=1
{"app":"AI_LEARNER","stage":"run","model":"b3_deepae","target":"aarch64-unknown-linux-gnu","attempted":137,"completed":137,"fail_input":0,"fail_invoke":0,"fail_output":0,"mean_us":24895.37,"max_us":97261.71,"last_us":29507.70,"out0":-34.89132,"out_elems":640,"out_sha256":"7763b1b4e316064ecc3a1eec43afdc04dbae44f8c1f789188132c9d6c8250412","out_head":[-34.891319,-19.254387,-10.698231,-6.055479,-3.156272,1.490048],"out_tail":[-19.599941,-18.188206,-18.764072,-20.379299,-29.050501,-42.499268],"out_full_file":"/cf/last_out.json","out_full_file_bytes":7046,"out_full_file_reason":"ok","out_record_truncates":false}
{"app":"AI_LEARNER","stage":"mem","model":"b3_deepae","target":"aarch64-unknown-linux-gnu","completed":137,"hal_peak":6208,"peak_within_bounded":true,"admitted_budget_bytes":6208,"peak_within_admitted_budget":true,"admission_mode":"conditional_map","hal_bytes_per_call_amortized":3666.7,"process_rss_kb":7012,"process_rss_delta_init_kb":604,"max_active_calls":1,"active_calls_now":0,"call_counter_balanced":true}
EVS Port1 1980-012-14:27:24.77095 66/1/AI_LEARNER 4: AI_LEARNER completed=138/138 mean=24979.7us max=97261.7us hal_peak=6208 within_bounded=1
{"app":"AI_LEARNER","stage":"run","model":"b3_deepae","target":"aarch64-unknown-linux-gnu","attempted":138,"completed":138,"fail_input":0,"fail_invoke":0,"fail_output":0,"mean_us":24979.73,"max_us":97261.71,"last_us":36537.17,"out0":-34.89132,"out_elems":640,"out_sha256":"7763b1b4e316064ecc3a1eec43afdc04dbae44f8c1f789188132c9d6c8250412","out_head":[-34.891319,-19.254387,-10.698231,-6.055479,-3.156272,1.490048],"out_tail":[-19.599941,-18.188206,-18.764072,-20.379299,-29.050501,-42.499268],"out_full_file":"/cf/last_out.json","out_full_file_bytes":7046,"out_full_file_reason":"ok","out_record_truncates":false}
{"app":"AI_LEARNER","stage":"mem","model":"b3_deepae","target":"aarch64-unknown-linux-gnu","completed":138,"hal_peak":6208,"peak_within_bounded":true,"admitted_budget_bytes":6208,"peak_within_admitted_budget":true,"admission_mode":"conditional_map","hal_bytes_per_call_amortized":3666.6,"process_rss_kb":7012,"process_rss_delta_init_kb":604,"max_active_calls":1,"active_calls_now":0,"call_counter_balanced":true}
.EVS Port1 1980-012-14:27:28.79797 66/1/AI_LEARNER 4: AI_LEARNER completed=139/139 mean=24921.9us max=97261.7us hal_peak=6208 within_bounded=1
{"app":"AI_LEARNER","stage":"run","model":"b3_deepae","target":"aarch64-unknown-linux-gnu","attempted":139,"completed":139,"fail_input":0,"fail_invoke":0,"fail_output":0,"mean_us":24921.90,"max_us":97261.71,"last_us":16941.55,"out0":-34.89132,"out_elems":640,"out_sha256":"7763b1b4e316064ecc3a1eec43afdc04dbae44f8c1f789188132c9d6c8250412","out_head":[-34.891319,-19.254387,-10.698231,-6.055479,-3.156272,1.490048],"out_tail":[-19.599941,-18.188206,-18.764072,-20.379299,-29.050501,-42.499268],"out_full_file":"/cf/last_out.json","out_full_file_bytes":7046,"out_full_file_reason":"ok","out_record_truncates":false}
{"app":"AI_LEARNER","stage":"mem","model":"b3_deepae","target":"aarch64-unknown-linux-gnu","completed":139,"hal_peak":6208,"peak_within_bounded":true,"admitted_budget_bytes":6208,"peak_within_admitted_budget":true,"admission_mode":"conditional_map","hal_bytes_per_call_amortized":3666.4,"process_rss_kb":7012,"process_rss_delta_init_kb":604,"max_active_calls":1,"active_calls_now":0,"call_counter_balanced":true}
EVS Port1 1980-012-14:27:29.00619 66/1/CFE_TIME 21: Stop FLYWHEEL
EVS Port1 1980-012-14:27:29.99404 66/1/CFE_TIME 20: Start FLYWHEEL
.EVS Port1 1980-012-14:27:32.75837 66/1/AI_LEARNER 4: AI_LEARNER completed=140/140 mean=24879.5us max=97261.7us hal_peak=6208 within_bounded=1
{"app":"AI_LEARNER","stage":"run","model":"b3_deepae","target":"aarch64-unknown-linux-gnu","attempted":140,"completed":140,"fail_input":0,"fail_invoke":0,"fail_output":0,"mean_us":24879.49,"max_us":97261.71,"last_us":18983.79,"out0":-34.89132,"out_elems":640,"out_sha256":"7763b1b4e316064ecc3a1eec43afdc04dbae44f8c1f789188132c9d6c8250412","out_head":[-34.891319,-19.254387,-10.698231,-6.055479,-3.156272,1.490048],"out_tail":[-19.599941,-18.188206,-18.764072,-20.379299,-29.050501,-42.499268],"out_full_file":"/cf/last_out.json","out_full_file_bytes":7046,"out_full_file_reason":"ok","out_record_truncates":false}
{"app":"AI_LEARNER","stage":"mem","model":"b3_deepae","target":"aarch64-unknown-linux-gnu","completed":140,"hal_peak":6208,"peak_within_bounded":true,"admitted_budget_bytes":6208,"peak_within_admitted_budget":true,"admission_mode":"conditional_map","hal_bytes_per_call_amortized":3666.3,"process_rss_kb":7012,"process_rss_delta_init_kb":604,"max_active_calls":1,"active_calls_now":0,"call_counter_balanced":true}
EVS Port1 1980-012-14:27:36.75892 66/1/AI_LEARNER 4: AI_LEARNER completed=141/141 mean=24859.5us max=97261.7us hal_peak=6208 within_bounded=1
{"app":"AI_LEARNER","stage":"run","model":"b3_deepae","target":"aarch64-unknown-linux-gnu","attempted":141,"completed":141,"fail_input":0,"fail_invoke":0,"fail_output":0,"mean_us":24859.54,"max_us":97261.71,"last_us":22067.26,"out0":-34.89132,"out_elems":640,"out_sha256":"7763b1b4e316064ecc3a1eec43afdc04dbae44f8c1f789188132c9d6c8250412","out_head":[-34.891319,-19.254387,-10.698231,-6.055479,-3.156272,1.490048],"out_tail":[-19.599941,-18.188206,-18.764072,-20.379299,-29.050501,-42.499268],"out_full_file":"/cf/last_out.json","out_full_file_bytes":7046,"out_full_file_reason":"ok","out_record_truncates":false}
{"app":"AI_LEARNER","stage":"mem","model":"b3_deepae","target":"aarch64-unknown-linux-gnu","completed":141,"hal_peak":6208,"peak_within_bounded":true,"admitted_budget_bytes":6208,"peak_within_admitted_budget":true,"admission_mode":"conditional_map","hal_bytes_per_call_amortized":3666.2,"process_rss_kb":7012,"process_rss_delta_init_kb":604,"max_active_calls":1,"active_calls_now":0,"call_counter_balanced":true}
.EVS Port1 1980-012-14:27:40.75846 66/1/AI_LEARNER 4: AI_LEARNER completed=142/142 mean=24843.1us max=97261.7us hal_peak=6208 within_bounded=1
{"app":"AI_LEARNER","stage":"run","model":"b3_deepae","target":"aarch64-unknown-linux-gnu","attempted":142,"completed":142,"fail_input":0,"fail_invoke":0,"fail_output":0,"mean_us":24843.13,"max_us":97261.71,"last_us":22529.04,"out0":-34.89132,"out_elems":640,"out_sha256":"7763b1b4e316064ecc3a1eec43afdc04dbae44f8c1f789188132c9d6c8250412","out_head":[-34.891319,-19.254387,-10.698231,-6.055479,-3.156272,1.490048],"out_tail":[-19.599941,-18.188206,-18.764072,-20.379299,-29.050501,-42.499268],"out_full_file":"/cf/last_out.json","out_full_file_bytes":7046,"out_full_file_reason":"ok","out_record_truncates":false}
{"app":"AI_LEARNER","stage":"mem","model":"b3_deepae","target":"aarch64-unknown-linux-gnu","completed":142,"hal_peak":6208,"peak_within_bounded":true,"admitted_budget_bytes":6208,"peak_within_admitted_budget":true,"admission_mode":"conditional_map","hal_bytes_per_call_amortized":3666.0,"process_rss_kb":7012,"process_rss_delta_init_kb":604,"max_active_calls":1,"active_calls_now":0,"call_counter_balanced":true}
.EVS Port1 1980-012-14:27:44.74443 66/1/AI_LEARNER 4: AI_LEARNER completed=143/143 mean=24782.8us max=97261.7us hal_peak=6208 within_bounded=1
{"app":"AI_LEARNER","stage":"run","model":"b3_deepae","target":"aarch64-unknown-linux-gnu","attempted":143,"completed":143,"fail_input":0,"fail_invoke":0,"fail_output":0,"mean_us":24782.76,"max_us":97261.71,"last_us":16210.14,"out0":-34.89132,"out_elems":640,"out_sha256":"7763b1b4e316064ecc3a1eec43afdc04dbae44f8c1f789188132c9d6c8250412","out_head":[-34.891319,-19.254387,-10.698231,-6.055479,-3.156272,1.490048],"out_tail":[-19.599941,-18.188206,-18.764072,-20.379299,-29.050501,-42.499268],"out_full_file":"/cf/last_out.json","out_full_file_bytes":7046,"out_full_file_reason":"ok","out_record_truncates":false}
{"app":"AI_LEARNER","stage":"mem","model":"b3_deepae","target":"aarch64-unknown-linux-gnu","completed":143,"hal_peak":6208,"peak_within_bounded":true,"admitted_budget_bytes":6208,"peak_within_admitted_budget":true,"admission_mode":"conditional_map","hal_bytes_per_call_amortized":3665.9,"process_rss_kb":7012,"process_rss_delta_init_kb":604,"max_active_calls":1,"active_calls_now":0,"call_counter_balanced":true}
EVS Port1 1980-012-14:27:48.74620 66/1/AI_LEARNER 4: AI_LEARNER completed=144/144 mean=24728.9us max=97261.7us hal_peak=6208 within_bounded=1
{"app":"AI_LEARNER","stage":"run","model":"b3_deepae","target":"aarch64-unknown-linux-gnu","attempted":144,"completed":144,"fail_input":0,"fail_invoke":0,"fail_output":0,"mean_us":24728.93,"max_us":97261.71,"last_us":17030.46,"out0":-34.89132,"out_elems":640,"out_sha256":"7763b1b4e316064ecc3a1eec43afdc04dbae44f8c1f789188132c9d6c8250412","out_head":[-34.891319,-19.254387,-10.698231,-6.055479,-3.156272,1.490048],"out_tail":[-19.599941,-18.188206,-18.764072,-20.379299,-29.050501,-42.499268],"out_full_file":"/cf/last_out.json","out_full_file_bytes":7046,"out_full_file_reason":"ok","out_record_truncates":false}
{"app":"AI_LEARNER","stage":"mem","model":"b3_deepae","target":"aarch64-unknown-linux-gnu","completed":144,"hal_peak":6208,"peak_within_bounded":true,"admitted_budget_bytes":6208,"peak_within_admitted_budget":true,"admission_mode":"conditional_map","hal_bytes_per_call_amortized":3665.8,"process_rss_kb":7012,"process_rss_delta_init_kb":604,"max_active_calls":1,"active_calls_now":0,"call_counter_balanced":true}
.EVS Port1 1980-012-14:27:52.78106 66/1/AI_LEARNER 4: AI_LEARNER completed=145/145 mean=24778.4us max=97261.7us hal_peak=6208 within_bounded=1
{"app":"AI_LEARNER","stage":"run","model":"b3_deepae","target":"aarch64-unknown-linux-gnu","attempted":145,"completed":145,"fail_input":0,"fail_invoke":0,"fail_output":0,"mean_us":24778.37,"max_us":97261.71,"last_us":31898.45,"out0":-34.89132,"out_elems":640,"out_sha256":"7763b1b4e316064ecc3a1eec43afdc04dbae44f8c1f789188132c9d6c8250412","out_head":[-34.891319,-19.254387,-10.698231,-6.055479,-3.156272,1.490048],"out_tail":[-19.599941,-18.188206,-18.764072,-20.379299,-29.050501,-42.499268],"out_full_file":"/cf/last_out.json","out_full_file_bytes":7046,"out_full_file_reason":"ok","out_record_truncates":false}
{"app":"AI_LEARNER","stage":"mem","model":"b3_deepae","target":"aarch64-unknown-linux-gnu","completed":145,"hal_peak":6208,"peak_within_bounded":true,"admitted_budget_bytes":6208,"peak_within_admitted_budget":true,"admission_mode":"conditional_map","hal_bytes_per_call_amortized":3665.7,"process_rss_kb":7012,"process_rss_delta_init_kb":604,"max_active_calls":1,"active_calls_now":0,"call_counter_balanced":true}
.EVS Port1 1980-012-14:27:56.77575 66/1/AI_LEARNER 4: AI_LEARNER completed=146/146 mean=24758.2us max=97261.7us hal_peak=6208 within_bounded=1
{"app":"AI_LEARNER","stage":"run","model":"b3_deepae","target":"aarch64-unknown-linux-gnu","attempted":146,"completed":146,"fail_input":0,"fail_invoke":0,"fail_output":0,"mean_us":24758.20,"max_us":97261.71,"last_us":21833.34,"out0":-34.89132,"out_elems":640,"out_sha256":"7763b1b4e316064ecc3a1eec43afdc04dbae44f8c1f789188132c9d6c8250412","out_head":[-34.891319,-19.254387,-10.698231,-6.055479,-3.156272,1.490048],"out_tail":[-19.599941,-18.188206,-18.764072,-20.379299,-29.050501,-42.499268],"out_full_file":"/cf/last_out.json","out_full_file_bytes":7046,"out_full_file_reason":"ok","out_record_truncates":false}
{"app":"AI_LEARNER","stage":"mem","model":"b3_deepae","target":"aarch64-unknown-linux-gnu","completed":146,"hal_peak":6208,"peak_within_bounded":true,"admitted_budget_bytes":6208,"peak_within_admitted_budget":true,"admission_mode":"conditional_map","hal_bytes_per_call_amortized":3665.5,"process_rss_kb":7012,"process_rss_delta_init_kb":604,"max_active_calls":1,"active_calls_now":0,"call_counter_balanced":true}
EVS Port1 1980-012-14:28:00.76553 66/1/AI_LEARNER 4: AI_LEARNER completed=147/147 mean=24818.1us max=97261.7us hal_peak=6208 within_bounded=1
{"app":"AI_LEARNER","stage":"run","model":"b3_deepae","target":"aarch64-unknown-linux-gnu","attempted":147,"completed":147,"fail_input":0,"fail_invoke":0,"fail_output":0,"mean_us":24818.15,"max_us":97261.71,"last_us":33570.86,"out0":-34.89132,"out_elems":640,"out_sha256":"7763b1b4e316064ecc3a1eec43afdc04dbae44f8c1f789188132c9d6c8250412","out_head":[-34.891319,-19.254387,-10.698231,-6.055479,-3.156272,1.490048],"out_tail":[-19.599941,-18.188206,-18.764072,-20.379299,-29.050501,-42.499268],"out_full_file":"/cf/last_out.json","out_full_file_bytes":7046,"out_full_file_reason":"ok","out_record_truncates":false}
{"app":"AI_LEARNER","stage":"mem","model":"b3_deepae","target":"aarch64-unknown-linux-gnu","completed":147,"hal_peak":6208,"peak_within_bounded":true,"admitted_budget_bytes":6208,"peak_within_admitted_budget":true,"admission_mode":"conditional_map","hal_bytes_per_call_amortized":3665.4,"process_rss_kb":7012,"process_rss_delta_init_kb":604,"max_active_calls":1,"active_calls_now":0,"call_counter_balanced":true}
.EVS Port1 1980-012-14:28:04.74052 66/1/AI_LEARNER 4: AI_LEARNER completed=148/148 mean=24757.3us max=97261.7us hal_peak=6208 within_bounded=1
{"app":"AI_LEARNER","stage":"run","model":"b3_deepae","target":"aarch64-unknown-linux-gnu","attempted":148,"completed":148,"fail_input":0,"fail_invoke":0,"fail_output":0,"mean_us":24757.33,"max_us":97261.71,"last_us":15816.77,"out0":-34.89132,"out_elems":640,"out_sha256":"7763b1b4e316064ecc3a1eec43afdc04dbae44f8c1f789188132c9d6c8250412","out_head":[-34.891319,-19.254387,-10.698231,-6.055479,-3.156272,1.490048],"out_tail":[-19.599941,-18.188206,-18.764072,-20.379299,-29.050501,-42.499268],"out_full_file":"/cf/last_out.json","out_full_file_bytes":7046,"out_full_file_reason":"ok","out_record_truncates":false}
{"app":"AI_LEARNER","stage":"mem","model":"b3_deepae","target":"aarch64-unknown-linux-gnu","completed":148,"hal_peak":6208,"peak_within_bounded":true,"admitted_budget_bytes":6208,"peak_within_admitted_budget":true,"admission_mode":"conditional_map","hal_bytes_per_call_amortized":3665.3,"process_rss_kb":7012,"process_rss_delta_init_kb":604,"max_active_calls":1,"active_calls_now":0,"call_counter_balanced":true}
.EVS Port1 1980-012-14:28:08.75332 66/1/AI_LEARNER 4: AI_LEARNER completed=149/149 mean=24693.6us max=97261.7us hal_peak=6208 within_bounded=1
{"app":"AI_LEARNER","stage":"run","model":"b3_deepae","target":"aarch64-unknown-linux-gnu","attempted":149,"completed":149,"fail_input":0,"fail_invoke":0,"fail_output":0,"mean_us":24693.62,"max_us":97261.71,"last_us":15264.14,"out0":-34.89132,"out_elems":640,"out_sha256":"7763b1b4e316064ecc3a1eec43afdc04dbae44f8c1f789188132c9d6c8250412","out_head":[-34.891319,-19.254387,-10.698231,-6.055479,-3.156272,1.490048],"out_tail":[-19.599941,-18.188206,-18.764072,-20.379299,-29.050501,-42.499268],"out_full_file":"/cf/last_out.json","out_full_file_bytes":7046,"out_full_file_reason":"ok","out_record_truncates":false}
{"app":"AI_LEARNER","stage":"mem","model":"b3_deepae","target":"aarch64-unknown-linux-gnu","completed":149,"hal_peak":6208,"peak_within_bounded":true,"admitted_budget_bytes":6208,"peak_within_admitted_budget":true,"admission_mode":"conditional_map","hal_bytes_per_call_amortized":3665.2,"process_rss_kb":7012,"process_rss_delta_init_kb":604,"max_active_calls":1,"active_calls_now":0,"call_counter_balanced":true}
EVS Port1 1980-012-14:28:12.79698 66/1/AI_LEARNER 4: AI_LEARNER completed=150/150 mean=24713.1us max=97261.7us hal_peak=6208 within_bounded=1
{"app":"AI_LEARNER","stage":"run","model":"b3_deepae","target":"aarch64-unknown-linux-gnu","attempted":150,"completed":150,"fail_input":0,"fail_invoke":0,"fail_output":0,"mean_us":24713.06,"max_us":97261.71,"last_us":27610.38,"out0":-34.89132,"out_elems":640,"out_sha256":"7763b1b4e316064ecc3a1eec43afdc04dbae44f8c1f789188132c9d6c8250412","out_head":[-34.891319,-19.254387,-10.698231,-6.055479,-3.156272,1.490048],"out_tail":[-19.599941,-18.188206,-18.764072,-20.379299,-29.050501,-42.499268],"out_full_file":"/cf/last_out.json","out_full_file_bytes":7046,"out_full_file_reason":"ok","out_record_truncates":false}
{"app":"AI_LEARNER","stage":"mem","model":"b3_deepae","target":"aarch64-unknown-linux-gnu","completed":150,"hal_peak":6208,"peak_within_bounded":true,"admitted_budget_bytes":6208,"peak_within_admitted_budget":true,"admission_mode":"conditional_map","hal_bytes_per_call_amortized":3665.1,"process_rss_kb":7012,"process_rss_delta_init_kb":604,"max_active_calls":1,"active_calls_now":0,"call_counter_balanced":true}
.EVS Port1 1980-012-14:28:16.74295 66/1/AI_LEARNER 4: AI_LEARNER completed=151/151 mean=24640.9us max=97261.7us hal_peak=6208 within_bounded=1
{"app":"AI_LEARNER","stage":"run","model":"b3_deepae","target":"aarch64-unknown-linux-gnu","attempted":151,"completed":151,"fail_input":0,"fail_invoke":0,"fail_output":0,"mean_us":24640.91,"max_us":97261.71,"last_us":13817.41,"out0":-34.89132,"out_elems":640,"out_sha256":"7763b1b4e316064ecc3a1eec43afdc04dbae44f8c1f789188132c9d6c8250412","out_head":[-34.891319,-19.254387,-10.698231,-6.055479,-3.156272,1.490048],"out_tail":[-19.599941,-18.188206,-18.764072,-20.379299,-29.050501,-42.499268],"out_full_file":"/cf/last_out.json","out_full_file_bytes":7046,"out_full_file_reason":"ok","out_record_truncates":false}
{"app":"AI_LEARNER","stage":"mem","model":"b3_deepae","target":"aarch64-unknown-linux-gnu","completed":151,"hal_peak":6208,"peak_within_bounded":true,"admitted_budget_bytes":6208,"peak_within_admitted_budget":true,"admission_mode":"conditional_map","hal_bytes_per_call_amortized":3665.0,"process_rss_kb":7012,"process_rss_delta_init_kb":604,"max_active_calls":1,"active_calls_now":0,"call_counter_balanced":true}
.EVS Port1 1980-012-14:28:20.78112 66/1/AI_LEARNER 4: AI_LEARNER completed=152/152 mean=24730.7us max=97261.7us hal_peak=6208 within_bounded=1
{"app":"AI_LEARNER","stage":"run","model":"b3_deepae","target":"aarch64-unknown-linux-gnu","attempted":152,"completed":152,"fail_input":0,"fail_invoke":0,"fail_output":0,"mean_us":24730.71,"max_us":97261.71,"last_us":38291.28,"out0":-34.89132,"out_elems":640,"out_sha256":"7763b1b4e316064ecc3a1eec43afdc04dbae44f8c1f789188132c9d6c8250412","out_head":[-34.891319,-19.254387,-10.698231,-6.055479,-3.156272,1.490048],"out_tail":[-19.599941,-18.188206,-18.764072,-20.379299,-29.050501,-42.499268],"out_full_file":"/cf/last_out.json","out_full_file_bytes":7046,"out_full_file_reason":"ok","out_record_truncates":false}
{"app":"AI_LEARNER","stage":"mem","model":"b3_deepae","target":"aarch64-unknown-linux-gnu","completed":152,"hal_peak":6208,"peak_within_bounded":true,"admitted_budget_bytes":6208,"peak_within_admitted_budget":true,"admission_mode":"conditional_map","hal_bytes_per_call_amortized":3664.8,"process_rss_kb":7012,"process_rss_delta_init_kb":604,"max_active_calls":1,"active_calls_now":0,"call_counter_balanced":true}
EVS Port1 1980-012-14:28:24.77268 66/1/AI_LEARNER 4: AI_LEARNER completed=153/153 mean=24768.0us max=97261.7us hal_peak=6208 within_bounded=1
{"app":"AI_LEARNER","stage":"run","model":"b3_deepae","target":"aarch64-unknown-linux-gnu","attempted":153,"completed":153,"fail_input":0,"fail_invoke":0,"fail_output":0,"mean_us":24767.97,"max_us":97261.71,"last_us":30431.62,"out0":-34.89132,"out_elems":640,"out_sha256":"7763b1b4e316064ecc3a1eec43afdc04dbae44f8c1f789188132c9d6c8250412","out_head":[-34.891319,-19.254387,-10.698231,-6.055479,-3.156272,1.490048],"out_tail":[-19.599941,-18.188206,-18.764072,-20.379299,-29.050501,-42.499268],"out_full_file":"/cf/last_out.json","out_full_file_bytes":7046,"out_full_file_reason":"ok","out_record_truncates":false}
{"app":"AI_LEARNER","stage":"mem","model":"b3_deepae","target":"aarch64-unknown-linux-gnu","completed":153,"hal_peak":6208,"peak_within_bounded":true,"admitted_budget_bytes":6208,"peak_within_admitted_budget":true,"admission_mode":"conditional_map","hal_bytes_per_call_amortized":3664.7,"process_rss_kb":7012,"process_rss_delta_init_kb":604,"max_active_calls":1,"active_calls_now":0,"call_counter_balanced":true}
.EVS Port1 1980-012-14:28:28.77326 66/1/AI_LEARNER 4: AI_LEARNER completed=154/154 mean=24823.2us max=97261.7us hal_peak=6208 within_bounded=1
{"app":"AI_LEARNER","stage":"run","model":"b3_deepae","target":"aarch64-unknown-linux-gnu","attempted":154,"completed":154,"fail_input":0,"fail_invoke":0,"fail_output":0,"mean_us":24823.22,"max_us":97261.71,"last_us":33276.02,"out0":-34.89132,"out_elems":640,"out_sha256":"7763b1b4e316064ecc3a1eec43afdc04dbae44f8c1f789188132c9d6c8250412","out_head":[-34.891319,-19.254387,-10.698231,-6.055479,-3.156272,1.490048],"out_tail":[-19.599941,-18.188206,-18.764072,-20.379299,-29.050501,-42.499268],"out_full_file":"/cf/last_out.json","out_full_file_bytes":7046,"out_full_file_reason":"ok","out_record_truncates":false}
{"app":"AI_LEARNER","stage":"mem","model":"b3_deepae","target":"aarch64-unknown-linux-gnu","completed":154,"hal_peak":6208,"peak_within_bounded":true,"admitted_budget_bytes":6208,"peak_within_admitted_budget":true,"admission_mode":"conditional_map","hal_bytes_per_call_amortized":3664.6,"process_rss_kb":7012,"process_rss_delta_init_kb":604,"max_active_calls":1,"active_calls_now":0,"call_counter_balanced":true}
EVS Port1 1980-012-14:28:32.77584 66/1/AI_LEARNER 4: AI_LEARNER completed=155/155 mean=24851.9us max=97261.7us hal_peak=6208 within_bounded=1
.{"app":"AI_LEARNER","stage":"run","model":"b3_deepae","target":"aarch64-unknown-linux-gnu","attempted":155,"completed":155,"fail_input":0,"fail_invoke":0,"fail_output":0,"mean_us":24851.93,"max_us":97261.71,"last_us":29272.77,"out0":-34.89132,"out_elems":640,"out_sha256":"7763b1b4e316064ecc3a1eec43afdc04dbae44f8c1f789188132c9d6c8250412","out_head":[-34.891319,-19.254387,-10.698231,-6.055479,-3.156272,1.490048],"out_tail":[-19.599941,-18.188206,-18.764072,-20.379299,-29.050501,-42.499268],"out_full_file":"/cf/last_out.json","out_full_file_bytes":7046,"out_full_file_reason":"ok","out_record_truncates":false}
{"app":"AI_LEARNER","stage":"mem","model":"b3_deepae","target":"aarch64-unknown-linux-gnu","completed":155,"hal_peak":6208,"peak_within_bounded":true,"admitted_budget_bytes":6208,"peak_within_admitted_budget":true,"admission_mode":"conditional_map","hal_bytes_per_call_amortized":3664.5,"process_rss_kb":7012,"process_rss_delta_init_kb":604,"max_active_calls":1,"active_calls_now":0,"call_counter_balanced":true}
EVS Port1 1980-012-14:28:36.75738 66/1/AI_LEARNER 4: AI_LEARNER completed=156/156 mean=24878.9us max=97261.7us hal_peak=6208 within_bounded=1
{"app":"AI_LEARNER","stage":"run","model":"b3_deepae","target":"aarch64-unknown-linux-gnu","attempted":156,"completed":156,"fail_input":0,"fail_invoke":0,"fail_output":0,"mean_us":24878.87,"max_us":97261.71,"last_us":29054.54,"out0":-34.89132,"out_elems":640,"out_sha256":"7763b1b4e316064ecc3a1eec43afdc04dbae44f8c1f789188132c9d6c8250412","out_head":[-34.891319,-19.254387,-10.698231,-6.055479,-3.156272,1.490048],"out_tail":[-19.599941,-18.188206,-18.764072,-20.379299,-29.050501,-42.499268],"out_full_file":"/cf/last_out.json","out_full_file_bytes":7046,"out_full_file_reason":"ok","out_record_truncates":false}
{"app":"AI_LEARNER","stage":"mem","model":"b3_deepae","target":"aarch64-unknown-linux-gnu","completed":156,"hal_peak":6208,"peak_within_bounded":true,"admitted_budget_bytes":6208,"peak_within_admitted_budget":true,"admission_mode":"conditional_map","hal_bytes_per_call_amortized":3664.4,"process_rss_kb":7012,"process_rss_delta_init_kb":604,"max_active_calls":1,"active_calls_now":0,"call_counter_balanced":true}
.EVS Port1 1980-012-14:28:40.76325 66/1/AI_LEARNER 4: AI_LEARNER completed=157/157 mean=24886.0us max=97261.7us hal_peak=6208 within_bounded=1
{"app":"AI_LEARNER","stage":"run","model":"b3_deepae","target":"aarch64-unknown-linux-gnu","attempted":157,"completed":157,"fail_input":0,"fail_invoke":0,"fail_output":0,"mean_us":24885.99,"max_us":97261.71,"last_us":25998.05,"out0":-34.89132,"out_elems":640,"out_sha256":"7763b1b4e316064ecc3a1eec43afdc04dbae44f8c1f789188132c9d6c8250412","out_head":[-34.891319,-19.254387,-10.698231,-6.055479,-3.156272,1.490048],"out_tail":[-19.599941,-18.188206,-18.764072,-20.379299,-29.050501,-42.499268],"out_full_file":"/cf/last_out.json","out_full_file_bytes":7046,"out_full_file_reason":"ok","out_record_truncates":false}
{"app":"AI_LEARNER","stage":"mem","model":"b3_deepae","target":"aarch64-unknown-linux-gnu","completed":157,"hal_peak":6208,"peak_within_bounded":true,"admitted_budget_bytes":6208,"peak_within_admitted_budget":true,"admission_mode":"conditional_map","hal_bytes_per_call_amortized":3664.3,"process_rss_kb":7012,"process_rss_delta_init_kb":604,"max_active_calls":1,"active_calls_now":0,"call_counter_balanced":true}
EVS Port1 1980-012-14:28:44.77903 66/1/AI_LEARNER 4: AI_LEARNER completed=158/158 mean=24817.1us max=97261.7us hal_peak=6208 within_bounded=1
{"app":"AI_LEARNER","stage":"run","model":"b3_deepae","target":"aarch64-unknown-linux-gnu","attempted":158,"completed":158,"fail_input":0,"fail_invoke":0,"fail_output":0,"mean_us":24817.09,"max_us":97261.71,"last_us":13999.07,"out0":-34.89132,"out_elems":640,"out_sha256":"7763b1b4e316064ecc3a1eec43afdc04dbae44f8c1f789188132c9d6c8250412","out_head":[-34.891319,-19.254387,-10.698231,-6.055479,-3.156272,1.490048],"out_tail":[-19.599941,-18.188206,-18.764072,-20.379299,-29.050501,-42.499268],"out_full_file":"/cf/last_out.json","out_full_file_bytes":7046,"out_full_file_reason":"ok","out_record_truncates":false}
{"app":"AI_LEARNER","stage":"mem","model":"b3_deepae","target":"aarch64-unknown-linux-gnu","completed":158,"hal_peak":6208,"peak_within_bounded":true,"admitted_budget_bytes":6208,"peak_within_admitted_budget":true,"admission_mode":"conditional_map","hal_bytes_per_call_amortized":3664.2,"process_rss_kb":7012,"process_rss_delta_init_kb":604,"max_active_calls":1,"active_calls_now":0,"call_counter_balanced":true}
.EVS Port1 1980-012-14:28:46.03608 66/1/CFE_TIME 20: Start FLYWHEEL
EVS Port1 1980-012-14:28:46.00543 66/1/CFE_TIME 21: Stop FLYWHEEL
EVS Port1 1980-012-14:28:48.75167 66/1/AI_LEARNER 4: AI_LEARNER completed=159/159 mean=24756.9us max=97261.7us hal_peak=6208 within_bounded=1
{"app":"AI_LEARNER","stage":"run","model":"b3_deepae","target":"aarch64-unknown-linux-gnu","attempted":159,"completed":159,"fail_input":0,"fail_invoke":0,"fail_output":0,"mean_us":24756.87,"max_us":97261.71,"last_us":15242.32,"out0":-34.89132,"out_elems":640,"out_sha256":"7763b1b4e316064ecc3a1eec43afdc04dbae44f8c1f789188132c9d6c8250412","out_head":[-34.891319,-19.254387,-10.698231,-6.055479,-3.156272,1.490048],"out_tail":[-19.599941,-18.188206,-18.764072,-20.379299,-29.050501,-42.499268],"out_full_file":"/cf/last_out.json","out_full_file_bytes":7046,"out_full_file_reason":"ok","out_record_truncates":false}
{"app":"AI_LEARNER","stage":"mem","model":"b3_deepae","target":"aarch64-unknown-linux-gnu","completed":159,"hal_peak":6208,"peak_within_bounded":true,"admitted_budget_bytes":6208,"peak_within_admitted_budget":true,"admission_mode":"conditional_map","hal_bytes_per_call_amortized":3664.1,"process_rss_kb":7012,"process_rss_delta_init_kb":604,"max_active_calls":1,"active_calls_now":0,"call_counter_balanced":true}
.EVS Port1 1980-012-14:28:52.77079 66/1/AI_LEARNER 4: AI_LEARNER completed=160/160 mean=24841.2us max=97261.7us hal_peak=6208 within_bounded=1
{"app":"AI_LEARNER","stage":"run","model":"b3_deepae","target":"aarch64-unknown-linux-gnu","attempted":160,"completed":160,"fail_input":0,"fail_invoke":0,"fail_output":0,"mean_us":24841.16,"max_us":97261.71,"last_us":38242.70,"out0":-34.89132,"out_elems":640,"out_sha256":"7763b1b4e316064ecc3a1eec43afdc04dbae44f8c1f789188132c9d6c8250412","out_head":[-34.891319,-19.254387,-10.698231,-6.055479,-3.156272,1.490048],"out_tail":[-19.599941,-18.188206,-18.764072,-20.379299,-29.050501,-42.499268],"out_full_file":"/cf/last_out.json","out_full_file_bytes":7046,"out_full_file_reason":"ok","out_record_truncates":false}
{"app":"AI_LEARNER","stage":"mem","model":"b3_deepae","target":"aarch64-unknown-linux-gnu","completed":160,"hal_peak":6208,"peak_within_bounded":true,"admitted_budget_bytes":6208,"peak_within_admitted_budget":true,"admission_mode":"conditional_map","hal_bytes_per_call_amortized":3664.0,"process_rss_kb":7012,"process_rss_delta_init_kb":604,"max_active_calls":1,"active_calls_now":0,"call_counter_balanced":true}
EVS Port1 1980-012-14:28:56.81719 66/1/AI_LEARNER 4: AI_LEARNER completed=161/161 mean=24999.6us max=97261.7us hal_peak=6208 within_bounded=1
.{"app":"AI_LEARNER","stage":"run","model":"b3_deepae","target":"aarch64-unknown-linux-gnu","attempted":161,"completed":161,"fail_input":0,"fail_invoke":0,"fail_output":0,"mean_us":24999.58,"max_us":97261.71,"last_us":50347.20,"out0":-34.89132,"out_elems":640,"out_sha256":"7763b1b4e316064ecc3a1eec43afdc04dbae44f8c1f789188132c9d6c8250412","out_head":[-34.891319,-19.254387,-10.698231,-6.055479,-3.156272,1.490048],"out_tail":[-19.599941,-18.188206,-18.764072,-20.379299,-29.050501,-42.499268],"out_full_file":"/cf/last_out.json","out_full_file_bytes":7046,"out_full_file_reason":"ok","out_record_truncates":false}
{"app":"AI_LEARNER","stage":"mem","model":"b3_deepae","target":"aarch64-unknown-linux-gnu","completed":161,"hal_peak":6208,"peak_within_bounded":true,"admitted_budget_bytes":6208,"peak_within_admitted_budget":true,"admission_mode":"conditional_map","hal_bytes_per_call_amortized":3663.9,"process_rss_kb":7012,"process_rss_delta_init_kb":604,"max_active_calls":1,"active_calls_now":0,"call_counter_balanced":true}
EVS Port1 1980-012-14:29:00.78208 66/1/AI_LEARNER 4: AI_LEARNER completed=162/162 mean=24982.8us max=97261.7us hal_peak=6208 within_bounded=1
{"app":"AI_LEARNER","stage":"run","model":"b3_deepae","target":"aarch64-unknown-linux-gnu","attempted":162,"completed":162,"fail_input":0,"fail_invoke":0,"fail_output":0,"mean_us":24982.76,"max_us":97261.71,"last_us":22275.36,"out0":-34.89132,"out_elems":640,"out_sha256":"7763b1b4e316064ecc3a1eec43afdc04dbae44f8c1f789188132c9d6c8250412","out_head":[-34.891319,-19.254387,-10.698231,-6.055479,-3.156272,1.490048],"out_tail":[-19.599941,-18.188206,-18.764072,-20.379299,-29.050501,-42.499268],"out_full_file":"/cf/last_out.json","out_full_file_bytes":7046,"out_full_file_reason":"ok","out_record_truncates":false}
{"app":"AI_LEARNER","stage":"mem","model":"b3_deepae","target":"aarch64-unknown-linux-gnu","completed":162,"hal_peak":6208,"peak_within_bounded":true,"admitted_budget_bytes":6208,"peak_within_admitted_budget":true,"admission_mode":"conditional_map","hal_bytes_per_call_amortized":3663.8,"process_rss_kb":7012,"process_rss_delta_init_kb":604,"max_active_calls":1,"active_calls_now":0,"call_counter_balanced":true}
.EVS Port1 1980-012-14:29:04.76957 66/1/AI_LEARNER 4: AI_LEARNER completed=163/163 mean=24935.2us max=97261.7us hal_peak=6208 within_bounded=1
{"app":"AI_LEARNER","stage":"run","model":"b3_deepae","target":"aarch64-unknown-linux-gnu","attempted":163,"completed":163,"fail_input":0,"fail_invoke":0,"fail_output":0,"mean_us":24935.21,"max_us":97261.71,"last_us":17230.85,"out0":-34.89132,"out_elems":640,"out_sha256":"7763b1b4e316064ecc3a1eec43afdc04dbae44f8c1f789188132c9d6c8250412","out_head":[-34.891319,-19.254387,-10.698231,-6.055479,-3.156272,1.490048],"out_tail":[-19.599941,-18.188206,-18.764072,-20.379299,-29.050501,-42.499268],"out_full_file":"/cf/last_out.json","out_full_file_bytes":7046,"out_full_file_reason":"ok","out_record_truncates":false}
{"app":"AI_LEARNER","stage":"mem","model":"b3_deepae","target":"aarch64-unknown-linux-gnu","completed":163,"hal_peak":6208,"peak_within_bounded":true,"admitted_budget_bytes":6208,"peak_within_admitted_budget":true,"admission_mode":"conditional_map","hal_bytes_per_call_amortized":3663.7,"process_rss_kb":7012,"process_rss_delta_init_kb":604,"max_active_calls":1,"active_calls_now":0,"call_counter_balanced":true}
EVS Port1 1980-012-14:29:08.75805 66/1/AI_LEARNER 4: AI_LEARNER completed=164/164 mean=24895.3us max=97261.7us hal_peak=6208 within_bounded=1
{"app":"AI_LEARNER","stage":"run","model":"b3_deepae","target":"aarch64-unknown-linux-gnu","attempted":164,"completed":164,"fail_input":0,"fail_invoke":0,"fail_output":0,"mean_us":24895.30,"max_us":97261.71,"last_us":18391.38,"out0":-34.89132,"out_elems":640,"out_sha256":"7763b1b4e316064ecc3a1eec43afdc04dbae44f8c1f789188132c9d6c8250412","out_head":[-34.891319,-19.254387,-10.698231,-6.055479,-3.156272,1.490048],"out_tail":[-19.599941,-18.188206,-18.764072,-20.379299,-29.050501,-42.499268],"out_full_file":"/cf/last_out.json","out_full_file_bytes":7046,"out_full_file_reason":"ok","out_record_truncates":false}
{"app":"AI_LEARNER","stage":"mem","model":"b3_deepae","target":"aarch64-unknown-linux-gnu","completed":164,"hal_peak":6208,"peak_within_bounded":true,"admitted_budget_bytes":6208,"peak_within_admitted_budget":true,"admission_mode":"conditional_map","hal_bytes_per_call_amortized":3663.6,"process_rss_kb":7012,"process_rss_delta_init_kb":604,"max_active_calls":1,"active_calls_now":0,"call_counter_balanced":true}
.EVS Port1 1980-012-14:29:12.81196 66/1/AI_LEARNER 4: AI_LEARNER completed=165/165 mean=25054.3us max=97261.7us hal_peak=6208 within_bounded=1
{"app":"AI_LEARNER","stage":"run","model":"b3_deepae","target":"aarch64-unknown-linux-gnu","attempted":165,"completed":165,"fail_input":0,"fail_invoke":0,"fail_output":0,"mean_us":25054.31,"max_us":97261.71,"last_us":51131.65,"out0":-34.89132,"out_elems":640,"out_sha256":"7763b1b4e316064ecc3a1eec43afdc04dbae44f8c1f789188132c9d6c8250412","out_head":[-34.891319,-19.254387,-10.698231,-6.055479,-3.156272,1.490048],"out_tail":[-19.599941,-18.188206,-18.764072,-20.379299,-29.050501,-42.499268],"out_full_file":"/cf/last_out.json","out_full_file_bytes":7046,"out_full_file_reason":"ok","out_record_truncates":false}
{"app":"AI_LEARNER","stage":"mem","model":"b3_deepae","target":"aarch64-unknown-linux-gnu","completed":165,"hal_peak":6208,"peak_within_bounded":true,"admitted_budget_bytes":6208,"peak_within_admitted_budget":true,"admission_mode":"conditional_map","hal_bytes_per_call_amortized":3663.5,"process_rss_kb":7012,"process_rss_delta_init_kb":604,"max_active_calls":1,"active_calls_now":0,"call_counter_balanced":true}
.EVS Port1 1980-012-14:29:16.74229 66/1/AI_LEARNER 4: AI_LEARNER completed=166/166 mean=24974.8us max=97261.7us hal_peak=6208 within_bounded=1
{"app":"AI_LEARNER","stage":"run","model":"b3_deepae","target":"aarch64-unknown-linux-gnu","attempted":166,"completed":166,"fail_input":0,"fail_invoke":0,"fail_output":0,"mean_us":24974.80,"max_us":97261.71,"last_us":11854.67,"out0":-34.89132,"out_elems":640,"out_sha256":"7763b1b4e316064ecc3a1eec43afdc04dbae44f8c1f789188132c9d6c8250412","out_head":[-34.891319,-19.254387,-10.698231,-6.055479,-3.156272,1.490048],"out_tail":[-19.599941,-18.188206,-18.764072,-20.379299,-29.050501,-42.499268],"out_full_file":"/cf/last_out.json","out_full_file_bytes":7046,"out_full_file_reason":"ok","out_record_truncates":false}
{"app":"AI_LEARNER","stage":"mem","model":"b3_deepae","target":"aarch64-unknown-linux-gnu","completed":166,"hal_peak":6208,"peak_within_bounded":true,"admitted_budget_bytes":6208,"peak_within_admitted_budget":true,"admission_mode":"conditional_map","hal_bytes_per_call_amortized":3663.4,"process_rss_kb":7012,"process_rss_delta_init_kb":604,"max_active_calls":1,"active_calls_now":0,"call_counter_balanced":true}
EVS Port1 1980-012-14:29:20.79316 66/1/AI_LEARNER 4: AI_LEARNER completed=167/167 mean=25064.0us max=97261.7us hal_peak=6208 within_bounded=1
{"app":"AI_LEARNER","stage":"run","model":"b3_deepae","target":"aarch64-unknown-linux-gnu","attempted":167,"completed":167,"fail_input":0,"fail_invoke":0,"fail_output":0,"mean_us":25064.01,"max_us":97261.71,"last_us":39872.86,"out0":-34.89132,"out_elems":640,"out_sha256":"7763b1b4e316064ecc3a1eec43afdc04dbae44f8c1f789188132c9d6c8250412","out_head":[-34.891319,-19.254387,-10.698231,-6.055479,-3.156272,1.490048],"out_tail":[-19.599941,-18.188206,-18.764072,-20.379299,-29.050501,-42.499268],"out_full_file":"/cf/last_out.json","out_full_file_bytes":7046,"out_full_file_reason":"ok","out_record_truncates":false}
{"app":"AI_LEARNER","stage":"mem","model":"b3_deepae","target":"aarch64-unknown-linux-gnu","completed":167,"hal_peak":6208,"peak_within_bounded":true,"admitted_budget_bytes":6208,"peak_within_admitted_budget":true,"admission_mode":"conditional_map","hal_bytes_per_call_amortized":3663.3,"process_rss_kb":7012,"process_rss_delta_init_kb":604,"max_active_calls":1,"active_calls_now":0,"call_counter_balanced":true}
.EVS Port1 1980-012-14:29:24.76737 66/1/AI_LEARNER 4: AI_LEARNER completed=168/168 mean=25108.3us max=97261.7us hal_peak=6208 within_bounded=1
{"app":"AI_LEARNER","stage":"run","model":"b3_deepae","target":"aarch64-unknown-linux-gnu","attempted":168,"completed":168,"fail_input":0,"fail_invoke":0,"fail_output":0,"mean_us":25108.31,"max_us":97261.71,"last_us":32507.42,"out0":-34.89132,"out_elems":640,"out_sha256":"7763b1b4e316064ecc3a1eec43afdc04dbae44f8c1f789188132c9d6c8250412","out_head":[-34.891319,-19.254387,-10.698231,-6.055479,-3.156272,1.490048],"out_tail":[-19.599941,-18.188206,-18.764072,-20.379299,-29.050501,-42.499268],"out_full_file":"/cf/last_out.json","out_full_file_bytes":7046,"out_full_file_reason":"ok","out_record_truncates":false}
{"app":"AI_LEARNER","stage":"mem","model":"b3_deepae","target":"aarch64-unknown-linux-gnu","completed":168,"hal_peak":6208,"peak_within_bounded":true,"admitted_budget_bytes":6208,"peak_within_admitted_budget":true,"admission_mode":"conditional_map","hal_bytes_per_call_amortized":3663.2,"process_rss_kb":7012,"process_rss_delta_init_kb":604,"max_active_calls":1,"active_calls_now":0,"call_counter_balanced":true}
.EVS Port1 1980-012-14:29:28.77633 66/1/AI_LEARNER 4: AI_LEARNER completed=169/169 mean=25092.6us max=97261.7us hal_peak=6208 within_bounded=1
{"app":"AI_LEARNER","stage":"run","model":"b3_deepae","target":"aarch64-unknown-linux-gnu","attempted":169,"completed":169,"fail_input":0,"fail_invoke":0,"fail_output":0,"mean_us":25092.56,"max_us":97261.71,"last_us":22446.06,"out0":-34.89132,"out_elems":640,"out_sha256":"7763b1b4e316064ecc3a1eec43afdc04dbae44f8c1f789188132c9d6c8250412","out_head":[-34.891319,-19.254387,-10.698231,-6.055479,-3.156272,1.490048],"out_tail":[-19.599941,-18.188206,-18.764072,-20.379299,-29.050501,-42.499268],"out_full_file":"/cf/last_out.json","out_full_file_bytes":7046,"out_full_file_reason":"ok","out_record_truncates":false}
{"app":"AI_LEARNER","stage":"mem","model":"b3_deepae","target":"aarch64-unknown-linux-gnu","completed":169,"hal_peak":6208,"peak_within_bounded":true,"admitted_budget_bytes":6208,"peak_within_admitted_budget":true,"admission_mode":"conditional_map","hal_bytes_per_call_amortized":3663.1,"process_rss_kb":7012,"process_rss_delta_init_kb":604,"max_active_calls":1,"active_calls_now":0,"call_counter_balanced":true}
EVS Port1 1980-012-14:29:32.77723 66/1/AI_LEARNER 4: AI_LEARNER completed=170/170 mean=25112.9us max=97261.7us hal_peak=6208 within_bounded=1
{"app":"AI_LEARNER","stage":"run","model":"b3_deepae","target":"aarch64-unknown-linux-gnu","attempted":170,"completed":170,"fail_input":0,"fail_invoke":0,"fail_output":0,"mean_us":25112.89,"max_us":97261.71,"last_us":28548.82,"out0":-34.89132,"out_elems":640,"out_sha256":"7763b1b4e316064ecc3a1eec43afdc04dbae44f8c1f789188132c9d6c8250412","out_head":[-34.891319,-19.254387,-10.698231,-6.055479,-3.156272,1.490048],"out_tail":[-19.599941,-18.188206,-18.764072,-20.379299,-29.050501,-42.499268],"out_full_file":"/cf/last_out.json","out_full_file_bytes":7046,"out_full_file_reason":"ok","out_record_truncates":false}
{"app":"AI_LEARNER","stage":"mem","model":"b3_deepae","target":"aarch64-unknown-linux-gnu","completed":170,"hal_peak":6208,"peak_within_bounded":true,"admitted_budget_bytes":6208,"peak_within_admitted_budget":true,"admission_mode":"conditional_map","hal_bytes_per_call_amortized":3663.1,"process_rss_kb":7012,"process_rss_delta_init_kb":604,"max_active_calls":1,"active_calls_now":0,"call_counter_balanced":true}
.EVS Port1 1980-012-14:29:36.78022 66/1/AI_LEARNER 4: AI_LEARNER completed=171/171 mean=25111.9us max=97261.7us hal_peak=6208 within_bounded=1
{"app":"AI_LEARNER","stage":"run","model":"b3_deepae","target":"aarch64-unknown-linux-gnu","attempted":171,"completed":171,"fail_input":0,"fail_invoke":0,"fail_output":0,"mean_us":25111.89,"max_us":97261.71,"last_us":24942.02,"out0":-34.89132,"out_elems":640,"out_sha256":"7763b1b4e316064ecc3a1eec43afdc04dbae44f8c1f789188132c9d6c8250412","out_head":[-34.891319,-19.254387,-10.698231,-6.055479,-3.156272,1.490048],"out_tail":[-19.599941,-18.188206,-18.764072,-20.379299,-29.050501,-42.499268],"out_full_file":"/cf/last_out.json","out_full_file_bytes":7046,"out_full_file_reason":"ok","out_record_truncates":false}
{"app":"AI_LEARNER","stage":"mem","model":"b3_deepae","target":"aarch64-unknown-linux-gnu","completed":171,"hal_peak":6208,"peak_within_bounded":true,"admitted_budget_bytes":6208,"peak_within_admitted_budget":true,"admission_mode":"conditional_map","hal_bytes_per_call_amortized":3663.0,"process_rss_kb":7012,"process_rss_delta_init_kb":604,"max_active_calls":1,"active_calls_now":0,"call_counter_balanced":true}
EVS Port1 1980-012-14:29:38.01188 66/1/CFE_TIME 21: Stop FLYWHEEL
.EVS Port1 1980-012-14:29:38.98815 66/1/CFE_TIME 20: Start FLYWHEEL
EVS Port1 1980-012-14:29:40.77963 66/1/AI_LEARNER 4: AI_LEARNER completed=172/172 mean=25084.0us max=97261.7us hal_peak=6208 within_bounded=1
{"app":"AI_LEARNER","stage":"run","model":"b3_deepae","target":"aarch64-unknown-linux-gnu","attempted":172,"completed":172,"fail_input":0,"fail_invoke":0,"fail_output":0,"mean_us":25084.02,"max_us":97261.71,"last_us":20318.88,"out0":-34.89132,"out_elems":640,"out_sha256":"7763b1b4e316064ecc3a1eec43afdc04dbae44f8c1f789188132c9d6c8250412","out_head":[-34.891319,-19.254387,-10.698231,-6.055479,-3.156272,1.490048],"out_tail":[-19.599941,-18.188206,-18.764072,-20.379299,-29.050501,-42.499268],"out_full_file":"/cf/last_out.json","out_full_file_bytes":7046,"out_full_file_reason":"ok","out_record_truncates":false}
{"app":"AI_LEARNER","stage":"mem","model":"b3_deepae","target":"aarch64-unknown-linux-gnu","completed":172,"hal_peak":6208,"peak_within_bounded":true,"admitted_budget_bytes":6208,"peak_within_admitted_budget":true,"admission_mode":"conditional_map","hal_bytes_per_call_amortized":3662.9,"process_rss_kb":7012,"process_rss_delta_init_kb":604,"max_active_calls":1,"active_calls_now":0,"call_counter_balanced":true}
EVS Port1 1980-012-14:29:44.74006 66/1/AI_LEARNER 4: AI_LEARNER completed=173/173 mean=25011.4us max=97261.7us hal_peak=6208 within_bounded=1
{"app":"AI_LEARNER","stage":"run","model":"b3_deepae","target":"aarch64-unknown-linux-gnu","attempted":173,"completed":173,"fail_input":0,"fail_invoke":0,"fail_output":0,"mean_us":25011.40,"max_us":97261.71,"last_us":12519.15,"out0":-34.89132,"out_elems":640,"out_sha256":"7763b1b4e316064ecc3a1eec43afdc04dbae44f8c1f789188132c9d6c8250412","out_head":[-34.891319,-19.254387,-10.698231,-6.055479,-3.156272,1.490048],"out_tail":[-19.599941,-18.188206,-18.764072,-20.379299,-29.050501,-42.499268],"out_full_file":"/cf/last_out.json","out_full_file_bytes":7046,"out_full_file_reason":"ok","out_record_truncates":false}
{"app":"AI_LEARNER","stage":"mem","model":"b3_deepae","target":"aarch64-unknown-linux-gnu","completed":173,"hal_peak":6208,"peak_within_bounded":true,"admitted_budget_bytes":6208,"peak_within_admitted_budget":true,"admission_mode":"conditional_map","hal_bytes_per_call_amortized":3662.8,"process_rss_kb":7012,"process_rss_delta_init_kb":604,"max_active_calls":1,"active_calls_now":0,"call_counter_balanced":true}
.EVS Port1 1980-012-14:29:48.74674 66/1/AI_LEARNER 4: AI_LEARNER completed=174/174 mean=24960.8us max=97261.7us hal_peak=6208 within_bounded=1
{"app":"AI_LEARNER","stage":"run","model":"b3_deepae","target":"aarch64-unknown-linux-gnu","attempted":174,"completed":174,"fail_input":0,"fail_invoke":0,"fail_output":0,"mean_us":24960.85,"max_us":97261.71,"last_us":16215.73,"out0":-34.89132,"out_elems":640,"out_sha256":"7763b1b4e316064ecc3a1eec43afdc04dbae44f8c1f789188132c9d6c8250412","out_head":[-34.891319,-19.254387,-10.698231,-6.055479,-3.156272,1.490048],"out_tail":[-19.599941,-18.188206,-18.764072,-20.379299,-29.050501,-42.499268],"out_full_file":"/cf/last_out.json","out_full_file_bytes":7046,"out_full_file_reason":"ok","out_record_truncates":false}
{"app":"AI_LEARNER","stage":"mem","model":"b3_deepae","target":"aarch64-unknown-linux-gnu","completed":174,"hal_peak":6208,"peak_within_bounded":true,"admitted_budget_bytes":6208,"peak_within_admitted_budget":true,"admission_mode":"conditional_map","hal_bytes_per_call_amortized":3662.7,"process_rss_kb":7012,"process_rss_delta_init_kb":604,"max_active_calls":1,"active_calls_now":0,"call_counter_balanced":true}
.EVS Port1 1980-012-14:29:52.80561 66/1/AI_LEARNER 4: AI_LEARNER completed=175/175 mean=25120.1us max=97261.7us hal_peak=6208 within_bounded=1
{"app":"AI_LEARNER","stage":"run","model":"b3_deepae","target":"aarch64-unknown-linux-gnu","attempted":175,"completed":175,"fail_input":0,"fail_invoke":0,"fail_output":0,"mean_us":25120.12,"max_us":97261.71,"last_us":52833.42,"out0":-34.89132,"out_elems":640,"out_sha256":"7763b1b4e316064ecc3a1eec43afdc04dbae44f8c1f789188132c9d6c8250412","out_head":[-34.891319,-19.254387,-10.698231,-6.055479,-3.156272,1.490048],"out_tail":[-19.599941,-18.188206,-18.764072,-20.379299,-29.050501,-42.499268],"out_full_file":"/cf/last_out.json","out_full_file_bytes":7046,"out_full_file_reason":"ok","out_record_truncates":false}
{"app":"AI_LEARNER","stage":"mem","model":"b3_deepae","target":"aarch64-unknown-linux-gnu","completed":175,"hal_peak":6208,"peak_within_bounded":true,"admitted_budget_bytes":6208,"peak_within_admitted_budget":true,"admission_mode":"conditional_map","hal_bytes_per_call_amortized":3662.6,"process_rss_kb":7012,"process_rss_delta_init_kb":604,"max_active_calls":1,"active_calls_now":0,"call_counter_balanced":true}
EVS Port1 1980-012-14:29:54.00337 66/1/CFE_TIME 21: Stop FLYWHEEL
EVS Port1 1980-012-14:29:54.99780 66/1/CFE_TIME 20: Start FLYWHEEL
EVS Port1 1980-012-14:29:56.77557 66/1/AI_LEARNER 4: AI_LEARNER completed=176/176 mean=25115.9us max=97261.7us hal_peak=6208 within_bounded=1
{"app":"AI_LEARNER","stage":"run","model":"b3_deepae","target":"aarch64-unknown-linux-gnu","attempted":176,"completed":176,"fail_input":0,"fail_invoke":0,"fail_output":0,"mean_us":25115.92,"max_us":97261.71,"last_us":24380.54,"out0":-34.89132,"out_elems":640,"out_sha256":"7763b1b4e316064ecc3a1eec43afdc04dbae44f8c1f789188132c9d6c8250412","out_head":[-34.891319,-19.254387,-10.698231,-6.055479,-3.156272,1.490048],"out_tail":[-19.599941,-18.188206,-18.764072,-20.379299,-29.050501,-42.499268],"out_full_file":"/cf/last_out.json","out_full_file_bytes":7046,"out_full_file_reason":"ok","out_record_truncates":false}
{"app":"AI_LEARNER","stage":"mem","model":"b3_deepae","target":"aarch64-unknown-linux-gnu","completed":176,"hal_peak":6208,"peak_within_bounded":true,"admitted_budget_bytes":6208,"peak_within_admitted_budget":true,"admission_mode":"conditional_map","hal_bytes_per_call_amortized":3662.5,"process_rss_kb":7012,"process_rss_delta_init_kb":604,"max_active_calls":1,"active_calls_now":0,"call_counter_balanced":true}
.EVS Port1 1980-012-14:29:58.99716 66/1/CFE_TIME 20: Start FLYWHEEL
EVS Port1 1980-012-14:29:59.00474 66/1/CFE_TIME 21: Stop FLYWHEEL
EVS Port1 1980-012-14:30:00.74441 66/1/AI_LEARNER 4: AI_LEARNER completed=177/177 mean=25021.7us max=97261.7us hal_peak=6208 within_bounded=1
{"app":"AI_LEARNER","stage":"run","model":"b3_deepae","target":"aarch64-unknown-linux-gnu","attempted":177,"completed":177,"fail_input":0,"fail_invoke":0,"fail_output":0,"mean_us":25021.72,"max_us":97261.71,"last_us":8442.94,"out0":-34.89132,"out_elems":640,"out_sha256":"7763b1b4e316064ecc3a1eec43afdc04dbae44f8c1f789188132c9d6c8250412","out_head":[-34.891319,-19.254387,-10.698231,-6.055479,-3.156272,1.490048],"out_tail":[-19.599941,-18.188206,-18.764072,-20.379299,-29.050501,-42.499268],"out_full_file":"/cf/last_out.json","out_full_file_bytes":7046,"out_full_file_reason":"ok","out_record_truncates":false}
{"app":"AI_LEARNER","stage":"mem","model":"b3_deepae","target":"aarch64-unknown-linux-gnu","completed":177,"hal_peak":6208,"peak_within_bounded":true,"admitted_budget_bytes":6208,"peak_within_admitted_budget":true,"admission_mode":"conditional_map","hal_bytes_per_call_amortized":3662.5,"process_rss_kb":7012,"process_rss_delta_init_kb":604,"max_active_calls":1,"active_calls_now":0,"call_counter_balanced":true}
.EVS Port1 1980-012-14:30:04.74415 66/1/AI_LEARNER 4: AI_LEARNER completed=178/178 mean=24956.1us max=97261.7us hal_peak=6208 within_bounded=1
{"app":"AI_LEARNER","stage":"run","model":"b3_deepae","target":"aarch64-unknown-linux-gnu","attempted":178,"completed":178,"fail_input":0,"fail_invoke":0,"fail_output":0,"mean_us":24956.07,"max_us":97261.71,"last_us":13336.59,"out0":-34.89132,"out_elems":640,"out_sha256":"7763b1b4e316064ecc3a1eec43afdc04dbae44f8c1f789188132c9d6c8250412","out_head":[-34.891319,-19.254387,-10.698231,-6.055479,-3.156272,1.490048],"out_tail":[-19.599941,-18.188206,-18.764072,-20.379299,-29.050501,-42.499268],"out_full_file":"/cf/last_out.json","out_full_file_bytes":7046,"out_full_file_reason":"ok","out_record_truncates":false}
{"app":"AI_LEARNER","stage":"mem","model":"b3_deepae","target":"aarch64-unknown-linux-gnu","completed":178,"hal_peak":6208,"peak_within_bounded":true,"admitted_budget_bytes":6208,"peak_within_admitted_budget":true,"admission_mode":"conditional_map","hal_bytes_per_call_amortized":3662.4,"process_rss_kb":7012,"process_rss_delta_init_kb":604,"max_active_calls":1,"active_calls_now":0,"call_counter_balanced":true}
EVS Port1 1980-012-14:30:08.74194 66/1/AI_LEARNER 4: AI_LEARNER completed=179/179 mean=24884.7us max=97261.7us hal_peak=6208 within_bounded=1
{"app":"AI_LEARNER","stage":"run","model":"b3_deepae","target":"aarch64-unknown-linux-gnu","attempted":179,"completed":179,"fail_input":0,"fail_invoke":0,"fail_output":0,"mean_us":24884.74,"max_us":97261.71,"last_us":12188.11,"out0":-34.89132,"out_elems":640,"out_sha256":"7763b1b4e316064ecc3a1eec43afdc04dbae44f8c1f789188132c9d6c8250412","out_head":[-34.891319,-19.254387,-10.698231,-6.055479,-3.156272,1.490048],"out_tail":[-19.599941,-18.188206,-18.764072,-20.379299,-29.050501,-42.499268],"out_full_file":"/cf/last_out.json","out_full_file_bytes":7046,"out_full_file_reason":"ok","out_record_truncates":false}
{"app":"AI_LEARNER","stage":"mem","model":"b3_deepae","target":"aarch64-unknown-linux-gnu","completed":179,"hal_peak":6208,"peak_within_bounded":true,"admitted_budget_bytes":6208,"peak_within_admitted_budget":true,"admission_mode":"conditional_map","hal_bytes_per_call_amortized":3662.3,"process_rss_kb":7012,"process_rss_delta_init_kb":604,"max_active_calls":1,"active_calls_now":0,"call_counter_balanced":true}
.EVS Port1 1980-012-14:30:12.75451 66/1/AI_LEARNER 4: AI_LEARNER completed=180/180 mean=24887.2us max=97261.7us hal_peak=6208 within_bounded=1
{"app":"AI_LEARNER","stage":"run","model":"b3_deepae","target":"aarch64-unknown-linux-gnu","attempted":180,"completed":180,"fail_input":0,"fail_invoke":0,"fail_output":0,"mean_us":24887.15,"max_us":97261.71,"last_us":25319.04,"out0":-34.89132,"out_elems":640,"out_sha256":"7763b1b4e316064ecc3a1eec43afdc04dbae44f8c1f789188132c9d6c8250412","out_head":[-34.891319,-19.254387,-10.698231,-6.055479,-3.156272,1.490048],"out_tail":[-19.599941,-18.188206,-18.764072,-20.379299,-29.050501,-42.499268],"out_full_file":"/cf/last_out.json","out_full_file_bytes":7046,"out_full_file_reason":"ok","out_record_truncates":false}
{"app":"AI_LEARNER","stage":"mem","model":"b3_deepae","target":"aarch64-unknown-linux-gnu","completed":180,"hal_peak":6208,"peak_within_bounded":true,"admitted_budget_bytes":6208,"peak_within_admitted_budget":true,"admission_mode":"conditional_map","hal_bytes_per_call_amortized":3662.2,"process_rss_kb":7012,"process_rss_delta_init_kb":604,"max_active_calls":1,"active_calls_now":0,"call_counter_balanced":true}
.EVS Port1 1980-012-14:30:16.76689 66/1/AI_LEARNER 4: AI_LEARNER completed=181/181 mean=24905.4us max=97261.7us hal_peak=6208 within_bounded=1
{"app":"AI_LEARNER","stage":"run","model":"b3_deepae","target":"aarch64-unknown-linux-gnu","attempted":181,"completed":181,"fail_input":0,"fail_invoke":0,"fail_output":0,"mean_us":24905.41,"max_us":97261.71,"last_us":28190.54,"out0":-34.89132,"out_elems":640,"out_sha256":"7763b1b4e316064ecc3a1eec43afdc04dbae44f8c1f789188132c9d6c8250412","out_head":[-34.891319,-19.254387,-10.698231,-6.055479,-3.156272,1.490048],"out_tail":[-19.599941,-18.188206,-18.764072,-20.379299,-29.050501,-42.499268],"out_full_file":"/cf/last_out.json","out_full_file_bytes":7046,"out_full_file_reason":"ok","out_record_truncates":false}
{"app":"AI_LEARNER","stage":"mem","model":"b3_deepae","target":"aarch64-unknown-linux-gnu","completed":181,"hal_peak":6208,"peak_within_bounded":true,"admitted_budget_bytes":6208,"peak_within_admitted_budget":true,"admission_mode":"conditional_map","hal_bytes_per_call_amortized":3662.1,"process_rss_kb":7012,"process_rss_delta_init_kb":604,"max_active_calls":1,"active_calls_now":0,"call_counter_balanced":true}
EVS Port1 1980-012-14:30:20.75825 66/1/AI_LEARNER 4: AI_LEARNER completed=182/182 mean=24913.9us max=97261.7us hal_peak=6208 within_bounded=1
{"app":"AI_LEARNER","stage":"run","model":"b3_deepae","target":"aarch64-unknown-linux-gnu","attempted":182,"completed":182,"fail_input":0,"fail_invoke":0,"fail_output":0,"mean_us":24913.86,"max_us":97261.71,"last_us":26445.07,"out0":-34.89132,"out_elems":640,"out_sha256":"7763b1b4e316064ecc3a1eec43afdc04dbae44f8c1f789188132c9d6c8250412","out_head":[-34.891319,-19.254387,-10.698231,-6.055479,-3.156272,1.490048],"out_tail":[-19.599941,-18.188206,-18.764072,-20.379299,-29.050501,-42.499268],"out_full_file":"/cf/last_out.json","out_full_file_bytes":7046,"out_full_file_reason":"ok","out_record_truncates":false}
{"app":"AI_LEARNER","stage":"mem","model":"b3_deepae","target":"aarch64-unknown-linux-gnu","completed":182,"hal_peak":6208,"peak_within_bounded":true,"admitted_budget_bytes":6208,"peak_within_admitted_budget":true,"admission_mode":"conditional_map","hal_bytes_per_call_amortized":3662.1,"process_rss_kb":7012,"process_rss_delta_init_kb":604,"max_active_calls":1,"active_calls_now":0,"call_counter_balanced":true}
.EVS Port1 1980-012-14:30:24.75450 66/1/AI_LEARNER 4: AI_LEARNER completed=183/183 mean=24849.3us max=97261.7us hal_peak=6208 within_bounded=1
{"app":"AI_LEARNER","stage":"run","model":"b3_deepae","target":"aarch64-unknown-linux-gnu","attempted":183,"completed":183,"fail_input":0,"fail_invoke":0,"fail_output":0,"mean_us":24849.33,"max_us":97261.71,"last_us":13103.18,"out0":-34.89132,"out_elems":640,"out_sha256":"7763b1b4e316064ecc3a1eec43afdc04dbae44f8c1f789188132c9d6c8250412","out_head":[-34.891319,-19.254387,-10.698231,-6.055479,-3.156272,1.490048],"out_tail":[-19.599941,-18.188206,-18.764072,-20.379299,-29.050501,-42.499268],"out_full_file":"/cf/last_out.json","out_full_file_bytes":7046,"out_full_file_reason":"ok","out_record_truncates":false}
{"app":"AI_LEARNER","stage":"mem","model":"b3_deepae","target":"aarch64-unknown-linux-gnu","completed":183,"hal_peak":6208,"peak_within_bounded":true,"admitted_budget_bytes":6208,"peak_within_admitted_budget":true,"admission_mode":"conditional_map","hal_bytes_per_call_amortized":3662.0,"process_rss_kb":7012,"process_rss_delta_init_kb":604,"max_active_calls":1,"active_calls_now":0,"call_counter_balanced":true}
.EVS Port1 1980-012-14:30:28.77142 66/1/AI_LEARNER 4: AI_LEARNER completed=184/184 mean=24826.9us max=97261.7us hal_peak=6208 within_bounded=1
{"app":"AI_LEARNER","stage":"run","model":"b3_deepae","target":"aarch64-unknown-linux-gnu","attempted":184,"completed":184,"fail_input":0,"fail_invoke":0,"fail_output":0,"mean_us":24826.92,"max_us":97261.71,"last_us":20726.21,"out0":-34.89132,"out_elems":640,"out_sha256":"7763b1b4e316064ecc3a1eec43afdc04dbae44f8c1f789188132c9d6c8250412","out_head":[-34.891319,-19.254387,-10.698231,-6.055479,-3.156272,1.490048],"out_tail":[-19.599941,-18.188206,-18.764072,-20.379299,-29.050501,-42.499268],"out_full_file":"/cf/last_out.json","out_full_file_bytes":7046,"out_full_file_reason":"ok","out_record_truncates":false}
{"app":"AI_LEARNER","stage":"mem","model":"b3_deepae","target":"aarch64-unknown-linux-gnu","completed":184,"hal_peak":6208,"peak_within_bounded":true,"admitted_budget_bytes":6208,"peak_within_admitted_budget":true,"admission_mode":"conditional_map","hal_bytes_per_call_amortized":3661.9,"process_rss_kb":7012,"process_rss_delta_init_kb":604,"max_active_calls":1,"active_calls_now":0,"call_counter_balanced":true}
EVS Port1 1980-012-14:30:32.83390 66/1/AI_LEARNER 4: AI_LEARNER completed=185/185 mean=25072.6us max=97261.7us hal_peak=6208 within_bounded=1
{"app":"AI_LEARNER","stage":"run","model":"b3_deepae","target":"aarch64-unknown-linux-gnu","attempted":185,"completed":185,"fail_input":0,"fail_invoke":0,"fail_output":0,"mean_us":25072.55,"max_us":97261.71,"last_us":70269.79,"out0":-34.89132,"out_elems":640,"out_sha256":"7763b1b4e316064ecc3a1eec43afdc04dbae44f8c1f789188132c9d6c8250412","out_head":[-34.891319,-19.254387,-10.698231,-6.055479,-3.156272,1.490048],"out_tail":[-19.599941,-18.188206,-18.764072,-20.379299,-29.050501,-42.499268],"out_full_file":"/cf/last_out.json","out_full_file_bytes":7046,"out_full_file_reason":"ok","out_record_truncates":false}
{"app":"AI_LEARNER","stage":"mem","model":"b3_deepae","target":"aarch64-unknown-linux-gnu","completed":185,"hal_peak":6208,"peak_within_bounded":true,"admitted_budget_bytes":6208,"peak_within_admitted_budget":true,"admission_mode":"conditional_map","hal_bytes_per_call_amortized":3661.8,"process_rss_kb":7012,"process_rss_delta_init_kb":604,"max_active_calls":1,"active_calls_now":0,"call_counter_balanced":true}
.EVS Port1 1980-012-14:30:36.74929 66/1/AI_LEARNER 4: AI_LEARNER completed=186/186 mean=25041.8us max=97261.7us hal_peak=6208 within_bounded=1
{"app":"AI_LEARNER","stage":"run","model":"b3_deepae","target":"aarch64-unknown-linux-gnu","attempted":186,"completed":186,"fail_input":0,"fail_invoke":0,"fail_output":0,"mean_us":25041.78,"max_us":97261.71,"last_us":19348.78,"out0":-34.89132,"out_elems":640,"out_sha256":"7763b1b4e316064ecc3a1eec43afdc04dbae44f8c1f789188132c9d6c8250412","out_head":[-34.891319,-19.254387,-10.698231,-6.055479,-3.156272,1.490048],"out_tail":[-19.599941,-18.188206,-18.764072,-20.379299,-29.050501,-42.499268],"out_full_file":"/cf/last_out.json","out_full_file_bytes":7046,"out_full_file_reason":"ok","out_record_truncates":false}
{"app":"AI_LEARNER","stage":"mem","model":"b3_deepae","target":"aarch64-unknown-linux-gnu","completed":186,"hal_peak":6208,"peak_within_bounded":true,"admitted_budget_bytes":6208,"peak_within_admitted_budget":true,"admission_mode":"conditional_map","hal_bytes_per_call_amortized":3661.8,"process_rss_kb":7012,"process_rss_delta_init_kb":604,"max_active_calls":1,"active_calls_now":0,"call_counter_balanced":true}
.EVS Port1 1980-012-14:30:40.75598 66/1/AI_LEARNER 4: AI_LEARNER completed=187/187 mean=25037.5us max=97261.7us hal_peak=6208 within_bounded=1
{"app":"AI_LEARNER","stage":"run","model":"b3_deepae","target":"aarch64-unknown-linux-gnu","attempted":187,"completed":187,"fail_input":0,"fail_invoke":0,"fail_output":0,"mean_us":25037.47,"max_us":97261.71,"last_us":24236.22,"out0":-34.89132,"out_elems":640,"out_sha256":"7763b1b4e316064ecc3a1eec43afdc04dbae44f8c1f789188132c9d6c8250412","out_head":[-34.891319,-19.254387,-10.698231,-6.055479,-3.156272,1.490048],"out_tail":[-19.599941,-18.188206,-18.764072,-20.379299,-29.050501,-42.499268],"out_full_file":"/cf/last_out.json","out_full_file_bytes":7046,"out_full_file_reason":"ok","out_record_truncates":false}
{"app":"AI_LEARNER","stage":"mem","model":"b3_deepae","target":"aarch64-unknown-linux-gnu","completed":187,"hal_peak":6208,"peak_within_bounded":true,"admitted_budget_bytes":6208,"peak_within_admitted_budget":true,"admission_mode":"conditional_map","hal_bytes_per_call_amortized":3661.7,"process_rss_kb":7012,"process_rss_delta_init_kb":604,"max_active_calls":1,"active_calls_now":0,"call_counter_balanced":true}
EVS Port1 1980-012-14:30:44.00619 66/1/CFE_TIME 21: Stop FLYWHEEL
EVS Port1 1980-012-14:30:44.75891 66/1/AI_LEARNER 4: AI_LEARNER completed=188/188 mean=25060.5us max=97261.7us hal_peak=6208 within_bounded=1
{"app":"AI_LEARNER","stage":"run","model":"b3_deepae","target":"aarch64-unknown-linux-gnu","attempted":188,"completed":188,"fail_input":0,"fail_invoke":0,"fail_output":0,"mean_us":25060.49,"max_us":97261.71,"last_us":29364.14,"out0":-34.89132,"out_elems":640,"out_sha256":"7763b1b4e316064ecc3a1eec43afdc04dbae44f8c1f789188132c9d6c8250412","out_head":[-34.891319,-19.254387,-10.698231,-6.055479,-3.156272,1.490048],"out_tail":[-19.599941,-18.188206,-18.764072,-20.379299,-29.050501,-42.499268],"out_full_file":"/cf/last_out.json","out_full_file_bytes":7046,"out_full_file_reason":"ok","out_record_truncates":false}
{"app":"AI_LEARNER","stage":"mem","model":"b3_deepae","target":"aarch64-unknown-linux-gnu","completed":188,"hal_peak":6208,"peak_within_bounded":true,"admitted_budget_bytes":6208,"peak_within_admitted_budget":true,"admission_mode":"conditional_map","hal_bytes_per_call_amortized":3661.6,"process_rss_kb":7012,"process_rss_delta_init_kb":604,"max_active_calls":1,"active_calls_now":0,"call_counter_balanced":true}
.EVS Port1 1980-012-14:30:44.99461 66/1/CFE_TIME 20: Start FLYWHEEL
EVS Port1 1980-012-14:30:48.76307 66/1/AI_LEARNER 4: AI_LEARNER completed=189/189 mean=25113.0us max=97261.7us hal_peak=6208 within_bounded=1
{"app":"AI_LEARNER","stage":"run","model":"b3_deepae","target":"aarch64-unknown-linux-gnu","attempted":189,"completed":189,"fail_input":0,"fail_invoke":0,"fail_output":0,"mean_us":25113.03,"max_us":97261.71,"last_us":34990.62,"out0":-34.89132,"out_elems":640,"out_sha256":"7763b1b4e316064ecc3a1eec43afdc04dbae44f8c1f789188132c9d6c8250412","out_head":[-34.891319,-19.254387,-10.698231,-6.055479,-3.156272,1.490048],"out_tail":[-19.599941,-18.188206,-18.764072,-20.379299,-29.050501,-42.499268],"out_full_file":"/cf/last_out.json","out_full_file_bytes":7046,"out_full_file_reason":"ok","out_record_truncates":false}
{"app":"AI_LEARNER","stage":"mem","model":"b3_deepae","target":"aarch64-unknown-linux-gnu","completed":189,"hal_peak":6208,"peak_within_bounded":true,"admitted_budget_bytes":6208,"peak_within_admitted_budget":true,"admission_mode":"conditional_map","hal_bytes_per_call_amortized":3661.5,"process_rss_kb":7012,"process_rss_delta_init_kb":604,"max_active_calls":1,"active_calls_now":0,"call_counter_balanced":true}
.EVS Port1 1980-012-14:30:52.86175 66/1/AI_LEARNER 4: AI_LEARNER completed=190/190 mean=25111.9us max=97261.7us hal_peak=6208 within_bounded=1
{"app":"AI_LEARNER","stage":"run","model":"b3_deepae","target":"aarch64-unknown-linux-gnu","attempted":190,"completed":190,"fail_input":0,"fail_invoke":0,"fail_output":0,"mean_us":25111.95,"max_us":97261.71,"last_us":24907.98,"out0":-34.89132,"out_elems":640,"out_sha256":"7763b1b4e316064ecc3a1eec43afdc04dbae44f8c1f789188132c9d6c8250412","out_head":[-34.891319,-19.254387,-10.698231,-6.055479,-3.156272,1.490048],"out_tail":[-19.599941,-18.188206,-18.764072,-20.379299,-29.050501,-42.499268],"out_full_file":"/cf/last_out.json","out_full_file_bytes":7046,"out_full_file_reason":"ok","out_record_truncates":false}
{"app":"AI_LEARNER","stage":"mem","model":"b3_deepae","target":"aarch64-unknown-linux-gnu","completed":190,"hal_peak":6208,"peak_within_bounded":true,"admitted_budget_bytes":6208,"peak_within_admitted_budget":true,"admission_mode":"conditional_map","hal_bytes_per_call_amortized":3661.5,"process_rss_kb":7012,"process_rss_delta_init_kb":604,"max_active_calls":1,"active_calls_now":0,"call_counter_balanced":true}
EVS Port1 1980-012-14:30:56.78260 66/1/AI_LEARNER 4: AI_LEARNER completed=191/191 mean=25164.8us max=97261.7us hal_peak=6208 within_bounded=1
{"app":"AI_LEARNER","stage":"run","model":"b3_deepae","target":"aarch64-unknown-linux-gnu","attempted":191,"completed":191,"fail_input":0,"fail_invoke":0,"fail_output":0,"mean_us":25164.75,"max_us":97261.71,"last_us":35197.39,"out0":-34.89132,"out_elems":640,"out_sha256":"7763b1b4e316064ecc3a1eec43afdc04dbae44f8c1f789188132c9d6c8250412","out_head":[-34.891319,-19.254387,-10.698231,-6.055479,-3.156272,1.490048],"out_tail":[-19.599941,-18.188206,-18.764072,-20.379299,-29.050501,-42.499268],"out_full_file":"/cf/last_out.json","out_full_file_bytes":7046,"out_full_file_reason":"ok","out_record_truncates":false}
{"app":"AI_LEARNER","stage":"mem","model":"b3_deepae","target":"aarch64-unknown-linux-gnu","completed":191,"hal_peak":6208,"peak_within_bounded":true,"admitted_budget_bytes":6208,"peak_within_admitted_budget":true,"admission_mode":"conditional_map","hal_bytes_per_call_amortized":3661.4,"process_rss_kb":7012,"process_rss_delta_init_kb":604,"max_active_calls":1,"active_calls_now":0,"call_counter_balanced":true}
.EVS Port1 1980-012-14:31:00.75254 66/1/AI_LEARNER 4: AI_LEARNER completed=192/192 mean=25105.8us max=97261.7us hal_peak=6208 within_bounded=1
{"app":"AI_LEARNER","stage":"run","model":"b3_deepae","target":"aarch64-unknown-linux-gnu","attempted":192,"completed":192,"fail_input":0,"fail_invoke":0,"fail_output":0,"mean_us":25105.79,"max_us":97261.71,"last_us":13844.26,"out0":-34.89132,"out_elems":640,"out_sha256":"7763b1b4e316064ecc3a1eec43afdc04dbae44f8c1f789188132c9d6c8250412","out_head":[-34.891319,-19.254387,-10.698231,-6.055479,-3.156272,1.490048],"out_tail":[-19.599941,-18.188206,-18.764072,-20.379299,-29.050501,-42.499268],"out_full_file":"/cf/last_out.json","out_full_file_bytes":7046,"out_full_file_reason":"ok","out_record_truncates":false}
{"app":"AI_LEARNER","stage":"mem","model":"b3_deepae","target":"aarch64-unknown-linux-gnu","completed":192,"hal_peak":6208,"peak_within_bounded":true,"admitted_budget_bytes":6208,"peak_within_admitted_budget":true,"admission_mode":"conditional_map","hal_bytes_per_call_amortized":3661.3,"process_rss_kb":7012,"process_rss_delta_init_kb":604,"max_active_calls":1,"active_calls_now":0,"call_counter_balanced":true}
.EVS Port1 1980-012-14:31:04.74331 66/1/AI_LEARNER 4: AI_LEARNER completed=193/193 mean=25050.0us max=97261.7us hal_peak=6208 within_bounded=1
{"app":"AI_LEARNER","stage":"run","model":"b3_deepae","target":"aarch64-unknown-linux-gnu","attempted":193,"completed":193,"fail_input":0,"fail_invoke":0,"fail_output":0,"mean_us":25049.99,"max_us":97261.71,"last_us":14336.24,"out0":-34.89132,"out_elems":640,"out_sha256":"7763b1b4e316064ecc3a1eec43afdc04dbae44f8c1f789188132c9d6c8250412","out_head":[-34.891319,-19.254387,-10.698231,-6.055479,-3.156272,1.490048],"out_tail":[-19.599941,-18.188206,-18.764072,-20.379299,-29.050501,-42.499268],"out_full_file":"/cf/last_out.json","out_full_file_bytes":7046,"out_full_file_reason":"ok","out_record_truncates":false}
{"app":"AI_LEARNER","stage":"mem","model":"b3_deepae","target":"aarch64-unknown-linux-gnu","completed":193,"hal_peak":6208,"peak_within_bounded":true,"admitted_budget_bytes":6208,"peak_within_admitted_budget":true,"admission_mode":"conditional_map","hal_bytes_per_call_amortized":3661.3,"process_rss_kb":7012,"process_rss_delta_init_kb":604,"max_active_calls":1,"active_calls_now":0,"call_counter_balanced":true}
EVS Port1 1980-012-14:31:08.75289 66/1/AI_LEARNER 4: AI_LEARNER completed=194/194 mean=25002.8us max=97261.7us hal_peak=6208 within_bounded=1
{"app":"AI_LEARNER","stage":"run","model":"b3_deepae","target":"aarch64-unknown-linux-gnu","attempted":194,"completed":194,"fail_input":0,"fail_invoke":0,"fail_output":0,"mean_us":25002.85,"max_us":97261.71,"last_us":15903.70,"out0":-34.89132,"out_elems":640,"out_sha256":"7763b1b4e316064ecc3a1eec43afdc04dbae44f8c1f789188132c9d6c8250412","out_head":[-34.891319,-19.254387,-10.698231,-6.055479,-3.156272,1.490048],"out_tail":[-19.599941,-18.188206,-18.764072,-20.379299,-29.050501,-42.499268],"out_full_file":"/cf/last_out.json","out_full_file_bytes":7046,"out_full_file_reason":"ok","out_record_truncates":false}
{"app":"AI_LEARNER","stage":"mem","model":"b3_deepae","target":"aarch64-unknown-linux-gnu","completed":194,"hal_peak":6208,"peak_within_bounded":true,"admitted_budget_bytes":6208,"peak_within_admitted_budget":true,"admission_mode":"conditional_map","hal_bytes_per_call_amortized":3661.2,"process_rss_kb":7012,"process_rss_delta_init_kb":604,"max_active_calls":1,"active_calls_now":0,"call_counter_balanced":true}
.EVS Port1 1980-012-14:31:12.75183 66/1/AI_LEARNER 4: AI_LEARNER completed=195/195 mean=24967.8us max=97261.7us hal_peak=6208 within_bounded=1
{"app":"AI_LEARNER","stage":"run","model":"b3_deepae","target":"aarch64-unknown-linux-gnu","attempted":195,"completed":195,"fail_input":0,"fail_invoke":0,"fail_output":0,"mean_us":24967.85,"max_us":97261.71,"last_us":18178.38,"out0":-34.89132,"out_elems":640,"out_sha256":"7763b1b4e316064ecc3a1eec43afdc04dbae44f8c1f789188132c9d6c8250412","out_head":[-34.891319,-19.254387,-10.698231,-6.055479,-3.156272,1.490048],"out_tail":[-19.599941,-18.188206,-18.764072,-20.379299,-29.050501,-42.499268],"out_full_file":"/cf/last_out.json","out_full_file_bytes":7046,"out_full_file_reason":"ok","out_record_truncates":false}
{"app":"AI_LEARNER","stage":"mem","model":"b3_deepae","target":"aarch64-unknown-linux-gnu","completed":195,"hal_peak":6208,"peak_within_bounded":true,"admitted_budget_bytes":6208,"peak_within_admitted_budget":true,"admission_mode":"conditional_map","hal_bytes_per_call_amortized":3661.1,"process_rss_kb":7012,"process_rss_delta_init_kb":604,"max_active_calls":1,"active_calls_now":0,"call_counter_balanced":true}
.EVS Port1 1980-012-14:31:16.76252 66/1/AI_LEARNER 4: AI_LEARNER completed=196/196 mean=24948.4us max=97261.7us hal_peak=6208 within_bounded=1
{"app":"AI_LEARNER","stage":"run","model":"b3_deepae","target":"aarch64-unknown-linux-gnu","attempted":196,"completed":196,"fail_input":0,"fail_invoke":0,"fail_output":0,"mean_us":24948.41,"max_us":97261.71,"last_us":21158.75,"out0":-34.89132,"out_elems":640,"out_sha256":"7763b1b4e316064ecc3a1eec43afdc04dbae44f8c1f789188132c9d6c8250412","out_head":[-34.891319,-19.254387,-10.698231,-6.055479,-3.156272,1.490048],"out_tail":[-19.599941,-18.188206,-18.764072,-20.379299,-29.050501,-42.499268],"out_full_file":"/cf/last_out.json","out_full_file_bytes":7046,"out_full_file_reason":"ok","out_record_truncates":false}
{"app":"AI_LEARNER","stage":"mem","model":"b3_deepae","target":"aarch64-unknown-linux-gnu","completed":196,"hal_peak":6208,"peak_within_bounded":true,"admitted_budget_bytes":6208,"peak_within_admitted_budget":true,"admission_mode":"conditional_map","hal_bytes_per_call_amortized":3661.1,"process_rss_kb":7012,"process_rss_delta_init_kb":604,"max_active_calls":1,"active_calls_now":0,"call_counter_balanced":true}
EVS Port1 1980-012-14:31:19.00796 66/1/CFE_TIME 21: Stop FLYWHEEL
EVS Port1 1980-012-14:31:20.00045 66/1/CFE_TIME 20: Start FLYWHEEL
EVS Port1 1980-012-14:31:20.77409 66/1/AI_LEARNER 4: AI_LEARNER completed=197/197 mean=25069.8us max=97261.7us hal_peak=6208 within_bounded=1
{"app":"AI_LEARNER","stage":"run","model":"b3_deepae","target":"aarch64-unknown-linux-gnu","attempted":197,"completed":197,"fail_input":0,"fail_invoke":0,"fail_output":0,"mean_us":25069.82,"max_us":97261.71,"last_us":48864.91,"out0":-34.89132,"out_elems":640,"out_sha256":"7763b1b4e316064ecc3a1eec43afdc04dbae44f8c1f789188132c9d6c8250412","out_head":[-34.891319,-19.254387,-10.698231,-6.055479,-3.156272,1.490048],"out_tail":[-19.599941,-18.188206,-18.764072,-20.379299,-29.050501,-42.499268],"out_full_file":"/cf/last_out.json","out_full_file_bytes":7046,"out_full_file_reason":"ok","out_record_truncates":false}
{"app":"AI_LEARNER","stage":"mem","model":"b3_deepae","target":"aarch64-unknown-linux-gnu","completed":197,"hal_peak":6208,"peak_within_bounded":true,"admitted_budget_bytes":6208,"peak_within_admitted_budget":true,"admission_mode":"conditional_map","hal_bytes_per_call_amortized":3661.0,"process_rss_kb":7012,"process_rss_delta_init_kb":604,"max_active_calls":1,"active_calls_now":0,"call_counter_balanced":true}
.EVS Port1 1980-012-14:31:24.76988 66/1/AI_LEARNER 4: AI_LEARNER completed=198/198 mean=25165.3us max=97261.7us hal_peak=6208 within_bounded=1
{"app":"AI_LEARNER","stage":"run","model":"b3_deepae","target":"aarch64-unknown-linux-gnu","attempted":198,"completed":198,"fail_input":0,"fail_invoke":0,"fail_output":0,"mean_us":25165.33,"max_us":97261.71,"last_us":43980.61,"out0":-34.89132,"out_elems":640,"out_sha256":"7763b1b4e316064ecc3a1eec43afdc04dbae44f8c1f789188132c9d6c8250412","out_head":[-34.891319,-19.254387,-10.698231,-6.055479,-3.156272,1.490048],"out_tail":[-19.599941,-18.188206,-18.764072,-20.379299,-29.050501,-42.499268],"out_full_file":"/cf/last_out.json","out_full_file_bytes":7046,"out_full_file_reason":"ok","out_record_truncates":false}
{"app":"AI_LEARNER","stage":"mem","model":"b3_deepae","target":"aarch64-unknown-linux-gnu","completed":198,"hal_peak":6208,"peak_within_bounded":true,"admitted_budget_bytes":6208,"peak_within_admitted_budget":true,"admission_mode":"conditional_map","hal_bytes_per_call_amortized":3660.9,"process_rss_kb":7012,"process_rss_delta_init_kb":604,"max_active_calls":1,"active_calls_now":0,"call_counter_balanced":true}
.EVS Port1 1980-012-14:31:28.76451 66/1/AI_LEARNER 4: AI_LEARNER completed=199/199 mean=25205.0us max=97261.7us hal_peak=6208 within_bounded=1
{"app":"AI_LEARNER","stage":"run","model":"b3_deepae","target":"aarch64-unknown-linux-gnu","attempted":199,"completed":199,"fail_input":0,"fail_invoke":0,"fail_output":0,"mean_us":25205.03,"max_us":97261.71,"last_us":33065.44,"out0":-34.89132,"out_elems":640,"out_sha256":"7763b1b4e316064ecc3a1eec43afdc04dbae44f8c1f789188132c9d6c8250412","out_head":[-34.891319,-19.254387,-10.698231,-6.055479,-3.156272,1.490048],"out_tail":[-19.599941,-18.188206,-18.764072,-20.379299,-29.050501,-42.499268],"out_full_file":"/cf/last_out.json","out_full_file_bytes":7046,"out_full_file_reason":"ok","out_record_truncates":false}
{"app":"AI_LEARNER","stage":"mem","model":"b3_deepae","target":"aarch64-unknown-linux-gnu","completed":199,"hal_peak":6208,"peak_within_bounded":true,"admitted_budget_bytes":6208,"peak_within_admitted_budget":true,"admission_mode":"conditional_map","hal_bytes_per_call_amortized":3660.9,"process_rss_kb":7012,"process_rss_delta_init_kb":604,"max_active_calls":1,"active_calls_now":0,"call_counter_balanced":true}
EVS Port1 1980-012-14:31:32.74992 66/1/AI_LEARNER 4: AI_LEARNER completed=200/200 mean=25180.7us max=97261.7us hal_peak=6208 within_bounded=1
{"app":"AI_LEARNER","stage":"run","model":"b3_deepae","target":"aarch64-unknown-linux-gnu","attempted":200,"completed":200,"fail_input":0,"fail_invoke":0,"fail_output":0,"mean_us":25180.67,"max_us":97261.71,"last_us":20334.58,"out0":-34.89132,"out_elems":640,"out_sha256":"7763b1b4e316064ecc3a1eec43afdc04dbae44f8c1f789188132c9d6c8250412","out_head":[-34.891319,-19.254387,-10.698231,-6.055479,-3.156272,1.490048],"out_tail":[-19.599941,-18.188206,-18.764072,-20.379299,-29.050501,-42.499268],"out_full_file":"/cf/last_out.json","out_full_file_bytes":7046,"out_full_file_reason":"ok","out_record_truncates":false}
{"app":"AI_LEARNER","stage":"mem","model":"b3_deepae","target":"aarch64-unknown-linux-gnu","completed":200,"hal_peak":6208,"peak_within_bounded":true,"admitted_budget_bytes":6208,"peak_within_admitted_budget":true,"admission_mode":"conditional_map","hal_bytes_per_call_amortized":3660.8,"process_rss_kb":7012,"process_rss_delta_init_kb":604,"max_active_calls":1,"active_calls_now":0,"call_counter_balanced":true}
.EVS Port1 1980-012-14:31:36.76715 66/1/AI_LEARNER 4: AI_LEARNER completed=201/201 mean=25202.5us max=97261.7us hal_peak=6208 within_bounded=1
{"app":"AI_LEARNER","stage":"run","model":"b3_deepae","target":"aarch64-unknown-linux-gnu","attempted":201,"completed":201,"fail_input":0,"fail_invoke":0,"fail_output":0,"mean_us":25202.46,"max_us":97261.71,"last_us":29560.75,"out0":-34.89132,"out_elems":640,"out_sha256":"7763b1b4e316064ecc3a1eec43afdc04dbae44f8c1f789188132c9d6c8250412","out_head":[-34.891319,-19.254387,-10.698231,-6.055479,-3.156272,1.490048],"out_tail":[-19.599941,-18.188206,-18.764072,-20.379299,-29.050501,-42.499268],"out_full_file":"/cf/last_out.json","out_full_file_bytes":7046,"out_full_file_reason":"ok","out_record_truncates":false}
{"app":"AI_LEARNER","stage":"mem","model":"b3_deepae","target":"aarch64-unknown-linux-gnu","completed":201,"hal_peak":6208,"peak_within_bounded":true,"admitted_budget_bytes":6208,"peak_within_admitted_budget":true,"admission_mode":"conditional_map","hal_bytes_per_call_amortized":3660.7,"process_rss_kb":7012,"process_rss_delta_init_kb":604,"max_active_calls":1,"active_calls_now":0,"call_counter_balanced":true}
.EVS Port1 1980-012-14:31:40.80348 66/1/AI_LEARNER 4: AI_LEARNER completed=202/202 mean=25164.7us max=97261.7us hal_peak=6208 within_bounded=1
{"app":"AI_LEARNER","stage":"run","model":"b3_deepae","target":"aarch64-unknown-linux-gnu","attempted":202,"completed":202,"fail_input":0,"fail_invoke":0,"fail_output":0,"mean_us":25164.74,"max_us":97261.71,"last_us":17581.18,"out0":-34.89132,"out_elems":640,"out_sha256":"7763b1b4e316064ecc3a1eec43afdc04dbae44f8c1f789188132c9d6c8250412","out_head":[-34.891319,-19.254387,-10.698231,-6.055479,-3.156272,1.490048],"out_tail":[-19.599941,-18.188206,-18.764072,-20.379299,-29.050501,-42.499268],"out_full_file":"/cf/last_out.json","out_full_file_bytes":7046,"out_full_file_reason":"ok","out_record_truncates":false}
{"app":"AI_LEARNER","stage":"mem","model":"b3_deepae","target":"aarch64-unknown-linux-gnu","completed":202,"hal_peak":6208,"peak_within_bounded":true,"admitted_budget_bytes":6208,"peak_within_admitted_budget":true,"admission_mode":"conditional_map","hal_bytes_per_call_amortized":3660.7,"process_rss_kb":7012,"process_rss_delta_init_kb":604,"max_active_calls":1,"active_calls_now":0,"call_counter_balanced":true}
EVS Port1 1980-012-14:31:42.00321 66/1/CFE_TIME 21: Stop FLYWHEEL
EVS Port1 1980-012-14:31:43.00021 66/1/CFE_TIME 20: Start FLYWHEEL
EVS Port1 1980-012-14:31:44.79586 66/1/AI_LEARNER 4: AI_LEARNER completed=203/203 mean=25223.3us max=97261.7us hal_peak=6208 within_bounded=1
{"app":"AI_LEARNER","stage":"run","model":"b3_deepae","target":"aarch64-unknown-linux-gnu","attempted":203,"completed":203,"fail_input":0,"fail_invoke":0,"fail_output":0,"mean_us":25223.31,"max_us":97261.71,"last_us":37054.86,"out0":-34.89132,"out_elems":640,"out_sha256":"7763b1b4e316064ecc3a1eec43afdc04dbae44f8c1f789188132c9d6c8250412","out_head":[-34.891319,-19.254387,-10.698231,-6.055479,-3.156272,1.490048],"out_tail":[-19.599941,-18.188206,-18.764072,-20.379299,-29.050501,-42.499268],"out_full_file":"/cf/last_out.json","out_full_file_bytes":7046,"out_full_file_reason":"ok","out_record_truncates":false}
{"app":"AI_LEARNER","stage":"mem","model":"b3_deepae","target":"aarch64-unknown-linux-gnu","completed":203,"hal_peak":6208,"peak_within_bounded":true,"admitted_budget_bytes":6208,"peak_within_admitted_budget":true,"admission_mode":"conditional_map","hal_bytes_per_call_amortized":3660.6,"process_rss_kb":7012,"process_rss_delta_init_kb":604,"max_active_calls":1,"active_calls_now":0,"call_counter_balanced":true}
.EVS Port1 1980-012-14:31:48.74708 66/1/AI_LEARNER 4: AI_LEARNER completed=204/204 mean=25177.5us max=97261.7us hal_peak=6208 within_bounded=1
{"app":"AI_LEARNER","stage":"run","model":"b3_deepae","target":"aarch64-unknown-linux-gnu","attempted":204,"completed":204,"fail_input":0,"fail_invoke":0,"fail_output":0,"mean_us":25177.55,"max_us":97261.71,"last_us":15888.70,"out0":-34.89132,"out_elems":640,"out_sha256":"7763b1b4e316064ecc3a1eec43afdc04dbae44f8c1f789188132c9d6c8250412","out_head":[-34.891319,-19.254387,-10.698231,-6.055479,-3.156272,1.490048],"out_tail":[-19.599941,-18.188206,-18.764072,-20.379299,-29.050501,-42.499268],"out_full_file":"/cf/last_out.json","out_full_file_bytes":7046,"out_full_file_reason":"ok","out_record_truncates":false}
{"app":"AI_LEARNER","stage":"mem","model":"b3_deepae","target":"aarch64-unknown-linux-gnu","completed":204,"hal_peak":6208,"peak_within_bounded":true,"admitted_budget_bytes":6208,"peak_within_admitted_budget":true,"admission_mode":"conditional_map","hal_bytes_per_call_amortized":3660.5,"process_rss_kb":7012,"process_rss_delta_init_kb":604,"max_active_calls":1,"active_calls_now":0,"call_counter_balanced":true}
.EVS Port1 1980-012-14:31:52.91389 66/1/AI_LEARNER 4: AI_LEARNER completed=205/205 mean=25710.6us max=134445.1us hal_peak=6208 within_bounded=1
{"app":"AI_LEARNER","stage":"run","model":"b3_deepae","target":"aarch64-unknown-linux-gnu","attempted":205,"completed":205,"fail_input":0,"fail_invoke":0,"fail_output":0,"mean_us":25710.56,"max_us":134445.09,"last_us":134445.09,"out0":-34.89132,"out_elems":640,"out_sha256":"7763b1b4e316064ecc3a1eec43afdc04dbae44f8c1f789188132c9d6c8250412","out_head":[-34.891319,-19.254387,-10.698231,-6.055479,-3.156272,1.490048],"out_tail":[-19.599941,-18.188206,-18.764072,-20.379299,-29.050501,-42.499268],"out_full_file":"/cf/last_out.json","out_full_file_bytes":7046,"out_full_file_reason":"ok","out_record_truncates":false}
{"app":"AI_LEARNER","stage":"mem","model":"b3_deepae","target":"aarch64-unknown-linux-gnu","completed":205,"hal_peak":6208,"peak_within_bounded":true,"admitted_budget_bytes":6208,"peak_within_admitted_budget":true,"admission_mode":"conditional_map","hal_bytes_per_call_amortized":3660.5,"process_rss_kb":7012,"process_rss_delta_init_kb":604,"max_active_calls":1,"active_calls_now":0,"call_counter_balanced":true}
EVS Port1 1980-012-14:31:56.76025 66/1/AI_LEARNER 4: AI_LEARNER completed=206/206 mean=25711.5us max=134445.1us hal_peak=6208 within_bounded=1
{"app":"AI_LEARNER","stage":"run","model":"b3_deepae","target":"aarch64-unknown-linux-gnu","attempted":206,"completed":206,"fail_input":0,"fail_invoke":0,"fail_output":0,"mean_us":25711.51,"max_us":134445.09,"last_us":25906.51,"out0":-34.89132,"out_elems":640,"out_sha256":"7763b1b4e316064ecc3a1eec43afdc04dbae44f8c1f789188132c9d6c8250412","out_head":[-34.891319,-19.254387,-10.698231,-6.055479,-3.156272,1.490048],"out_tail":[-19.599941,-18.188206,-18.764072,-20.379299,-29.050501,-42.499268],"out_full_file":"/cf/last_out.json","out_full_file_bytes":7046,"out_full_file_reason":"ok","out_record_truncates":false}
{"app":"AI_LEARNER","stage":"mem","model":"b3_deepae","target":"aarch64-unknown-linux-gnu","completed":206,"hal_peak":6208,"peak_within_bounded":true,"admitted_budget_bytes":6208,"peak_within_admitted_budget":true,"admission_mode":"conditional_map","hal_bytes_per_call_amortized":3660.4,"process_rss_kb":7012,"process_rss_delta_init_kb":604,"max_active_calls":1,"active_calls_now":0,"call_counter_balanced":true}
.EVS Port1 1980-012-14:32:00.79237 66/1/AI_LEARNER 4: AI_LEARNER completed=207/207 mean=25735.1us max=134445.1us hal_peak=6208 within_bounded=1
{"app":"AI_LEARNER","stage":"run","model":"b3_deepae","target":"aarch64-unknown-linux-gnu","attempted":207,"completed":207,"fail_input":0,"fail_invoke":0,"fail_output":0,"mean_us":25735.11,"max_us":134445.09,"last_us":30595.41,"out0":-34.89132,"out_elems":640,"out_sha256":"7763b1b4e316064ecc3a1eec43afdc04dbae44f8c1f789188132c9d6c8250412","out_head":[-34.891319,-19.254387,-10.698231,-6.055479,-3.156272,1.490048],"out_tail":[-19.599941,-18.188206,-18.764072,-20.379299,-29.050501,-42.499268],"out_full_file":"/cf/last_out.json","out_full_file_bytes":7046,"out_full_file_reason":"ok","out_record_truncates":false}
{"app":"AI_LEARNER","stage":"mem","model":"b3_deepae","target":"aarch64-unknown-linux-gnu","completed":207,"hal_peak":6208,"peak_within_bounded":true,"admitted_budget_bytes":6208,"peak_within_admitted_budget":true,"admission_mode":"conditional_map","hal_bytes_per_call_amortized":3660.4,"process_rss_kb":7012,"process_rss_delta_init_kb":604,"max_active_calls":1,"active_calls_now":0,"call_counter_balanced":true}
.EVS Port1 1980-012-14:32:04.74241 66/1/AI_LEARNER 4: AI_LEARNER completed=208/208 mean=25668.8us max=134445.1us hal_peak=6208 within_bounded=1
{"app":"AI_LEARNER","stage":"run","model":"b3_deepae","target":"aarch64-unknown-linux-gnu","attempted":208,"completed":208,"fail_input":0,"fail_invoke":0,"fail_output":0,"mean_us":25668.78,"max_us":134445.09,"last_us":11939.58,"out0":-34.89132,"out_elems":640,"out_sha256":"7763b1b4e316064ecc3a1eec43afdc04dbae44f8c1f789188132c9d6c8250412","out_head":[-34.891319,-19.254387,-10.698231,-6.055479,-3.156272,1.490048],"out_tail":[-19.599941,-18.188206,-18.764072,-20.379299,-29.050501,-42.499268],"out_full_file":"/cf/last_out.json","out_full_file_bytes":7046,"out_full_file_reason":"ok","out_record_truncates":false}
{"app":"AI_LEARNER","stage":"mem","model":"b3_deepae","target":"aarch64-unknown-linux-gnu","completed":208,"hal_peak":6208,"peak_within_bounded":true,"admitted_budget_bytes":6208,"peak_within_admitted_budget":true,"admission_mode":"conditional_map","hal_bytes_per_call_amortized":3660.3,"process_rss_kb":7012,"process_rss_delta_init_kb":604,"max_active_calls":1,"active_calls_now":0,"call_counter_balanced":true}
EVS Port1 1980-012-14:32:08.77465 66/1/AI_LEARNER 4: AI_LEARNER completed=209/209 mean=25753.3us max=134445.1us hal_peak=6208 within_bounded=1
{"app":"AI_LEARNER","stage":"run","model":"b3_deepae","target":"aarch64-unknown-linux-gnu","attempted":209,"completed":209,"fail_input":0,"fail_invoke":0,"fail_output":0,"mean_us":25753.29,"max_us":134445.09,"last_us":43330.27,"out0":-34.89132,"out_elems":640,"out_sha256":"7763b1b4e316064ecc3a1eec43afdc04dbae44f8c1f789188132c9d6c8250412","out_head":[-34.891319,-19.254387,-10.698231,-6.055479,-3.156272,1.490048],"out_tail":[-19.599941,-18.188206,-18.764072,-20.379299,-29.050501,-42.499268],"out_full_file":"/cf/last_out.json","out_full_file_bytes":7046,"out_full_file_reason":"ok","out_record_truncates":false}
{"app":"AI_LEARNER","stage":"mem","model":"b3_deepae","target":"aarch64-unknown-linux-gnu","completed":209,"hal_peak":6208,"peak_within_bounded":true,"admitted_budget_bytes":6208,"peak_within_admitted_budget":true,"admission_mode":"conditional_map","hal_bytes_per_call_amortized":3660.2,"process_rss_kb":7012,"process_rss_delta_init_kb":604,"max_active_calls":1,"active_calls_now":0,"call_counter_balanced":true}
.EVS Port1 1980-012-14:32:10.00315 66/1/CFE_TIME 21: Stop FLYWHEEL
EVS Port1 1980-012-14:32:11.00329 66/1/CFE_TIME 20: Start FLYWHEEL
EVS Port1 1980-012-14:32:12.77467 66/1/AI_LEARNER 4: AI_LEARNER completed=210/210 mean=25810.8us max=134445.1us hal_peak=6208 within_bounded=1
{"app":"AI_LEARNER","stage":"run","model":"b3_deepae","target":"aarch64-unknown-linux-gnu","attempted":210,"completed":210,"fail_input":0,"fail_invoke":0,"fail_output":0,"mean_us":25810.82,"max_us":134445.09,"last_us":37834.74,"out0":-34.89132,"out_elems":640,"out_sha256":"7763b1b4e316064ecc3a1eec43afdc04dbae44f8c1f789188132c9d6c8250412","out_head":[-34.891319,-19.254387,-10.698231,-6.055479,-3.156272,1.490048],"out_tail":[-19.599941,-18.188206,-18.764072,-20.379299,-29.050501,-42.499268],"out_full_file":"/cf/last_out.json","out_full_file_bytes":7046,"out_full_file_reason":"ok","out_record_truncates":false}
{"app":"AI_LEARNER","stage":"mem","model":"b3_deepae","target":"aarch64-unknown-linux-gnu","completed":210,"hal_peak":6208,"peak_within_bounded":true,"admitted_budget_bytes":6208,"peak_within_admitted_budget":true,"admission_mode":"conditional_map","hal_bytes_per_call_amortized":3660.2,"process_rss_kb":7012,"process_rss_delta_init_kb":604,"max_active_calls":1,"active_calls_now":0,"call_counter_balanced":true}
.EVS Port1 1980-012-14:32:16.73133 66/1/AI_LEARNER 4: AI_LEARNER completed=211/211 mean=25751.2us max=134445.1us hal_peak=6208 within_bounded=1
{"app":"AI_LEARNER","stage":"run","model":"b3_deepae","target":"aarch64-unknown-linux-gnu","attempted":211,"completed":211,"fail_input":0,"fail_invoke":0,"fail_output":0,"mean_us":25751.18,"max_us":134445.09,"last_us":13227.38,"out0":-34.89132,"out_elems":640,"out_sha256":"7763b1b4e316064ecc3a1eec43afdc04dbae44f8c1f789188132c9d6c8250412","out_head":[-34.891319,-19.254387,-10.698231,-6.055479,-3.156272,1.490048],"out_tail":[-19.599941,-18.188206,-18.764072,-20.379299,-29.050501,-42.499268],"out_full_file":"/cf/last_out.json","out_full_file_bytes":7046,"out_full_file_reason":"ok","out_record_truncates":false}
{"app":"AI_LEARNER","stage":"mem","model":"b3_deepae","target":"aarch64-unknown-linux-gnu","completed":211,"hal_peak":6208,"peak_within_bounded":true,"admitted_budget_bytes":6208,"peak_within_admitted_budget":true,"admission_mode":"conditional_map","hal_bytes_per_call_amortized":3660.1,"process_rss_kb":7012,"process_rss_delta_init_kb":604,"max_active_calls":1,"active_calls_now":0,"call_counter_balanced":true}
EVS Port1 1980-012-14:32:20.75529 66/1/AI_LEARNER 4: AI_LEARNER completed=212/212 mean=25720.6us max=134445.1us hal_peak=6208 within_bounded=1
{"app":"AI_LEARNER","stage":"run","model":"b3_deepae","target":"aarch64-unknown-linux-gnu","attempted":212,"completed":212,"fail_input":0,"fail_invoke":0,"fail_output":0,"mean_us":25720.63,"max_us":134445.09,"last_us":19273.87,"out0":-34.89132,"out_elems":640,"out_sha256":"7763b1b4e316064ecc3a1eec43afdc04dbae44f8c1f789188132c9d6c8250412","out_head":[-34.891319,-19.254387,-10.698231,-6.055479,-3.156272,1.490048],"out_tail":[-19.599941,-18.188206,-18.764072,-20.379299,-29.050501,-42.499268],"out_full_file":"/cf/last_out.json","out_full_file_bytes":7046,"out_full_file_reason":"ok","out_record_truncates":false}
{"app":"AI_LEARNER","stage":"mem","model":"b3_deepae","target":"aarch64-unknown-linux-gnu","completed":212,"hal_peak":6208,"peak_within_bounded":true,"admitted_budget_bytes":6208,"peak_within_admitted_budget":true,"admission_mode":"conditional_map","hal_bytes_per_call_amortized":3660.1,"process_rss_kb":7012,"process_rss_delta_init_kb":604,"max_active_calls":1,"active_calls_now":0,"call_counter_balanced":true}
EVS Port1 1980-012-14:32:20.00350 66/1/CFE_TIME 21: Stop FLYWHEEL
.EVS Port1 1980-012-14:32:20.99960 66/1/CFE_TIME 20: Start FLYWHEEL
EVS Port1 1980-012-14:32:23.79368 66/1/AI_LEARNER 4: AI_LEARNER completed=213/213 mean=25843.2us max=134445.1us hal_peak=6208 within_bounded=1
{"app":"AI_LEARNER","stage":"run","model":"b3_deepae","target":"aarch64-unknown-linux-gnu","attempted":213,"completed":213,"fail_input":0,"fail_invoke":0,"fail_output":0,"mean_us":25843.21,"max_us":134445.09,"last_us":51831.57,"out0":-34.89132,"out_elems":640,"out_sha256":"7763b1b4e316064ecc3a1eec43afdc04dbae44f8c1f789188132c9d6c8250412","out_head":[-34.891319,-19.254387,-10.698231,-6.055479,-3.156272,1.490048],"out_tail":[-19.599941,-18.188206,-18.764072,-20.379299,-29.050501,-42.499268],"out_full_file":"/cf/last_out.json","out_full_file_bytes":7046,"out_full_file_reason":"ok","out_record_truncates":false}
{"app":"AI_LEARNER","stage":"mem","model":"b3_deepae","target":"aarch64-unknown-linux-gnu","completed":213,"hal_peak":6208,"peak_within_bounded":true,"admitted_budget_bytes":6208,"peak_within_admitted_budget":true,"admission_mode":"conditional_map","hal_bytes_per_call_amortized":3660.0,"process_rss_kb":7012,"process_rss_delta_init_kb":604,"max_active_calls":1,"active_calls_now":0,"call_counter_balanced":true}
.EVS Port1 1980-012-14:32:27.74006 66/1/AI_LEARNER 4: AI_LEARNER completed=214/214 mean=25774.1us max=134445.1us hal_peak=6208 within_bounded=1
{"app":"AI_LEARNER","stage":"run","model":"b3_deepae","target":"aarch64-unknown-linux-gnu","attempted":214,"completed":214,"fail_input":0,"fail_invoke":0,"fail_output":0,"mean_us":25774.07,"max_us":134445.09,"last_us":11045.66,"out0":-34.89132,"out_elems":640,"out_sha256":"7763b1b4e316064ecc3a1eec43afdc04dbae44f8c1f789188132c9d6c8250412","out_head":[-34.891319,-19.254387,-10.698231,-6.055479,-3.156272,1.490048],"out_tail":[-19.599941,-18.188206,-18.764072,-20.379299,-29.050501,-42.499268],"out_full_file":"/cf/last_out.json","out_full_file_bytes":7046,"out_full_file_reason":"ok","out_record_truncates":false}
{"app":"AI_LEARNER","stage":"mem","model":"b3_deepae","target":"aarch64-unknown-linux-gnu","completed":214,"hal_peak":6208,"peak_within_bounded":true,"admitted_budget_bytes":6208,"peak_within_admitted_budget":true,"admission_mode":"conditional_map","hal_bytes_per_call_amortized":3660.0,"process_rss_kb":7012,"process_rss_delta_init_kb":604,"max_active_calls":1,"active_calls_now":0,"call_counter_balanced":true}
EVS Port1 1980-012-14:32:31.75276 66/1/AI_LEARNER 4: AI_LEARNER completed=215/215 mean=25773.9us max=134445.1us hal_peak=6208 within_bounded=1
{"app":"AI_LEARNER","stage":"run","model":"b3_deepae","target":"aarch64-unknown-linux-gnu","attempted":215,"completed":215,"fail_input":0,"fail_invoke":0,"fail_output":0,"mean_us":25773.87,"max_us":134445.09,"last_us":25732.03,"out0":-34.89132,"out_elems":640,"out_sha256":"7763b1b4e316064ecc3a1eec43afdc04dbae44f8c1f789188132c9d6c8250412","out_head":[-34.891319,-19.254387,-10.698231,-6.055479,-3.156272,1.490048],"out_tail":[-19.599941,-18.188206,-18.764072,-20.379299,-29.050501,-42.499268],"out_full_file":"/cf/last_out.json","out_full_file_bytes":7046,"out_full_file_reason":"ok","out_record_truncates":false}
{"app":"AI_LEARNER","stage":"mem","model":"b3_deepae","target":"aarch64-unknown-linux-gnu","completed":215,"hal_peak":6208,"peak_within_bounded":true,"admitted_budget_bytes":6208,"peak_within_admitted_budget":true,"admission_mode":"conditional_map","hal_bytes_per_call_amortized":3659.9,"process_rss_kb":7012,"process_rss_delta_init_kb":604,"max_active_calls":1,"active_calls_now":0,"call_counter_balanced":true}
.EVS Port1 1980-012-14:32:35.78187 66/1/AI_LEARNER 4: AI_LEARNER completed=216/216 mean=25848.5us max=134445.1us hal_peak=6208 within_bounded=1
{"app":"AI_LEARNER","stage":"run","model":"b3_deepae","target":"aarch64-unknown-linux-gnu","attempted":216,"completed":216,"fail_input":0,"fail_invoke":0,"fail_output":0,"mean_us":25848.54,"max_us":134445.09,"last_us":41901.79,"out0":-34.89132,"out_elems":640,"out_sha256":"7763b1b4e316064ecc3a1eec43afdc04dbae44f8c1f789188132c9d6c8250412","out_head":[-34.891319,-19.254387,-10.698231,-6.055479,-3.156272,1.490048],"out_tail":[-19.599941,-18.188206,-18.764072,-20.379299,-29.050501,-42.499268],"out_full_file":"/cf/last_out.json","out_full_file_bytes":7046,"out_full_file_reason":"ok","out_record_truncates":false}
{"app":"AI_LEARNER","stage":"mem","model":"b3_deepae","target":"aarch64-unknown-linux-gnu","completed":216,"hal_peak":6208,"peak_within_bounded":true,"admitted_budget_bytes":6208,"peak_within_admitted_budget":true,"admission_mode":"conditional_map","hal_bytes_per_call_amortized":3659.9,"process_rss_kb":7012,"process_rss_delta_init_kb":604,"max_active_calls":1,"active_calls_now":0,"call_counter_balanced":true}
.EVS Port1 1980-012-14:32:39.75787 66/1/AI_LEARNER 4: AI_LEARNER completed=217/217 mean=25824.8us max=134445.1us hal_peak=6208 within_bounded=1
{"app":"AI_LEARNER","stage":"run","model":"b3_deepae","target":"aarch64-unknown-linux-gnu","attempted":217,"completed":217,"fail_input":0,"fail_invoke":0,"fail_output":0,"mean_us":25824.83,"max_us":134445.09,"last_us":20704.22,"out0":-34.89132,"out_elems":640,"out_sha256":"7763b1b4e316064ecc3a1eec43afdc04dbae44f8c1f789188132c9d6c8250412","out_head":[-34.891319,-19.254387,-10.698231,-6.055479,-3.156272,1.490048],"out_tail":[-19.599941,-18.188206,-18.764072,-20.379299,-29.050501,-42.499268],"out_full_file":"/cf/last_out.json","out_full_file_bytes":7046,"out_full_file_reason":"ok","out_record_truncates":false}
{"app":"AI_LEARNER","stage":"mem","model":"b3_deepae","target":"aarch64-unknown-linux-gnu","completed":217,"hal_peak":6208,"peak_within_bounded":true,"admitted_budget_bytes":6208,"peak_within_admitted_budget":true,"admission_mode":"conditional_map","hal_bytes_per_call_amortized":3659.8,"process_rss_kb":7012,"process_rss_delta_init_kb":604,"max_active_calls":1,"active_calls_now":0,"call_counter_balanced":true}
EVS Port1 1980-012-14:32:43.79850 66/1/AI_LEARNER 4: AI_LEARNER completed=218/218 mean=25864.0us max=134445.1us hal_peak=6208 within_bounded=1
{"app":"AI_LEARNER","stage":"run","model":"b3_deepae","target":"aarch64-unknown-linux-gnu","attempted":218,"completed":218,"fail_input":0,"fail_invoke":0,"fail_output":0,"mean_us":25863.96,"max_us":134445.09,"last_us":34354.58,"out0":-34.89132,"out_elems":640,"out_sha256":"7763b1b4e316064ecc3a1eec43afdc04dbae44f8c1f789188132c9d6c8250412","out_head":[-34.891319,-19.254387,-10.698231,-6.055479,-3.156272,1.490048],"out_tail":[-19.599941,-18.188206,-18.764072,-20.379299,-29.050501,-42.499268],"out_full_file":"/cf/last_out.json","out_full_file_bytes":7046,"out_full_file_reason":"ok","out_record_truncates":false}
{"app":"AI_LEARNER","stage":"mem","model":"b3_deepae","target":"aarch64-unknown-linux-gnu","completed":218,"hal_peak":6208,"peak_within_bounded":true,"admitted_budget_bytes":6208,"peak_within_admitted_budget":true,"admission_mode":"conditional_map","hal_bytes_per_call_amortized":3659.7,"process_rss_kb":7012,"process_rss_delta_init_kb":604,"max_active_calls":1,"active_calls_now":0,"call_counter_balanced":true}
.EVS Port1 1980-012-14:32:47.76959 66/1/AI_LEARNER 4: AI_LEARNER completed=219/219 mean=25912.6us max=134445.1us hal_peak=6208 within_bounded=1
{"app":"AI_LEARNER","stage":"run","model":"b3_deepae","target":"aarch64-unknown-linux-gnu","attempted":219,"completed":219,"fail_input":0,"fail_invoke":0,"fail_output":0,"mean_us":25912.60,"max_us":134445.09,"last_us":36516.18,"out0":-34.89132,"out_elems":640,"out_sha256":"7763b1b4e316064ecc3a1eec43afdc04dbae44f8c1f789188132c9d6c8250412","out_head":[-34.891319,-19.254387,-10.698231,-6.055479,-3.156272,1.490048],"out_tail":[-19.599941,-18.188206,-18.764072,-20.379299,-29.050501,-42.499268],"out_full_file":"/cf/last_out.json","out_full_file_bytes":7046,"out_full_file_reason":"ok","out_record_truncates":false}
{"app":"AI_LEARNER","stage":"mem","model":"b3_deepae","target":"aarch64-unknown-linux-gnu","completed":219,"hal_peak":6208,"peak_within_bounded":true,"admitted_budget_bytes":6208,"peak_within_admitted_budget":true,"admission_mode":"conditional_map","hal_bytes_per_call_amortized":3659.7,"process_rss_kb":7012,"process_rss_delta_init_kb":604,"max_active_calls":1,"active_calls_now":0,"call_counter_balanced":true}
.EVS Port1 1980-012-14:32:51.76306 66/1/AI_LEARNER 4: AI_LEARNER completed=220/220 mean=25921.6us max=134445.1us hal_peak=6208 within_bounded=1
{"app":"AI_LEARNER","stage":"run","model":"b3_deepae","target":"aarch64-unknown-linux-gnu","attempted":220,"completed":220,"fail_input":0,"fail_invoke":0,"fail_output":0,"mean_us":25921.58,"max_us":134445.09,"last_us":27888.96,"out0":-34.89132,"out_elems":640,"out_sha256":"7763b1b4e316064ecc3a1eec43afdc04dbae44f8c1f789188132c9d6c8250412","out_head":[-34.891319,-19.254387,-10.698231,-6.055479,-3.156272,1.490048],"out_tail":[-19.599941,-18.188206,-18.764072,-20.379299,-29.050501,-42.499268],"out_full_file":"/cf/last_out.json","out_full_file_bytes":7046,"out_full_file_reason":"ok","out_record_truncates":false}
{"app":"AI_LEARNER","stage":"mem","model":"b3_deepae","target":"aarch64-unknown-linux-gnu","completed":220,"hal_peak":6208,"peak_within_bounded":true,"admitted_budget_bytes":6208,"peak_within_admitted_budget":true,"admission_mode":"conditional_map","hal_bytes_per_call_amortized":3659.6,"process_rss_kb":7012,"process_rss_delta_init_kb":604,"max_active_calls":1,"active_calls_now":0,"call_counter_balanced":true}
EVS Port1 1980-012-14:32:55.76612 66/1/AI_LEARNER 4: AI_LEARNER completed=221/221 mean=25949.0us max=134445.1us hal_peak=6208 within_bounded=1
{"app":"AI_LEARNER","stage":"run","model":"b3_deepae","target":"aarch64-unknown-linux-gnu","attempted":221,"completed":221,"fail_input":0,"fail_invoke":0,"fail_output":0,"mean_us":25948.98,"max_us":134445.09,"last_us":31977.58,"out0":-34.89132,"out_elems":640,"out_sha256":"7763b1b4e316064ecc3a1eec43afdc04dbae44f8c1f789188132c9d6c8250412","out_head":[-34.891319,-19.254387,-10.698231,-6.055479,-3.156272,1.490048],"out_tail":[-19.599941,-18.188206,-18.764072,-20.379299,-29.050501,-42.499268],"out_full_file":"/cf/last_out.json","out_full_file_bytes":7046,"out_full_file_reason":"ok","out_record_truncates":false}
{"app":"AI_LEARNER","stage":"mem","model":"b3_deepae","target":"aarch64-unknown-linux-gnu","completed":221,"hal_peak":6208,"peak_within_bounded":true,"admitted_budget_bytes":6208,"peak_within_admitted_budget":true,"admission_mode":"conditional_map","hal_bytes_per_call_amortized":3659.6,"process_rss_kb":7012,"process_rss_delta_init_kb":604,"max_active_calls":1,"active_calls_now":0,"call_counter_balanced":true}
.EVS Port1 1980-012-14:32:59.75335 66/1/AI_LEARNER 4: AI_LEARNER completed=222/222 mean=25942.0us max=134445.1us hal_peak=6208 within_bounded=1
{"app":"AI_LEARNER","stage":"run","model":"b3_deepae","target":"aarch64-unknown-linux-gnu","attempted":222,"completed":222,"fail_input":0,"fail_invoke":0,"fail_output":0,"mean_us":25942.04,"max_us":134445.09,"last_us":24406.96,"out0":-34.89132,"out_elems":640,"out_sha256":"7763b1b4e316064ecc3a1eec43afdc04dbae44f8c1f789188132c9d6c8250412","out_head":[-34.891319,-19.254387,-10.698231,-6.055479,-3.156272,1.490048],"out_tail":[-19.599941,-18.188206,-18.764072,-20.379299,-29.050501,-42.499268],"out_full_file":"/cf/last_out.json","out_full_file_bytes":7046,"out_full_file_reason":"ok","out_record_truncates":false}
{"app":"AI_LEARNER","stage":"mem","model":"b3_deepae","target":"aarch64-unknown-linux-gnu","completed":222,"hal_peak":6208,"peak_within_bounded":true,"admitted_budget_bytes":6208,"peak_within_admitted_budget":true,"admission_mode":"conditional_map","hal_bytes_per_call_amortized":3659.5,"process_rss_kb":7012,"process_rss_delta_init_kb":604,"max_active_calls":1,"active_calls_now":0,"call_counter_balanced":true}
.EVS Port1 1980-012-14:33:03.78399 66/1/AI_LEARNER 4: AI_LEARNER completed=223/223 mean=25908.2us max=134445.1us hal_peak=6208 within_bounded=1
{"app":"AI_LEARNER","stage":"run","model":"b3_deepae","target":"aarch64-unknown-linux-gnu","attempted":223,"completed":223,"fail_input":0,"fail_invoke":0,"fail_output":0,"mean_us":25908.19,"max_us":134445.09,"last_us":18394.69,"out0":-34.89132,"out_elems":640,"out_sha256":"7763b1b4e316064ecc3a1eec43afdc04dbae44f8c1f789188132c9d6c8250412","out_head":[-34.891319,-19.254387,-10.698231,-6.055479,-3.156272,1.490048],"out_tail":[-19.599941,-18.188206,-18.764072,-20.379299,-29.050501,-42.499268],"out_full_file":"/cf/last_out.json","out_full_file_bytes":7046,"out_full_file_reason":"ok","out_record_truncates":false}
{"app":"AI_LEARNER","stage":"mem","model":"b3_deepae","target":"aarch64-unknown-linux-gnu","completed":223,"hal_peak":6208,"peak_within_bounded":true,"admitted_budget_bytes":6208,"peak_within_admitted_budget":true,"admission_mode":"conditional_map","hal_bytes_per_call_amortized":3659.5,"process_rss_kb":7012,"process_rss_delta_init_kb":604,"max_active_calls":1,"active_calls_now":0,"call_counter_balanced":true}
EVS Port1 1980-012-14:33:07.75009 66/1/AI_LEARNER 4: AI_LEARNER completed=224/224 mean=25890.6us max=134445.1us hal_peak=6208 within_bounded=1
{"app":"AI_LEARNER","stage":"run","model":"b3_deepae","target":"aarch64-unknown-linux-gnu","attempted":224,"completed":224,"fail_input":0,"fail_invoke":0,"fail_output":0,"mean_us":25890.63,"max_us":134445.09,"last_us":21973.92,"out0":-34.89132,"out_elems":640,"out_sha256":"7763b1b4e316064ecc3a1eec43afdc04dbae44f8c1f789188132c9d6c8250412","out_head":[-34.891319,-19.254387,-10.698231,-6.055479,-3.156272,1.490048],"out_tail":[-19.599941,-18.188206,-18.764072,-20.379299,-29.050501,-42.499268],"out_full_file":"/cf/last_out.json","out_full_file_bytes":7046,"out_full_file_reason":"ok","out_record_truncates":false}
{"app":"AI_LEARNER","stage":"mem","model":"b3_deepae","target":"aarch64-unknown-linux-gnu","completed":224,"hal_peak":6208,"peak_within_bounded":true,"admitted_budget_bytes":6208,"peak_within_admitted_budget":true,"admission_mode":"conditional_map","hal_bytes_per_call_amortized":3659.4,"process_rss_kb":7012,"process_rss_delta_init_kb":604,"max_active_calls":1,"active_calls_now":0,"call_counter_balanced":true}
1980-012-14:33:07.94562 CFE_ES_RunExceptionScan: ExceptionID 0x1110001 in TaskID 0: Caught SIGINT
1980-012-14:33:07.94915 CFE_ES_RunExceptionScan: Processor Reset count not reached (1/2)
CFE_PSP: Exiting cFE with PROCESSOR Reset status.

CFE_PSP: Shutdown initiated - Exiting cFE
.CI delete callback -- Closing CI Network socket.
TO delete callback -- Closing TO Network socket.
EXIT=124
