OS_BSP_Initialize():Maximum user msg queue depth = 512
CFE_PSP: Default Reset SubType = 1
CFE_PSP: Default CPU ID = 1
CFE_PSP: Default Spacecraft ID = 66
CFE_PSP: Default CPU Name: cpu1
OS_Posix_GetSchedulerParams():208:Policy 1: available, min-max: 1-99
OS_Posix_GetSchedulerParams():208:Policy 2: available, min-max: 1-99
OS_Posix_TaskAPI_Impl_Init():401:Selected policy 2 for RT tasks, root task = 99
OS_Posix_TaskAPI_Impl_Init():419:Could not setschedparam in main thread: Operation not permitted (1)
CFE_PSP: initializing module 'soft_timebase' with ID 0110ff00
CFE_PSP: Instantiated software timebase 'cFS-Master' running at 10000 usec
CFE_PSP: initializing module 'timebase_posix_clock' with ID 0110ff01
CFE_PSP: Using POSIX monotonic clock as CFE timebase
CFE_PSP: initializing module 'eeprom_mmap_file' with ID 0110ff02
CFE_PSP: Using MMAP simulated EEPROM implementation
CFE_PSP: initializing module 'port_notimpl' with ID 0110ff03
CFE_PSP: I/O Port access not implementedCFE_PSP: EEPROM Range (2) created: Start Address = E5C74B48E000, Size = 00080000 Status = 0

CFE_PSP: initializing module 'iodriver' with ID 0110ff04
CFE_PSP: initializing module 'linux_sysmon' with ID 0110ff05
CFE_PSP: initializing module 'endian_api' with ID 0110ff06
CFE_PSP: Host CPU Endian=LITTLE
CFE_PSP: initializing module 'ram_notimpl' with ID 0110ff07
CFE_PSP: Physical RAM access not implemented
CFE_PSP: Starting the cFE with a POWER ON reset.
CFE_PSP: Clearing out CFE CDS Shared memory segment.
CFE_PSP: Clearing out CFE Reset Shared memory segment.
CFE_PSP: Clearing out CFE User Reserved Shared memory segment.
1980-001-02:57:44.68140 CFE_ES_SetupResetVariables: POWER ON RESET due to Power Cycle (Power Cycle).
1980-001-02:57:44.69100 CFE_ES_Main: CFE_ES_Main in EARLY_INIT state
Number of addresses returned by backtrace = 1
CFE_PSP: CFE_PSP_AttachExceptions called
1980-001-02:57:44.71147 CFE_ES_Main: CFE_ES_Main entering CORE_STARTUP state
1980-001-02:57:44.71172 CFE_ES_CreateObjects: Starting Object Creation calls.
1980-001-02:57:44.71186 CFE_ES_CreateObjects: Calling EarlyInit for CFE_CONFIG
1980-001-02:57:44.71449 CFE_ES_CreateObjects: Calling EarlyInit for CFE_ES
1980-001-02:57:44.71885 CFE_ES_CreateObjects: Calling EarlyInit for CFE_EVS
1980-001-02:57:44.72160 CFE_EVS_EarlyInit: Event Log cleared following power-on reset
1980-001-02:57:44.72266 CFE_ES_CreateObjects: Calling EarlyInit for CFE_FS
1980-001-02:57:44.72289 CFE_ES_CreateObjects: Calling EarlyInit for CFE_SB
1980-001-02:57:44.74193 CFE_ES_CreateObjects: Calling EarlyInit for CFE_TBL
1980-001-02:57:44.76333 CFE_ES_CreateObjects: Calling EarlyInit for CFE_TIME
EVS Port1 1980-012-14:03:20.07484 66/1/CFE_ES 1: cFE ES Initialized: CFE_ES v7.0.1+dev1 (Draco) DEV BUILD, based on v7.0.1, EDS disabled
EVS Port1 1980-012-14:03:20.08016 66/1/CFE_ES 2: cFS Versions: cfe v7.0.1+dev1, osal v7.0.1+dev1, psp v7.0.1+dev1. cFE chksm 31659
EVS Port1 1980-012-14:03:20.08094 66/1/CFE_ES 91: Version Info: Mission SampleMission, version git:v7.0.1-90-g78c23b0-dirty
EVS Port1 1980-012-14:03:20.08221 66/1/CFE_ES 91: Version Info: Module CORE_API, version git:2612eb0
EVS Port1 1980-012-14:03:20.08271 66/1/CFE_ES 91: Version Info: Module CONFIG, version git:2612eb0
EVS Port1 1980-012-14:03:20.08296 66/1/CFE_ES 91: Version Info: Module ES, version git:2612eb0
EVS Port1 1980-012-14:03:20.08316 66/1/CFE_ES 91: Version Info: Module EVS, version git:2612eb0
EVS Port1 1980-012-14:03:20.08422 66/1/CFE_ES 91: Version Info: Module FS, version git:2612eb0
EVS Port1 1980-012-14:03:20.08607 66/1/CFE_ES 91: Version Info: Module SB, version git:2612eb0
EVS Port1 1980-012-14:03:20.08654 66/1/CFE_ES 91: Version Info: Module TBL, version git:2612eb0
EVS Port1 1980-012-14:03:20.08677 66/1/CFE_ES 91: Version Info: Module TIME, version git:2612eb0
EVS Port1 1980-012-14:03:20.08699 66/1/CFE_ES 91: Version Info: Module OSAL, version git:8111e4a
EVS Port1 1980-012-14:03:20.08717 66/1/CFE_ES 91: Version Info: Module PSP, version git:d1da809
EVS Port1 1980-012-14:03:20.08827 66/1/CFE_ES 91: Version Info: Module MSG, version git:2612eb0
EVS Port1 1980-012-14:03:20.08969 66/1/CFE_ES 91: Version Info: Module SBR, version git:2612eb0
EVS Port1 1980-012-14:03:20.08999 66/1/CFE_ES 91: Version Info: Module RESOURCEID, version git:2612eb0
EVS Port1 1980-012-14:03:20.09156 66/1/CFE_ES 92: Build 202609140214 by root@vm, config aarch64
EVS Port1 1980-012-14:03:20.16459 66/1/CFE_EVS 1: cFE EVS Initialized: CFE_EVS v7.0.1+dev1 (Draco) DEV BUILD, based on v7.0.1, EDS disabled
1980-012-14:03:20.26995 CFE_SB_AppInit: Registered 4 events for filtering
EVS Port1 1980-012-14:03:20.27366 66/1/CFE_SB 1: cFE SB Initialized: CFE_SB v7.0.1+dev1 (Draco) DEV BUILD, based on v7.0.1, EDS disabled
EVS Port1 1980-012-14:03:20.27494 66/1/CFE_SB 14: No subscribers for MsgId 0x808,sender CFE_SB
EVS Port1 1980-012-14:03:20.37705 66/1/CFE_TBL 1: cFE TBL Initialized: CFE_TBL v7.0.1+dev1 (Draco) DEV BUILD, based on v7.0.1, EDS disabled
EVS Port1 1980-012-14:03:20.37893 66/1/CFE_SB 14: No subscribers for MsgId 0x808,sender CFE_TBL
EVS Port1 1980-012-14:03:20.49186 66/1/CFE_TIME 1: cFE TIME Initialized: CFE_TIME v7.0.1+dev1 (Draco) DEV BUILD, based on v7.0.1, EDS disabled
EVS Port1 1980-012-14:03:20.49356 66/1/CFE_SB 14: No subscribers for MsgId 0x808,sender CFE_TIME
1980-012-14:03:20.52825 CFE_ES_CreateObjects: Finished ES CreateObject table entries.
1980-012-14:03:20.52890 CFE_ES_Main: CFE_ES_Main entering CORE_READY state
1980-012-14:03:20.53418 CFE_ES_OpenStartupScript: Opened ES App Startup file: /cf/cfe_es_startup.scr
1980-012-14:03:20.56409 CFE_ES_ParseFileEntry: Loading shared library: /cf/cfe_assert.so
1980-012-14:03:20.57749 [BEGIN] CFE FUNCTIONAL TEST
1980-012-14:03:20.57808 [BEGIN] 01 CFE-STARTUP
1980-012-14:03:20.60989 CFE_ES_ParseFileEntry: Loading shared library: /cf/sample_lib.so
SAMPLE Lib Initialized.Sample Lib v7.0.0+dev1 (Draco) DEV BUILD, based on v7.0.1, EDS disabled
1980-012-14:03:20.64455 CFE_ES_ParseFileEntry: Loading file: /cf/sch_lab.so, APP: SCH_LAB
1980-012-14:03:20.68117 CFE_ES_ParseFileEntry: Loading file: /cf/ci_lab.so, APP: CI_LAB
1980-012-14:03:20.72504 CFE_ES_ParseFileEntry: Loading file: /cf/to_lab.so, APP: TO_LAB
SCH Lab Initialized.SCH Lab v7.0.1+dev1 (Draco) DEV BUILD, based on v7.0.1, EDS disabled
1980-012-14:03:20.81403 CFE_ES_ParseFileEntry: Loading file: /cf/sample_app.so, APP: SAMPLE_APP
EVS Port1 1980-012-14:03:20.82011 66/1/TO_LAB 1: TO Lab Initialized.TO Lab v7.0.1+dev1 (Draco) DEV BUILD, based on v7.0.1, EDS disabled, Awaiting enable command.
EVS Port1 1980-012-14:03:20.82192 66/1/CFE_SB 14: No subscribers for MsgId 0x808,sender TO_LAB
1980-012-14:03:20.86721 CI_LAB listening on UDP port: 1234
EVS Port1 1980-012-14:03:20.86856 66/1/CI_LAB 3: CI Lab Initialized.CI Lab App v7.0.1+dev1 (Draco) DEV BUILD, based on v7.0.1, EDS disabled
1980-012-14:03:20.88454 CFE_ES_ParseFileEntry: Loading file: /cf/ai_learner.so, APP: AI_LEARNER
EVS Port1 1980-012-14:03:20.90213 66/1/SAMPLE_APP 1: Sample App Initialized.Sample App v7.0.0+dev1 (Draco) DEV BUILD, based on v7.0.1, EDS disabled
1980-012-14:03:20.92959 CFE_ES_ParseFileEntry: Loading file: /cf/lc.so, APP: LC
1980-012-14:03:20.95506 CFE_ES_ParseFileEntry: Loading file: /cf/cf.so, APP: CF
{"app":"AI_LEARNER","stage":"build_config","model":"b2_resnet","allow_conditional_map":0,"contract_bounded_bytes":618856,"contract_per_call_bytes":309416,"contract_const_bytes":309440,"contract_bound_known":true,"contract_artifact_sha256":"2e0bc7dc67af80b795ff4847292e51326bf7349a34c434755c365faf4457fabb"}
{"app":"AI_LEARNER","stage":"stack","es_stack_size":263376,"stack_base_bytes":262144,"contract_kernel_stack_bytes":1232,"kernel_stack_accounted":true}
EVS Port1 1980-012-14:03:20.97477 66/1/AI_LEARNER 8: AI_LEARNER stack: es=263376 base=262144 kernel=1232 accounted=1
{"app":"AI_LEARNER","stage":"admission","verdict":"ADMIT","model":"b2_resnet","target":"aarch64-unknown-linux-gnu","bounded":618856,"budget":618856,"budget_source":"override","per_call":309416,"constants":309440,"kernel_stack_bytes":1232,"bound_known":true,"scope":"per_app_local_budget"}
{"app":"AI_LEARNER","stage":"blob_align","requested_offset":8,"state":"applied","module_ptr_mod64":8}
EVS Port1 1980-012-14:03:21.02210 66/1/LC 56: WDT verify results: good = 0, bad = 0, unused = 176
1980-012-14:03:21.05282 CFE_ES_ParseFileEntry: Loading file: /cf/ds.so, APP: DS
EVS Port1 1980-012-14:03:21.06291 66/1/LC 66: ADT verify results: good = 0, bad = 0, unused = 176
EVS Port1 1980-012-14:03:21.06918 66/1/LC 23: LC use of Critical Data Store disabled, activity mask = 0x00991990
EVS Port1 1980-012-14:03:21.07496 66/1/LC 2: LC Initialized. Version 7.0.1.255
EVS Port1 1980-012-14:03:21.09825 66/1/CF 20: CF Initialized. Version 7.0.1.255
1980-012-14:03:21.12998 CFE_ES_ParseFileEntry: Loading file: /cf/fm.so, APP: FM
{"app":"AI_LEARNER","stage":"binding","verdict":"MATCH","artifact_bytes":343538,"artifact_sha256":"2e0bc7dc67af80b7","contract_sha256":"2e0bc7dc67af80b7"}
EVS Port1 1980-012-14:03:21.16804 66/1/DS 10: Destination file table verify results: good entries = 6, bad = 0, unused = 10
EVS Port1 1980-012-14:03:21.18293 66/1/DS 12: Filter table verify results: good entries = 14, bad = 0, unused = 242
EVS Port1 1980-012-14:03:21.19818 66/1/DS 1: Application initialized, version 7.0.1.255, data at 0xe5c74ad40460
1980-012-14:03:21.21799 CFE_ES_ParseFileEntry: Loading file: /cf/hk.so, APP: HK
EVS Port1 1980-012-14:03:21.23397 66/1/FM 80: Free Space Table verify results: good entries = 3, bad = 0, unused = 5
EVS Port1 1980-012-14:03:21.25758 66/1/FM 1: Initialization complete: version 7.0.1.255
1980-012-14:03:21.29394 CFE_ES_ParseFileEntry: Loading file: /cf/hs.so, APP: HS
EVS Port1 1980-012-14:03:21.30990 66/1/FM 72: Child Task initialization complete
EVS Port1 1980-012-14:03:21.33299 66/1/HK 1: HK Initialized.  Version 7.0.1.255
1980-012-14:03:21.37005 CFE_ES_ParseFileEntry: Loading file: /cf/mm.so, APP: MM
EVS Port1 1980-012-14:03:21.40856 66/1/HS 54: ExeCount verify results: good = 5, bad = 0, unused = 27
EVS Port1 1980-012-14:03:21.42295 66/1/HS 50: AppMon verify results: good = 0, bad = 0, unused = 32
EVS Port1 1980-012-14:03:21.43898 66/1/HS 52: EventMon verify results: good = 0, bad = 0, unused = 16
EVS Port1 1980-012-14:03:21.45495 66/1/HS 56: MsgActs verify results: good = 2, bad = 0, unused = 6
EVS Port1 1980-012-14:03:21.46092 66/1/MM 1: MM Initialized. Version 7.0.1.255
{"app":"AI_LEARNER","stage":"map_branch","model":"b2_resnet","module_ptr_mod64":8,"hal_peak_after_append":309440,"contract_const_bytes":309440,"contract_per_call_bytes":309416,"arm":"copy","admission_mode":"unconditional"}
1980-012-14:03:21.46316 CFE_ES_ParseFileEntry: Loading file: /cf/sc.so, APP: SC
1980-012-14:03:21.46907 HS_SysMonInit(): System Monitor using PSP device ID 0110ff05
{"app":"AI_LEARNER","stage":"mem_init","model":"b2_resnet","target":"aarch64-unknown-linux-gnu","hal_peak":321728,"hal_allocated":321728,"bounded":618856,"peak_within_bounded":true,"inferences_so_far":0,"process_rss_kb":7512,"rss_kb_before_runtime":6536,"rss_kb_after_session":6824,"rss_kb_after_init":7508}
CFE_PSP(Linux_SysMon): Started CPU utilization monitoring on 1 CPU(s)
EVS Port1 1980-012-14:03:21.50929 66/1/HS 1: HS Initialized.  Version 7.0.1.255
1980-012-14:03:21.54918 CFE_ES_ParseFileEntry: Loading file: /cf/md.so, APP: MD
EVS Port1 1980-012-14:03:21.61753 66/1/SC 21: RTS table files not loaded at initialization = 0 of 4
EVS Port1 1980-012-14:03:21.62879 66/1/SC 9: SC Initialized. Version 7.0.1.255
1980-012-14:03:21.64309 CFE_ES_ParseFileEntry: Loading file: /cf/cs.so, APP: CS
EVS Port1 1980-012-14:03:21.65785 66/1/MD 52: MD Dwell Tbl verify results: good = 0, bad = 0, unused = 25
EVS Port1 1980-012-14:03:21.67919 66/1/MD 52: MD Dwell Tbl verify results: good = 0, bad = 0, unused = 25
EVS Port1 1980-012-14:03:21.69178 66/1/MD 52: MD Dwell Tbl verify results: good = 0, bad = 0, unused = 25
EVS Port1 1980-012-14:03:21.70205 66/1/MD 52: MD Dwell Tbl verify results: good = 0, bad = 0, unused = 25
EVS Port1 1980-012-14:03:21.70497 66/1/MD 7: Dwell Tables Recovered: 0, Dwell Tables Initialized: 4
EVS Port1 1980-012-14:03:21.70722 66/1/MD 1: MD Initialized.  Version 7.0.1.255
EVS Port1 1980-012-14:03:21.74601 66/1/CS 144: CS EEPROM Table verification results: good = 0, bad = 0, unused = 16
EVS Port1 1980-012-14:03:21.75381 66/1/CS 107: CS EEPROM Table: No valid entries in the table
EVS Port1 1980-012-14:03:21.76594 66/1/CS 143: CS Memory Table verification results: good = 0, bad = 0, unused = 16
EVS Port1 1980-012-14:03:21.76913 66/1/CS 107: CS Memory Table: No valid entries in the table
EVS Port1 1980-012-14:03:21.77816 66/1/CS 139: CS Tables Table verification results: good = 1, bad = 0, unused = 23
EVS Port1 1980-012-14:03:21.79185 66/1/CS 142: CS Apps Table verification results: good = 0, bad = 0, unused = 24
EVS Port1 1980-012-14:03:21.79466 66/1/CS 108: CS Apps Table: No valid entries in the table
EVS Port1 1980-012-14:03:21.79772 66/1/CS 127: OS Text Segment disabled due to platform
EVS Port1 1980-012-14:03:21.80189 66/1/CS 1: CS Initialized. Version 7.0.1.255
EVS Port1 1980-012-14:03:21.00865 66/1/CFE_TIME 21: Stop FLYWHEEL
1980-012-14:03:21.71532 CFE_ES_Main: Startup Sync failed - Applications may not have all initialized
1980-012-14:03:21.71561 CFE_ES_Main: CFE_ES_Main entering APPS_INIT state
1980-012-14:03:22.74319 CFE_ES_Main: Startup Sync failed - Applications may not have all started
1980-012-14:03:22.74456 CFE_ES_Main: CFE_ES_Main entering OPERATIONAL state
EVS Port1 1980-012-14:03:22.75769 66/1/TO_LAB 19: L550 TO Lab subscribed to 32 messages from the table
.{"app":"AI_LEARNER","stage":"e25_equivalence","inputs":34,"completed":34,"model":"b2_resnet","target":"aarch64-unknown-linux-gnu","artifact_sha256":"2e0bc7dc67af80b7..."}
EVS Port1 1980-012-14:03:30.61790 66/1/AI_LEARNER 4: AI_LEARNER: E25 equivalence 34/34 inferences written
{"app":"AI_LEARNER","stage":"e25_mode","active":true,"inputs_path":"/cf/e25_inputs.bin"}
EVS Port1 1980-012-14:03:30.62310 66/1/AI_LEARNER 3: AI_LEARNER initialized: model b2_resnet (343538 B), rss_delta_init=972 KB
EVS Port1 1980-012-14:03:32.98117 66/1/AI_LEARNER 4: AI_LEARNER completed=1/1 mean=301857.3us max=301857.3us hal_peak=618856 within_bounded=1
{"app":"AI_LEARNER","stage":"run","model":"b2_resnet","target":"aarch64-unknown-linux-gnu","attempted":1,"completed":1,"fail_input":0,"fail_invoke":0,"fail_output":0,"mean_us":301857.33,"max_us":301857.33,"last_us":301857.33,"out0":0.34946,"out_elems":10,"out_sha256":"24bd9a607a59835cbeab390e11ec8ed7aec57930d649c55985b8e75c33f9a89e","out_head":[0.349459,0.001114,0.001795,0.065403,0.335932,0.006331],"out_tail":[0.335932,0.006331,0.201360,0.013375,0.019186,0.006046],"out_full_file":"/cf/last_out.json","out_full_file_bytes":182,"out_full_file_reason":"ok","out_record_truncates":false}
{"app":"AI_LEARNER","stage":"mem","model":"b2_resnet","target":"aarch64-unknown-linux-gnu","completed":1,"hal_peak":618856,"peak_within_bounded":true,"admitted_budget_bytes":618856,"peak_within_admitted_budget":true,"admission_mode":"unconditional","hal_bytes_per_call_amortized":10721208.0,"process_rss_kb":8388,"process_rss_delta_init_kb":972,"max_active_calls":1,"active_calls_now":0,"call_counter_balanced":true}
.EVS Port1 1980-012-14:03:36.95841 66/1/AI_LEARNER 4: AI_LEARNER completed=2/2 mean=295355.0us max=301857.3us hal_peak=618856 within_bounded=1
{"app":"AI_LEARNER","stage":"run","model":"b2_resnet","target":"aarch64-unknown-linux-gnu","attempted":2,"completed":2,"fail_input":0,"fail_invoke":0,"fail_output":0,"mean_us":295355.02,"max_us":301857.33,"last_us":288852.70,"out0":0.34946,"out_elems":10,"out_sha256":"24bd9a607a59835cbeab390e11ec8ed7aec57930d649c55985b8e75c33f9a89e","out_head":[0.349459,0.001114,0.001795,0.065403,0.335932,0.006331],"out_tail":[0.335932,0.006331,0.201360,0.013375,0.019186,0.006046],"out_full_file":"/cf/last_out.json","out_full_file_bytes":182,"out_full_file_reason":"ok","out_record_truncates":false}
{"app":"AI_LEARNER","stage":"mem","model":"b2_resnet","target":"aarch64-unknown-linux-gnu","completed":2,"hal_peak":618856,"peak_within_bounded":true,"admitted_budget_bytes":618856,"peak_within_admitted_budget":true,"admission_mode":"unconditional","hal_bytes_per_call_amortized":5509168.0,"process_rss_kb":8388,"process_rss_delta_init_kb":972,"max_active_calls":1,"active_calls_now":0,"call_counter_balanced":true}
.EVS Port1 1980-012-14:03:40.99458 66/1/AI_LEARNER 4: AI_LEARNER completed=3/3 mean=304622.7us max=323158.1us hal_peak=618856 within_bounded=1
{"app":"AI_LEARNER","stage":"run","model":"b2_resnet","target":"aarch64-unknown-linux-gnu","attempted":3,"completed":3,"fail_input":0,"fail_invoke":0,"fail_output":0,"mean_us":304622.73,"max_us":323158.14,"last_us":323158.14,"out0":0.34946,"out_elems":10,"out_sha256":"24bd9a607a59835cbeab390e11ec8ed7aec57930d649c55985b8e75c33f9a89e","out_head":[0.349459,0.001114,0.001795,0.065403,0.335932,0.006331],"out_tail":[0.335932,0.006331,0.201360,0.013375,0.019186,0.006046],"out_full_file":"/cf/last_out.json","out_full_file_bytes":182,"out_full_file_reason":"ok","out_record_truncates":false}
{"app":"AI_LEARNER","stage":"mem","model":"b2_resnet","target":"aarch64-unknown-linux-gnu","completed":3,"hal_peak":618856,"peak_within_bounded":true,"admitted_budget_bytes":618856,"peak_within_admitted_budget":true,"admission_mode":"unconditional","hal_bytes_per_call_amortized":3771821.3,"process_rss_kb":8388,"process_rss_delta_init_kb":972,"max_active_calls":1,"active_calls_now":0,"call_counter_balanced":true}
EVS Port1 1980-012-14:03:44.98928 66/1/AI_LEARNER 4: AI_LEARNER completed=4/4 mean=307030.8us max=323158.1us hal_peak=618856 within_bounded=1
{"app":"AI_LEARNER","stage":"run","model":"b2_resnet","target":"aarch64-unknown-linux-gnu","attempted":4,"completed":4,"fail_input":0,"fail_invoke":0,"fail_output":0,"mean_us":307030.78,"max_us":323158.14,"last_us":314254.93,"out0":0.34946,"out_elems":10,"out_sha256":"24bd9a607a59835cbeab390e11ec8ed7aec57930d649c55985b8e75c33f9a89e","out_head":[0.349459,0.001114,0.001795,0.065403,0.335932,0.006331],"out_tail":[0.335932,0.006331,0.201360,0.013375,0.019186,0.006046],"out_full_file":"/cf/last_out.json","out_full_file_bytes":182,"out_full_file_reason":"ok","out_record_truncates":false}
{"app":"AI_LEARNER","stage":"mem","model":"b2_resnet","target":"aarch64-unknown-linux-gnu","completed":4,"hal_peak":618856,"peak_within_bounded":true,"admitted_budget_bytes":618856,"peak_within_admitted_budget":true,"admission_mode":"unconditional","hal_bytes_per_call_amortized":2903148.0,"process_rss_kb":8388,"process_rss_delta_init_kb":972,"max_active_calls":1,"active_calls_now":0,"call_counter_balanced":true}
.EVS Port1 1980-012-14:03:48.97230 66/1/AI_LEARNER 4: AI_LEARNER completed=5/5 mean=305998.3us max=323158.1us hal_peak=618856 within_bounded=1
{"app":"AI_LEARNER","stage":"run","model":"b2_resnet","target":"aarch64-unknown-linux-gnu","attempted":5,"completed":5,"fail_input":0,"fail_invoke":0,"fail_output":0,"mean_us":305998.29,"max_us":323158.14,"last_us":301868.35,"out0":0.34946,"out_elems":10,"out_sha256":"24bd9a607a59835cbeab390e11ec8ed7aec57930d649c55985b8e75c33f9a89e","out_head":[0.349459,0.001114,0.001795,0.065403,0.335932,0.006331],"out_tail":[0.335932,0.006331,0.201360,0.013375,0.019186,0.006046],"out_full_file":"/cf/last_out.json","out_full_file_bytes":182,"out_full_file_reason":"ok","out_record_truncates":false}
{"app":"AI_LEARNER","stage":"mem","model":"b2_resnet","target":"aarch64-unknown-linux-gnu","completed":5,"hal_peak":618856,"peak_within_bounded":true,"admitted_budget_bytes":618856,"peak_within_admitted_budget":true,"admission_mode":"unconditional","hal_bytes_per_call_amortized":2381944.0,"process_rss_kb":8388,"process_rss_delta_init_kb":972,"max_active_calls":1,"active_calls_now":0,"call_counter_balanced":true}
.EVS Port1 1980-012-14:03:52.97413 66/1/AI_LEARNER 4: AI_LEARNER completed=6/6 mean=305727.4us max=323158.1us hal_peak=618856 within_bounded=1
{"app":"AI_LEARNER","stage":"run","model":"b2_resnet","target":"aarch64-unknown-linux-gnu","attempted":6,"completed":6,"fail_input":0,"fail_invoke":0,"fail_output":0,"mean_us":305727.43,"max_us":323158.14,"last_us":304373.15,"out0":0.34946,"out_elems":10,"out_sha256":"24bd9a607a59835cbeab390e11ec8ed7aec57930d649c55985b8e75c33f9a89e","out_head":[0.349459,0.001114,0.001795,0.065403,0.335932,0.006331],"out_tail":[0.335932,0.006331,0.201360,0.013375,0.019186,0.006046],"out_full_file":"/cf/last_out.json","out_full_file_bytes":182,"out_full_file_reason":"ok","out_record_truncates":false}
{"app":"AI_LEARNER","stage":"mem","model":"b2_resnet","target":"aarch64-unknown-linux-gnu","completed":6,"hal_peak":618856,"peak_within_bounded":true,"admitted_budget_bytes":618856,"peak_within_admitted_budget":true,"admission_mode":"unconditional","hal_bytes_per_call_amortized":2034474.7,"process_rss_kb":8388,"process_rss_delta_init_kb":972,"max_active_calls":1,"active_calls_now":0,"call_counter_balanced":true}
EVS Port1 1980-012-14:03:57.00170 66/1/AI_LEARNER 4: AI_LEARNER completed=7/7 mean=303242.7us max=323158.1us hal_peak=618856 within_bounded=1
{"app":"AI_LEARNER","stage":"run","model":"b2_resnet","target":"aarch64-unknown-linux-gnu","attempted":7,"completed":7,"fail_input":0,"fail_invoke":0,"fail_output":0,"mean_us":303242.69,"max_us":323158.14,"last_us":288334.24,"out0":0.34946,"out_elems":10,"out_sha256":"24bd9a607a59835cbeab390e11ec8ed7aec57930d649c55985b8e75c33f9a89e","out_head":[0.349459,0.001114,0.001795,0.065403,0.335932,0.006331],"out_tail":[0.335932,0.006331,0.201360,0.013375,0.019186,0.006046],"out_full_file":"/cf/last_out.json","out_full_file_bytes":182,"out_full_file_reason":"ok","out_record_truncates":false}
{"app":"AI_LEARNER","stage":"mem","model":"b2_resnet","target":"aarch64-unknown-linux-gnu","completed":7,"hal_peak":618856,"peak_within_bounded":true,"admitted_budget_bytes":618856,"peak_within_admitted_budget":true,"admission_mode":"unconditional","hal_bytes_per_call_amortized":1786282.3,"process_rss_kb":8388,"process_rss_delta_init_kb":972,"max_active_calls":1,"active_calls_now":0,"call_counter_balanced":true}
EVS Port1 1980-012-14:03:57.00288 66/1/CFE_TIME 21: Stop FLYWHEEL
EVS Port1 1980-012-14:03:58.00320 66/1/CFE_TIME 20: Start FLYWHEEL
.EVS Port1 1980-012-14:04:01.01313 66/1/AI_LEARNER 4: AI_LEARNER completed=8/8 mean=307590.9us max=338028.2us hal_peak=618856 within_bounded=1
{"app":"AI_LEARNER","stage":"run","model":"b2_resnet","target":"aarch64-unknown-linux-gnu","attempted":8,"completed":8,"fail_input":0,"fail_invoke":0,"fail_output":0,"mean_us":307590.88,"max_us":338028.16,"last_us":338028.16,"out0":0.34946,"out_elems":10,"out_sha256":"24bd9a607a59835cbeab390e11ec8ed7aec57930d649c55985b8e75c33f9a89e","out_head":[0.349459,0.001114,0.001795,0.065403,0.335932,0.006331],"out_tail":[0.335932,0.006331,0.201360,0.013375,0.019186,0.006046],"out_full_file":"/cf/last_out.json","out_full_file_bytes":182,"out_full_file_reason":"ok","out_record_truncates":false}
{"app":"AI_LEARNER","stage":"mem","model":"b2_resnet","target":"aarch64-unknown-linux-gnu","completed":8,"hal_peak":618856,"peak_within_bounded":true,"admitted_budget_bytes":618856,"peak_within_admitted_budget":true,"admission_mode":"unconditional","hal_bytes_per_call_amortized":1600138.0,"process_rss_kb":8392,"process_rss_delta_init_kb":972,"max_active_calls":1,"active_calls_now":0,"call_counter_balanced":true}
.EVS Port1 1980-012-14:04:05.04313 66/1/AI_LEARNER 4: AI_LEARNER completed=9/9 mean=314875.6us max=373153.1us hal_peak=618856 within_bounded=1
{"app":"AI_LEARNER","stage":"run","model":"b2_resnet","target":"aarch64-unknown-linux-gnu","attempted":9,"completed":9,"fail_input":0,"fail_invoke":0,"fail_output":0,"mean_us":314875.56,"max_us":373153.07,"last_us":373153.07,"out0":0.34946,"out_elems":10,"out_sha256":"24bd9a607a59835cbeab390e11ec8ed7aec57930d649c55985b8e75c33f9a89e","out_head":[0.349459,0.001114,0.001795,0.065403,0.335932,0.006331],"out_tail":[0.335932,0.006331,0.201360,0.013375,0.019186,0.006046],"out_full_file":"/cf/last_out.json","out_full_file_bytes":182,"out_full_file_reason":"ok","out_record_truncates":false}
{"app":"AI_LEARNER","stage":"mem","model":"b2_resnet","target":"aarch64-unknown-linux-gnu","completed":9,"hal_peak":618856,"peak_within_bounded":true,"admitted_budget_bytes":618856,"peak_within_admitted_budget":true,"admission_mode":"unconditional","hal_bytes_per_call_amortized":1455359.1,"process_rss_kb":8396,"process_rss_delta_init_kb":972,"max_active_calls":1,"active_calls_now":0,"call_counter_balanced":true}
EVS Port1 1980-012-14:04:09.03836 66/1/AI_LEARNER 4: AI_LEARNER completed=10/10 mean=319378.1us max=373153.1us hal_peak=618856 within_bounded=1
{"app":"AI_LEARNER","stage":"run","model":"b2_resnet","target":"aarch64-unknown-linux-gnu","attempted":10,"completed":10,"fail_input":0,"fail_invoke":0,"fail_output":0,"mean_us":319378.14,"max_us":373153.07,"last_us":359901.33,"out0":0.34946,"out_elems":10,"out_sha256":"24bd9a607a59835cbeab390e11ec8ed7aec57930d649c55985b8e75c33f9a89e","out_head":[0.349459,0.001114,0.001795,0.065403,0.335932,0.006331],"out_tail":[0.335932,0.006331,0.201360,0.013375,0.019186,0.006046],"out_full_file":"/cf/last_out.json","out_full_file_bytes":183,"out_full_file_reason":"ok","out_record_truncates":false}
{"app":"AI_LEARNER","stage":"mem","model":"b2_resnet","target":"aarch64-unknown-linux-gnu","completed":10,"hal_peak":618856,"peak_within_bounded":true,"admitted_budget_bytes":618856,"peak_within_admitted_budget":true,"admission_mode":"unconditional","hal_bytes_per_call_amortized":1339536.0,"process_rss_kb":8396,"process_rss_delta_init_kb":972,"max_active_calls":1,"active_calls_now":0,"call_counter_balanced":true}
.EVS Port1 1980-012-14:04:12.95643 66/1/AI_LEARNER 4: AI_LEARNER completed=11/11 mean=316267.6us max=373153.1us hal_peak=618856 within_bounded=1
{"app":"AI_LEARNER","stage":"run","model":"b2_resnet","target":"aarch64-unknown-linux-gnu","attempted":11,"completed":11,"fail_input":0,"fail_invoke":0,"fail_output":0,"mean_us":316267.63,"max_us":373153.07,"last_us":285162.50,"out0":0.34946,"out_elems":10,"out_sha256":"24bd9a607a59835cbeab390e11ec8ed7aec57930d649c55985b8e75c33f9a89e","out_head":[0.349459,0.001114,0.001795,0.065403,0.335932,0.006331],"out_tail":[0.335932,0.006331,0.201360,0.013375,0.019186,0.006046],"out_full_file":"/cf/last_out.json","out_full_file_bytes":183,"out_full_file_reason":"ok","out_record_truncates":false}
{"app":"AI_LEARNER","stage":"mem","model":"b2_resnet","target":"aarch64-unknown-linux-gnu","completed":11,"hal_peak":618856,"peak_within_bounded":true,"admitted_budget_bytes":618856,"peak_within_admitted_budget":true,"admission_mode":"unconditional","hal_bytes_per_call_amortized":1244771.6,"process_rss_kb":8396,"process_rss_delta_init_kb":972,"max_active_calls":1,"active_calls_now":0,"call_counter_balanced":true}
.EVS Port1 1980-012-14:04:16.98339 66/1/AI_LEARNER 4: AI_LEARNER completed=12/12 mean=315898.1us max=373153.1us hal_peak=618856 within_bounded=1
{"app":"AI_LEARNER","stage":"run","model":"b2_resnet","target":"aarch64-unknown-linux-gnu","attempted":12,"completed":12,"fail_input":0,"fail_invoke":0,"fail_output":0,"mean_us":315898.08,"max_us":373153.07,"last_us":311833.04,"out0":0.34946,"out_elems":10,"out_sha256":"24bd9a607a59835cbeab390e11ec8ed7aec57930d649c55985b8e75c33f9a89e","out_head":[0.349459,0.001114,0.001795,0.065403,0.335932,0.006331],"out_tail":[0.335932,0.006331,0.201360,0.013375,0.019186,0.006046],"out_full_file":"/cf/last_out.json","out_full_file_bytes":183,"out_full_file_reason":"ok","out_record_truncates":false}
{"app":"AI_LEARNER","stage":"mem","model":"b2_resnet","target":"aarch64-unknown-linux-gnu","completed":12,"hal_peak":618856,"peak_within_bounded":true,"admitted_budget_bytes":618856,"peak_within_admitted_budget":true,"admission_mode":"unconditional","hal_bytes_per_call_amortized":1165801.3,"process_rss_kb":8396,"process_rss_delta_init_kb":972,"max_active_calls":1,"active_calls_now":0,"call_counter_balanced":true}
EVS Port1 1980-012-14:04:20.97218 66/1/AI_LEARNER 4: AI_LEARNER completed=13/13 mean=314738.9us max=373153.1us hal_peak=618856 within_bounded=1
{"app":"AI_LEARNER","stage":"run","model":"b2_resnet","target":"aarch64-unknown-linux-gnu","attempted":13,"completed":13,"fail_input":0,"fail_invoke":0,"fail_output":0,"mean_us":314738.93,"max_us":373153.07,"last_us":300829.12,"out0":0.34946,"out_elems":10,"out_sha256":"24bd9a607a59835cbeab390e11ec8ed7aec57930d649c55985b8e75c33f9a89e","out_head":[0.349459,0.001114,0.001795,0.065403,0.335932,0.006331],"out_tail":[0.335932,0.006331,0.201360,0.013375,0.019186,0.006046],"out_full_file":"/cf/last_out.json","out_full_file_bytes":183,"out_full_file_reason":"ok","out_record_truncates":false}
{"app":"AI_LEARNER","stage":"mem","model":"b2_resnet","target":"aarch64-unknown-linux-gnu","completed":13,"hal_peak":618856,"peak_within_bounded":true,"admitted_budget_bytes":618856,"peak_within_admitted_budget":true,"admission_mode":"unconditional","hal_bytes_per_call_amortized":1098980.3,"process_rss_kb":8396,"process_rss_delta_init_kb":972,"max_active_calls":1,"active_calls_now":0,"call_counter_balanced":true}
.EVS Port1 1980-012-14:04:25.04368 66/1/AI_LEARNER 4: AI_LEARNER completed=14/14 mean=318517.3us max=373153.1us hal_peak=618856 within_bounded=1
{"app":"AI_LEARNER","stage":"run","model":"b2_resnet","target":"aarch64-unknown-linux-gnu","attempted":14,"completed":14,"fail_input":0,"fail_invoke":0,"fail_output":0,"mean_us":318517.26,"max_us":373153.07,"last_us":367635.63,"out0":0.34946,"out_elems":10,"out_sha256":"24bd9a607a59835cbeab390e11ec8ed7aec57930d649c55985b8e75c33f9a89e","out_head":[0.349459,0.001114,0.001795,0.065403,0.335932,0.006331],"out_tail":[0.335932,0.006331,0.201360,0.013375,0.019186,0.006046],"out_full_file":"/cf/last_out.json","out_full_file_bytes":183,"out_full_file_reason":"ok","out_record_truncates":false}
{"app":"AI_LEARNER","stage":"mem","model":"b2_resnet","target":"aarch64-unknown-linux-gnu","completed":14,"hal_peak":618856,"peak_within_bounded":true,"admitted_budget_bytes":618856,"peak_within_admitted_budget":true,"admission_mode":"unconditional","hal_bytes_per_call_amortized":1041705.1,"process_rss_kb":8396,"process_rss_delta_init_kb":972,"max_active_calls":1,"active_calls_now":0,"call_counter_balanced":true}
.EVS Port1 1980-012-14:04:29.00000 66/1/AI_LEARNER 4: AI_LEARNER completed=15/15 mean=318884.2us max=373153.1us hal_peak=618856 within_bounded=1
{"app":"AI_LEARNER","stage":"run","model":"b2_resnet","target":"aarch64-unknown-linux-gnu","attempted":15,"completed":15,"fail_input":0,"fail_invoke":0,"fail_output":0,"mean_us":318884.18,"max_us":373153.07,"last_us":324021.01,"out0":0.34946,"out_elems":10,"out_sha256":"24bd9a607a59835cbeab390e11ec8ed7aec57930d649c55985b8e75c33f9a89e","out_head":[0.349459,0.001114,0.001795,0.065403,0.335932,0.006331],"out_tail":[0.335932,0.006331,0.201360,0.013375,0.019186,0.006046],"out_full_file":"/cf/last_out.json","out_full_file_bytes":183,"out_full_file_reason":"ok","out_record_truncates":false}
{"app":"AI_LEARNER","stage":"mem","model":"b2_resnet","target":"aarch64-unknown-linux-gnu","completed":15,"hal_peak":618856,"peak_within_bounded":true,"admitted_budget_bytes":618856,"peak_within_admitted_budget":true,"admission_mode":"unconditional","hal_bytes_per_call_amortized":992066.7,"process_rss_kb":8396,"process_rss_delta_init_kb":972,"max_active_calls":1,"active_calls_now":0,"call_counter_balanced":true}
EVS Port1 1980-012-14:04:32.96485 66/1/AI_LEARNER 4: AI_LEARNER completed=16/16 mean=317315.1us max=373153.1us hal_peak=618856 within_bounded=1
{"app":"AI_LEARNER","stage":"run","model":"b2_resnet","target":"aarch64-unknown-linux-gnu","attempted":16,"completed":16,"fail_input":0,"fail_invoke":0,"fail_output":0,"mean_us":317315.09,"max_us":373153.07,"last_us":293778.77,"out0":0.34946,"out_elems":10,"out_sha256":"24bd9a607a59835cbeab390e11ec8ed7aec57930d649c55985b8e75c33f9a89e","out_head":[0.349459,0.001114,0.001795,0.065403,0.335932,0.006331],"out_tail":[0.335932,0.006331,0.201360,0.013375,0.019186,0.006046],"out_full_file":"/cf/last_out.json","out_full_file_bytes":183,"out_full_file_reason":"ok","out_record_truncates":false}
{"app":"AI_LEARNER","stage":"mem","model":"b2_resnet","target":"aarch64-unknown-linux-gnu","completed":16,"hal_peak":618856,"peak_within_bounded":true,"admitted_budget_bytes":618856,"peak_within_admitted_budget":true,"admission_mode":"unconditional","hal_bytes_per_call_amortized":948633.0,"process_rss_kb":8396,"process_rss_delta_init_kb":972,"max_active_calls":1,"active_calls_now":0,"call_counter_balanced":true}
.EVS Port1 1980-012-14:04:36.95866 66/1/AI_LEARNER 4: AI_LEARNER completed=17/17 mean=314948.9us max=373153.1us hal_peak=618856 within_bounded=1
{"app":"AI_LEARNER","stage":"run","model":"b2_resnet","target":"aarch64-unknown-linux-gnu","attempted":17,"completed":17,"fail_input":0,"fail_invoke":0,"fail_output":0,"mean_us":314948.90,"max_us":373153.07,"last_us":277089.90,"out0":0.34946,"out_elems":10,"out_sha256":"24bd9a607a59835cbeab390e11ec8ed7aec57930d649c55985b8e75c33f9a89e","out_head":[0.349459,0.001114,0.001795,0.065403,0.335932,0.006331],"out_tail":[0.335932,0.006331,0.201360,0.013375,0.019186,0.006046],"out_full_file":"/cf/last_out.json","out_full_file_bytes":183,"out_full_file_reason":"ok","out_record_truncates":false}
{"app":"AI_LEARNER","stage":"mem","model":"b2_resnet","target":"aarch64-unknown-linux-gnu","completed":17,"hal_peak":618856,"peak_within_bounded":true,"admitted_budget_bytes":618856,"peak_within_admitted_budget":true,"admission_mode":"unconditional","hal_bytes_per_call_amortized":910309.2,"process_rss_kb":8396,"process_rss_delta_init_kb":972,"max_active_calls":1,"active_calls_now":0,"call_counter_balanced":true}
.EVS Port1 1980-012-14:04:40.98217 66/1/AI_LEARNER 4: AI_LEARNER completed=18/18 mean=313894.0us max=373153.1us hal_peak=618856 within_bounded=1
{"app":"AI_LEARNER","stage":"run","model":"b2_resnet","target":"aarch64-unknown-linux-gnu","attempted":18,"completed":18,"fail_input":0,"fail_invoke":0,"fail_output":0,"mean_us":313894.04,"max_us":373153.07,"last_us":295961.39,"out0":0.34946,"out_elems":10,"out_sha256":"24bd9a607a59835cbeab390e11ec8ed7aec57930d649c55985b8e75c33f9a89e","out_head":[0.349459,0.001114,0.001795,0.065403,0.335932,0.006331],"out_tail":[0.335932,0.006331,0.201360,0.013375,0.019186,0.006046],"out_full_file":"/cf/last_out.json","out_full_file_bytes":183,"out_full_file_reason":"ok","out_record_truncates":false}
{"app":"AI_LEARNER","stage":"mem","model":"b2_resnet","target":"aarch64-unknown-linux-gnu","completed":18,"hal_peak":618856,"peak_within_bounded":true,"admitted_budget_bytes":618856,"peak_within_admitted_budget":true,"admission_mode":"unconditional","hal_bytes_per_call_amortized":876243.6,"process_rss_kb":8396,"process_rss_delta_init_kb":972,"max_active_calls":1,"active_calls_now":0,"call_counter_balanced":true}
EVS Port1 1980-012-14:04:44.95127 66/1/AI_LEARNER 4: AI_LEARNER completed=19/19 mean=312235.2us max=373153.1us hal_peak=618856 within_bounded=1
{"app":"AI_LEARNER","stage":"run","model":"b2_resnet","target":"aarch64-unknown-linux-gnu","attempted":19,"completed":19,"fail_input":0,"fail_invoke":0,"fail_output":0,"mean_us":312235.16,"max_us":373153.07,"last_us":282375.34,"out0":0.34946,"out_elems":10,"out_sha256":"24bd9a607a59835cbeab390e11ec8ed7aec57930d649c55985b8e75c33f9a89e","out_head":[0.349459,0.001114,0.001795,0.065403,0.335932,0.006331],"out_tail":[0.335932,0.006331,0.201360,0.013375,0.019186,0.006046],"out_full_file":"/cf/last_out.json","out_full_file_bytes":183,"out_full_file_reason":"ok","out_record_truncates":false}
{"app":"AI_LEARNER","stage":"mem","model":"b2_resnet","target":"aarch64-unknown-linux-gnu","completed":19,"hal_peak":618856,"peak_within_bounded":true,"admitted_budget_bytes":618856,"peak_within_admitted_budget":true,"admission_mode":"unconditional","hal_bytes_per_call_amortized":845763.8,"process_rss_kb":8396,"process_rss_delta_init_kb":972,"max_active_calls":1,"active_calls_now":0,"call_counter_balanced":true}
.EVS Port1 1980-012-14:04:48.96992 66/1/AI_LEARNER 4: AI_LEARNER completed=20/20 mean=311683.5us max=373153.1us hal_peak=618856 within_bounded=1
{"app":"AI_LEARNER","stage":"run","model":"b2_resnet","target":"aarch64-unknown-linux-gnu","attempted":20,"completed":20,"fail_input":0,"fail_invoke":0,"fail_output":0,"mean_us":311683.52,"max_us":373153.07,"last_us":301202.35,"out0":0.34946,"out_elems":10,"out_sha256":"24bd9a607a59835cbeab390e11ec8ed7aec57930d649c55985b8e75c33f9a89e","out_head":[0.349459,0.001114,0.001795,0.065403,0.335932,0.006331],"out_tail":[0.335932,0.006331,0.201360,0.013375,0.019186,0.006046],"out_full_file":"/cf/last_out.json","out_full_file_bytes":183,"out_full_file_reason":"ok","out_record_truncates":false}
{"app":"AI_LEARNER","stage":"mem","model":"b2_resnet","target":"aarch64-unknown-linux-gnu","completed":20,"hal_peak":618856,"peak_within_bounded":true,"admitted_budget_bytes":618856,"peak_within_admitted_budget":true,"admission_mode":"unconditional","hal_bytes_per_call_amortized":818332.0,"process_rss_kb":8396,"process_rss_delta_init_kb":972,"max_active_calls":1,"active_calls_now":0,"call_counter_balanced":true}
.EVS Port1 1980-012-14:04:52.98733 66/1/AI_LEARNER 4: AI_LEARNER completed=21/21 mean=312013.5us max=373153.1us hal_peak=618856 within_bounded=1
{"app":"AI_LEARNER","stage":"run","model":"b2_resnet","target":"aarch64-unknown-linux-gnu","attempted":21,"completed":21,"fail_input":0,"fail_invoke":0,"fail_output":0,"mean_us":312013.53,"max_us":373153.07,"last_us":318613.70,"out0":0.34946,"out_elems":10,"out_sha256":"24bd9a607a59835cbeab390e11ec8ed7aec57930d649c55985b8e75c33f9a89e","out_head":[0.349459,0.001114,0.001795,0.065403,0.335932,0.006331],"out_tail":[0.335932,0.006331,0.201360,0.013375,0.019186,0.006046],"out_full_file":"/cf/last_out.json","out_full_file_bytes":183,"out_full_file_reason":"ok","out_record_truncates":false}
{"app":"AI_LEARNER","stage":"mem","model":"b2_resnet","target":"aarch64-unknown-linux-gnu","completed":21,"hal_peak":618856,"peak_within_bounded":true,"admitted_budget_bytes":618856,"peak_within_admitted_budget":true,"admission_mode":"unconditional","hal_bytes_per_call_amortized":793512.8,"process_rss_kb":8396,"process_rss_delta_init_kb":972,"max_active_calls":1,"active_calls_now":0,"call_counter_balanced":true}
EVS Port1 1980-012-14:04:56.94506 66/1/AI_LEARNER 4: AI_LEARNER completed=22/22 mean=310192.8us max=373153.1us hal_peak=618856 within_bounded=1
{"app":"AI_LEARNER","stage":"run","model":"b2_resnet","target":"aarch64-unknown-linux-gnu","attempted":22,"completed":22,"fail_input":0,"fail_invoke":0,"fail_output":0,"mean_us":310192.82,"max_us":373153.07,"last_us":271957.79,"out0":0.34946,"out_elems":10,"out_sha256":"24bd9a607a59835cbeab390e11ec8ed7aec57930d649c55985b8e75c33f9a89e","out_head":[0.349459,0.001114,0.001795,0.065403,0.335932,0.006331],"out_tail":[0.335932,0.006331,0.201360,0.013375,0.019186,0.006046],"out_full_file":"/cf/last_out.json","out_full_file_bytes":183,"out_full_file_reason":"ok","out_record_truncates":false}
{"app":"AI_LEARNER","stage":"mem","model":"b2_resnet","target":"aarch64-unknown-linux-gnu","completed":22,"hal_peak":618856,"peak_within_bounded":true,"admitted_budget_bytes":618856,"peak_within_admitted_budget":true,"admission_mode":"unconditional","hal_bytes_per_call_amortized":770949.8,"process_rss_kb":8396,"process_rss_delta_init_kb":972,"max_active_calls":1,"active_calls_now":0,"call_counter_balanced":true}
.EVS Port1 1980-012-14:05:00.96006 66/1/AI_LEARNER 4: AI_LEARNER completed=23/23 mean=308933.7us max=373153.1us hal_peak=618856 within_bounded=1
{"app":"AI_LEARNER","stage":"run","model":"b2_resnet","target":"aarch64-unknown-linux-gnu","attempted":23,"completed":23,"fail_input":0,"fail_invoke":0,"fail_output":0,"mean_us":308933.72,"max_us":373153.07,"last_us":281233.70,"out0":0.34946,"out_elems":10,"out_sha256":"24bd9a607a59835cbeab390e11ec8ed7aec57930d649c55985b8e75c33f9a89e","out_head":[0.349459,0.001114,0.001795,0.065403,0.335932,0.006331],"out_tail":[0.335932,0.006331,0.201360,0.013375,0.019186,0.006046],"out_full_file":"/cf/last_out.json","out_full_file_bytes":183,"out_full_file_reason":"ok","out_record_truncates":false}
{"app":"AI_LEARNER","stage":"mem","model":"b2_resnet","target":"aarch64-unknown-linux-gnu","completed":23,"hal_peak":618856,"peak_within_bounded":true,"admitted_budget_bytes":618856,"peak_within_admitted_budget":true,"admission_mode":"unconditional","hal_bytes_per_call_amortized":750348.9,"process_rss_kb":8396,"process_rss_delta_init_kb":972,"max_active_calls":1,"active_calls_now":0,"call_counter_balanced":true}
.EVS Port1 1980-012-14:05:04.97763 66/1/AI_LEARNER 4: AI_LEARNER completed=24/24 mean=308714.3us max=373153.1us hal_peak=618856 within_bounded=1
{"app":"AI_LEARNER","stage":"run","model":"b2_resnet","target":"aarch64-unknown-linux-gnu","attempted":24,"completed":24,"fail_input":0,"fail_invoke":0,"fail_output":0,"mean_us":308714.27,"max_us":373153.07,"last_us":303666.77,"out0":0.34946,"out_elems":10,"out_sha256":"24bd9a607a59835cbeab390e11ec8ed7aec57930d649c55985b8e75c33f9a89e","out_head":[0.349459,0.001114,0.001795,0.065403,0.335932,0.006331],"out_tail":[0.335932,0.006331,0.201360,0.013375,0.019186,0.006046],"out_full_file":"/cf/last_out.json","out_full_file_bytes":183,"out_full_file_reason":"ok","out_record_truncates":false}
{"app":"AI_LEARNER","stage":"mem","model":"b2_resnet","target":"aarch64-unknown-linux-gnu","completed":24,"hal_peak":618856,"peak_within_bounded":true,"admitted_budget_bytes":618856,"peak_within_admitted_budget":true,"admission_mode":"unconditional","hal_bytes_per_call_amortized":731464.7,"process_rss_kb":8396,"process_rss_delta_init_kb":972,"max_active_calls":1,"active_calls_now":0,"call_counter_balanced":true}
EVS Port1 1980-012-14:05:08.97654 66/1/AI_LEARNER 4: AI_LEARNER completed=25/25 mean=308396.8us max=373153.1us hal_peak=618856 within_bounded=1
{"app":"AI_LEARNER","stage":"run","model":"b2_resnet","target":"aarch64-unknown-linux-gnu","attempted":25,"completed":25,"fail_input":0,"fail_invoke":0,"fail_output":0,"mean_us":308396.78,"max_us":373153.07,"last_us":300777.10,"out0":0.34946,"out_elems":10,"out_sha256":"24bd9a607a59835cbeab390e11ec8ed7aec57930d649c55985b8e75c33f9a89e","out_head":[0.349459,0.001114,0.001795,0.065403,0.335932,0.006331],"out_tail":[0.335932,0.006331,0.201360,0.013375,0.019186,0.006046],"out_full_file":"/cf/last_out.json","out_full_file_bytes":183,"out_full_file_reason":"ok","out_record_truncates":false}
{"app":"AI_LEARNER","stage":"mem","model":"b2_resnet","target":"aarch64-unknown-linux-gnu","completed":25,"hal_peak":618856,"peak_within_bounded":true,"admitted_budget_bytes":618856,"peak_within_admitted_budget":true,"admission_mode":"unconditional","hal_bytes_per_call_amortized":714091.2,"process_rss_kb":8396,"process_rss_delta_init_kb":972,"max_active_calls":1,"active_calls_now":0,"call_counter_balanced":true}
.EVS Port1 1980-012-14:05:13.01136 66/1/AI_LEARNER 4: AI_LEARNER completed=26/26 mean=308914.4us max=373153.1us hal_peak=618856 within_bounded=1
{"app":"AI_LEARNER","stage":"run","model":"b2_resnet","target":"aarch64-unknown-linux-gnu","attempted":26,"completed":26,"fail_input":0,"fail_invoke":0,"fail_output":0,"mean_us":308914.42,"max_us":373153.07,"last_us":321855.41,"out0":0.34946,"out_elems":10,"out_sha256":"24bd9a607a59835cbeab390e11ec8ed7aec57930d649c55985b8e75c33f9a89e","out_head":[0.349459,0.001114,0.001795,0.065403,0.335932,0.006331],"out_tail":[0.335932,0.006331,0.201360,0.013375,0.019186,0.006046],"out_full_file":"/cf/last_out.json","out_full_file_bytes":183,"out_full_file_reason":"ok","out_record_truncates":false}
{"app":"AI_LEARNER","stage":"mem","model":"b2_resnet","target":"aarch64-unknown-linux-gnu","completed":26,"hal_peak":618856,"peak_within_bounded":true,"admitted_budget_bytes":618856,"peak_within_admitted_budget":true,"admission_mode":"unconditional","hal_bytes_per_call_amortized":698054.2,"process_rss_kb":8396,"process_rss_delta_init_kb":972,"max_active_calls":1,"active_calls_now":0,"call_counter_balanced":true}
.EVS Port1 1980-012-14:05:17.01914 66/1/AI_LEARNER 4: AI_LEARNER completed=27/27 mean=310428.3us max=373153.1us hal_peak=618856 within_bounded=1
{"app":"AI_LEARNER","stage":"run","model":"b2_resnet","target":"aarch64-unknown-linux-gnu","attempted":27,"completed":27,"fail_input":0,"fail_invoke":0,"fail_output":0,"mean_us":310428.34,"max_us":373153.07,"last_us":349790.24,"out0":0.34946,"out_elems":10,"out_sha256":"24bd9a607a59835cbeab390e11ec8ed7aec57930d649c55985b8e75c33f9a89e","out_head":[0.349459,0.001114,0.001795,0.065403,0.335932,0.006331],"out_tail":[0.335932,0.006331,0.201360,0.013375,0.019186,0.006046],"out_full_file":"/cf/last_out.json","out_full_file_bytes":183,"out_full_file_reason":"ok","out_record_truncates":false}
{"app":"AI_LEARNER","stage":"mem","model":"b2_resnet","target":"aarch64-unknown-linux-gnu","completed":27,"hal_peak":618856,"peak_within_bounded":true,"admitted_budget_bytes":618856,"peak_within_admitted_budget":true,"admission_mode":"unconditional","hal_bytes_per_call_amortized":683205.0,"process_rss_kb":8396,"process_rss_delta_init_kb":972,"max_active_calls":1,"active_calls_now":0,"call_counter_balanced":true}
EVS Port1 1980-012-14:05:20.99159 66/1/AI_LEARNER 4: AI_LEARNER completed=28/28 mean=310666.5us max=373153.1us hal_peak=618856 within_bounded=1
{"app":"AI_LEARNER","stage":"run","model":"b2_resnet","target":"aarch64-unknown-linux-gnu","attempted":28,"completed":28,"fail_input":0,"fail_invoke":0,"fail_output":0,"mean_us":310666.55,"max_us":373153.07,"last_us":317098.10,"out0":0.34946,"out_elems":10,"out_sha256":"24bd9a607a59835cbeab390e11ec8ed7aec57930d649c55985b8e75c33f9a89e","out_head":[0.349459,0.001114,0.001795,0.065403,0.335932,0.006331],"out_tail":[0.335932,0.006331,0.201360,0.013375,0.019186,0.006046],"out_full_file":"/cf/last_out.json","out_full_file_bytes":183,"out_full_file_reason":"ok","out_record_truncates":false}
{"app":"AI_LEARNER","stage":"mem","model":"b2_resnet","target":"aarch64-unknown-linux-gnu","completed":28,"hal_peak":618856,"peak_within_bounded":true,"admitted_budget_bytes":618856,"peak_within_admitted_budget":true,"admission_mode":"unconditional","hal_bytes_per_call_amortized":669416.6,"process_rss_kb":8396,"process_rss_delta_init_kb":972,"max_active_calls":1,"active_calls_now":0,"call_counter_balanced":true}
.EVS Port1 1980-012-14:05:24.96267 66/1/AI_LEARNER 4: AI_LEARNER completed=29/29 mean=309972.6us max=373153.1us hal_peak=618856 within_bounded=1
{"app":"AI_LEARNER","stage":"run","model":"b2_resnet","target":"aarch64-unknown-linux-gnu","attempted":29,"completed":29,"fail_input":0,"fail_invoke":0,"fail_output":0,"mean_us":309972.65,"max_us":373153.07,"last_us":290543.52,"out0":0.34946,"out_elems":10,"out_sha256":"24bd9a607a59835cbeab390e11ec8ed7aec57930d649c55985b8e75c33f9a89e","out_head":[0.349459,0.001114,0.001795,0.065403,0.335932,0.006331],"out_tail":[0.335932,0.006331,0.201360,0.013375,0.019186,0.006046],"out_full_file":"/cf/last_out.json","out_full_file_bytes":183,"out_full_file_reason":"ok","out_record_truncates":false}
{"app":"AI_LEARNER","stage":"mem","model":"b2_resnet","target":"aarch64-unknown-linux-gnu","completed":29,"hal_peak":618856,"peak_within_bounded":true,"admitted_budget_bytes":618856,"peak_within_admitted_budget":true,"admission_mode":"unconditional","hal_bytes_per_call_amortized":656579.0,"process_rss_kb":8396,"process_rss_delta_init_kb":972,"max_active_calls":1,"active_calls_now":0,"call_counter_balanced":true}
.EVS Port1 1980-012-14:05:28.95916 66/1/AI_LEARNER 4: AI_LEARNER completed=30/30 mean=309178.1us max=373153.1us hal_peak=618856 within_bounded=1
{"app":"AI_LEARNER","stage":"run","model":"b2_resnet","target":"aarch64-unknown-linux-gnu","attempted":30,"completed":30,"fail_input":0,"fail_invoke":0,"fail_output":0,"mean_us":309178.06,"max_us":373153.07,"last_us":286135.06,"out0":0.34946,"out_elems":10,"out_sha256":"24bd9a607a59835cbeab390e11ec8ed7aec57930d649c55985b8e75c33f9a89e","out_head":[0.349459,0.001114,0.001795,0.065403,0.335932,0.006331],"out_tail":[0.335932,0.006331,0.201360,0.013375,0.019186,0.006046],"out_full_file":"/cf/last_out.json","out_full_file_bytes":183,"out_full_file_reason":"ok","out_record_truncates":false}
{"app":"AI_LEARNER","stage":"mem","model":"b2_resnet","target":"aarch64-unknown-linux-gnu","completed":30,"hal_peak":618856,"peak_within_bounded":true,"admitted_budget_bytes":618856,"peak_within_admitted_budget":true,"admission_mode":"unconditional","hal_bytes_per_call_amortized":644597.3,"process_rss_kb":8396,"process_rss_delta_init_kb":972,"max_active_calls":1,"active_calls_now":0,"call_counter_balanced":true}
EVS Port1 1980-012-14:05:32.99060 66/1/AI_LEARNER 4: AI_LEARNER completed=31/31 mean=309428.7us max=373153.1us hal_peak=618856 within_bounded=1
{"app":"AI_LEARNER","stage":"run","model":"b2_resnet","target":"aarch64-unknown-linux-gnu","attempted":31,"completed":31,"fail_input":0,"fail_invoke":0,"fail_output":0,"mean_us":309428.66,"max_us":373153.07,"last_us":316946.70,"out0":0.34946,"out_elems":10,"out_sha256":"24bd9a607a59835cbeab390e11ec8ed7aec57930d649c55985b8e75c33f9a89e","out_head":[0.349459,0.001114,0.001795,0.065403,0.335932,0.006331],"out_tail":[0.335932,0.006331,0.201360,0.013375,0.019186,0.006046],"out_full_file":"/cf/last_out.json","out_full_file_bytes":183,"out_full_file_reason":"ok","out_record_truncates":false}
{"app":"AI_LEARNER","stage":"mem","model":"b2_resnet","target":"aarch64-unknown-linux-gnu","completed":31,"hal_peak":618856,"peak_within_bounded":true,"admitted_budget_bytes":618856,"peak_within_admitted_budget":true,"admission_mode":"unconditional","hal_bytes_per_call_amortized":633388.6,"process_rss_kb":8396,"process_rss_delta_init_kb":972,"max_active_calls":1,"active_calls_now":0,"call_counter_balanced":true}
.EVS Port1 1980-012-14:05:35.00315 66/1/CFE_TIME 21: Stop FLYWHEEL
EVS Port1 1980-012-14:05:35.99963 66/1/CFE_TIME 20: Start FLYWHEEL
EVS Port1 1980-012-14:05:36.95820 66/1/AI_LEARNER 4: AI_LEARNER completed=32/32 mean=308843.5us max=373153.1us hal_peak=618856 within_bounded=1
{"app":"AI_LEARNER","stage":"run","model":"b2_resnet","target":"aarch64-unknown-linux-gnu","attempted":32,"completed":32,"fail_input":0,"fail_invoke":0,"fail_output":0,"mean_us":308843.49,"max_us":373153.07,"last_us":290703.28,"out0":0.34946,"out_elems":10,"out_sha256":"24bd9a607a59835cbeab390e11ec8ed7aec57930d649c55985b8e75c33f9a89e","out_head":[0.349459,0.001114,0.001795,0.065403,0.335932,0.006331],"out_tail":[0.335932,0.006331,0.201360,0.013375,0.019186,0.006046],"out_full_file":"/cf/last_out.json","out_full_file_bytes":183,"out_full_file_reason":"ok","out_record_truncates":false}
{"app":"AI_LEARNER","stage":"mem","model":"b2_resnet","target":"aarch64-unknown-linux-gnu","completed":32,"hal_peak":618856,"peak_within_bounded":true,"admitted_budget_bytes":618856,"peak_within_admitted_budget":true,"admission_mode":"unconditional","hal_bytes_per_call_amortized":622880.5,"process_rss_kb":8396,"process_rss_delta_init_kb":972,"max_active_calls":1,"active_calls_now":0,"call_counter_balanced":true}
.EVS Port1 1980-012-14:05:41.02165 66/1/AI_LEARNER 4: AI_LEARNER completed=33/33 mean=310276.2us max=373153.1us hal_peak=618856 within_bounded=1
{"app":"AI_LEARNER","stage":"run","model":"b2_resnet","target":"aarch64-unknown-linux-gnu","attempted":33,"completed":33,"fail_input":0,"fail_invoke":0,"fail_output":0,"mean_us":310276.16,"max_us":373153.07,"last_us":356121.38,"out0":0.34946,"out_elems":10,"out_sha256":"24bd9a607a59835cbeab390e11ec8ed7aec57930d649c55985b8e75c33f9a89e","out_head":[0.349459,0.001114,0.001795,0.065403,0.335932,0.006331],"out_tail":[0.335932,0.006331,0.201360,0.013375,0.019186,0.006046],"out_full_file":"/cf/last_out.json","out_full_file_bytes":183,"out_full_file_reason":"ok","out_record_truncates":false}
{"app":"AI_LEARNER","stage":"mem","model":"b2_resnet","target":"aarch64-unknown-linux-gnu","completed":33,"hal_peak":618856,"peak_within_bounded":true,"admitted_budget_bytes":618856,"peak_within_admitted_budget":true,"admission_mode":"unconditional","hal_bytes_per_call_amortized":613009.2,"process_rss_kb":8396,"process_rss_delta_init_kb":972,"max_active_calls":1,"active_calls_now":0,"call_counter_balanced":true}
EVS Port1 1980-012-14:05:44.96067 66/1/AI_LEARNER 4: AI_LEARNER completed=34/34 mean=309633.2us max=373153.1us hal_peak=618856 within_bounded=1
{"app":"AI_LEARNER","stage":"run","model":"b2_resnet","target":"aarch64-unknown-linux-gnu","attempted":34,"completed":34,"fail_input":0,"fail_invoke":0,"fail_output":0,"mean_us":309633.17,"max_us":373153.07,"last_us":288414.43,"out0":0.34946,"out_elems":10,"out_sha256":"24bd9a607a59835cbeab390e11ec8ed7aec57930d649c55985b8e75c33f9a89e","out_head":[0.349459,0.001114,0.001795,0.065403,0.335932,0.006331],"out_tail":[0.335932,0.006331,0.201360,0.013375,0.019186,0.006046],"out_full_file":"/cf/last_out.json","out_full_file_bytes":183,"out_full_file_reason":"ok","out_record_truncates":false}
{"app":"AI_LEARNER","stage":"mem","model":"b2_resnet","target":"aarch64-unknown-linux-gnu","completed":34,"hal_peak":618856,"peak_within_bounded":true,"admitted_budget_bytes":618856,"peak_within_admitted_budget":true,"admission_mode":"unconditional","hal_bytes_per_call_amortized":603718.6,"process_rss_kb":8396,"process_rss_delta_init_kb":972,"max_active_calls":1,"active_calls_now":0,"call_counter_balanced":true}
.EVS Port1 1980-012-14:05:49.04603 66/1/AI_LEARNER 4: AI_LEARNER completed=35/35 mean=311480.7us max=374297.2us hal_peak=618856 within_bounded=1
{"app":"AI_LEARNER","stage":"run","model":"b2_resnet","target":"aarch64-unknown-linux-gnu","attempted":35,"completed":35,"fail_input":0,"fail_invoke":0,"fail_output":0,"mean_us":311480.71,"max_us":374297.22,"last_us":374297.22,"out0":0.34946,"out_elems":10,"out_sha256":"24bd9a607a59835cbeab390e11ec8ed7aec57930d649c55985b8e75c33f9a89e","out_head":[0.349459,0.001114,0.001795,0.065403,0.335932,0.006331],"out_tail":[0.335932,0.006331,0.201360,0.013375,0.019186,0.006046],"out_full_file":"/cf/last_out.json","out_full_file_bytes":183,"out_full_file_reason":"ok","out_record_truncates":false}
{"app":"AI_LEARNER","stage":"mem","model":"b2_resnet","target":"aarch64-unknown-linux-gnu","completed":35,"hal_peak":618856,"peak_within_bounded":true,"admitted_budget_bytes":618856,"peak_within_admitted_budget":true,"admission_mode":"unconditional","hal_bytes_per_call_amortized":594958.9,"process_rss_kb":8396,"process_rss_delta_init_kb":972,"max_active_calls":1,"active_calls_now":0,"call_counter_balanced":true}
.EVS Port1 1980-012-14:05:52.97389 66/1/AI_LEARNER 4: AI_LEARNER completed=36/36 mean=311089.7us max=374297.2us hal_peak=618856 within_bounded=1
{"app":"AI_LEARNER","stage":"run","model":"b2_resnet","target":"aarch64-unknown-linux-gnu","attempted":36,"completed":36,"fail_input":0,"fail_invoke":0,"fail_output":0,"mean_us":311089.71,"max_us":374297.22,"last_us":297404.62,"out0":0.34946,"out_elems":10,"out_sha256":"24bd9a607a59835cbeab390e11ec8ed7aec57930d649c55985b8e75c33f9a89e","out_head":[0.349459,0.001114,0.001795,0.065403,0.335932,0.006331],"out_tail":[0.335932,0.006331,0.201360,0.013375,0.019186,0.006046],"out_full_file":"/cf/last_out.json","out_full_file_bytes":183,"out_full_file_reason":"ok","out_record_truncates":false}
{"app":"AI_LEARNER","stage":"mem","model":"b2_resnet","target":"aarch64-unknown-linux-gnu","completed":36,"hal_peak":618856,"peak_within_bounded":true,"admitted_budget_bytes":618856,"peak_within_admitted_budget":true,"admission_mode":"unconditional","hal_bytes_per_call_amortized":586685.8,"process_rss_kb":8396,"process_rss_delta_init_kb":972,"max_active_calls":1,"active_calls_now":0,"call_counter_balanced":true}
EVS Port1 1980-012-14:05:56.97108 66/1/AI_LEARNER 4: AI_LEARNER completed=37/37 mean=310556.7us max=374297.2us hal_peak=618856 within_bounded=1
{"app":"AI_LEARNER","stage":"run","model":"b2_resnet","target":"aarch64-unknown-linux-gnu","attempted":37,"completed":37,"fail_input":0,"fail_invoke":0,"fail_output":0,"mean_us":310556.68,"max_us":374297.22,"last_us":291367.66,"out0":0.34946,"out_elems":10,"out_sha256":"24bd9a607a59835cbeab390e11ec8ed7aec57930d649c55985b8e75c33f9a89e","out_head":[0.349459,0.001114,0.001795,0.065403,0.335932,0.006331],"out_tail":[0.335932,0.006331,0.201360,0.013375,0.019186,0.006046],"out_full_file":"/cf/last_out.json","out_full_file_bytes":183,"out_full_file_reason":"ok","out_record_truncates":false}
{"app":"AI_LEARNER","stage":"mem","model":"b2_resnet","target":"aarch64-unknown-linux-gnu","completed":37,"hal_peak":618856,"peak_within_bounded":true,"admitted_budget_bytes":618856,"peak_within_admitted_budget":true,"admission_mode":"unconditional","hal_bytes_per_call_amortized":578859.9,"process_rss_kb":8396,"process_rss_delta_init_kb":972,"max_active_calls":1,"active_calls_now":0,"call_counter_balanced":true}
.EVS Port1 1980-012-14:06:00.95642 66/1/AI_LEARNER 4: AI_LEARNER completed=38/38 mean=309975.8us max=374297.2us hal_peak=618856 within_bounded=1
{"app":"AI_LEARNER","stage":"run","model":"b2_resnet","target":"aarch64-unknown-linux-gnu","attempted":38,"completed":38,"fail_input":0,"fail_invoke":0,"fail_output":0,"mean_us":309975.85,"max_us":374297.22,"last_us":288485.12,"out0":0.34946,"out_elems":10,"out_sha256":"24bd9a607a59835cbeab390e11ec8ed7aec57930d649c55985b8e75c33f9a89e","out_head":[0.349459,0.001114,0.001795,0.065403,0.335932,0.006331],"out_tail":[0.335932,0.006331,0.201360,0.013375,0.019186,0.006046],"out_full_file":"/cf/last_out.json","out_full_file_bytes":183,"out_full_file_reason":"ok","out_record_truncates":false}
{"app":"AI_LEARNER","stage":"mem","model":"b2_resnet","target":"aarch64-unknown-linux-gnu","completed":38,"hal_peak":618856,"peak_within_bounded":true,"admitted_budget_bytes":618856,"peak_within_admitted_budget":true,"admission_mode":"unconditional","hal_bytes_per_call_amortized":571445.9,"process_rss_kb":8396,"process_rss_delta_init_kb":972,"max_active_calls":1,"active_calls_now":0,"call_counter_balanced":true}
.EVS Port1 1980-012-14:06:05.00805 66/1/AI_LEARNER 4: AI_LEARNER completed=39/39 mean=310661.1us max=374297.2us hal_peak=618856 within_bounded=1
{"app":"AI_LEARNER","stage":"run","model":"b2_resnet","target":"aarch64-unknown-linux-gnu","attempted":39,"completed":39,"fail_input":0,"fail_invoke":0,"fail_output":0,"mean_us":310661.11,"max_us":374297.22,"last_us":336701.02,"out0":0.34946,"out_elems":10,"out_sha256":"24bd9a607a59835cbeab390e11ec8ed7aec57930d649c55985b8e75c33f9a89e","out_head":[0.349459,0.001114,0.001795,0.065403,0.335932,0.006331],"out_tail":[0.335932,0.006331,0.201360,0.013375,0.019186,0.006046],"out_full_file":"/cf/last_out.json","out_full_file_bytes":183,"out_full_file_reason":"ok","out_record_truncates":false}
{"app":"AI_LEARNER","stage":"mem","model":"b2_resnet","target":"aarch64-unknown-linux-gnu","completed":39,"hal_peak":618856,"peak_within_bounded":true,"admitted_budget_bytes":618856,"peak_within_admitted_budget":true,"admission_mode":"unconditional","hal_bytes_per_call_amortized":564412.1,"process_rss_kb":8396,"process_rss_delta_init_kb":972,"max_active_calls":1,"active_calls_now":0,"call_counter_balanced":true}
EVS Port1 1980-012-14:06:09.01042 66/1/AI_LEARNER 4: AI_LEARNER completed=40/40 mean=311169.2us max=374297.2us hal_peak=618856 within_bounded=1
{"app":"AI_LEARNER","stage":"run","model":"b2_resnet","target":"aarch64-unknown-linux-gnu","attempted":40,"completed":40,"fail_input":0,"fail_invoke":0,"fail_output":0,"mean_us":311169.20,"max_us":374297.22,"last_us":330984.77,"out0":0.34946,"out_elems":10,"out_sha256":"24bd9a607a59835cbeab390e11ec8ed7aec57930d649c55985b8e75c33f9a89e","out_head":[0.349459,0.001114,0.001795,0.065403,0.335932,0.006331],"out_tail":[0.335932,0.006331,0.201360,0.013375,0.019186,0.006046],"out_full_file":"/cf/last_out.json","out_full_file_bytes":183,"out_full_file_reason":"ok","out_record_truncates":false}
{"app":"AI_LEARNER","stage":"mem","model":"b2_resnet","target":"aarch64-unknown-linux-gnu","completed":40,"hal_peak":618856,"peak_within_bounded":true,"admitted_budget_bytes":618856,"peak_within_admitted_budget":true,"admission_mode":"unconditional","hal_bytes_per_call_amortized":557730.0,"process_rss_kb":8396,"process_rss_delta_init_kb":972,"max_active_calls":1,"active_calls_now":0,"call_counter_balanced":true}
.EVS Port1 1980-012-14:06:12.95390 66/1/AI_LEARNER 4: AI_LEARNER completed=41/41 mean=310454.2us max=374297.2us hal_peak=618856 within_bounded=1
{"app":"AI_LEARNER","stage":"run","model":"b2_resnet","target":"aarch64-unknown-linux-gnu","attempted":41,"completed":41,"fail_input":0,"fail_invoke":0,"fail_output":0,"mean_us":310454.18,"max_us":374297.22,"last_us":281853.44,"out0":0.34946,"out_elems":10,"out_sha256":"24bd9a607a59835cbeab390e11ec8ed7aec57930d649c55985b8e75c33f9a89e","out_head":[0.349459,0.001114,0.001795,0.065403,0.335932,0.006331],"out_tail":[0.335932,0.006331,0.201360,0.013375,0.019186,0.006046],"out_full_file":"/cf/last_out.json","out_full_file_bytes":183,"out_full_file_reason":"ok","out_record_truncates":false}
{"app":"AI_LEARNER","stage":"mem","model":"b2_resnet","target":"aarch64-unknown-linux-gnu","completed":41,"hal_peak":618856,"peak_within_bounded":true,"admitted_budget_bytes":618856,"peak_within_admitted_budget":true,"admission_mode":"unconditional","hal_bytes_per_call_amortized":551373.9,"process_rss_kb":8396,"process_rss_delta_init_kb":972,"max_active_calls":1,"active_calls_now":0,"call_counter_balanced":true}
.EVS Port1 1980-012-14:06:16.98594 66/1/AI_LEARNER 4: AI_LEARNER completed=42/42 mean=310426.4us max=374297.2us hal_peak=618856 within_bounded=1
{"app":"AI_LEARNER","stage":"run","model":"b2_resnet","target":"aarch64-unknown-linux-gnu","attempted":42,"completed":42,"fail_input":0,"fail_invoke":0,"fail_output":0,"mean_us":310426.43,"max_us":374297.22,"last_us":309288.58,"out0":0.34946,"out_elems":10,"out_sha256":"24bd9a607a59835cbeab390e11ec8ed7aec57930d649c55985b8e75c33f9a89e","out_head":[0.349459,0.001114,0.001795,0.065403,0.335932,0.006331],"out_tail":[0.335932,0.006331,0.201360,0.013375,0.019186,0.006046],"out_full_file":"/cf/last_out.json","out_full_file_bytes":183,"out_full_file_reason":"ok","out_record_truncates":false}
{"app":"AI_LEARNER","stage":"mem","model":"b2_resnet","target":"aarch64-unknown-linux-gnu","completed":42,"hal_peak":618856,"peak_within_bounded":true,"admitted_budget_bytes":618856,"peak_within_admitted_budget":true,"admission_mode":"unconditional","hal_bytes_per_call_amortized":545320.4,"process_rss_kb":8396,"process_rss_delta_init_kb":972,"max_active_calls":1,"active_calls_now":0,"call_counter_balanced":true}
EVS Port1 1980-012-14:06:21.03907 66/1/AI_LEARNER 4: AI_LEARNER completed=43/43 mean=311760.6us max=374297.2us hal_peak=618856 within_bounded=1
{"app":"AI_LEARNER","stage":"run","model":"b2_resnet","target":"aarch64-unknown-linux-gnu","attempted":43,"completed":43,"fail_input":0,"fail_invoke":0,"fail_output":0,"mean_us":311760.57,"max_us":374297.22,"last_us":367794.46,"out0":0.34946,"out_elems":10,"out_sha256":"24bd9a607a59835cbeab390e11ec8ed7aec57930d649c55985b8e75c33f9a89e","out_head":[0.349459,0.001114,0.001795,0.065403,0.335932,0.006331],"out_tail":[0.335932,0.006331,0.201360,0.013375,0.019186,0.006046],"out_full_file":"/cf/last_out.json","out_full_file_bytes":183,"out_full_file_reason":"ok","out_record_truncates":false}
{"app":"AI_LEARNER","stage":"mem","model":"b2_resnet","target":"aarch64-unknown-linux-gnu","completed":43,"hal_peak":618856,"peak_within_bounded":true,"admitted_budget_bytes":618856,"peak_within_admitted_budget":true,"admission_mode":"unconditional","hal_bytes_per_call_amortized":539548.5,"process_rss_kb":8396,"process_rss_delta_init_kb":972,"max_active_calls":1,"active_calls_now":0,"call_counter_balanced":true}
.EVS Port1 1980-012-14:06:24.98510 66/1/AI_LEARNER 4: AI_LEARNER completed=44/44 mean=311569.2us max=374297.2us hal_peak=618856 within_bounded=1
{"app":"AI_LEARNER","stage":"run","model":"b2_resnet","target":"aarch64-unknown-linux-gnu","attempted":44,"completed":44,"fail_input":0,"fail_invoke":0,"fail_output":0,"mean_us":311569.23,"max_us":374297.22,"last_us":303341.58,"out0":0.34946,"out_elems":10,"out_sha256":"24bd9a607a59835cbeab390e11ec8ed7aec57930d649c55985b8e75c33f9a89e","out_head":[0.349459,0.001114,0.001795,0.065403,0.335932,0.006331],"out_tail":[0.335932,0.006331,0.201360,0.013375,0.019186,0.006046],"out_full_file":"/cf/last_out.json","out_full_file_bytes":183,"out_full_file_reason":"ok","out_record_truncates":false}
{"app":"AI_LEARNER","stage":"mem","model":"b2_resnet","target":"aarch64-unknown-linux-gnu","completed":44,"hal_peak":618856,"peak_within_bounded":true,"admitted_budget_bytes":618856,"peak_within_admitted_budget":true,"admission_mode":"unconditional","hal_bytes_per_call_amortized":534038.9,"process_rss_kb":8396,"process_rss_delta_init_kb":972,"max_active_calls":1,"active_calls_now":0,"call_counter_balanced":true}
.EVS Port1 1980-012-14:06:28.97163 66/1/AI_LEARNER 4: AI_LEARNER completed=45/45 mean=311406.6us max=374297.2us hal_peak=618856 within_bounded=1
{"app":"AI_LEARNER","stage":"run","model":"b2_resnet","target":"aarch64-unknown-linux-gnu","attempted":45,"completed":45,"fail_input":0,"fail_invoke":0,"fail_output":0,"mean_us":311406.63,"max_us":374297.22,"last_us":304252.19,"out0":0.34946,"out_elems":10,"out_sha256":"24bd9a607a59835cbeab390e11ec8ed7aec57930d649c55985b8e75c33f9a89e","out_head":[0.349459,0.001114,0.001795,0.065403,0.335932,0.006331],"out_tail":[0.335932,0.006331,0.201360,0.013375,0.019186,0.006046],"out_full_file":"/cf/last_out.json","out_full_file_bytes":183,"out_full_file_reason":"ok","out_record_truncates":false}
{"app":"AI_LEARNER","stage":"mem","model":"b2_resnet","target":"aarch64-unknown-linux-gnu","completed":45,"hal_peak":618856,"peak_within_bounded":true,"admitted_budget_bytes":618856,"peak_within_admitted_budget":true,"admission_mode":"unconditional","hal_bytes_per_call_amortized":528774.2,"process_rss_kb":8396,"process_rss_delta_init_kb":972,"max_active_calls":1,"active_calls_now":0,"call_counter_balanced":true}
EVS Port1 1980-012-14:06:32.97433 66/1/AI_LEARNER 4: AI_LEARNER completed=46/46 mean=311344.6us max=374297.2us hal_peak=618856 within_bounded=1
{"app":"AI_LEARNER","stage":"run","model":"b2_resnet","target":"aarch64-unknown-linux-gnu","attempted":46,"completed":46,"fail_input":0,"fail_invoke":0,"fail_output":0,"mean_us":311344.56,"max_us":374297.22,"last_us":308551.65,"out0":0.34946,"out_elems":10,"out_sha256":"24bd9a607a59835cbeab390e11ec8ed7aec57930d649c55985b8e75c33f9a89e","out_head":[0.349459,0.001114,0.001795,0.065403,0.335932,0.006331],"out_tail":[0.335932,0.006331,0.201360,0.013375,0.019186,0.006046],"out_full_file":"/cf/last_out.json","out_full_file_bytes":183,"out_full_file_reason":"ok","out_record_truncates":false}
{"app":"AI_LEARNER","stage":"mem","model":"b2_resnet","target":"aarch64-unknown-linux-gnu","completed":46,"hal_peak":618856,"peak_within_bounded":true,"admitted_budget_bytes":618856,"peak_within_admitted_budget":true,"admission_mode":"unconditional","hal_bytes_per_call_amortized":523738.4,"process_rss_kb":8396,"process_rss_delta_init_kb":972,"max_active_calls":1,"active_calls_now":0,"call_counter_balanced":true}
.EVS Port1 1980-012-14:06:36.99632 66/1/AI_LEARNER 4: AI_LEARNER completed=47/47 mean=311503.2us max=374297.2us hal_peak=618856 within_bounded=1
{"app":"AI_LEARNER","stage":"run","model":"b2_resnet","target":"aarch64-unknown-linux-gnu","attempted":47,"completed":47,"fail_input":0,"fail_invoke":0,"fail_output":0,"mean_us":311503.22,"max_us":374297.22,"last_us":318801.17,"out0":0.34946,"out_elems":10,"out_sha256":"24bd9a607a59835cbeab390e11ec8ed7aec57930d649c55985b8e75c33f9a89e","out_head":[0.349459,0.001114,0.001795,0.065403,0.335932,0.006331],"out_tail":[0.335932,0.006331,0.201360,0.013375,0.019186,0.006046],"out_full_file":"/cf/last_out.json","out_full_file_bytes":183,"out_full_file_reason":"ok","out_record_truncates":false}
{"app":"AI_LEARNER","stage":"mem","model":"b2_resnet","target":"aarch64-unknown-linux-gnu","completed":47,"hal_peak":618856,"peak_within_bounded":true,"admitted_budget_bytes":618856,"peak_within_admitted_budget":true,"admission_mode":"unconditional","hal_bytes_per_call_amortized":518916.9,"process_rss_kb":8396,"process_rss_delta_init_kb":972,"max_active_calls":1,"active_calls_now":0,"call_counter_balanced":true}
.EVS Port1 1980-012-14:06:40.96060 66/1/AI_LEARNER 4: AI_LEARNER completed=48/48 mean=310986.3us max=374297.2us hal_peak=618856 within_bounded=1
{"app":"AI_LEARNER","stage":"run","model":"b2_resnet","target":"aarch64-unknown-linux-gnu","attempted":48,"completed":48,"fail_input":0,"fail_invoke":0,"fail_output":0,"mean_us":310986.33,"max_us":374297.22,"last_us":286692.58,"out0":0.34946,"out_elems":10,"out_sha256":"24bd9a607a59835cbeab390e11ec8ed7aec57930d649c55985b8e75c33f9a89e","out_head":[0.349459,0.001114,0.001795,0.065403,0.335932,0.006331],"out_tail":[0.335932,0.006331,0.201360,0.013375,0.019186,0.006046],"out_full_file":"/cf/last_out.json","out_full_file_bytes":183,"out_full_file_reason":"ok","out_record_truncates":false}
{"app":"AI_LEARNER","stage":"mem","model":"b2_resnet","target":"aarch64-unknown-linux-gnu","completed":48,"hal_peak":618856,"peak_within_bounded":true,"admitted_budget_bytes":618856,"peak_within_admitted_budget":true,"admission_mode":"unconditional","hal_bytes_per_call_amortized":514296.3,"process_rss_kb":8396,"process_rss_delta_init_kb":972,"max_active_calls":1,"active_calls_now":0,"call_counter_balanced":true}
EVS Port1 1980-012-14:06:44.96099 66/1/AI_LEARNER 4: AI_LEARNER completed=49/49 mean=310444.3us max=374297.2us hal_peak=618856 within_bounded=1
{"app":"AI_LEARNER","stage":"run","model":"b2_resnet","target":"aarch64-unknown-linux-gnu","attempted":49,"completed":49,"fail_input":0,"fail_invoke":0,"fail_output":0,"mean_us":310444.26,"max_us":374297.22,"last_us":284424.80,"out0":0.34946,"out_elems":10,"out_sha256":"24bd9a607a59835cbeab390e11ec8ed7aec57930d649c55985b8e75c33f9a89e","out_head":[0.349459,0.001114,0.001795,0.065403,0.335932,0.006331],"out_tail":[0.335932,0.006331,0.201360,0.013375,0.019186,0.006046],"out_full_file":"/cf/last_out.json","out_full_file_bytes":183,"out_full_file_reason":"ok","out_record_truncates":false}
{"app":"AI_LEARNER","stage":"mem","model":"b2_resnet","target":"aarch64-unknown-linux-gnu","completed":49,"hal_peak":618856,"peak_within_bounded":true,"admitted_budget_bytes":618856,"peak_within_admitted_budget":true,"admission_mode":"unconditional","hal_bytes_per_call_amortized":509864.3,"process_rss_kb":8396,"process_rss_delta_init_kb":972,"max_active_calls":1,"active_calls_now":0,"call_counter_balanced":true}
.EVS Port1 1980-012-14:06:48.94468 66/1/AI_LEARNER 4: AI_LEARNER completed=50/50 mean=309755.1us max=374297.2us hal_peak=618856 within_bounded=1
{"app":"AI_LEARNER","stage":"run","model":"b2_resnet","target":"aarch64-unknown-linux-gnu","attempted":50,"completed":50,"fail_input":0,"fail_invoke":0,"fail_output":0,"mean_us":309755.09,"max_us":374297.22,"last_us":275985.98,"out0":0.34946,"out_elems":10,"out_sha256":"24bd9a607a59835cbeab390e11ec8ed7aec57930d649c55985b8e75c33f9a89e","out_head":[0.349459,0.001114,0.001795,0.065403,0.335932,0.006331],"out_tail":[0.335932,0.006331,0.201360,0.013375,0.019186,0.006046],"out_full_file":"/cf/last_out.json","out_full_file_bytes":183,"out_full_file_reason":"ok","out_record_truncates":false}
{"app":"AI_LEARNER","stage":"mem","model":"b2_resnet","target":"aarch64-unknown-linux-gnu","completed":50,"hal_peak":618856,"peak_within_bounded":true,"admitted_budget_bytes":618856,"peak_within_admitted_budget":true,"admission_mode":"unconditional","hal_bytes_per_call_amortized":505609.6,"process_rss_kb":8396,"process_rss_delta_init_kb":972,"max_active_calls":1,"active_calls_now":0,"call_counter_balanced":true}
.EVS Port1 1980-012-14:06:52.96598 66/1/AI_LEARNER 4: AI_LEARNER completed=51/51 mean=309457.5us max=374297.2us hal_peak=618856 within_bounded=1
{"app":"AI_LEARNER","stage":"run","model":"b2_resnet","target":"aarch64-unknown-linux-gnu","attempted":51,"completed":51,"fail_input":0,"fail_invoke":0,"fail_output":0,"mean_us":309457.55,"max_us":374297.22,"last_us":294580.32,"out0":0.34946,"out_elems":10,"out_sha256":"24bd9a607a59835cbeab390e11ec8ed7aec57930d649c55985b8e75c33f9a89e","out_head":[0.349459,0.001114,0.001795,0.065403,0.335932,0.006331],"out_tail":[0.335932,0.006331,0.201360,0.013375,0.019186,0.006046],"out_full_file":"/cf/last_out.json","out_full_file_bytes":183,"out_full_file_reason":"ok","out_record_truncates":false}
{"app":"AI_LEARNER","stage":"mem","model":"b2_resnet","target":"aarch64-unknown-linux-gnu","completed":51,"hal_peak":618856,"peak_within_bounded":true,"admitted_budget_bytes":618856,"peak_within_admitted_budget":true,"admission_mode":"unconditional","hal_bytes_per_call_amortized":501521.7,"process_rss_kb":8396,"process_rss_delta_init_kb":972,"max_active_calls":1,"active_calls_now":0,"call_counter_balanced":true}
EVS Port1 1980-012-14:06:56.97402 66/1/AI_LEARNER 4: AI_LEARNER completed=52/52 mean=309289.9us max=374297.2us hal_peak=618856 within_bounded=1
{"app":"AI_LEARNER","stage":"run","model":"b2_resnet","target":"aarch64-unknown-linux-gnu","attempted":52,"completed":52,"fail_input":0,"fail_invoke":0,"fail_output":0,"mean_us":309289.88,"max_us":374297.22,"last_us":300739.01,"out0":0.34946,"out_elems":10,"out_sha256":"24bd9a607a59835cbeab390e11ec8ed7aec57930d649c55985b8e75c33f9a89e","out_head":[0.349459,0.001114,0.001795,0.065403,0.335932,0.006331],"out_tail":[0.335932,0.006331,0.201360,0.013375,0.019186,0.006046],"out_full_file":"/cf/last_out.json","out_full_file_bytes":183,"out_full_file_reason":"ok","out_record_truncates":false}
{"app":"AI_LEARNER","stage":"mem","model":"b2_resnet","target":"aarch64-unknown-linux-gnu","completed":52,"hal_peak":618856,"peak_within_bounded":true,"admitted_budget_bytes":618856,"peak_within_admitted_budget":true,"admission_mode":"unconditional","hal_bytes_per_call_amortized":497591.1,"process_rss_kb":8396,"process_rss_delta_init_kb":972,"max_active_calls":1,"active_calls_now":0,"call_counter_balanced":true}
.EVS Port1 1980-012-14:07:01.01734 66/1/AI_LEARNER 4: AI_LEARNER completed=53/53 mean=309868.8us max=374297.2us hal_peak=618856 within_bounded=1
{"app":"AI_LEARNER","stage":"run","model":"b2_resnet","target":"aarch64-unknown-linux-gnu","attempted":53,"completed":53,"fail_input":0,"fail_invoke":0,"fail_output":0,"mean_us":309868.81,"max_us":374297.22,"last_us":339973.26,"out0":0.34946,"out_elems":10,"out_sha256":"24bd9a607a59835cbeab390e11ec8ed7aec57930d649c55985b8e75c33f9a89e","out_head":[0.349459,0.001114,0.001795,0.065403,0.335932,0.006331],"out_tail":[0.335932,0.006331,0.201360,0.013375,0.019186,0.006046],"out_full_file":"/cf/last_out.json","out_full_file_bytes":183,"out_full_file_reason":"ok","out_record_truncates":false}
{"app":"AI_LEARNER","stage":"mem","model":"b2_resnet","target":"aarch64-unknown-linux-gnu","completed":53,"hal_peak":618856,"peak_within_bounded":true,"admitted_budget_bytes":618856,"peak_within_admitted_budget":true,"admission_mode":"unconditional","hal_bytes_per_call_amortized":493808.8,"process_rss_kb":8396,"process_rss_delta_init_kb":972,"max_active_calls":1,"active_calls_now":0,"call_counter_balanced":true}
.EVS Port1 1980-012-14:07:05.28439 66/1/AI_LEARNER 4: AI_LEARNER completed=54/54 mean=315612.8us max=620044.8us hal_peak=618856 within_bounded=1
{"app":"AI_LEARNER","stage":"run","model":"b2_resnet","target":"aarch64-unknown-linux-gnu","attempted":54,"completed":54,"fail_input":0,"fail_invoke":0,"fail_output":0,"mean_us":315612.81,"max_us":620044.75,"last_us":620044.75,"out0":0.34946,"out_elems":10,"out_sha256":"24bd9a607a59835cbeab390e11ec8ed7aec57930d649c55985b8e75c33f9a89e","out_head":[0.349459,0.001114,0.001795,0.065403,0.335932,0.006331],"out_tail":[0.335932,0.006331,0.201360,0.013375,0.019186,0.006046],"out_full_file":"/cf/last_out.json","out_full_file_bytes":183,"out_full_file_reason":"ok","out_record_truncates":false}
{"app":"AI_LEARNER","stage":"mem","model":"b2_resnet","target":"aarch64-unknown-linux-gnu","completed":54,"hal_peak":618856,"peak_within_bounded":true,"admitted_budget_bytes":618856,"peak_within_admitted_budget":true,"admission_mode":"unconditional","hal_bytes_per_call_amortized":490166.5,"process_rss_kb":8396,"process_rss_delta_init_kb":972,"max_active_calls":1,"active_calls_now":0,"call_counter_balanced":true}
EVS Port1 1980-012-14:07:09.53822 66/1/AI_LEARNER 4: AI_LEARNER completed=55/55 mean=325370.3us max=852276.6us hal_peak=618856 within_bounded=1
{"app":"AI_LEARNER","stage":"run","model":"b2_resnet","target":"aarch64-unknown-linux-gnu","attempted":55,"completed":55,"fail_input":0,"fail_invoke":0,"fail_output":0,"mean_us":325370.33,"max_us":852276.59,"last_us":852276.59,"out0":0.34946,"out_elems":10,"out_sha256":"24bd9a607a59835cbeab390e11ec8ed7aec57930d649c55985b8e75c33f9a89e","out_head":[0.349459,0.001114,0.001795,0.065403,0.335932,0.006331],"out_tail":[0.335932,0.006331,0.201360,0.013375,0.019186,0.006046],"out_full_file":"/cf/last_out.json","out_full_file_bytes":183,"out_full_file_reason":"ok","out_record_truncates":false}
{"app":"AI_LEARNER","stage":"mem","model":"b2_resnet","target":"aarch64-unknown-linux-gnu","completed":55,"hal_peak":618856,"peak_within_bounded":true,"admitted_budget_bytes":618856,"peak_within_admitted_budget":true,"admission_mode":"unconditional","hal_bytes_per_call_amortized":486656.7,"process_rss_kb":8396,"process_rss_delta_init_kb":972,"max_active_calls":1,"active_calls_now":0,"call_counter_balanced":true}
EVS Port1 1980-012-14:07:10.00537 66/1/CFE_TIME 21: Stop FLYWHEEL
.EVS Port1 1980-012-14:07:10.99401 66/1/CFE_TIME 20: Start FLYWHEEL
EVS Port1 1980-012-14:07:13.03244 66/1/AI_LEARNER 4: AI_LEARNER completed=56/56 mean=325598.1us max=852276.6us hal_peak=618856 within_bounded=1
{"app":"AI_LEARNER","stage":"run","model":"b2_resnet","target":"aarch64-unknown-linux-gnu","attempted":56,"completed":56,"fail_input":0,"fail_invoke":0,"fail_output":0,"mean_us":325598.07,"max_us":852276.59,"last_us":338123.57,"out0":0.34946,"out_elems":10,"out_sha256":"24bd9a607a59835cbeab390e11ec8ed7aec57930d649c55985b8e75c33f9a89e","out_head":[0.349459,0.001114,0.001795,0.065403,0.335932,0.006331],"out_tail":[0.335932,0.006331,0.201360,0.013375,0.019186,0.006046],"out_full_file":"/cf/last_out.json","out_full_file_bytes":183,"out_full_file_reason":"ok","out_record_truncates":false}
{"app":"AI_LEARNER","stage":"mem","model":"b2_resnet","target":"aarch64-unknown-linux-gnu","completed":56,"hal_peak":618856,"peak_within_bounded":true,"admitted_budget_bytes":618856,"peak_within_admitted_budget":true,"admission_mode":"unconditional","hal_bytes_per_call_amortized":483272.3,"process_rss_kb":8396,"process_rss_delta_init_kb":972,"max_active_calls":1,"active_calls_now":0,"call_counter_balanced":true}
EVS Port1 1980-012-14:07:14.00489 66/1/CFE_TIME 21: Stop FLYWHEEL
EVS Port1 1980-012-14:07:14.99510 66/1/CFE_TIME 20: Start FLYWHEEL
.EVS Port1 1980-012-14:07:17.01345 66/1/AI_LEARNER 4: AI_LEARNER completed=57/57 mean=325918.0us max=852276.6us hal_peak=618856 within_bounded=1
{"app":"AI_LEARNER","stage":"run","model":"b2_resnet","target":"aarch64-unknown-linux-gnu","attempted":57,"completed":57,"fail_input":0,"fail_invoke":0,"fail_output":0,"mean_us":325917.97,"max_us":852276.59,"last_us":343832.11,"out0":0.34946,"out_elems":10,"out_sha256":"24bd9a607a59835cbeab390e11ec8ed7aec57930d649c55985b8e75c33f9a89e","out_head":[0.349459,0.001114,0.001795,0.065403,0.335932,0.006331],"out_tail":[0.335932,0.006331,0.201360,0.013375,0.019186,0.006046],"out_full_file":"/cf/last_out.json","out_full_file_bytes":183,"out_full_file_reason":"ok","out_record_truncates":false}
{"app":"AI_LEARNER","stage":"mem","model":"b2_resnet","target":"aarch64-unknown-linux-gnu","completed":57,"hal_peak":618856,"peak_within_bounded":true,"admitted_budget_bytes":618856,"peak_within_admitted_budget":true,"admission_mode":"unconditional","hal_bytes_per_call_amortized":480006.6,"process_rss_kb":8396,"process_rss_delta_init_kb":972,"max_active_calls":1,"active_calls_now":0,"call_counter_balanced":true}
EVS Port1 1980-012-14:07:20.99311 66/1/AI_LEARNER 4: AI_LEARNER completed=58/58 mean=325815.7us max=852276.6us hal_peak=618856 within_bounded=1
{"app":"AI_LEARNER","stage":"run","model":"b2_resnet","target":"aarch64-unknown-linux-gnu","attempted":58,"completed":58,"fail_input":0,"fail_invoke":0,"fail_output":0,"mean_us":325815.66,"max_us":852276.59,"last_us":319984.43,"out0":0.34946,"out_elems":10,"out_sha256":"24bd9a607a59835cbeab390e11ec8ed7aec57930d649c55985b8e75c33f9a89e","out_head":[0.349459,0.001114,0.001795,0.065403,0.335932,0.006331],"out_tail":[0.335932,0.006331,0.201360,0.013375,0.019186,0.006046],"out_full_file":"/cf/last_out.json","out_full_file_bytes":183,"out_full_file_reason":"ok","out_record_truncates":false}
{"app":"AI_LEARNER","stage":"mem","model":"b2_resnet","target":"aarch64-unknown-linux-gnu","completed":58,"hal_peak":618856,"peak_within_bounded":true,"admitted_budget_bytes":618856,"peak_within_admitted_budget":true,"admission_mode":"unconditional","hal_bytes_per_call_amortized":476853.5,"process_rss_kb":8396,"process_rss_delta_init_kb":972,"max_active_calls":1,"active_calls_now":0,"call_counter_balanced":true}
.EVS Port1 1980-012-14:07:24.98341 66/1/AI_LEARNER 4: AI_LEARNER completed=59/59 mean=325319.4us max=852276.6us hal_peak=618856 within_bounded=1
{"app":"AI_LEARNER","stage":"run","model":"b2_resnet","target":"aarch64-unknown-linux-gnu","attempted":59,"completed":59,"fail_input":0,"fail_invoke":0,"fail_output":0,"mean_us":325319.44,"max_us":852276.59,"last_us":296538.70,"out0":0.34946,"out_elems":10,"out_sha256":"24bd9a607a59835cbeab390e11ec8ed7aec57930d649c55985b8e75c33f9a89e","out_head":[0.349459,0.001114,0.001795,0.065403,0.335932,0.006331],"out_tail":[0.335932,0.006331,0.201360,0.013375,0.019186,0.006046],"out_full_file":"/cf/last_out.json","out_full_file_bytes":183,"out_full_file_reason":"ok","out_record_truncates":false}
{"app":"AI_LEARNER","stage":"mem","model":"b2_resnet","target":"aarch64-unknown-linux-gnu","completed":59,"hal_peak":618856,"peak_within_bounded":true,"admitted_budget_bytes":618856,"peak_within_admitted_budget":true,"admission_mode":"unconditional","hal_bytes_per_call_amortized":473807.3,"process_rss_kb":8396,"process_rss_delta_init_kb":972,"max_active_calls":1,"active_calls_now":0,"call_counter_balanced":true}
.EVS Port1 1980-012-14:07:28.98162 66/1/AI_LEARNER 4: AI_LEARNER completed=60/60 mean=325078.2us max=852276.6us hal_peak=618856 within_bounded=1
{"app":"AI_LEARNER","stage":"run","model":"b2_resnet","target":"aarch64-unknown-linux-gnu","attempted":60,"completed":60,"fail_input":0,"fail_invoke":0,"fail_output":0,"mean_us":325078.20,"max_us":852276.59,"last_us":310844.69,"out0":0.34946,"out_elems":10,"out_sha256":"24bd9a607a59835cbeab390e11ec8ed7aec57930d649c55985b8e75c33f9a89e","out_head":[0.349459,0.001114,0.001795,0.065403,0.335932,0.006331],"out_tail":[0.335932,0.006331,0.201360,0.013375,0.019186,0.006046],"out_full_file":"/cf/last_out.json","out_full_file_bytes":183,"out_full_file_reason":"ok","out_record_truncates":false}
{"app":"AI_LEARNER","stage":"mem","model":"b2_resnet","target":"aarch64-unknown-linux-gnu","completed":60,"hal_peak":618856,"peak_within_bounded":true,"admitted_budget_bytes":618856,"peak_within_admitted_budget":true,"admission_mode":"unconditional","hal_bytes_per_call_amortized":470862.7,"process_rss_kb":8396,"process_rss_delta_init_kb":972,"max_active_calls":1,"active_calls_now":0,"call_counter_balanced":true}
EVS Port1 1980-012-14:07:32.95697 66/1/AI_LEARNER 4: AI_LEARNER completed=61/61 mean=324296.2us max=852276.6us hal_peak=618856 within_bounded=1
{"app":"AI_LEARNER","stage":"run","model":"b2_resnet","target":"aarch64-unknown-linux-gnu","attempted":61,"completed":61,"fail_input":0,"fail_invoke":0,"fail_output":0,"mean_us":324296.22,"max_us":852276.59,"last_us":277377.49,"out0":0.34946,"out_elems":10,"out_sha256":"24bd9a607a59835cbeab390e11ec8ed7aec57930d649c55985b8e75c33f9a89e","out_head":[0.349459,0.001114,0.001795,0.065403,0.335932,0.006331],"out_tail":[0.335932,0.006331,0.201360,0.013375,0.019186,0.006046],"out_full_file":"/cf/last_out.json","out_full_file_bytes":183,"out_full_file_reason":"ok","out_record_truncates":false}
{"app":"AI_LEARNER","stage":"mem","model":"b2_resnet","target":"aarch64-unknown-linux-gnu","completed":61,"hal_peak":618856,"peak_within_bounded":true,"admitted_budget_bytes":618856,"peak_within_admitted_budget":true,"admission_mode":"unconditional","hal_bytes_per_call_amortized":468014.6,"process_rss_kb":8396,"process_rss_delta_init_kb":972,"max_active_calls":1,"active_calls_now":0,"call_counter_balanced":true}
.EVS Port1 1980-012-14:07:36.98118 66/1/AI_LEARNER 4: AI_LEARNER completed=62/62 mean=324083.7us max=852276.6us hal_peak=618856 within_bounded=1
{"app":"AI_LEARNER","stage":"run","model":"b2_resnet","target":"aarch64-unknown-linux-gnu","attempted":62,"completed":62,"fail_input":0,"fail_invoke":0,"fail_output":0,"mean_us":324083.70,"max_us":852276.59,"last_us":311120.03,"out0":0.34946,"out_elems":10,"out_sha256":"24bd9a607a59835cbeab390e11ec8ed7aec57930d649c55985b8e75c33f9a89e","out_head":[0.349459,0.001114,0.001795,0.065403,0.335932,0.006331],"out_tail":[0.335932,0.006331,0.201360,0.013375,0.019186,0.006046],"out_full_file":"/cf/last_out.json","out_full_file_bytes":183,"out_full_file_reason":"ok","out_record_truncates":false}
{"app":"AI_LEARNER","stage":"mem","model":"b2_resnet","target":"aarch64-unknown-linux-gnu","completed":62,"hal_peak":618856,"peak_within_bounded":true,"admitted_budget_bytes":618856,"peak_within_admitted_budget":true,"admission_mode":"unconditional","hal_bytes_per_call_amortized":465258.3,"process_rss_kb":8396,"process_rss_delta_init_kb":972,"max_active_calls":1,"active_calls_now":0,"call_counter_balanced":true}
.EVS Port1 1980-012-14:07:40.98327 66/1/AI_LEARNER 4: AI_LEARNER completed=63/63 mean=323881.9us max=852276.6us hal_peak=618856 within_bounded=1
{"app":"AI_LEARNER","stage":"run","model":"b2_resnet","target":"aarch64-unknown-linux-gnu","attempted":63,"completed":63,"fail_input":0,"fail_invoke":0,"fail_output":0,"mean_us":323881.85,"max_us":852276.59,"last_us":311367.17,"out0":0.34946,"out_elems":10,"out_sha256":"24bd9a607a59835cbeab390e11ec8ed7aec57930d649c55985b8e75c33f9a89e","out_head":[0.349459,0.001114,0.001795,0.065403,0.335932,0.006331],"out_tail":[0.335932,0.006331,0.201360,0.013375,0.019186,0.006046],"out_full_file":"/cf/last_out.json","out_full_file_bytes":183,"out_full_file_reason":"ok","out_record_truncates":false}
{"app":"AI_LEARNER","stage":"mem","model":"b2_resnet","target":"aarch64-unknown-linux-gnu","completed":63,"hal_peak":618856,"peak_within_bounded":true,"admitted_budget_bytes":618856,"peak_within_admitted_budget":true,"admission_mode":"unconditional","hal_bytes_per_call_amortized":462589.6,"process_rss_kb":8396,"process_rss_delta_init_kb":972,"max_active_calls":1,"active_calls_now":0,"call_counter_balanced":true}
EVS Port1 1980-012-14:07:45.06150 66/1/AI_LEARNER 4: AI_LEARNER completed=64/64 mean=324897.0us max=852276.6us hal_peak=618856 within_bounded=1
{"app":"AI_LEARNER","stage":"run","model":"b2_resnet","target":"aarch64-unknown-linux-gnu","attempted":64,"completed":64,"fail_input":0,"fail_invoke":0,"fail_output":0,"mean_us":324897.00,"max_us":852276.59,"last_us":388851.25,"out0":0.34946,"out_elems":10,"out_sha256":"24bd9a607a59835cbeab390e11ec8ed7aec57930d649c55985b8e75c33f9a89e","out_head":[0.349459,0.001114,0.001795,0.065403,0.335932,0.006331],"out_tail":[0.335932,0.006331,0.201360,0.013375,0.019186,0.006046],"out_full_file":"/cf/last_out.json","out_full_file_bytes":183,"out_full_file_reason":"ok","out_record_truncates":false}
{"app":"AI_LEARNER","stage":"mem","model":"b2_resnet","target":"aarch64-unknown-linux-gnu","completed":64,"hal_peak":618856,"peak_within_bounded":true,"admitted_budget_bytes":618856,"peak_within_admitted_budget":true,"admission_mode":"unconditional","hal_bytes_per_call_amortized":460004.2,"process_rss_kb":8396,"process_rss_delta_init_kb":972,"max_active_calls":1,"active_calls_now":0,"call_counter_balanced":true}
.EVS Port1 1980-012-14:07:48.96151 66/1/AI_LEARNER 4: AI_LEARNER completed=65/65 mean=324421.4us max=852276.6us hal_peak=618856 within_bounded=1
{"app":"AI_LEARNER","stage":"run","model":"b2_resnet","target":"aarch64-unknown-linux-gnu","attempted":65,"completed":65,"fail_input":0,"fail_invoke":0,"fail_output":0,"mean_us":324421.37,"max_us":852276.59,"last_us":293981.46,"out0":0.34946,"out_elems":10,"out_sha256":"24bd9a607a59835cbeab390e11ec8ed7aec57930d649c55985b8e75c33f9a89e","out_head":[0.349459,0.001114,0.001795,0.065403,0.335932,0.006331],"out_tail":[0.335932,0.006331,0.201360,0.013375,0.019186,0.006046],"out_full_file":"/cf/last_out.json","out_full_file_bytes":183,"out_full_file_reason":"ok","out_record_truncates":false}
{"app":"AI_LEARNER","stage":"mem","model":"b2_resnet","target":"aarch64-unknown-linux-gnu","completed":65,"hal_peak":618856,"peak_within_bounded":true,"admitted_budget_bytes":618856,"peak_within_admitted_budget":true,"admission_mode":"unconditional","hal_bytes_per_call_amortized":457498.5,"process_rss_kb":8396,"process_rss_delta_init_kb":972,"max_active_calls":1,"active_calls_now":0,"call_counter_balanced":true}
.EVS Port1 1980-012-14:07:52.96032 66/1/AI_LEARNER 4: AI_LEARNER completed=66/66 mean=323858.4us max=852276.6us hal_peak=618856 within_bounded=1
{"app":"AI_LEARNER","stage":"run","model":"b2_resnet","target":"aarch64-unknown-linux-gnu","attempted":66,"completed":66,"fail_input":0,"fail_invoke":0,"fail_output":0,"mean_us":323858.40,"max_us":852276.59,"last_us":287265.41,"out0":0.34946,"out_elems":10,"out_sha256":"24bd9a607a59835cbeab390e11ec8ed7aec57930d649c55985b8e75c33f9a89e","out_head":[0.349459,0.001114,0.001795,0.065403,0.335932,0.006331],"out_tail":[0.335932,0.006331,0.201360,0.013375,0.019186,0.006046],"out_full_file":"/cf/last_out.json","out_full_file_bytes":183,"out_full_file_reason":"ok","out_record_truncates":false}
{"app":"AI_LEARNER","stage":"mem","model":"b2_resnet","target":"aarch64-unknown-linux-gnu","completed":66,"hal_peak":618856,"peak_within_bounded":true,"admitted_budget_bytes":618856,"peak_within_admitted_budget":true,"admission_mode":"unconditional","hal_bytes_per_call_amortized":455068.6,"process_rss_kb":8396,"process_rss_delta_init_kb":972,"max_active_calls":1,"active_calls_now":0,"call_counter_balanced":true}
EVS Port1 1980-012-14:07:56.00238 66/1/CFE_TIME 21: Stop FLYWHEEL
EVS Port1 1980-012-14:07:56.95555 66/1/AI_LEARNER 4: AI_LEARNER completed=67/67 mean=323230.9us max=852276.6us hal_peak=618856 within_bounded=1
{"app":"AI_LEARNER","stage":"run","model":"b2_resnet","target":"aarch64-unknown-linux-gnu","attempted":67,"completed":67,"fail_input":0,"fail_invoke":0,"fail_output":0,"mean_us":323230.85,"max_us":852276.59,"last_us":281812.24,"out0":0.34946,"out_elems":10,"out_sha256":"24bd9a607a59835cbeab390e11ec8ed7aec57930d649c55985b8e75c33f9a89e","out_head":[0.349459,0.001114,0.001795,0.065403,0.335932,0.006331],"out_tail":[0.335932,0.006331,0.201360,0.013375,0.019186,0.006046],"out_full_file":"/cf/last_out.json","out_full_file_bytes":183,"out_full_file_reason":"ok","out_record_truncates":false}
{"app":"AI_LEARNER","stage":"mem","model":"b2_resnet","target":"aarch64-unknown-linux-gnu","completed":67,"hal_peak":618856,"peak_within_bounded":true,"admitted_budget_bytes":618856,"peak_within_admitted_budget":true,"admission_mode":"unconditional","hal_bytes_per_call_amortized":452711.3,"process_rss_kb":8396,"process_rss_delta_init_kb":972,"max_active_calls":1,"active_calls_now":0,"call_counter_balanced":true}
EVS Port1 1980-012-14:07:56.99867 66/1/CFE_TIME 20: Start FLYWHEEL
.EVS Port1 1980-012-14:08:00.99208 66/1/AI_LEARNER 4: AI_LEARNER completed=68/68 mean=323167.9us max=852276.6us hal_peak=618856 within_bounded=1
{"app":"AI_LEARNER","stage":"run","model":"b2_resnet","target":"aarch64-unknown-linux-gnu","attempted":68,"completed":68,"fail_input":0,"fail_invoke":0,"fail_output":0,"mean_us":323167.93,"max_us":852276.59,"last_us":318951.97,"out0":0.34946,"out_elems":10,"out_sha256":"24bd9a607a59835cbeab390e11ec8ed7aec57930d649c55985b8e75c33f9a89e","out_head":[0.349459,0.001114,0.001795,0.065403,0.335932,0.006331],"out_tail":[0.335932,0.006331,0.201360,0.013375,0.019186,0.006046],"out_full_file":"/cf/last_out.json","out_full_file_bytes":183,"out_full_file_reason":"ok","out_record_truncates":false}
{"app":"AI_LEARNER","stage":"mem","model":"b2_resnet","target":"aarch64-unknown-linux-gnu","completed":68,"hal_peak":618856,"peak_within_bounded":true,"admitted_budget_bytes":618856,"peak_within_admitted_budget":true,"admission_mode":"unconditional","hal_bytes_per_call_amortized":450423.3,"process_rss_kb":8396,"process_rss_delta_init_kb":972,"max_active_calls":1,"active_calls_now":0,"call_counter_balanced":true}
.EVS Port1 1980-012-14:08:04.98962 66/1/AI_LEARNER 4: AI_LEARNER completed=69/69 mean=323016.1us max=852276.6us hal_peak=618856 within_bounded=1
{"app":"AI_LEARNER","stage":"run","model":"b2_resnet","target":"aarch64-unknown-linux-gnu","attempted":69,"completed":69,"fail_input":0,"fail_invoke":0,"fail_output":0,"mean_us":323016.07,"max_us":852276.59,"last_us":312690.11,"out0":0.34946,"out_elems":10,"out_sha256":"24bd9a607a59835cbeab390e11ec8ed7aec57930d649c55985b8e75c33f9a89e","out_head":[0.349459,0.001114,0.001795,0.065403,0.335932,0.006331],"out_tail":[0.335932,0.006331,0.201360,0.013375,0.019186,0.006046],"out_full_file":"/cf/last_out.json","out_full_file_bytes":183,"out_full_file_reason":"ok","out_record_truncates":false}
{"app":"AI_LEARNER","stage":"mem","model":"b2_resnet","target":"aarch64-unknown-linux-gnu","completed":69,"hal_peak":618856,"peak_within_bounded":true,"admitted_budget_bytes":618856,"peak_within_admitted_budget":true,"admission_mode":"unconditional","hal_bytes_per_call_amortized":448201.6,"process_rss_kb":8396,"process_rss_delta_init_kb":972,"max_active_calls":1,"active_calls_now":0,"call_counter_balanced":true}
EVS Port1 1980-012-14:08:08.96907 66/1/AI_LEARNER 4: AI_LEARNER completed=70/70 mean=322624.1us max=852276.6us hal_peak=618856 within_bounded=1
{"app":"AI_LEARNER","stage":"run","model":"b2_resnet","target":"aarch64-unknown-linux-gnu","attempted":70,"completed":70,"fail_input":0,"fail_invoke":0,"fail_output":0,"mean_us":322624.11,"max_us":852276.59,"last_us":295578.64,"out0":0.34946,"out_elems":10,"out_sha256":"24bd9a607a59835cbeab390e11ec8ed7aec57930d649c55985b8e75c33f9a89e","out_head":[0.349459,0.001114,0.001795,0.065403,0.335932,0.006331],"out_tail":[0.335932,0.006331,0.201360,0.013375,0.019186,0.006046],"out_full_file":"/cf/last_out.json","out_full_file_bytes":183,"out_full_file_reason":"ok","out_record_truncates":false}
{"app":"AI_LEARNER","stage":"mem","model":"b2_resnet","target":"aarch64-unknown-linux-gnu","completed":70,"hal_peak":618856,"peak_within_bounded":true,"admitted_budget_bytes":618856,"peak_within_admitted_budget":true,"admission_mode":"unconditional","hal_bytes_per_call_amortized":446043.4,"process_rss_kb":8396,"process_rss_delta_init_kb":972,"max_active_calls":1,"active_calls_now":0,"call_counter_balanced":true}
.EVS Port1 1980-012-14:08:12.96166 66/1/AI_LEARNER 4: AI_LEARNER completed=71/71 mean=322056.4us max=852276.6us hal_peak=618856 within_bounded=1
{"app":"AI_LEARNER","stage":"run","model":"b2_resnet","target":"aarch64-unknown-linux-gnu","attempted":71,"completed":71,"fail_input":0,"fail_invoke":0,"fail_output":0,"mean_us":322056.43,"max_us":852276.59,"last_us":282318.54,"out0":0.34946,"out_elems":10,"out_sha256":"24bd9a607a59835cbeab390e11ec8ed7aec57930d649c55985b8e75c33f9a89e","out_head":[0.349459,0.001114,0.001795,0.065403,0.335932,0.006331],"out_tail":[0.335932,0.006331,0.201360,0.013375,0.019186,0.006046],"out_full_file":"/cf/last_out.json","out_full_file_bytes":183,"out_full_file_reason":"ok","out_record_truncates":false}
{"app":"AI_LEARNER","stage":"mem","model":"b2_resnet","target":"aarch64-unknown-linux-gnu","completed":71,"hal_peak":618856,"peak_within_bounded":true,"admitted_budget_bytes":618856,"peak_within_admitted_budget":true,"admission_mode":"unconditional","hal_bytes_per_call_amortized":443946.0,"process_rss_kb":8396,"process_rss_delta_init_kb":972,"max_active_calls":1,"active_calls_now":0,"call_counter_balanced":true}
EVS Port1 1980-012-14:08:16.00253 66/1/CFE_TIME 21: Stop FLYWHEEL
.EVS Port1 1980-012-14:08:17.00025 66/1/CFE_TIME 20: Start FLYWHEEL
EVS Port1 1980-012-14:08:17.02682 66/1/AI_LEARNER 4: AI_LEARNER completed=72/72 mean=322356.4us max=852276.6us hal_peak=618856 within_bounded=1
{"app":"AI_LEARNER","stage":"run","model":"b2_resnet","target":"aarch64-unknown-linux-gnu","attempted":72,"completed":72,"fail_input":0,"fail_invoke":0,"fail_output":0,"mean_us":322356.36,"max_us":852276.59,"last_us":343651.58,"out0":0.34946,"out_elems":10,"out_sha256":"24bd9a607a59835cbeab390e11ec8ed7aec57930d649c55985b8e75c33f9a89e","out_head":[0.349459,0.001114,0.001795,0.065403,0.335932,0.006331],"out_tail":[0.335932,0.006331,0.201360,0.013375,0.019186,0.006046],"out_full_file":"/cf/last_out.json","out_full_file_bytes":183,"out_full_file_reason":"ok","out_record_truncates":false}
{"app":"AI_LEARNER","stage":"mem","model":"b2_resnet","target":"aarch64-unknown-linux-gnu","completed":72,"hal_peak":618856,"peak_within_bounded":true,"admitted_budget_bytes":618856,"peak_within_admitted_budget":true,"admission_mode":"unconditional","hal_bytes_per_call_amortized":441906.9,"process_rss_kb":8396,"process_rss_delta_init_kb":972,"max_active_calls":1,"active_calls_now":0,"call_counter_balanced":true}
EVS Port1 1980-012-14:08:20.98707 66/1/AI_LEARNER 4: AI_LEARNER completed=73/73 mean=322258.5us max=852276.6us hal_peak=618856 within_bounded=1
{"app":"AI_LEARNER","stage":"run","model":"b2_resnet","target":"aarch64-unknown-linux-gnu","attempted":73,"completed":73,"fail_input":0,"fail_invoke":0,"fail_output":0,"mean_us":322258.51,"max_us":852276.59,"last_us":315213.26,"out0":0.34946,"out_elems":10,"out_sha256":"24bd9a607a59835cbeab390e11ec8ed7aec57930d649c55985b8e75c33f9a89e","out_head":[0.349459,0.001114,0.001795,0.065403,0.335932,0.006331],"out_tail":[0.335932,0.006331,0.201360,0.013375,0.019186,0.006046],"out_full_file":"/cf/last_out.json","out_full_file_bytes":183,"out_full_file_reason":"ok","out_record_truncates":false}
{"app":"AI_LEARNER","stage":"mem","model":"b2_resnet","target":"aarch64-unknown-linux-gnu","completed":73,"hal_peak":618856,"peak_within_bounded":true,"admitted_budget_bytes":618856,"peak_within_admitted_budget":true,"admission_mode":"unconditional","hal_bytes_per_call_amortized":439923.6,"process_rss_kb":8396,"process_rss_delta_init_kb":972,"max_active_calls":1,"active_calls_now":0,"call_counter_balanced":true}
.EVS Port1 1980-012-14:08:25.03482 66/1/AI_LEARNER 4: AI_LEARNER completed=74/74 mean=322875.4us max=852276.6us hal_peak=618856 within_bounded=1
{"app":"AI_LEARNER","stage":"run","model":"b2_resnet","target":"aarch64-unknown-linux-gnu","attempted":74,"completed":74,"fail_input":0,"fail_invoke":0,"fail_output":0,"mean_us":322875.44,"max_us":852276.59,"last_us":367911.65,"out0":0.34946,"out_elems":10,"out_sha256":"24bd9a607a59835cbeab390e11ec8ed7aec57930d649c55985b8e75c33f9a89e","out_head":[0.349459,0.001114,0.001795,0.065403,0.335932,0.006331],"out_tail":[0.335932,0.006331,0.201360,0.013375,0.019186,0.006046],"out_full_file":"/cf/last_out.json","out_full_file_bytes":183,"out_full_file_reason":"ok","out_record_truncates":false}
{"app":"AI_LEARNER","stage":"mem","model":"b2_resnet","target":"aarch64-unknown-linux-gnu","completed":74,"hal_peak":618856,"peak_within_bounded":true,"admitted_budget_bytes":618856,"peak_within_admitted_budget":true,"admission_mode":"unconditional","hal_bytes_per_call_amortized":437993.9,"process_rss_kb":8396,"process_rss_delta_init_kb":972,"max_active_calls":1,"active_calls_now":0,"call_counter_balanced":true}
.EVS Port1 1980-012-14:08:28.99873 66/1/AI_LEARNER 4: AI_LEARNER completed=75/75 mean=322886.7us max=852276.6us hal_peak=618856 within_bounded=1
{"app":"AI_LEARNER","stage":"run","model":"b2_resnet","target":"aarch64-unknown-linux-gnu","attempted":75,"completed":75,"fail_input":0,"fail_invoke":0,"fail_output":0,"mean_us":322886.74,"max_us":852276.59,"last_us":323723.14,"out0":0.34946,"out_elems":10,"out_sha256":"24bd9a607a59835cbeab390e11ec8ed7aec57930d649c55985b8e75c33f9a89e","out_head":[0.349459,0.001114,0.001795,0.065403,0.335932,0.006331],"out_tail":[0.335932,0.006331,0.201360,0.013375,0.019186,0.006046],"out_full_file":"/cf/last_out.json","out_full_file_bytes":183,"out_full_file_reason":"ok","out_record_truncates":false}
{"app":"AI_LEARNER","stage":"mem","model":"b2_resnet","target":"aarch64-unknown-linux-gnu","completed":75,"hal_peak":618856,"peak_within_bounded":true,"admitted_budget_bytes":618856,"peak_within_admitted_budget":true,"admission_mode":"unconditional","hal_bytes_per_call_amortized":436115.7,"process_rss_kb":8396,"process_rss_delta_init_kb":972,"max_active_calls":1,"active_calls_now":0,"call_counter_balanced":true}
EVS Port1 1980-012-14:08:32.97642 66/1/AI_LEARNER 4: AI_LEARNER completed=76/76 mean=322690.9us max=852276.6us hal_peak=618856 within_bounded=1
{"app":"AI_LEARNER","stage":"run","model":"b2_resnet","target":"aarch64-unknown-linux-gnu","attempted":76,"completed":76,"fail_input":0,"fail_invoke":0,"fail_output":0,"mean_us":322690.89,"max_us":852276.59,"last_us":308002.06,"out0":0.34946,"out_elems":10,"out_sha256":"24bd9a607a59835cbeab390e11ec8ed7aec57930d649c55985b8e75c33f9a89e","out_head":[0.349459,0.001114,0.001795,0.065403,0.335932,0.006331],"out_tail":[0.335932,0.006331,0.201360,0.013375,0.019186,0.006046],"out_full_file":"/cf/last_out.json","out_full_file_bytes":183,"out_full_file_reason":"ok","out_record_truncates":false}
{"app":"AI_LEARNER","stage":"mem","model":"b2_resnet","target":"aarch64-unknown-linux-gnu","completed":76,"hal_peak":618856,"peak_within_bounded":true,"admitted_budget_bytes":618856,"peak_within_admitted_budget":true,"admission_mode":"unconditional","hal_bytes_per_call_amortized":434286.9,"process_rss_kb":8396,"process_rss_delta_init_kb":972,"max_active_calls":1,"active_calls_now":0,"call_counter_balanced":true}
.{"app":"AI_LEARNER","stage":"run","model":"b2_resnet","target":"aarch64-unknown-linux-gnu","attempted":77,"completed":77,"fail_input":0,"fail_invoke":0,"fail_output":0,"mean_us":322237.04,"max_us":852276.59,"last_us":287744.22,"out0":0.34946,"out_elems":10,"out_sha256":"24bd9a607a59835cbeab390e11ec8ed7aec57930d649c55985b8e75c33f9a89e","out_head":[0.349459,0.001114,0.001795,0.065403,0.335932,0.006331],"out_tail":[0.335932,0.006331,0.201360,0.013375,0.019186,0.006046],"out_full_file":"/cf/last_out.json","out_full_file_bytes":183,"out_full_file_reason":"ok","out_record_truncates":false}
{"app":"AI_LEARNER","stage":"mem","model":"b2_resnet","target":"aarch64-unknown-linux-gnu","completed":77,"hal_peak":618856,"peak_within_bounded":true,"admitted_budget_bytes":618856,"peak_within_admitted_budget":true,"admission_mode":"unconditional","hal_bytes_per_call_amortized":432505.7,"process_rss_kb":8396,"process_rss_delta_init_kb":972,"max_active_calls":1,"active_calls_now":0,"call_counter_balanced":true}
EVS Port1 1980-012-14:08:36.96626 66/1/AI_LEARNER 4: AI_LEARNER completed=77/77 mean=322237.0us max=852276.6us hal_peak=618856 within_bounded=1
.EVS Port1 1980-012-14:08:40.97540 66/1/AI_LEARNER 4: AI_LEARNER completed=78/78 mean=322002.5us max=852276.6us hal_peak=618856 within_bounded=1
{"app":"AI_LEARNER","stage":"run","model":"b2_resnet","target":"aarch64-unknown-linux-gnu","attempted":78,"completed":78,"fail_input":0,"fail_invoke":0,"fail_output":0,"mean_us":322002.45,"max_us":852276.59,"last_us":303939.33,"out0":0.34946,"out_elems":10,"out_sha256":"24bd9a607a59835cbeab390e11ec8ed7aec57930d649c55985b8e75c33f9a89e","out_head":[0.349459,0.001114,0.001795,0.065403,0.335932,0.006331],"out_tail":[0.335932,0.006331,0.201360,0.013375,0.019186,0.006046],"out_full_file":"/cf/last_out.json","out_full_file_bytes":183,"out_full_file_reason":"ok","out_record_truncates":false}
{"app":"AI_LEARNER","stage":"mem","model":"b2_resnet","target":"aarch64-unknown-linux-gnu","completed":78,"hal_peak":618856,"peak_within_bounded":true,"admitted_budget_bytes":618856,"peak_within_admitted_budget":true,"admission_mode":"unconditional","hal_bytes_per_call_amortized":430770.1,"process_rss_kb":8396,"process_rss_delta_init_kb":972,"max_active_calls":1,"active_calls_now":0,"call_counter_balanced":true}
EVS Port1 1980-012-14:08:44.94941 66/1/AI_LEARNER 4: AI_LEARNER completed=79/79 mean=321484.5us max=852276.6us hal_peak=618856 within_bounded=1
{"app":"AI_LEARNER","stage":"run","model":"b2_resnet","target":"aarch64-unknown-linux-gnu","attempted":79,"completed":79,"fail_input":0,"fail_invoke":0,"fail_output":0,"mean_us":321484.46,"max_us":852276.59,"last_us":281080.88,"out0":0.34946,"out_elems":10,"out_sha256":"24bd9a607a59835cbeab390e11ec8ed7aec57930d649c55985b8e75c33f9a89e","out_head":[0.349459,0.001114,0.001795,0.065403,0.335932,0.006331],"out_tail":[0.335932,0.006331,0.201360,0.013375,0.019186,0.006046],"out_full_file":"/cf/last_out.json","out_full_file_bytes":183,"out_full_file_reason":"ok","out_record_truncates":false}
{"app":"AI_LEARNER","stage":"mem","model":"b2_resnet","target":"aarch64-unknown-linux-gnu","completed":79,"hal_peak":618856,"peak_within_bounded":true,"admitted_budget_bytes":618856,"peak_within_admitted_budget":true,"admission_mode":"unconditional","hal_bytes_per_call_amortized":429078.4,"process_rss_kb":8396,"process_rss_delta_init_kb":972,"max_active_calls":1,"active_calls_now":0,"call_counter_balanced":true}
.EVS Port1 1980-012-14:08:48.99131 66/1/AI_LEARNER 4: AI_LEARNER completed=80/80 mean=321510.1us max=852276.6us hal_peak=618856 within_bounded=1
{"app":"AI_LEARNER","stage":"run","model":"b2_resnet","target":"aarch64-unknown-linux-gnu","attempted":80,"completed":80,"fail_input":0,"fail_invoke":0,"fail_output":0,"mean_us":321510.15,"max_us":852276.59,"last_us":323539.42,"out0":0.34946,"out_elems":10,"out_sha256":"24bd9a607a59835cbeab390e11ec8ed7aec57930d649c55985b8e75c33f9a89e","out_head":[0.349459,0.001114,0.001795,0.065403,0.335932,0.006331],"out_tail":[0.335932,0.006331,0.201360,0.013375,0.019186,0.006046],"out_full_file":"/cf/last_out.json","out_full_file_bytes":183,"out_full_file_reason":"ok","out_record_truncates":false}
{"app":"AI_LEARNER","stage":"mem","model":"b2_resnet","target":"aarch64-unknown-linux-gnu","completed":80,"hal_peak":618856,"peak_within_bounded":true,"admitted_budget_bytes":618856,"peak_within_admitted_budget":true,"admission_mode":"unconditional","hal_bytes_per_call_amortized":427429.0,"process_rss_kb":8396,"process_rss_delta_init_kb":972,"max_active_calls":1,"active_calls_now":0,"call_counter_balanced":true}
.EVS Port1 1980-012-14:08:52.96130 66/1/AI_LEARNER 4: AI_LEARNER completed=81/81 mean=321057.6us max=852276.6us hal_peak=618856 within_bounded=1
{"app":"AI_LEARNER","stage":"run","model":"b2_resnet","target":"aarch64-unknown-linux-gnu","attempted":81,"completed":81,"fail_input":0,"fail_invoke":0,"fail_output":0,"mean_us":321057.56,"max_us":852276.59,"last_us":284850.62,"out0":0.34946,"out_elems":10,"out_sha256":"24bd9a607a59835cbeab390e11ec8ed7aec57930d649c55985b8e75c33f9a89e","out_head":[0.349459,0.001114,0.001795,0.065403,0.335932,0.006331],"out_tail":[0.335932,0.006331,0.201360,0.013375,0.019186,0.006046],"out_full_file":"/cf/last_out.json","out_full_file_bytes":183,"out_full_file_reason":"ok","out_record_truncates":false}
{"app":"AI_LEARNER","stage":"mem","model":"b2_resnet","target":"aarch64-unknown-linux-gnu","completed":81,"hal_peak":618856,"peak_within_bounded":true,"admitted_budget_bytes":618856,"peak_within_admitted_budget":true,"admission_mode":"unconditional","hal_bytes_per_call_amortized":425820.3,"process_rss_kb":8396,"process_rss_delta_init_kb":972,"max_active_calls":1,"active_calls_now":0,"call_counter_balanced":true}
EVS Port1 1980-012-14:08:56.95976 66/1/AI_LEARNER 4: AI_LEARNER completed=82/82 mean=320663.1us max=852276.6us hal_peak=618856 within_bounded=1
{"app":"AI_LEARNER","stage":"run","model":"b2_resnet","target":"aarch64-unknown-linux-gnu","attempted":82,"completed":82,"fail_input":0,"fail_invoke":0,"fail_output":0,"mean_us":320663.07,"max_us":852276.59,"last_us":288709.71,"out0":0.34946,"out_elems":10,"out_sha256":"24bd9a607a59835cbeab390e11ec8ed7aec57930d649c55985b8e75c33f9a89e","out_head":[0.349459,0.001114,0.001795,0.065403,0.335932,0.006331],"out_tail":[0.335932,0.006331,0.201360,0.013375,0.019186,0.006046],"out_full_file":"/cf/last_out.json","out_full_file_bytes":183,"out_full_file_reason":"ok","out_record_truncates":false}
{"app":"AI_LEARNER","stage":"mem","model":"b2_resnet","target":"aarch64-unknown-linux-gnu","completed":82,"hal_peak":618856,"peak_within_bounded":true,"admitted_budget_bytes":618856,"peak_within_admitted_budget":true,"admission_mode":"unconditional","hal_bytes_per_call_amortized":424250.9,"process_rss_kb":8396,"process_rss_delta_init_kb":972,"max_active_calls":1,"active_calls_now":0,"call_counter_balanced":true}
.EVS Port1 1980-012-14:09:00.97761 66/1/AI_LEARNER 4: AI_LEARNER completed=83/83 mean=320422.0us max=852276.6us hal_peak=618856 within_bounded=1
{"app":"AI_LEARNER","stage":"run","model":"b2_resnet","target":"aarch64-unknown-linux-gnu","attempted":83,"completed":83,"fail_input":0,"fail_invoke":0,"fail_output":0,"mean_us":320422.02,"max_us":852276.59,"last_us":300655.25,"out0":0.34946,"out_elems":10,"out_sha256":"24bd9a607a59835cbeab390e11ec8ed7aec57930d649c55985b8e75c33f9a89e","out_head":[0.349459,0.001114,0.001795,0.065403,0.335932,0.006331],"out_tail":[0.335932,0.006331,0.201360,0.013375,0.019186,0.006046],"out_full_file":"/cf/last_out.json","out_full_file_bytes":183,"out_full_file_reason":"ok","out_record_truncates":false}
{"app":"AI_LEARNER","stage":"mem","model":"b2_resnet","target":"aarch64-unknown-linux-gnu","completed":83,"hal_peak":618856,"peak_within_bounded":true,"admitted_budget_bytes":618856,"peak_within_admitted_budget":true,"admission_mode":"unconditional","hal_bytes_per_call_amortized":422719.3,"process_rss_kb":8396,"process_rss_delta_init_kb":972,"max_active_calls":1,"active_calls_now":0,"call_counter_balanced":true}
.EVS Port1 1980-012-14:09:04.97012 66/1/AI_LEARNER 4: AI_LEARNER completed=84/84 mean=320154.9us max=852276.6us hal_peak=618856 within_bounded=1
{"app":"AI_LEARNER","stage":"run","model":"b2_resnet","target":"aarch64-unknown-linux-gnu","attempted":84,"completed":84,"fail_input":0,"fail_invoke":0,"fail_output":0,"mean_us":320154.85,"max_us":852276.59,"last_us":297980.11,"out0":0.34946,"out_elems":10,"out_sha256":"24bd9a607a59835cbeab390e11ec8ed7aec57930d649c55985b8e75c33f9a89e","out_head":[0.349459,0.001114,0.001795,0.065403,0.335932,0.006331],"out_tail":[0.335932,0.006331,0.201360,0.013375,0.019186,0.006046],"out_full_file":"/cf/last_out.json","out_full_file_bytes":183,"out_full_file_reason":"ok","out_record_truncates":false}
{"app":"AI_LEARNER","stage":"mem","model":"b2_resnet","target":"aarch64-unknown-linux-gnu","completed":84,"hal_peak":618856,"peak_within_bounded":true,"admitted_budget_bytes":618856,"peak_within_admitted_budget":true,"admission_mode":"unconditional","hal_bytes_per_call_amortized":421224.2,"process_rss_kb":8396,"process_rss_delta_init_kb":972,"max_active_calls":1,"active_calls_now":0,"call_counter_balanced":true}
EVS Port1 1980-012-14:09:08.98666 66/1/AI_LEARNER 4: AI_LEARNER completed=85/85 mean=319965.5us max=852276.6us hal_peak=618856 within_bounded=1
{"app":"AI_LEARNER","stage":"run","model":"b2_resnet","target":"aarch64-unknown-linux-gnu","attempted":85,"completed":85,"fail_input":0,"fail_invoke":0,"fail_output":0,"mean_us":319965.51,"max_us":852276.59,"last_us":304060.93,"out0":0.34946,"out_elems":10,"out_sha256":"24bd9a607a59835cbeab390e11ec8ed7aec57930d649c55985b8e75c33f9a89e","out_head":[0.349459,0.001114,0.001795,0.065403,0.335932,0.006331],"out_tail":[0.335932,0.006331,0.201360,0.013375,0.019186,0.006046],"out_full_file":"/cf/last_out.json","out_full_file_bytes":183,"out_full_file_reason":"ok","out_record_truncates":false}
{"app":"AI_LEARNER","stage":"mem","model":"b2_resnet","target":"aarch64-unknown-linux-gnu","completed":85,"hal_peak":618856,"peak_within_bounded":true,"admitted_budget_bytes":618856,"peak_within_admitted_budget":true,"admission_mode":"unconditional","hal_bytes_per_call_amortized":419764.2,"process_rss_kb":8396,"process_rss_delta_init_kb":972,"max_active_calls":1,"active_calls_now":0,"call_counter_balanced":true}
.EVS Port1 1980-012-14:09:12.98701 66/1/AI_LEARNER 4: AI_LEARNER completed=86/86 mean=319944.3us max=852276.6us hal_peak=618856 within_bounded=1
{"app":"AI_LEARNER","stage":"run","model":"b2_resnet","target":"aarch64-unknown-linux-gnu","attempted":86,"completed":86,"fail_input":0,"fail_invoke":0,"fail_output":0,"mean_us":319944.30,"max_us":852276.59,"last_us":318141.12,"out0":0.34946,"out_elems":10,"out_sha256":"24bd9a607a59835cbeab390e11ec8ed7aec57930d649c55985b8e75c33f9a89e","out_head":[0.349459,0.001114,0.001795,0.065403,0.335932,0.006331],"out_tail":[0.335932,0.006331,0.201360,0.013375,0.019186,0.006046],"out_full_file":"/cf/last_out.json","out_full_file_bytes":183,"out_full_file_reason":"ok","out_record_truncates":false}
{"app":"AI_LEARNER","stage":"mem","model":"b2_resnet","target":"aarch64-unknown-linux-gnu","completed":86,"hal_peak":618856,"peak_within_bounded":true,"admitted_budget_bytes":618856,"peak_within_admitted_budget":true,"admission_mode":"unconditional","hal_bytes_per_call_amortized":418338.2,"process_rss_kb":8396,"process_rss_delta_init_kb":972,"max_active_calls":1,"active_calls_now":0,"call_counter_balanced":true}
.EVS Port1 1980-012-14:09:17.00471 66/1/AI_LEARNER 4: AI_LEARNER completed=87/87 mean=320087.1us max=852276.6us hal_peak=618856 within_bounded=1
{"app":"AI_LEARNER","stage":"run","model":"b2_resnet","target":"aarch64-unknown-linux-gnu","attempted":87,"completed":87,"fail_input":0,"fail_invoke":0,"fail_output":0,"mean_us":320087.11,"max_us":852276.59,"last_us":332368.78,"out0":0.34946,"out_elems":10,"out_sha256":"24bd9a607a59835cbeab390e11ec8ed7aec57930d649c55985b8e75c33f9a89e","out_head":[0.349459,0.001114,0.001795,0.065403,0.335932,0.006331],"out_tail":[0.335932,0.006331,0.201360,0.013375,0.019186,0.006046],"out_full_file":"/cf/last_out.json","out_full_file_bytes":183,"out_full_file_reason":"ok","out_record_truncates":false}
{"app":"AI_LEARNER","stage":"mem","model":"b2_resnet","target":"aarch64-unknown-linux-gnu","completed":87,"hal_peak":618856,"peak_within_bounded":true,"admitted_budget_bytes":618856,"peak_within_admitted_budget":true,"admission_mode":"unconditional","hal_bytes_per_call_amortized":416945.0,"process_rss_kb":8396,"process_rss_delta_init_kb":972,"max_active_calls":1,"active_calls_now":0,"call_counter_balanced":true}
EVS Port1 1980-012-14:09:21.02954 66/1/AI_LEARNER 4: AI_LEARNER completed=88/88 mean=320542.1us max=852276.6us hal_peak=618856 within_bounded=1
{"app":"AI_LEARNER","stage":"run","model":"b2_resnet","target":"aarch64-unknown-linux-gnu","attempted":88,"completed":88,"fail_input":0,"fail_invoke":0,"fail_output":0,"mean_us":320542.10,"max_us":852276.59,"last_us":360126.85,"out0":0.34946,"out_elems":10,"out_sha256":"24bd9a607a59835cbeab390e11ec8ed7aec57930d649c55985b8e75c33f9a89e","out_head":[0.349459,0.001114,0.001795,0.065403,0.335932,0.006331],"out_tail":[0.335932,0.006331,0.201360,0.013375,0.019186,0.006046],"out_full_file":"/cf/last_out.json","out_full_file_bytes":183,"out_full_file_reason":"ok","out_record_truncates":false}
{"app":"AI_LEARNER","stage":"mem","model":"b2_resnet","target":"aarch64-unknown-linux-gnu","completed":88,"hal_peak":618856,"peak_within_bounded":true,"admitted_budget_bytes":618856,"peak_within_admitted_budget":true,"admission_mode":"unconditional","hal_bytes_per_call_amortized":415583.5,"process_rss_kb":8396,"process_rss_delta_init_kb":972,"max_active_calls":1,"active_calls_now":0,"call_counter_balanced":true}
.EVS Port1 1980-012-14:09:25.00076 66/1/AI_LEARNER 4: AI_LEARNER completed=89/89 mean=320424.0us max=852276.6us hal_peak=618856 within_bounded=1
{"app":"AI_LEARNER","stage":"run","model":"b2_resnet","target":"aarch64-unknown-linux-gnu","attempted":89,"completed":89,"fail_input":0,"fail_invoke":0,"fail_output":0,"mean_us":320424.03,"max_us":852276.59,"last_us":310033.73,"out0":0.34946,"out_elems":10,"out_sha256":"24bd9a607a59835cbeab390e11ec8ed7aec57930d649c55985b8e75c33f9a89e","out_head":[0.349459,0.001114,0.001795,0.065403,0.335932,0.006331],"out_tail":[0.335932,0.006331,0.201360,0.013375,0.019186,0.006046],"out_full_file":"/cf/last_out.json","out_full_file_bytes":183,"out_full_file_reason":"ok","out_record_truncates":false}
{"app":"AI_LEARNER","stage":"mem","model":"b2_resnet","target":"aarch64-unknown-linux-gnu","completed":89,"hal_peak":618856,"peak_within_bounded":true,"admitted_budget_bytes":618856,"peak_within_admitted_budget":true,"admission_mode":"unconditional","hal_bytes_per_call_amortized":414252.5,"process_rss_kb":8396,"process_rss_delta_init_kb":972,"max_active_calls":1,"active_calls_now":0,"call_counter_balanced":true}
.EVS Port1 1980-012-14:09:28.97178 66/1/AI_LEARNER 4: AI_LEARNER completed=90/90 mean=320123.3us max=852276.6us hal_peak=618856 within_bounded=1
{"app":"AI_LEARNER","stage":"run","model":"b2_resnet","target":"aarch64-unknown-linux-gnu","attempted":90,"completed":90,"fail_input":0,"fail_invoke":0,"fail_output":0,"mean_us":320123.26,"max_us":852276.59,"last_us":293354.18,"out0":0.34946,"out_elems":10,"out_sha256":"24bd9a607a59835cbeab390e11ec8ed7aec57930d649c55985b8e75c33f9a89e","out_head":[0.349459,0.001114,0.001795,0.065403,0.335932,0.006331],"out_tail":[0.335932,0.006331,0.201360,0.013375,0.019186,0.006046],"out_full_file":"/cf/last_out.json","out_full_file_bytes":183,"out_full_file_reason":"ok","out_record_truncates":false}
{"app":"AI_LEARNER","stage":"mem","model":"b2_resnet","target":"aarch64-unknown-linux-gnu","completed":90,"hal_peak":618856,"peak_within_bounded":true,"admitted_budget_bytes":618856,"peak_within_admitted_budget":true,"admission_mode":"unconditional","hal_bytes_per_call_amortized":412951.1,"process_rss_kb":8396,"process_rss_delta_init_kb":972,"max_active_calls":1,"active_calls_now":0,"call_counter_balanced":true}
EVS Port1 1980-012-14:09:32.99415 66/1/AI_LEARNER 4: AI_LEARNER completed=91/91 mean=320081.6us max=852276.6us hal_peak=618856 within_bounded=1
{"app":"AI_LEARNER","stage":"run","model":"b2_resnet","target":"aarch64-unknown-linux-gnu","attempted":91,"completed":91,"fail_input":0,"fail_invoke":0,"fail_output":0,"mean_us":320081.63,"max_us":852276.59,"last_us":316335.71,"out0":0.34946,"out_elems":10,"out_sha256":"24bd9a607a59835cbeab390e11ec8ed7aec57930d649c55985b8e75c33f9a89e","out_head":[0.349459,0.001114,0.001795,0.065403,0.335932,0.006331],"out_tail":[0.335932,0.006331,0.201360,0.013375,0.019186,0.006046],"out_full_file":"/cf/last_out.json","out_full_file_bytes":183,"out_full_file_reason":"ok","out_record_truncates":false}
{"app":"AI_LEARNER","stage":"mem","model":"b2_resnet","target":"aarch64-unknown-linux-gnu","completed":91,"hal_peak":618856,"peak_within_bounded":true,"admitted_budget_bytes":618856,"peak_within_admitted_budget":true,"admission_mode":"unconditional","hal_bytes_per_call_amortized":411678.3,"process_rss_kb":8396,"process_rss_delta_init_kb":972,"max_active_calls":1,"active_calls_now":0,"call_counter_balanced":true}
.EVS Port1 1980-012-14:09:36.95259 66/1/AI_LEARNER 4: AI_LEARNER completed=92/92 mean=319615.0us max=852276.6us hal_peak=618856 within_bounded=1
{"app":"AI_LEARNER","stage":"run","model":"b2_resnet","target":"aarch64-unknown-linux-gnu","attempted":92,"completed":92,"fail_input":0,"fail_invoke":0,"fail_output":0,"mean_us":319615.05,"max_us":852276.59,"last_us":277155.55,"out0":0.34946,"out_elems":10,"out_sha256":"24bd9a607a59835cbeab390e11ec8ed7aec57930d649c55985b8e75c33f9a89e","out_head":[0.349459,0.001114,0.001795,0.065403,0.335932,0.006331],"out_tail":[0.335932,0.006331,0.201360,0.013375,0.019186,0.006046],"out_full_file":"/cf/last_out.json","out_full_file_bytes":183,"out_full_file_reason":"ok","out_record_truncates":false}
{"app":"AI_LEARNER","stage":"mem","model":"b2_resnet","target":"aarch64-unknown-linux-gnu","completed":92,"hal_peak":618856,"peak_within_bounded":true,"admitted_budget_bytes":618856,"peak_within_admitted_budget":true,"admission_mode":"unconditional","hal_bytes_per_call_amortized":410433.2,"process_rss_kb":8396,"process_rss_delta_init_kb":972,"max_active_calls":1,"active_calls_now":0,"call_counter_balanced":true}
.EVS Port1 1980-012-14:09:40.95941 66/1/AI_LEARNER 4: AI_LEARNER completed=93/93 mean=319263.1us max=852276.6us hal_peak=618856 within_bounded=1
{"app":"AI_LEARNER","stage":"run","model":"b2_resnet","target":"aarch64-unknown-linux-gnu","attempted":93,"completed":93,"fail_input":0,"fail_invoke":0,"fail_output":0,"mean_us":319263.12,"max_us":852276.59,"last_us":286885.94,"out0":0.34946,"out_elems":10,"out_sha256":"24bd9a607a59835cbeab390e11ec8ed7aec57930d649c55985b8e75c33f9a89e","out_head":[0.349459,0.001114,0.001795,0.065403,0.335932,0.006331],"out_tail":[0.335932,0.006331,0.201360,0.013375,0.019186,0.006046],"out_full_file":"/cf/last_out.json","out_full_file_bytes":183,"out_full_file_reason":"ok","out_record_truncates":false}
{"app":"AI_LEARNER","stage":"mem","model":"b2_resnet","target":"aarch64-unknown-linux-gnu","completed":93,"hal_peak":618856,"peak_within_bounded":true,"admitted_budget_bytes":618856,"peak_within_admitted_budget":true,"admission_mode":"unconditional","hal_bytes_per_call_amortized":409214.9,"process_rss_kb":8396,"process_rss_delta_init_kb":972,"max_active_calls":1,"active_calls_now":0,"call_counter_balanced":true}
EVS Port1 1980-012-14:09:44.95455 66/1/AI_LEARNER 4: AI_LEARNER completed=94/94 mean=318757.0us max=852276.6us hal_peak=618856 within_bounded=1
{"app":"AI_LEARNER","stage":"run","model":"b2_resnet","target":"aarch64-unknown-linux-gnu","attempted":94,"completed":94,"fail_input":0,"fail_invoke":0,"fail_output":0,"mean_us":318756.97,"max_us":852276.59,"last_us":271684.74,"out0":0.34946,"out_elems":10,"out_sha256":"24bd9a607a59835cbeab390e11ec8ed7aec57930d649c55985b8e75c33f9a89e","out_head":[0.349459,0.001114,0.001795,0.065403,0.335932,0.006331],"out_tail":[0.335932,0.006331,0.201360,0.013375,0.019186,0.006046],"out_full_file":"/cf/last_out.json","out_full_file_bytes":183,"out_full_file_reason":"ok","out_record_truncates":false}
{"app":"AI_LEARNER","stage":"mem","model":"b2_resnet","target":"aarch64-unknown-linux-gnu","completed":94,"hal_peak":618856,"peak_within_bounded":true,"admitted_budget_bytes":618856,"peak_within_admitted_budget":true,"admission_mode":"unconditional","hal_bytes_per_call_amortized":408022.5,"process_rss_kb":8396,"process_rss_delta_init_kb":972,"max_active_calls":1,"active_calls_now":0,"call_counter_balanced":true}
.EVS Port1 1980-012-14:09:48.99766 66/1/AI_LEARNER 4: AI_LEARNER completed=95/95 mean=318678.0us max=852276.6us hal_peak=618856 within_bounded=1
{"app":"AI_LEARNER","stage":"run","model":"b2_resnet","target":"aarch64-unknown-linux-gnu","attempted":95,"completed":95,"fail_input":0,"fail_invoke":0,"fail_output":0,"mean_us":318677.95,"max_us":852276.59,"last_us":311250.32,"out0":0.34946,"out_elems":10,"out_sha256":"24bd9a607a59835cbeab390e11ec8ed7aec57930d649c55985b8e75c33f9a89e","out_head":[0.349459,0.001114,0.001795,0.065403,0.335932,0.006331],"out_tail":[0.335932,0.006331,0.201360,0.013375,0.019186,0.006046],"out_full_file":"/cf/last_out.json","out_full_file_bytes":183,"out_full_file_reason":"ok","out_record_truncates":false}
{"app":"AI_LEARNER","stage":"mem","model":"b2_resnet","target":"aarch64-unknown-linux-gnu","completed":95,"hal_peak":618856,"peak_within_bounded":true,"admitted_budget_bytes":618856,"peak_within_admitted_budget":true,"admission_mode":"unconditional","hal_bytes_per_call_amortized":406855.2,"process_rss_kb":8396,"process_rss_delta_init_kb":972,"max_active_calls":1,"active_calls_now":0,"call_counter_balanced":true}
.EVS Port1 1980-012-14:09:52.99121 66/1/AI_LEARNER 4: AI_LEARNER completed=96/96 mean=318624.9us max=852276.6us hal_peak=618856 within_bounded=1
{"app":"AI_LEARNER","stage":"run","model":"b2_resnet","target":"aarch64-unknown-linux-gnu","attempted":96,"completed":96,"fail_input":0,"fail_invoke":0,"fail_output":0,"mean_us":318624.86,"max_us":852276.59,"last_us":313581.23,"out0":0.34946,"out_elems":10,"out_sha256":"24bd9a607a59835cbeab390e11ec8ed7aec57930d649c55985b8e75c33f9a89e","out_head":[0.349459,0.001114,0.001795,0.065403,0.335932,0.006331],"out_tail":[0.335932,0.006331,0.201360,0.013375,0.019186,0.006046],"out_full_file":"/cf/last_out.json","out_full_file_bytes":183,"out_full_file_reason":"ok","out_record_truncates":false}
{"app":"AI_LEARNER","stage":"mem","model":"b2_resnet","target":"aarch64-unknown-linux-gnu","completed":96,"hal_peak":618856,"peak_within_bounded":true,"admitted_budget_bytes":618856,"peak_within_admitted_budget":true,"admission_mode":"unconditional","hal_bytes_per_call_amortized":405712.2,"process_rss_kb":8396,"process_rss_delta_init_kb":972,"max_active_calls":1,"active_calls_now":0,"call_counter_balanced":true}
EVS Port1 1980-012-14:09:56.95558 66/1/AI_LEARNER 4: AI_LEARNER completed=97/97 mean=318236.2us max=852276.6us hal_peak=618856 within_bounded=1
{"app":"AI_LEARNER","stage":"run","model":"b2_resnet","target":"aarch64-unknown-linux-gnu","attempted":97,"completed":97,"fail_input":0,"fail_invoke":0,"fail_output":0,"mean_us":318236.17,"max_us":852276.59,"last_us":280921.63,"out0":0.34946,"out_elems":10,"out_sha256":"24bd9a607a59835cbeab390e11ec8ed7aec57930d649c55985b8e75c33f9a89e","out_head":[0.349459,0.001114,0.001795,0.065403,0.335932,0.006331],"out_tail":[0.335932,0.006331,0.201360,0.013375,0.019186,0.006046],"out_full_file":"/cf/last_out.json","out_full_file_bytes":183,"out_full_file_reason":"ok","out_record_truncates":false}
{"app":"AI_LEARNER","stage":"mem","model":"b2_resnet","target":"aarch64-unknown-linux-gnu","completed":97,"hal_peak":618856,"peak_within_bounded":true,"admitted_budget_bytes":618856,"peak_within_admitted_budget":true,"admission_mode":"unconditional","hal_bytes_per_call_amortized":404592.7,"process_rss_kb":8396,"process_rss_delta_init_kb":972,"max_active_calls":1,"active_calls_now":0,"call_counter_balanced":true}
.EVS Port1 1980-012-14:10:00.99497 66/1/AI_LEARNER 4: AI_LEARNER completed=98/98 mean=317945.8us max=852276.6us hal_peak=618856 within_bounded=1
{"app":"AI_LEARNER","stage":"run","model":"b2_resnet","target":"aarch64-unknown-linux-gnu","attempted":98,"completed":98,"fail_input":0,"fail_invoke":0,"fail_output":0,"mean_us":317945.83,"max_us":852276.59,"last_us":289783.15,"out0":0.34946,"out_elems":10,"out_sha256":"24bd9a607a59835cbeab390e11ec8ed7aec57930d649c55985b8e75c33f9a89e","out_head":[0.349459,0.001114,0.001795,0.065403,0.335932,0.006331],"out_tail":[0.335932,0.006331,0.201360,0.013375,0.019186,0.006046],"out_full_file":"/cf/last_out.json","out_full_file_bytes":183,"out_full_file_reason":"ok","out_record_truncates":false}
{"app":"AI_LEARNER","stage":"mem","model":"b2_resnet","target":"aarch64-unknown-linux-gnu","completed":98,"hal_peak":618856,"peak_within_bounded":true,"admitted_budget_bytes":618856,"peak_within_admitted_budget":true,"admission_mode":"unconditional","hal_bytes_per_call_amortized":403496.2,"process_rss_kb":8396,"process_rss_delta_init_kb":972,"max_active_calls":1,"active_calls_now":0,"call_counter_balanced":true}
.EVS Port1 1980-012-14:10:04.97319 66/1/AI_LEARNER 4: AI_LEARNER completed=99/99 mean=317806.6us max=852276.6us hal_peak=618856 within_bounded=1
{"app":"AI_LEARNER","stage":"run","model":"b2_resnet","target":"aarch64-unknown-linux-gnu","attempted":99,"completed":99,"fail_input":0,"fail_invoke":0,"fail_output":0,"mean_us":317806.63,"max_us":852276.59,"last_us":304165.39,"out0":0.34946,"out_elems":10,"out_sha256":"24bd9a607a59835cbeab390e11ec8ed7aec57930d649c55985b8e75c33f9a89e","out_head":[0.349459,0.001114,0.001795,0.065403,0.335932,0.006331],"out_tail":[0.335932,0.006331,0.201360,0.013375,0.019186,0.006046],"out_full_file":"/cf/last_out.json","out_full_file_bytes":183,"out_full_file_reason":"ok","out_record_truncates":false}
{"app":"AI_LEARNER","stage":"mem","model":"b2_resnet","target":"aarch64-unknown-linux-gnu","completed":99,"hal_peak":618856,"peak_within_bounded":true,"admitted_budget_bytes":618856,"peak_within_admitted_budget":true,"admission_mode":"unconditional","hal_bytes_per_call_amortized":402421.7,"process_rss_kb":8396,"process_rss_delta_init_kb":972,"max_active_calls":1,"active_calls_now":0,"call_counter_balanced":true}
EVS Port1 1980-012-14:10:08.96942 66/1/AI_LEARNER 4: AI_LEARNER completed=100/100 mean=317588.6us max=852276.6us hal_peak=618856 within_bounded=1
{"app":"AI_LEARNER","stage":"run","model":"b2_resnet","target":"aarch64-unknown-linux-gnu","attempted":100,"completed":100,"fail_input":0,"fail_invoke":0,"fail_output":0,"mean_us":317588.63,"max_us":852276.59,"last_us":296006.38,"out0":0.34946,"out_elems":10,"out_sha256":"24bd9a607a59835cbeab390e11ec8ed7aec57930d649c55985b8e75c33f9a89e","out_head":[0.349459,0.001114,0.001795,0.065403,0.335932,0.006331],"out_tail":[0.335932,0.006331,0.201360,0.013375,0.019186,0.006046],"out_full_file":"/cf/last_out.json","out_full_file_bytes":184,"out_full_file_reason":"ok","out_record_truncates":false}
{"app":"AI_LEARNER","stage":"mem","model":"b2_resnet","target":"aarch64-unknown-linux-gnu","completed":100,"hal_peak":618856,"peak_within_bounded":true,"admitted_budget_bytes":618856,"peak_within_admitted_budget":true,"admission_mode":"unconditional","hal_bytes_per_call_amortized":401368.8,"process_rss_kb":8396,"process_rss_delta_init_kb":972,"max_active_calls":1,"active_calls_now":0,"call_counter_balanced":true}
.EVS Port1 1980-012-14:10:12.95774 66/1/AI_LEARNER 4: AI_LEARNER completed=101/101 mean=317218.7us max=852276.6us hal_peak=618856 within_bounded=1
{"app":"AI_LEARNER","stage":"run","model":"b2_resnet","target":"aarch64-unknown-linux-gnu","attempted":101,"completed":101,"fail_input":0,"fail_invoke":0,"fail_output":0,"mean_us":317218.72,"max_us":852276.59,"last_us":280227.33,"out0":0.34946,"out_elems":10,"out_sha256":"24bd9a607a59835cbeab390e11ec8ed7aec57930d649c55985b8e75c33f9a89e","out_head":[0.349459,0.001114,0.001795,0.065403,0.335932,0.006331],"out_tail":[0.335932,0.006331,0.201360,0.013375,0.019186,0.006046],"out_full_file":"/cf/last_out.json","out_full_file_bytes":184,"out_full_file_reason":"ok","out_record_truncates":false}
{"app":"AI_LEARNER","stage":"mem","model":"b2_resnet","target":"aarch64-unknown-linux-gnu","completed":101,"hal_peak":618856,"peak_within_bounded":true,"admitted_budget_bytes":618856,"peak_within_admitted_budget":true,"admission_mode":"unconditional","hal_bytes_per_call_amortized":400336.7,"process_rss_kb":8396,"process_rss_delta_init_kb":972,"max_active_calls":1,"active_calls_now":0,"call_counter_balanced":true}
.EVS Port1 1980-012-14:10:16.98965 66/1/AI_LEARNER 4: AI_LEARNER completed=102/102 mean=317117.3us max=852276.6us hal_peak=618856 within_bounded=1
{"app":"AI_LEARNER","stage":"run","model":"b2_resnet","target":"aarch64-unknown-linux-gnu","attempted":102,"completed":102,"fail_input":0,"fail_invoke":0,"fail_output":0,"mean_us":317117.33,"max_us":852276.59,"last_us":306877.10,"out0":0.34946,"out_elems":10,"out_sha256":"24bd9a607a59835cbeab390e11ec8ed7aec57930d649c55985b8e75c33f9a89e","out_head":[0.349459,0.001114,0.001795,0.065403,0.335932,0.006331],"out_tail":[0.335932,0.006331,0.201360,0.013375,0.019186,0.006046],"out_full_file":"/cf/last_out.json","out_full_file_bytes":184,"out_full_file_reason":"ok","out_record_truncates":false}
{"app":"AI_LEARNER","stage":"mem","model":"b2_resnet","target":"aarch64-unknown-linux-gnu","completed":102,"hal_peak":618856,"peak_within_bounded":true,"admitted_budget_bytes":618856,"peak_within_admitted_budget":true,"admission_mode":"unconditional","hal_bytes_per_call_amortized":399324.9,"process_rss_kb":8396,"process_rss_delta_init_kb":972,"max_active_calls":1,"active_calls_now":0,"call_counter_balanced":true}
EVS Port1 1980-012-14:10:20.99026 66/1/AI_LEARNER 4: AI_LEARNER completed=103/103 mean=317113.7us max=852276.6us hal_peak=618856 within_bounded=1
{"app":"AI_LEARNER","stage":"run","model":"b2_resnet","target":"aarch64-unknown-linux-gnu","attempted":103,"completed":103,"fail_input":0,"fail_invoke":0,"fail_output":0,"mean_us":317113.70,"max_us":852276.59,"last_us":316743.44,"out0":0.34946,"out_elems":10,"out_sha256":"24bd9a607a59835cbeab390e11ec8ed7aec57930d649c55985b8e75c33f9a89e","out_head":[0.349459,0.001114,0.001795,0.065403,0.335932,0.006331],"out_tail":[0.335932,0.006331,0.201360,0.013375,0.019186,0.006046],"out_full_file":"/cf/last_out.json","out_full_file_bytes":184,"out_full_file_reason":"ok","out_record_truncates":false}
{"app":"AI_LEARNER","stage":"mem","model":"b2_resnet","target":"aarch64-unknown-linux-gnu","completed":103,"hal_peak":618856,"peak_within_bounded":true,"admitted_budget_bytes":618856,"peak_within_admitted_budget":true,"admission_mode":"unconditional","hal_bytes_per_call_amortized":398332.7,"process_rss_kb":8396,"process_rss_delta_init_kb":972,"max_active_calls":1,"active_calls_now":0,"call_counter_balanced":true}
.EVS Port1 1980-012-14:10:24.98065 66/1/AI_LEARNER 4: AI_LEARNER completed=104/104 mean=316938.3us max=852276.6us hal_peak=618856 within_bounded=1
{"app":"AI_LEARNER","stage":"run","model":"b2_resnet","target":"aarch64-unknown-linux-gnu","attempted":104,"completed":104,"fail_input":0,"fail_invoke":0,"fail_output":0,"mean_us":316938.27,"max_us":852276.59,"last_us":298868.72,"out0":0.34946,"out_elems":10,"out_sha256":"24bd9a607a59835cbeab390e11ec8ed7aec57930d649c55985b8e75c33f9a89e","out_head":[0.349459,0.001114,0.001795,0.065403,0.335932,0.006331],"out_tail":[0.335932,0.006331,0.201360,0.013375,0.019186,0.006046],"out_full_file":"/cf/last_out.json","out_full_file_bytes":184,"out_full_file_reason":"ok","out_record_truncates":false}
{"app":"AI_LEARNER","stage":"mem","model":"b2_resnet","target":"aarch64-unknown-linux-gnu","completed":104,"hal_peak":618856,"peak_within_bounded":true,"admitted_budget_bytes":618856,"peak_within_admitted_budget":true,"admission_mode":"unconditional","hal_bytes_per_call_amortized":397359.5,"process_rss_kb":8396,"process_rss_delta_init_kb":972,"max_active_calls":1,"active_calls_now":0,"call_counter_balanced":true}
.EVS Port1 1980-012-14:10:28.98794 66/1/AI_LEARNER 4: AI_LEARNER completed=105/105 mean=316937.9us max=852276.6us hal_peak=618856 within_bounded=1
{"app":"AI_LEARNER","stage":"run","model":"b2_resnet","target":"aarch64-unknown-linux-gnu","attempted":105,"completed":105,"fail_input":0,"fail_invoke":0,"fail_output":0,"mean_us":316937.87,"max_us":852276.59,"last_us":316896.61,"out0":0.34946,"out_elems":10,"out_sha256":"24bd9a607a59835cbeab390e11ec8ed7aec57930d649c55985b8e75c33f9a89e","out_head":[0.349459,0.001114,0.001795,0.065403,0.335932,0.006331],"out_tail":[0.335932,0.006331,0.201360,0.013375,0.019186,0.006046],"out_full_file":"/cf/last_out.json","out_full_file_bytes":184,"out_full_file_reason":"ok","out_record_truncates":false}
{"app":"AI_LEARNER","stage":"mem","model":"b2_resnet","target":"aarch64-unknown-linux-gnu","completed":105,"hal_peak":618856,"peak_within_bounded":true,"admitted_budget_bytes":618856,"peak_within_admitted_budget":true,"admission_mode":"unconditional","hal_bytes_per_call_amortized":396405.0,"process_rss_kb":8396,"process_rss_delta_init_kb":972,"max_active_calls":1,"active_calls_now":0,"call_counter_balanced":true}
EVS Port1 1980-012-14:10:32.99455 66/1/AI_LEARNER 4: AI_LEARNER completed=106/106 mean=316947.8us max=852276.6us hal_peak=618856 within_bounded=1
{"app":"AI_LEARNER","stage":"run","model":"b2_resnet","target":"aarch64-unknown-linux-gnu","attempted":106,"completed":106,"fail_input":0,"fail_invoke":0,"fail_output":0,"mean_us":316947.80,"max_us":852276.59,"last_us":317990.59,"out0":0.34946,"out_elems":10,"out_sha256":"24bd9a607a59835cbeab390e11ec8ed7aec57930d649c55985b8e75c33f9a89e","out_head":[0.349459,0.001114,0.001795,0.065403,0.335932,0.006331],"out_tail":[0.335932,0.006331,0.201360,0.013375,0.019186,0.006046],"out_full_file":"/cf/last_out.json","out_full_file_bytes":184,"out_full_file_reason":"ok","out_record_truncates":false}
{"app":"AI_LEARNER","stage":"mem","model":"b2_resnet","target":"aarch64-unknown-linux-gnu","completed":106,"hal_peak":618856,"peak_within_bounded":true,"admitted_budget_bytes":618856,"peak_within_admitted_budget":true,"admission_mode":"unconditional","hal_bytes_per_call_amortized":395468.4,"process_rss_kb":8396,"process_rss_delta_init_kb":972,"max_active_calls":1,"active_calls_now":0,"call_counter_balanced":true}
.EVS Port1 1980-012-14:10:36.94952 66/1/AI_LEARNER 4: AI_LEARNER completed=107/107 mean=316578.9us max=852276.6us hal_peak=618856 within_bounded=1
{"app":"AI_LEARNER","stage":"run","model":"b2_resnet","target":"aarch64-unknown-linux-gnu","attempted":107,"completed":107,"fail_input":0,"fail_invoke":0,"fail_output":0,"mean_us":316578.91,"max_us":852276.59,"last_us":277476.48,"out0":0.34946,"out_elems":10,"out_sha256":"24bd9a607a59835cbeab390e11ec8ed7aec57930d649c55985b8e75c33f9a89e","out_head":[0.349459,0.001114,0.001795,0.065403,0.335932,0.006331],"out_tail":[0.335932,0.006331,0.201360,0.013375,0.019186,0.006046],"out_full_file":"/cf/last_out.json","out_full_file_bytes":184,"out_full_file_reason":"ok","out_record_truncates":false}
{"app":"AI_LEARNER","stage":"mem","model":"b2_resnet","target":"aarch64-unknown-linux-gnu","completed":107,"hal_peak":618856,"peak_within_bounded":true,"admitted_budget_bytes":618856,"peak_within_admitted_budget":true,"admission_mode":"unconditional","hal_bytes_per_call_amortized":394549.3,"process_rss_kb":8396,"process_rss_delta_init_kb":972,"max_active_calls":1,"active_calls_now":0,"call_counter_balanced":true}
.EVS Port1 1980-012-14:10:40.95700 66/1/AI_LEARNER 4: AI_LEARNER completed=108/108 mean=316271.0us max=852276.6us hal_peak=618856 within_bounded=1
{"app":"AI_LEARNER","stage":"run","model":"b2_resnet","target":"aarch64-unknown-linux-gnu","attempted":108,"completed":108,"fail_input":0,"fail_invoke":0,"fail_output":0,"mean_us":316270.96,"max_us":852276.59,"last_us":283319.90,"out0":0.34946,"out_elems":10,"out_sha256":"24bd9a607a59835cbeab390e11ec8ed7aec57930d649c55985b8e75c33f9a89e","out_head":[0.349459,0.001114,0.001795,0.065403,0.335932,0.006331],"out_tail":[0.335932,0.006331,0.201360,0.013375,0.019186,0.006046],"out_full_file":"/cf/last_out.json","out_full_file_bytes":184,"out_full_file_reason":"ok","out_record_truncates":false}
{"app":"AI_LEARNER","stage":"mem","model":"b2_resnet","target":"aarch64-unknown-linux-gnu","completed":108,"hal_peak":618856,"peak_within_bounded":true,"admitted_budget_bytes":618856,"peak_within_admitted_budget":true,"admission_mode":"unconditional","hal_bytes_per_call_amortized":393647.3,"process_rss_kb":8396,"process_rss_delta_init_kb":972,"max_active_calls":1,"active_calls_now":0,"call_counter_balanced":true}
EVS Port1 1980-012-14:10:44.98252 66/1/AI_LEARNER 4: AI_LEARNER completed=109/109 mean=316167.4us max=852276.6us hal_peak=618856 within_bounded=1
{"app":"AI_LEARNER","stage":"run","model":"b2_resnet","target":"aarch64-unknown-linux-gnu","attempted":109,"completed":109,"fail_input":0,"fail_invoke":0,"fail_output":0,"mean_us":316167.39,"max_us":852276.59,"last_us":304982.56,"out0":0.34946,"out_elems":10,"out_sha256":"24bd9a607a59835cbeab390e11ec8ed7aec57930d649c55985b8e75c33f9a89e","out_head":[0.349459,0.001114,0.001795,0.065403,0.335932,0.006331],"out_tail":[0.335932,0.006331,0.201360,0.013375,0.019186,0.006046],"out_full_file":"/cf/last_out.json","out_full_file_bytes":184,"out_full_file_reason":"ok","out_record_truncates":false}
{"app":"AI_LEARNER","stage":"mem","model":"b2_resnet","target":"aarch64-unknown-linux-gnu","completed":109,"hal_peak":618856,"peak_within_bounded":true,"admitted_budget_bytes":618856,"peak_within_admitted_budget":true,"admission_mode":"unconditional","hal_bytes_per_call_amortized":392761.8,"process_rss_kb":8396,"process_rss_delta_init_kb":972,"max_active_calls":1,"active_calls_now":0,"call_counter_balanced":true}
.EVS Port1 1980-012-14:10:48.98434 66/1/AI_LEARNER 4: AI_LEARNER completed=110/110 mean=316146.2us max=852276.6us hal_peak=618856 within_bounded=1
{"app":"AI_LEARNER","stage":"run","model":"b2_resnet","target":"aarch64-unknown-linux-gnu","attempted":110,"completed":110,"fail_input":0,"fail_invoke":0,"fail_output":0,"mean_us":316146.20,"max_us":852276.59,"last_us":313836.18,"out0":0.34946,"out_elems":10,"out_sha256":"24bd9a607a59835cbeab390e11ec8ed7aec57930d649c55985b8e75c33f9a89e","out_head":[0.349459,0.001114,0.001795,0.065403,0.335932,0.006331],"out_tail":[0.335932,0.006331,0.201360,0.013375,0.019186,0.006046],"out_full_file":"/cf/last_out.json","out_full_file_bytes":184,"out_full_file_reason":"ok","out_record_truncates":false}
{"app":"AI_LEARNER","stage":"mem","model":"b2_resnet","target":"aarch64-unknown-linux-gnu","completed":110,"hal_peak":618856,"peak_within_bounded":true,"admitted_budget_bytes":618856,"peak_within_admitted_budget":true,"admission_mode":"unconditional","hal_bytes_per_call_amortized":391892.4,"process_rss_kb":8396,"process_rss_delta_init_kb":972,"max_active_calls":1,"active_calls_now":0,"call_counter_balanced":true}
.EVS Port1 1980-012-14:10:52.99368 66/1/AI_LEARNER 4: AI_LEARNER completed=111/111 mean=316175.8us max=852276.6us hal_peak=618856 within_bounded=1
{"app":"AI_LEARNER","stage":"run","model":"b2_resnet","target":"aarch64-unknown-linux-gnu","attempted":111,"completed":111,"fail_input":0,"fail_invoke":0,"fail_output":0,"mean_us":316175.81,"max_us":852276.59,"last_us":319433.44,"out0":0.34946,"out_elems":10,"out_sha256":"24bd9a607a59835cbeab390e11ec8ed7aec57930d649c55985b8e75c33f9a89e","out_head":[0.349459,0.001114,0.001795,0.065403,0.335932,0.006331],"out_tail":[0.335932,0.006331,0.201360,0.013375,0.019186,0.006046],"out_full_file":"/cf/last_out.json","out_full_file_bytes":184,"out_full_file_reason":"ok","out_record_truncates":false}
{"app":"AI_LEARNER","stage":"mem","model":"b2_resnet","target":"aarch64-unknown-linux-gnu","completed":111,"hal_peak":618856,"peak_within_bounded":true,"admitted_budget_bytes":618856,"peak_within_admitted_budget":true,"admission_mode":"unconditional","hal_bytes_per_call_amortized":391038.6,"process_rss_kb":8396,"process_rss_delta_init_kb":972,"max_active_calls":1,"active_calls_now":0,"call_counter_balanced":true}
EVS Port1 1980-012-14:10:57.01910 66/1/AI_LEARNER 4: AI_LEARNER completed=112/112 mean=316415.5us max=852276.6us hal_peak=618856 within_bounded=1
{"app":"AI_LEARNER","stage":"run","model":"b2_resnet","target":"aarch64-unknown-linux-gnu","attempted":112,"completed":112,"fail_input":0,"fail_invoke":0,"fail_output":0,"mean_us":316415.46,"max_us":852276.59,"last_us":343016.19,"out0":0.34946,"out_elems":10,"out_sha256":"24bd9a607a59835cbeab390e11ec8ed7aec57930d649c55985b8e75c33f9a89e","out_head":[0.349459,0.001114,0.001795,0.065403,0.335932,0.006331],"out_tail":[0.335932,0.006331,0.201360,0.013375,0.019186,0.006046],"out_full_file":"/cf/last_out.json","out_full_file_bytes":184,"out_full_file_reason":"ok","out_record_truncates":false}
{"app":"AI_LEARNER","stage":"mem","model":"b2_resnet","target":"aarch64-unknown-linux-gnu","completed":112,"hal_peak":618856,"peak_within_bounded":true,"admitted_budget_bytes":618856,"peak_within_admitted_budget":true,"admission_mode":"unconditional","hal_bytes_per_call_amortized":390200.1,"process_rss_kb":8396,"process_rss_delta_init_kb":972,"max_active_calls":1,"active_calls_now":0,"call_counter_balanced":true}
.EVS Port1 1980-012-14:11:00.96018 66/1/AI_LEARNER 4: AI_LEARNER completed=113/113 mean=316201.2us max=852276.6us hal_peak=618856 within_bounded=1
{"app":"AI_LEARNER","stage":"run","model":"b2_resnet","target":"aarch64-unknown-linux-gnu","attempted":113,"completed":113,"fail_input":0,"fail_invoke":0,"fail_output":0,"mean_us":316201.18,"max_us":852276.59,"last_us":292201.15,"out0":0.34946,"out_elems":10,"out_sha256":"24bd9a607a59835cbeab390e11ec8ed7aec57930d649c55985b8e75c33f9a89e","out_head":[0.349459,0.001114,0.001795,0.065403,0.335932,0.006331],"out_tail":[0.335932,0.006331,0.201360,0.013375,0.019186,0.006046],"out_full_file":"/cf/last_out.json","out_full_file_bytes":184,"out_full_file_reason":"ok","out_record_truncates":false}
{"app":"AI_LEARNER","stage":"mem","model":"b2_resnet","target":"aarch64-unknown-linux-gnu","completed":113,"hal_peak":618856,"peak_within_bounded":true,"admitted_budget_bytes":618856,"peak_within_admitted_budget":true,"admission_mode":"unconditional","hal_bytes_per_call_amortized":389376.5,"process_rss_kb":8396,"process_rss_delta_init_kb":972,"max_active_calls":1,"active_calls_now":0,"call_counter_balanced":true}
.EVS Port1 1980-012-14:11:04.99067 66/1/AI_LEARNER 4: AI_LEARNER completed=114/114 mean=316123.7us max=852276.6us hal_peak=618856 within_bounded=1
{"app":"AI_LEARNER","stage":"run","model":"b2_resnet","target":"aarch64-unknown-linux-gnu","attempted":114,"completed":114,"fail_input":0,"fail_invoke":0,"fail_output":0,"mean_us":316123.69,"max_us":852276.59,"last_us":307367.34,"out0":0.34946,"out_elems":10,"out_sha256":"24bd9a607a59835cbeab390e11ec8ed7aec57930d649c55985b8e75c33f9a89e","out_head":[0.349459,0.001114,0.001795,0.065403,0.335932,0.006331],"out_tail":[0.335932,0.006331,0.201360,0.013375,0.019186,0.006046],"out_full_file":"/cf/last_out.json","out_full_file_bytes":184,"out_full_file_reason":"ok","out_record_truncates":false}
{"app":"AI_LEARNER","stage":"mem","model":"b2_resnet","target":"aarch64-unknown-linux-gnu","completed":114,"hal_peak":618856,"peak_within_bounded":true,"admitted_budget_bytes":618856,"peak_within_admitted_budget":true,"admission_mode":"unconditional","hal_bytes_per_call_amortized":388567.3,"process_rss_kb":8396,"process_rss_delta_init_kb":972,"max_active_calls":1,"active_calls_now":0,"call_counter_balanced":true}
EVS Port1 1980-012-14:11:08.99528 66/1/AI_LEARNER 4: AI_LEARNER completed=115/115 mean=316178.0us max=852276.6us hal_peak=618856 within_bounded=1
{"app":"AI_LEARNER","stage":"run","model":"b2_resnet","target":"aarch64-unknown-linux-gnu","attempted":115,"completed":115,"fail_input":0,"fail_invoke":0,"fail_output":0,"mean_us":316178.00,"max_us":852276.59,"last_us":322369.71,"out0":0.34946,"out_elems":10,"out_sha256":"24bd9a607a59835cbeab390e11ec8ed7aec57930d649c55985b8e75c33f9a89e","out_head":[0.349459,0.001114,0.001795,0.065403,0.335932,0.006331],"out_tail":[0.335932,0.006331,0.201360,0.013375,0.019186,0.006046],"out_full_file":"/cf/last_out.json","out_full_file_bytes":184,"out_full_file_reason":"ok","out_record_truncates":false}
{"app":"AI_LEARNER","stage":"mem","model":"b2_resnet","target":"aarch64-unknown-linux-gnu","completed":115,"hal_peak":618856,"peak_within_bounded":true,"admitted_budget_bytes":618856,"peak_within_admitted_budget":true,"admission_mode":"unconditional","hal_bytes_per_call_amortized":387772.2,"process_rss_kb":8396,"process_rss_delta_init_kb":972,"max_active_calls":1,"active_calls_now":0,"call_counter_balanced":true}
.EVS Port1 1980-012-14:11:12.94999 66/1/AI_LEARNER 4: AI_LEARNER completed=116/116 mean=315807.5us max=852276.6us hal_peak=618856 within_bounded=1
{"app":"AI_LEARNER","stage":"run","model":"b2_resnet","target":"aarch64-unknown-linux-gnu","attempted":116,"completed":116,"fail_input":0,"fail_invoke":0,"fail_output":0,"mean_us":315807.51,"max_us":852276.59,"last_us":273200.94,"out0":0.34946,"out_elems":10,"out_sha256":"24bd9a607a59835cbeab390e11ec8ed7aec57930d649c55985b8e75c33f9a89e","out_head":[0.349459,0.001114,0.001795,0.065403,0.335932,0.006331],"out_tail":[0.335932,0.006331,0.201360,0.013375,0.019186,0.006046],"out_full_file":"/cf/last_out.json","out_full_file_bytes":184,"out_full_file_reason":"ok","out_record_truncates":false}
{"app":"AI_LEARNER","stage":"mem","model":"b2_resnet","target":"aarch64-unknown-linux-gnu","completed":116,"hal_peak":618856,"peak_within_bounded":true,"admitted_budget_bytes":618856,"peak_within_admitted_budget":true,"admission_mode":"unconditional","hal_bytes_per_call_amortized":386990.8,"process_rss_kb":8396,"process_rss_delta_init_kb":972,"max_active_calls":1,"active_calls_now":0,"call_counter_balanced":true}
.EVS Port1 1980-012-14:11:17.00746 66/1/AI_LEARNER 4: AI_LEARNER completed=117/117 mean=315940.0us max=852276.6us hal_peak=618856 within_bounded=1
{"app":"AI_LEARNER","stage":"run","model":"b2_resnet","target":"aarch64-unknown-linux-gnu","attempted":117,"completed":117,"fail_input":0,"fail_invoke":0,"fail_output":0,"mean_us":315940.01,"max_us":852276.59,"last_us":331310.88,"out0":0.34946,"out_elems":10,"out_sha256":"24bd9a607a59835cbeab390e11ec8ed7aec57930d649c55985b8e75c33f9a89e","out_head":[0.349459,0.001114,0.001795,0.065403,0.335932,0.006331],"out_tail":[0.335932,0.006331,0.201360,0.013375,0.019186,0.006046],"out_full_file":"/cf/last_out.json","out_full_file_bytes":184,"out_full_file_reason":"ok","out_record_truncates":false}
{"app":"AI_LEARNER","stage":"mem","model":"b2_resnet","target":"aarch64-unknown-linux-gnu","completed":117,"hal_peak":618856,"peak_within_bounded":true,"admitted_budget_bytes":618856,"peak_within_admitted_budget":true,"admission_mode":"unconditional","hal_bytes_per_call_amortized":386222.7,"process_rss_kb":8396,"process_rss_delta_init_kb":972,"max_active_calls":1,"active_calls_now":0,"call_counter_balanced":true}
EVS Port1 1980-012-14:11:20.97351 66/1/AI_LEARNER 4: AI_LEARNER completed=118/118 mean=315817.4us max=852276.6us hal_peak=618856 within_bounded=1
{"app":"AI_LEARNER","stage":"run","model":"b2_resnet","target":"aarch64-unknown-linux-gnu","attempted":118,"completed":118,"fail_input":0,"fail_invoke":0,"fail_output":0,"mean_us":315817.39,"max_us":852276.59,"last_us":301470.38,"out0":0.34946,"out_elems":10,"out_sha256":"24bd9a607a59835cbeab390e11ec8ed7aec57930d649c55985b8e75c33f9a89e","out_head":[0.349459,0.001114,0.001795,0.065403,0.335932,0.006331],"out_tail":[0.335932,0.006331,0.201360,0.013375,0.019186,0.006046],"out_full_file":"/cf/last_out.json","out_full_file_bytes":184,"out_full_file_reason":"ok","out_record_truncates":false}
{"app":"AI_LEARNER","stage":"mem","model":"b2_resnet","target":"aarch64-unknown-linux-gnu","completed":118,"hal_peak":618856,"peak_within_bounded":true,"admitted_budget_bytes":618856,"peak_within_admitted_budget":true,"admission_mode":"unconditional","hal_bytes_per_call_amortized":385467.7,"process_rss_kb":8396,"process_rss_delta_init_kb":972,"max_active_calls":1,"active_calls_now":0,"call_counter_balanced":true}
.EVS Port1 1980-012-14:11:24.99324 66/1/AI_LEARNER 4: AI_LEARNER completed=119/119 mean=315767.1us max=852276.6us hal_peak=618856 within_bounded=1
{"app":"AI_LEARNER","stage":"run","model":"b2_resnet","target":"aarch64-unknown-linux-gnu","attempted":119,"completed":119,"fail_input":0,"fail_invoke":0,"fail_output":0,"mean_us":315767.06,"max_us":852276.59,"last_us":309827.52,"out0":0.34946,"out_elems":10,"out_sha256":"24bd9a607a59835cbeab390e11ec8ed7aec57930d649c55985b8e75c33f9a89e","out_head":[0.349459,0.001114,0.001795,0.065403,0.335932,0.006331],"out_tail":[0.335932,0.006331,0.201360,0.013375,0.019186,0.006046],"out_full_file":"/cf/last_out.json","out_full_file_bytes":184,"out_full_file_reason":"ok","out_record_truncates":false}
{"app":"AI_LEARNER","stage":"mem","model":"b2_resnet","target":"aarch64-unknown-linux-gnu","completed":119,"hal_peak":618856,"peak_within_bounded":true,"admitted_budget_bytes":618856,"peak_within_admitted_budget":true,"admission_mode":"unconditional","hal_bytes_per_call_amortized":384725.3,"process_rss_kb":8396,"process_rss_delta_init_kb":972,"max_active_calls":1,"active_calls_now":0,"call_counter_balanced":true}
.EVS Port1 1980-012-14:11:29.02632 66/1/AI_LEARNER 4: AI_LEARNER completed=120/120 mean=316100.2us max=852276.6us hal_peak=618856 within_bounded=1
{"app":"AI_LEARNER","stage":"run","model":"b2_resnet","target":"aarch64-unknown-linux-gnu","attempted":120,"completed":120,"fail_input":0,"fail_invoke":0,"fail_output":0,"mean_us":316100.17,"max_us":852276.59,"last_us":355741.34,"out0":0.34946,"out_elems":10,"out_sha256":"24bd9a607a59835cbeab390e11ec8ed7aec57930d649c55985b8e75c33f9a89e","out_head":[0.349459,0.001114,0.001795,0.065403,0.335932,0.006331],"out_tail":[0.335932,0.006331,0.201360,0.013375,0.019186,0.006046],"out_full_file":"/cf/last_out.json","out_full_file_bytes":184,"out_full_file_reason":"ok","out_record_truncates":false}
{"app":"AI_LEARNER","stage":"mem","model":"b2_resnet","target":"aarch64-unknown-linux-gnu","completed":120,"hal_peak":618856,"peak_within_bounded":true,"admitted_budget_bytes":618856,"peak_within_admitted_budget":true,"admission_mode":"unconditional","hal_bytes_per_call_amortized":383995.3,"process_rss_kb":8396,"process_rss_delta_init_kb":972,"max_active_calls":1,"active_calls_now":0,"call_counter_balanced":true}
EVS Port1 1980-012-14:11:33.08178 66/1/AI_LEARNER 4: AI_LEARNER completed=121/121 mean=316874.8us max=852276.6us hal_peak=618856 within_bounded=1
{"app":"AI_LEARNER","stage":"run","model":"b2_resnet","target":"aarch64-unknown-linux-gnu","attempted":121,"completed":121,"fail_input":0,"fail_invoke":0,"fail_output":0,"mean_us":316874.81,"max_us":852276.59,"last_us":409830.69,"out0":0.34946,"out_elems":10,"out_sha256":"24bd9a607a59835cbeab390e11ec8ed7aec57930d649c55985b8e75c33f9a89e","out_head":[0.349459,0.001114,0.001795,0.065403,0.335932,0.006331],"out_tail":[0.335932,0.006331,0.201360,0.013375,0.019186,0.006046],"out_full_file":"/cf/last_out.json","out_full_file_bytes":184,"out_full_file_reason":"ok","out_record_truncates":false}
{"app":"AI_LEARNER","stage":"mem","model":"b2_resnet","target":"aarch64-unknown-linux-gnu","completed":121,"hal_peak":618856,"peak_within_bounded":true,"admitted_budget_bytes":618856,"peak_within_admitted_budget":true,"admission_mode":"unconditional","hal_bytes_per_call_amortized":383277.4,"process_rss_kb":8396,"process_rss_delta_init_kb":972,"max_active_calls":1,"active_calls_now":0,"call_counter_balanced":true}
.EVS Port1 1980-012-14:11:37.00888 66/1/AI_LEARNER 4: AI_LEARNER completed=122/122 mean=317034.6us max=852276.6us hal_peak=618856 within_bounded=1
{"app":"AI_LEARNER","stage":"run","model":"b2_resnet","target":"aarch64-unknown-linux-gnu","attempted":122,"completed":122,"fail_input":0,"fail_invoke":0,"fail_output":0,"mean_us":317034.63,"max_us":852276.59,"last_us":336373.58,"out0":0.34946,"out_elems":10,"out_sha256":"24bd9a607a59835cbeab390e11ec8ed7aec57930d649c55985b8e75c33f9a89e","out_head":[0.349459,0.001114,0.001795,0.065403,0.335932,0.006331],"out_tail":[0.335932,0.006331,0.201360,0.013375,0.019186,0.006046],"out_full_file":"/cf/last_out.json","out_full_file_bytes":184,"out_full_file_reason":"ok","out_record_truncates":false}
{"app":"AI_LEARNER","stage":"mem","model":"b2_resnet","target":"aarch64-unknown-linux-gnu","completed":122,"hal_peak":618856,"peak_within_bounded":true,"admitted_budget_bytes":618856,"peak_within_admitted_budget":true,"admission_mode":"unconditional","hal_bytes_per_call_amortized":382571.3,"process_rss_kb":8396,"process_rss_delta_init_kb":972,"max_active_calls":1,"active_calls_now":0,"call_counter_balanced":true}
.EVS Port1 1980-012-14:11:40.98976 66/1/AI_LEARNER 4: AI_LEARNER completed=123/123 mean=317060.8us max=852276.6us hal_peak=618856 within_bounded=1
{"app":"AI_LEARNER","stage":"run","model":"b2_resnet","target":"aarch64-unknown-linux-gnu","attempted":123,"completed":123,"fail_input":0,"fail_invoke":0,"fail_output":0,"mean_us":317060.77,"max_us":852276.59,"last_us":320249.12,"out0":0.34946,"out_elems":10,"out_sha256":"24bd9a607a59835cbeab390e11ec8ed7aec57930d649c55985b8e75c33f9a89e","out_head":[0.349459,0.001114,0.001795,0.065403,0.335932,0.006331],"out_tail":[0.335932,0.006331,0.201360,0.013375,0.019186,0.006046],"out_full_file":"/cf/last_out.json","out_full_file_bytes":184,"out_full_file_reason":"ok","out_record_truncates":false}
{"app":"AI_LEARNER","stage":"mem","model":"b2_resnet","target":"aarch64-unknown-linux-gnu","completed":123,"hal_peak":618856,"peak_within_bounded":true,"admitted_budget_bytes":618856,"peak_within_admitted_budget":true,"admission_mode":"unconditional","hal_bytes_per_call_amortized":381876.6,"process_rss_kb":8396,"process_rss_delta_init_kb":972,"max_active_calls":1,"active_calls_now":0,"call_counter_balanced":true}
EVS Port1 1980-012-14:11:45.00863 66/1/AI_LEARNER 4: AI_LEARNER completed=124/124 mean=317251.2us max=852276.6us hal_peak=618856 within_bounded=1
{"app":"AI_LEARNER","stage":"run","model":"b2_resnet","target":"aarch64-unknown-linux-gnu","attempted":124,"completed":124,"fail_input":0,"fail_invoke":0,"fail_output":0,"mean_us":317251.21,"max_us":852276.59,"last_us":340675.50,"out0":0.34946,"out_elems":10,"out_sha256":"24bd9a607a59835cbeab390e11ec8ed7aec57930d649c55985b8e75c33f9a89e","out_head":[0.349459,0.001114,0.001795,0.065403,0.335932,0.006331],"out_tail":[0.335932,0.006331,0.201360,0.013375,0.019186,0.006046],"out_full_file":"/cf/last_out.json","out_full_file_bytes":184,"out_full_file_reason":"ok","out_record_truncates":false}
{"app":"AI_LEARNER","stage":"mem","model":"b2_resnet","target":"aarch64-unknown-linux-gnu","completed":124,"hal_peak":618856,"peak_within_bounded":true,"admitted_budget_bytes":618856,"peak_within_admitted_budget":true,"admission_mode":"unconditional","hal_bytes_per_call_amortized":381193.2,"process_rss_kb":8396,"process_rss_delta_init_kb":972,"max_active_calls":1,"active_calls_now":0,"call_counter_balanced":true}
.EVS Port1 1980-012-14:11:48.96575 66/1/AI_LEARNER 4: AI_LEARNER completed=125/125 mean=317037.3us max=852276.6us hal_peak=618856 within_bounded=1
{"app":"AI_LEARNER","stage":"run","model":"b2_resnet","target":"aarch64-unknown-linux-gnu","attempted":125,"completed":125,"fail_input":0,"fail_invoke":0,"fail_output":0,"mean_us":317037.31,"max_us":852276.59,"last_us":290513.79,"out0":0.34946,"out_elems":10,"out_sha256":"24bd9a607a59835cbeab390e11ec8ed7aec57930d649c55985b8e75c33f9a89e","out_head":[0.349459,0.001114,0.001795,0.065403,0.335932,0.006331],"out_tail":[0.335932,0.006331,0.201360,0.013375,0.019186,0.006046],"out_full_file":"/cf/last_out.json","out_full_file_bytes":184,"out_full_file_reason":"ok","out_record_truncates":false}
{"app":"AI_LEARNER","stage":"mem","model":"b2_resnet","target":"aarch64-unknown-linux-gnu","completed":125,"hal_peak":618856,"peak_within_bounded":true,"admitted_budget_bytes":618856,"peak_within_admitted_budget":true,"admission_mode":"unconditional","hal_bytes_per_call_amortized":380520.6,"process_rss_kb":8396,"process_rss_delta_init_kb":972,"max_active_calls":1,"active_calls_now":0,"call_counter_balanced":true}
.EVS Port1 1980-012-14:11:53.02037 66/1/AI_LEARNER 4: AI_LEARNER completed=126/126 mean=317283.8us max=852276.6us hal_peak=618856 within_bounded=1
{"app":"AI_LEARNER","stage":"run","model":"b2_resnet","target":"aarch64-unknown-linux-gnu","attempted":126,"completed":126,"fail_input":0,"fail_invoke":0,"fail_output":0,"mean_us":317283.81,"max_us":852276.59,"last_us":348096.08,"out0":0.34946,"out_elems":10,"out_sha256":"24bd9a607a59835cbeab390e11ec8ed7aec57930d649c55985b8e75c33f9a89e","out_head":[0.349459,0.001114,0.001795,0.065403,0.335932,0.006331],"out_tail":[0.335932,0.006331,0.201360,0.013375,0.019186,0.006046],"out_full_file":"/cf/last_out.json","out_full_file_bytes":184,"out_full_file_reason":"ok","out_record_truncates":false}
{"app":"AI_LEARNER","stage":"mem","model":"b2_resnet","target":"aarch64-unknown-linux-gnu","completed":126,"hal_peak":618856,"peak_within_bounded":true,"admitted_budget_bytes":618856,"peak_within_admitted_budget":true,"admission_mode":"unconditional","hal_bytes_per_call_amortized":379858.8,"process_rss_kb":8396,"process_rss_delta_init_kb":972,"max_active_calls":1,"active_calls_now":0,"call_counter_balanced":true}
EVS Port1 1980-012-14:11:56.98652 66/1/AI_LEARNER 4: AI_LEARNER completed=127/127 mean=317195.9us max=852276.6us hal_peak=618856 within_bounded=1
{"app":"AI_LEARNER","stage":"run","model":"b2_resnet","target":"aarch64-unknown-linux-gnu","attempted":127,"completed":127,"fail_input":0,"fail_invoke":0,"fail_output":0,"mean_us":317195.87,"max_us":852276.59,"last_us":306116.03,"out0":0.34946,"out_elems":10,"out_sha256":"24bd9a607a59835cbeab390e11ec8ed7aec57930d649c55985b8e75c33f9a89e","out_head":[0.349459,0.001114,0.001795,0.065403,0.335932,0.006331],"out_tail":[0.335932,0.006331,0.201360,0.013375,0.019186,0.006046],"out_full_file":"/cf/last_out.json","out_full_file_bytes":184,"out_full_file_reason":"ok","out_record_truncates":false}
{"app":"AI_LEARNER","stage":"mem","model":"b2_resnet","target":"aarch64-unknown-linux-gnu","completed":127,"hal_peak":618856,"peak_within_bounded":true,"admitted_budget_bytes":618856,"peak_within_admitted_budget":true,"admission_mode":"unconditional","hal_bytes_per_call_amortized":379207.4,"process_rss_kb":8396,"process_rss_delta_init_kb":972,"max_active_calls":1,"active_calls_now":0,"call_counter_balanced":true}
.EVS Port1 1980-012-14:12:01.00679 66/1/AI_LEARNER 4: AI_LEARNER completed=128/128 mean=317327.4us max=852276.6us hal_peak=618856 within_bounded=1
{"app":"AI_LEARNER","stage":"run","model":"b2_resnet","target":"aarch64-unknown-linux-gnu","attempted":128,"completed":128,"fail_input":0,"fail_invoke":0,"fail_output":0,"mean_us":317327.38,"max_us":852276.59,"last_us":334028.61,"out0":0.34946,"out_elems":10,"out_sha256":"24bd9a607a59835cbeab390e11ec8ed7aec57930d649c55985b8e75c33f9a89e","out_head":[0.349459,0.001114,0.001795,0.065403,0.335932,0.006331],"out_tail":[0.335932,0.006331,0.201360,0.013375,0.019186,0.006046],"out_full_file":"/cf/last_out.json","out_full_file_bytes":184,"out_full_file_reason":"ok","out_record_truncates":false}
{"app":"AI_LEARNER","stage":"mem","model":"b2_resnet","target":"aarch64-unknown-linux-gnu","completed":128,"hal_peak":618856,"peak_within_bounded":true,"admitted_budget_bytes":618856,"peak_within_admitted_budget":true,"admission_mode":"unconditional","hal_bytes_per_call_amortized":378566.1,"process_rss_kb":8396,"process_rss_delta_init_kb":972,"max_active_calls":1,"active_calls_now":0,"call_counter_balanced":true}
EVS Port1 1980-012-14:12:04.97705 66/1/AI_LEARNER 4: AI_LEARNER completed=129/129 mean=317240.9us max=852276.6us hal_peak=618856 within_bounded=1
{"app":"AI_LEARNER","stage":"run","model":"b2_resnet","target":"aarch64-unknown-linux-gnu","attempted":129,"completed":129,"fail_input":0,"fail_invoke":0,"fail_output":0,"mean_us":317240.93,"max_us":852276.59,"last_us":306175.57,"out0":0.34946,"out_elems":10,"out_sha256":"24bd9a607a59835cbeab390e11ec8ed7aec57930d649c55985b8e75c33f9a89e","out_head":[0.349459,0.001114,0.001795,0.065403,0.335932,0.006331],"out_tail":[0.335932,0.006331,0.201360,0.013375,0.019186,0.006046],"out_full_file":"/cf/last_out.json","out_full_file_bytes":184,"out_full_file_reason":"ok","out_record_truncates":false}
{"app":"AI_LEARNER","stage":"mem","model":"b2_resnet","target":"aarch64-unknown-linux-gnu","completed":129,"hal_peak":618856,"peak_within_bounded":true,"admitted_budget_bytes":618856,"peak_within_admitted_budget":true,"admission_mode":"unconditional","hal_bytes_per_call_amortized":377934.8,"process_rss_kb":8396,"process_rss_delta_init_kb":972,"max_active_calls":1,"active_calls_now":0,"call_counter_balanced":true}
.EVS Port1 1980-012-14:12:08.99502 66/1/AI_LEARNER 4: AI_LEARNER completed=130/130 mean=317227.3us max=852276.6us hal_peak=618856 within_bounded=1
{"app":"AI_LEARNER","stage":"run","model":"b2_resnet","target":"aarch64-unknown-linux-gnu","attempted":130,"completed":130,"fail_input":0,"fail_invoke":0,"fail_output":0,"mean_us":317227.30,"max_us":852276.59,"last_us":315468.54,"out0":0.34946,"out_elems":10,"out_sha256":"24bd9a607a59835cbeab390e11ec8ed7aec57930d649c55985b8e75c33f9a89e","out_head":[0.349459,0.001114,0.001795,0.065403,0.335932,0.006331],"out_tail":[0.335932,0.006331,0.201360,0.013375,0.019186,0.006046],"out_full_file":"/cf/last_out.json","out_full_file_bytes":184,"out_full_file_reason":"ok","out_record_truncates":false}
{"app":"AI_LEARNER","stage":"mem","model":"b2_resnet","target":"aarch64-unknown-linux-gnu","completed":130,"hal_peak":618856,"peak_within_bounded":true,"admitted_budget_bytes":618856,"peak_within_admitted_budget":true,"admission_mode":"unconditional","hal_bytes_per_call_amortized":377313.2,"process_rss_kb":8396,"process_rss_delta_init_kb":972,"max_active_calls":1,"active_calls_now":0,"call_counter_balanced":true}
.EVS Port1 1980-012-14:12:12.99797 66/1/AI_LEARNER 4: AI_LEARNER completed=131/131 mean=317291.6us max=852276.6us hal_peak=618856 within_bounded=1
{"app":"AI_LEARNER","stage":"run","model":"b2_resnet","target":"aarch64-unknown-linux-gnu","attempted":131,"completed":131,"fail_input":0,"fail_invoke":0,"fail_output":0,"mean_us":317291.57,"max_us":852276.59,"last_us":325647.65,"out0":0.34946,"out_elems":10,"out_sha256":"24bd9a607a59835cbeab390e11ec8ed7aec57930d649c55985b8e75c33f9a89e","out_head":[0.349459,0.001114,0.001795,0.065403,0.335932,0.006331],"out_tail":[0.335932,0.006331,0.201360,0.013375,0.019186,0.006046],"out_full_file":"/cf/last_out.json","out_full_file_bytes":184,"out_full_file_reason":"ok","out_record_truncates":false}
{"app":"AI_LEARNER","stage":"mem","model":"b2_resnet","target":"aarch64-unknown-linux-gnu","completed":131,"hal_peak":618856,"peak_within_bounded":true,"admitted_budget_bytes":618856,"peak_within_admitted_budget":true,"admission_mode":"unconditional","hal_bytes_per_call_amortized":376701.1,"process_rss_kb":8396,"process_rss_delta_init_kb":972,"max_active_calls":1,"active_calls_now":0,"call_counter_balanced":true}
.EVS Port1 1980-012-14:12:17.01858 66/1/AI_LEARNER 4: AI_LEARNER completed=132/132 mean=317382.5us max=852276.6us hal_peak=618856 within_bounded=1
{"app":"AI_LEARNER","stage":"run","model":"b2_resnet","target":"aarch64-unknown-linux-gnu","attempted":132,"completed":132,"fail_input":0,"fail_invoke":0,"fail_output":0,"mean_us":317382.53,"max_us":852276.59,"last_us":329297.38,"out0":0.34946,"out_elems":10,"out_sha256":"24bd9a607a59835cbeab390e11ec8ed7aec57930d649c55985b8e75c33f9a89e","out_head":[0.349459,0.001114,0.001795,0.065403,0.335932,0.006331],"out_tail":[0.335932,0.006331,0.201360,0.013375,0.019186,0.006046],"out_full_file":"/cf/last_out.json","out_full_file_bytes":184,"out_full_file_reason":"ok","out_record_truncates":false}
{"app":"AI_LEARNER","stage":"mem","model":"b2_resnet","target":"aarch64-unknown-linux-gnu","completed":132,"hal_peak":618856,"peak_within_bounded":true,"admitted_budget_bytes":618856,"peak_within_admitted_budget":true,"admission_mode":"unconditional","hal_bytes_per_call_amortized":376098.3,"process_rss_kb":8396,"process_rss_delta_init_kb":972,"max_active_calls":1,"active_calls_now":0,"call_counter_balanced":true}
EVS Port1 1980-012-14:12:20.00315 66/1/CFE_TIME 21: Stop FLYWHEEL
EVS Port1 1980-012-14:12:20.98757 66/1/AI_LEARNER 4: AI_LEARNER completed=133/133 mean=317358.6us max=852276.6us hal_peak=618856 within_bounded=1
{"app":"AI_LEARNER","stage":"run","model":"b2_resnet","target":"aarch64-unknown-linux-gnu","attempted":133,"completed":133,"fail_input":0,"fail_invoke":0,"fail_output":0,"mean_us":317358.63,"max_us":852276.59,"last_us":314203.86,"out0":0.34946,"out_elems":10,"out_sha256":"24bd9a607a59835cbeab390e11ec8ed7aec57930d649c55985b8e75c33f9a89e","out_head":[0.349459,0.001114,0.001795,0.065403,0.335932,0.006331],"out_tail":[0.335932,0.006331,0.201360,0.013375,0.019186,0.006046],"out_full_file":"/cf/last_out.json","out_full_file_bytes":184,"out_full_file_reason":"ok","out_record_truncates":false}
EVS Port1 1980-012-14:12:20.99920 66/1/CFE_TIME 20: Start FLYWHEEL
{"app":"AI_LEARNER","stage":"mem","model":"b2_resnet","target":"aarch64-unknown-linux-gnu","completed":133,"hal_peak":618856,"peak_within_bounded":true,"admitted_budget_bytes":618856,"peak_within_admitted_budget":true,"admission_mode":"unconditional","hal_bytes_per_call_amortized":375504.5,"process_rss_kb":8396,"process_rss_delta_init_kb":972,"max_active_calls":1,"active_calls_now":0,"call_counter_balanced":true}
.EVS Port1 1980-012-14:12:24.98193 66/1/AI_LEARNER 4: AI_LEARNER completed=134/134 mean=317291.6us max=852276.6us hal_peak=618856 within_bounded=1
{"app":"AI_LEARNER","stage":"run","model":"b2_resnet","target":"aarch64-unknown-linux-gnu","attempted":134,"completed":134,"fail_input":0,"fail_invoke":0,"fail_output":0,"mean_us":317291.59,"max_us":852276.59,"last_us":308375.95,"out0":0.34946,"out_elems":10,"out_sha256":"24bd9a607a59835cbeab390e11ec8ed7aec57930d649c55985b8e75c33f9a89e","out_head":[0.349459,0.001114,0.001795,0.065403,0.335932,0.006331],"out_tail":[0.335932,0.006331,0.201360,0.013375,0.019186,0.006046],"out_full_file":"/cf/last_out.json","out_full_file_bytes":184,"out_full_file_reason":"ok","out_record_truncates":false}
{"app":"AI_LEARNER","stage":"mem","model":"b2_resnet","target":"aarch64-unknown-linux-gnu","completed":134,"hal_peak":618856,"peak_within_bounded":true,"admitted_budget_bytes":618856,"peak_within_admitted_budget":true,"admission_mode":"unconditional","hal_bytes_per_call_amortized":374919.6,"process_rss_kb":8396,"process_rss_delta_init_kb":972,"max_active_calls":1,"active_calls_now":0,"call_counter_balanced":true}
EVS Port1 1980-012-14:12:28.98619 66/1/AI_LEARNER 4: AI_LEARNER completed=135/135 mean=317311.4us max=852276.6us hal_peak=618856 within_bounded=1
.{"app":"AI_LEARNER","stage":"run","model":"b2_resnet","target":"aarch64-unknown-linux-gnu","attempted":135,"completed":135,"fail_input":0,"fail_invoke":0,"fail_output":0,"mean_us":317311.41,"max_us":852276.59,"last_us":319967.49,"out0":0.34946,"out_elems":10,"out_sha256":"24bd9a607a59835cbeab390e11ec8ed7aec57930d649c55985b8e75c33f9a89e","out_head":[0.349459,0.001114,0.001795,0.065403,0.335932,0.006331],"out_tail":[0.335932,0.006331,0.201360,0.013375,0.019186,0.006046],"out_full_file":"/cf/last_out.json","out_full_file_bytes":184,"out_full_file_reason":"ok","out_record_truncates":false}
{"app":"AI_LEARNER","stage":"mem","model":"b2_resnet","target":"aarch64-unknown-linux-gnu","completed":135,"hal_peak":618856,"peak_within_bounded":true,"admitted_budget_bytes":618856,"peak_within_admitted_budget":true,"admission_mode":"unconditional","hal_bytes_per_call_amortized":374343.4,"process_rss_kb":8396,"process_rss_delta_init_kb":972,"max_active_calls":1,"active_calls_now":0,"call_counter_balanced":true}
EVS Port1 1980-012-14:12:32.99420 66/1/AI_LEARNER 4: AI_LEARNER completed=136/136 mean=317315.3us max=852276.6us hal_peak=618856 within_bounded=1
{"app":"AI_LEARNER","stage":"run","model":"b2_resnet","target":"aarch64-unknown-linux-gnu","attempted":136,"completed":136,"fail_input":0,"fail_invoke":0,"fail_output":0,"mean_us":317315.29,"max_us":852276.59,"last_us":317838.37,"out0":0.34946,"out_elems":10,"out_sha256":"24bd9a607a59835cbeab390e11ec8ed7aec57930d649c55985b8e75c33f9a89e","out_head":[0.349459,0.001114,0.001795,0.065403,0.335932,0.006331],"out_tail":[0.335932,0.006331,0.201360,0.013375,0.019186,0.006046],"out_full_file":"/cf/last_out.json","out_full_file_bytes":184,"out_full_file_reason":"ok","out_record_truncates":false}
{"app":"AI_LEARNER","stage":"mem","model":"b2_resnet","target":"aarch64-unknown-linux-gnu","completed":136,"hal_peak":618856,"peak_within_bounded":true,"admitted_budget_bytes":618856,"peak_within_admitted_budget":true,"admission_mode":"unconditional","hal_bytes_per_call_amortized":373775.6,"process_rss_kb":8396,"process_rss_delta_init_kb":972,"max_active_calls":1,"active_calls_now":0,"call_counter_balanced":true}
.EVS Port1 1980-012-14:12:36.95957 66/1/AI_LEARNER 4: AI_LEARNER completed=137/137 mean=317093.2us max=852276.6us hal_peak=618856 within_bounded=1
{"app":"AI_LEARNER","stage":"run","model":"b2_resnet","target":"aarch64-unknown-linux-gnu","attempted":137,"completed":137,"fail_input":0,"fail_invoke":0,"fail_output":0,"mean_us":317093.19,"max_us":852276.59,"last_us":286888.21,"out0":0.34946,"out_elems":10,"out_sha256":"24bd9a607a59835cbeab390e11ec8ed7aec57930d649c55985b8e75c33f9a89e","out_head":[0.349459,0.001114,0.001795,0.065403,0.335932,0.006331],"out_tail":[0.335932,0.006331,0.201360,0.013375,0.019186,0.006046],"out_full_file":"/cf/last_out.json","out_full_file_bytes":184,"out_full_file_reason":"ok","out_record_truncates":false}
{"app":"AI_LEARNER","stage":"mem","model":"b2_resnet","target":"aarch64-unknown-linux-gnu","completed":137,"hal_peak":618856,"peak_within_bounded":true,"admitted_budget_bytes":618856,"peak_within_admitted_budget":true,"admission_mode":"unconditional","hal_bytes_per_call_amortized":373216.2,"process_rss_kb":8396,"process_rss_delta_init_kb":972,"max_active_calls":1,"active_calls_now":0,"call_counter_balanced":true}
EVS Port1 1980-012-14:12:40.99317 66/1/AI_LEARNER 4: AI_LEARNER completed=138/138 mean=317151.4us max=852276.6us hal_peak=618856 within_bounded=1
.{"app":"AI_LEARNER","stage":"run","model":"b2_resnet","target":"aarch64-unknown-linux-gnu","attempted":138,"completed":138,"fail_input":0,"fail_invoke":0,"fail_output":0,"mean_us":317151.45,"max_us":852276.59,"last_us":325132.51,"out0":0.34946,"out_elems":10,"out_sha256":"24bd9a607a59835cbeab390e11ec8ed7aec57930d649c55985b8e75c33f9a89e","out_head":[0.349459,0.001114,0.001795,0.065403,0.335932,0.006331],"out_tail":[0.335932,0.006331,0.201360,0.013375,0.019186,0.006046],"out_full_file":"/cf/last_out.json","out_full_file_bytes":184,"out_full_file_reason":"ok","out_record_truncates":false}
{"app":"AI_LEARNER","stage":"mem","model":"b2_resnet","target":"aarch64-unknown-linux-gnu","completed":138,"hal_peak":618856,"peak_within_bounded":true,"admitted_budget_bytes":618856,"peak_within_admitted_budget":true,"admission_mode":"unconditional","hal_bytes_per_call_amortized":372664.8,"process_rss_kb":8396,"process_rss_delta_init_kb":972,"max_active_calls":1,"active_calls_now":0,"call_counter_balanced":true}
EVS Port1 1980-012-14:12:44.96749 66/1/AI_LEARNER 4: AI_LEARNER completed=139/139 mean=316990.1us max=852276.6us hal_peak=618856 within_bounded=1
{"app":"AI_LEARNER","stage":"run","model":"b2_resnet","target":"aarch64-unknown-linux-gnu","attempted":139,"completed":139,"fail_input":0,"fail_invoke":0,"fail_output":0,"mean_us":316990.09,"max_us":852276.59,"last_us":294722.91,"out0":0.34946,"out_elems":10,"out_sha256":"24bd9a607a59835cbeab390e11ec8ed7aec57930d649c55985b8e75c33f9a89e","out_head":[0.349459,0.001114,0.001795,0.065403,0.335932,0.006331],"out_tail":[0.335932,0.006331,0.201360,0.013375,0.019186,0.006046],"out_full_file":"/cf/last_out.json","out_full_file_bytes":184,"out_full_file_reason":"ok","out_record_truncates":false}
{"app":"AI_LEARNER","stage":"mem","model":"b2_resnet","target":"aarch64-unknown-linux-gnu","completed":139,"hal_peak":618856,"peak_within_bounded":true,"admitted_budget_bytes":618856,"peak_within_admitted_budget":true,"admission_mode":"unconditional","hal_bytes_per_call_amortized":372121.4,"process_rss_kb":8396,"process_rss_delta_init_kb":972,"max_active_calls":1,"active_calls_now":0,"call_counter_balanced":true}
.EVS Port1 1980-012-14:12:48.97348 66/1/AI_LEARNER 4: AI_LEARNER completed=140/140 mean=316825.6us max=852276.6us hal_peak=618856 within_bounded=1
{"app":"AI_LEARNER","stage":"run","model":"b2_resnet","target":"aarch64-unknown-linux-gnu","attempted":140,"completed":140,"fail_input":0,"fail_invoke":0,"fail_output":0,"mean_us":316825.60,"max_us":852276.59,"last_us":293961.57,"out0":0.34946,"out_elems":10,"out_sha256":"24bd9a607a59835cbeab390e11ec8ed7aec57930d649c55985b8e75c33f9a89e","out_head":[0.349459,0.001114,0.001795,0.065403,0.335932,0.006331],"out_tail":[0.335932,0.006331,0.201360,0.013375,0.019186,0.006046],"out_full_file":"/cf/last_out.json","out_full_file_bytes":184,"out_full_file_reason":"ok","out_record_truncates":false}
{"app":"AI_LEARNER","stage":"mem","model":"b2_resnet","target":"aarch64-unknown-linux-gnu","completed":140,"hal_peak":618856,"peak_within_bounded":true,"admitted_budget_bytes":618856,"peak_within_admitted_budget":true,"admission_mode":"unconditional","hal_bytes_per_call_amortized":371585.7,"process_rss_kb":8396,"process_rss_delta_init_kb":972,"max_active_calls":1,"active_calls_now":0,"call_counter_balanced":true}
EVS Port1 1980-012-14:12:52.97161 66/1/AI_LEARNER 4: AI_LEARNER completed=141/141 mean=316590.1us max=852276.6us hal_peak=618856 within_bounded=1
{"app":"AI_LEARNER","stage":"run","model":"b2_resnet","target":"aarch64-unknown-linux-gnu","attempted":141,"completed":141,"fail_input":0,"fail_invoke":0,"fail_output":0,"mean_us":316590.13,"max_us":852276.59,"last_us":283623.82,"out0":0.34946,"out_elems":10,"out_sha256":"24bd9a607a59835cbeab390e11ec8ed7aec57930d649c55985b8e75c33f9a89e","out_head":[0.349459,0.001114,0.001795,0.065403,0.335932,0.006331],"out_tail":[0.335932,0.006331,0.201360,0.013375,0.019186,0.006046],"out_full_file":"/cf/last_out.json","out_full_file_bytes":184,"out_full_file_reason":"ok","out_record_truncates":false}
{"app":"AI_LEARNER","stage":"mem","model":"b2_resnet","target":"aarch64-unknown-linux-gnu","completed":141,"hal_peak":618856,"peak_within_bounded":true,"admitted_budget_bytes":618856,"peak_within_admitted_budget":true,"admission_mode":"unconditional","hal_bytes_per_call_amortized":371057.6,"process_rss_kb":8396,"process_rss_delta_init_kb":972,"max_active_calls":1,"active_calls_now":0,"call_counter_balanced":true}
.EVS Port1 1980-012-14:12:56.00273 66/1/CFE_TIME 21: Stop FLYWHEEL
EVS Port1 1980-012-14:12:56.96678 66/1/AI_LEARNER 4: AI_LEARNER completed=142/142 mean=316423.8us max=852276.6us hal_peak=618856 within_bounded=1
{"app":"AI_LEARNER","stage":"run","model":"b2_resnet","target":"aarch64-unknown-linux-gnu","attempted":142,"completed":142,"fail_input":0,"fail_invoke":0,"fail_output":0,"mean_us":316423.82,"max_us":852276.59,"last_us":292974.86,"out0":0.34946,"out_elems":10,"out_sha256":"24bd9a607a59835cbeab390e11ec8ed7aec57930d649c55985b8e75c33f9a89e","out_head":[0.349459,0.001114,0.001795,0.065403,0.335932,0.006331],"out_tail":[0.335932,0.006331,0.201360,0.013375,0.019186,0.006046],"out_full_file":"/cf/last_out.json","out_full_file_bytes":184,"out_full_file_reason":"ok","out_record_truncates":false}
{"app":"AI_LEARNER","stage":"mem","model":"b2_resnet","target":"aarch64-unknown-linux-gnu","completed":142,"hal_peak":618856,"peak_within_bounded":true,"admitted_budget_bytes":618856,"peak_within_admitted_budget":true,"admission_mode":"unconditional","hal_bytes_per_call_amortized":370537.0,"process_rss_kb":8396,"process_rss_delta_init_kb":972,"max_active_calls":1,"active_calls_now":0,"call_counter_balanced":true}
EVS Port1 1980-012-14:12:56.99949 66/1/CFE_TIME 20: Start FLYWHEEL
.EVS Port1 1980-012-14:13:01.01196 66/1/AI_LEARNER 4: AI_LEARNER completed=143/143 mean=316572.8us max=852276.6us hal_peak=618856 within_bounded=1
{"app":"AI_LEARNER","stage":"run","model":"b2_resnet","target":"aarch64-unknown-linux-gnu","attempted":143,"completed":143,"fail_input":0,"fail_invoke":0,"fail_output":0,"mean_us":316572.79,"max_us":852276.59,"last_us":337725.52,"out0":0.34946,"out_elems":10,"out_sha256":"24bd9a607a59835cbeab390e11ec8ed7aec57930d649c55985b8e75c33f9a89e","out_head":[0.349459,0.001114,0.001795,0.065403,0.335932,0.006331],"out_tail":[0.335932,0.006331,0.201360,0.013375,0.019186,0.006046],"out_full_file":"/cf/last_out.json","out_full_file_bytes":184,"out_full_file_reason":"ok","out_record_truncates":false}
{"app":"AI_LEARNER","stage":"mem","model":"b2_resnet","target":"aarch64-unknown-linux-gnu","completed":143,"hal_peak":618856,"peak_within_bounded":true,"admitted_budget_bytes":618856,"peak_within_admitted_budget":true,"admission_mode":"unconditional","hal_bytes_per_call_amortized":370023.7,"process_rss_kb":8396,"process_rss_delta_init_kb":972,"max_active_calls":1,"active_calls_now":0,"call_counter_balanced":true}
.EVS Port1 1980-012-14:13:04.97903 66/1/AI_LEARNER 4: AI_LEARNER completed=144/144 mean=316513.7us max=852276.6us hal_peak=618856 within_bounded=1
{"app":"AI_LEARNER","stage":"run","model":"b2_resnet","target":"aarch64-unknown-linux-gnu","attempted":144,"completed":144,"fail_input":0,"fail_invoke":0,"fail_output":0,"mean_us":316513.71,"max_us":852276.59,"last_us":308065.66,"out0":0.34946,"out_elems":10,"out_sha256":"24bd9a607a59835cbeab390e11ec8ed7aec57930d649c55985b8e75c33f9a89e","out_head":[0.349459,0.001114,0.001795,0.065403,0.335932,0.006331],"out_tail":[0.335932,0.006331,0.201360,0.013375,0.019186,0.006046],"out_full_file":"/cf/last_out.json","out_full_file_bytes":184,"out_full_file_reason":"ok","out_record_truncates":false}
{"app":"AI_LEARNER","stage":"mem","model":"b2_resnet","target":"aarch64-unknown-linux-gnu","completed":144,"hal_peak":618856,"peak_within_bounded":true,"admitted_budget_bytes":618856,"peak_within_admitted_budget":true,"admission_mode":"unconditional","hal_bytes_per_call_amortized":369517.4,"process_rss_kb":8396,"process_rss_delta_init_kb":972,"max_active_calls":1,"active_calls_now":0,"call_counter_balanced":true}
EVS Port1 1980-012-14:13:08.98725 66/1/AI_LEARNER 4: AI_LEARNER completed=145/145 mean=316500.8us max=852276.6us hal_peak=618856 within_bounded=1
{"app":"AI_LEARNER","stage":"run","model":"b2_resnet","target":"aarch64-unknown-linux-gnu","attempted":145,"completed":145,"fail_input":0,"fail_invoke":0,"fail_output":0,"mean_us":316500.84,"max_us":852276.59,"last_us":314648.26,"out0":0.34946,"out_elems":10,"out_sha256":"24bd9a607a59835cbeab390e11ec8ed7aec57930d649c55985b8e75c33f9a89e","out_head":[0.349459,0.001114,0.001795,0.065403,0.335932,0.006331],"out_tail":[0.335932,0.006331,0.201360,0.013375,0.019186,0.006046],"out_full_file":"/cf/last_out.json","out_full_file_bytes":184,"out_full_file_reason":"ok","out_record_truncates":false}
{"app":"AI_LEARNER","stage":"mem","model":"b2_resnet","target":"aarch64-unknown-linux-gnu","completed":145,"hal_peak":618856,"peak_within_bounded":true,"admitted_budget_bytes":618856,"peak_within_admitted_budget":true,"admission_mode":"unconditional","hal_bytes_per_call_amortized":369018.2,"process_rss_kb":8396,"process_rss_delta_init_kb":972,"max_active_calls":1,"active_calls_now":0,"call_counter_balanced":true}
.EVS Port1 1980-012-14:13:12.97482 66/1/AI_LEARNER 4: AI_LEARNER completed=146/146 mean=316447.4us max=852276.6us hal_peak=618856 within_bounded=1
{"app":"AI_LEARNER","stage":"run","model":"b2_resnet","target":"aarch64-unknown-linux-gnu","attempted":146,"completed":146,"fail_input":0,"fail_invoke":0,"fail_output":0,"mean_us":316447.39,"max_us":852276.59,"last_us":308696.37,"out0":0.34946,"out_elems":10,"out_sha256":"24bd9a607a59835cbeab390e11ec8ed7aec57930d649c55985b8e75c33f9a89e","out_head":[0.349459,0.001114,0.001795,0.065403,0.335932,0.006331],"out_tail":[0.335932,0.006331,0.201360,0.013375,0.019186,0.006046],"out_full_file":"/cf/last_out.json","out_full_file_bytes":184,"out_full_file_reason":"ok","out_record_truncates":false}
{"app":"AI_LEARNER","stage":"mem","model":"b2_resnet","target":"aarch64-unknown-linux-gnu","completed":146,"hal_peak":618856,"peak_within_bounded":true,"admitted_budget_bytes":618856,"peak_within_admitted_budget":true,"admission_mode":"unconditional","hal_bytes_per_call_amortized":368525.8,"process_rss_kb":8396,"process_rss_delta_init_kb":972,"max_active_calls":1,"active_calls_now":0,"call_counter_balanced":true}
.EVS Port1 1980-012-14:13:17.01550 66/1/AI_LEARNER 4: AI_LEARNER completed=147/147 mean=316593.2us max=852276.6us hal_peak=618856 within_bounded=1
{"app":"AI_LEARNER","stage":"run","model":"b2_resnet","target":"aarch64-unknown-linux-gnu","attempted":147,"completed":147,"fail_input":0,"fail_invoke":0,"fail_output":0,"mean_us":316593.19,"max_us":852276.59,"last_us":337879.78,"out0":0.34946,"out_elems":10,"out_sha256":"24bd9a607a59835cbeab390e11ec8ed7aec57930d649c55985b8e75c33f9a89e","out_head":[0.349459,0.001114,0.001795,0.065403,0.335932,0.006331],"out_tail":[0.335932,0.006331,0.201360,0.013375,0.019186,0.006046],"out_full_file":"/cf/last_out.json","out_full_file_bytes":184,"out_full_file_reason":"ok","out_record_truncates":false}
{"app":"AI_LEARNER","stage":"mem","model":"b2_resnet","target":"aarch64-unknown-linux-gnu","completed":147,"hal_peak":618856,"peak_within_bounded":true,"admitted_budget_bytes":618856,"peak_within_admitted_budget":true,"admission_mode":"unconditional","hal_bytes_per_call_amortized":368040.1,"process_rss_kb":8396,"process_rss_delta_init_kb":972,"max_active_calls":1,"active_calls_now":0,"call_counter_balanced":true}
EVS Port1 1980-012-14:13:20.97715 66/1/AI_LEARNER 4: AI_LEARNER completed=148/148 mean=316517.3us max=852276.6us hal_peak=618856 within_bounded=1
{"app":"AI_LEARNER","stage":"run","model":"b2_resnet","target":"aarch64-unknown-linux-gnu","attempted":148,"completed":148,"fail_input":0,"fail_invoke":0,"fail_output":0,"mean_us":316517.31,"max_us":852276.59,"last_us":305363.86,"out0":0.34946,"out_elems":10,"out_sha256":"24bd9a607a59835cbeab390e11ec8ed7aec57930d649c55985b8e75c33f9a89e","out_head":[0.349459,0.001114,0.001795,0.065403,0.335932,0.006331],"out_tail":[0.335932,0.006331,0.201360,0.013375,0.019186,0.006046],"out_full_file":"/cf/last_out.json","out_full_file_bytes":184,"out_full_file_reason":"ok","out_record_truncates":false}
{"app":"AI_LEARNER","stage":"mem","model":"b2_resnet","target":"aarch64-unknown-linux-gnu","completed":148,"hal_peak":618856,"peak_within_bounded":true,"admitted_budget_bytes":618856,"peak_within_admitted_budget":true,"admission_mode":"unconditional","hal_bytes_per_call_amortized":367561.0,"process_rss_kb":8396,"process_rss_delta_init_kb":972,"max_active_calls":1,"active_calls_now":0,"call_counter_balanced":true}
.EVS Port1 1980-012-14:13:24.97215 66/1/AI_LEARNER 4: AI_LEARNER completed=149/149 mean=316423.7us max=852276.6us hal_peak=618856 within_bounded=1
{"app":"AI_LEARNER","stage":"run","model":"b2_resnet","target":"aarch64-unknown-linux-gnu","attempted":149,"completed":149,"fail_input":0,"fail_invoke":0,"fail_output":0,"mean_us":316423.66,"max_us":852276.59,"last_us":302563.18,"out0":0.34946,"out_elems":10,"out_sha256":"24bd9a607a59835cbeab390e11ec8ed7aec57930d649c55985b8e75c33f9a89e","out_head":[0.349459,0.001114,0.001795,0.065403,0.335932,0.006331],"out_tail":[0.335932,0.006331,0.201360,0.013375,0.019186,0.006046],"out_full_file":"/cf/last_out.json","out_full_file_bytes":184,"out_full_file_reason":"ok","out_record_truncates":false}
{"app":"AI_LEARNER","stage":"mem","model":"b2_resnet","target":"aarch64-unknown-linux-gnu","completed":149,"hal_peak":618856,"peak_within_bounded":true,"admitted_budget_bytes":618856,"peak_within_admitted_budget":true,"admission_mode":"unconditional","hal_bytes_per_call_amortized":367088.3,"process_rss_kb":8396,"process_rss_delta_init_kb":972,"max_active_calls":1,"active_calls_now":0,"call_counter_balanced":true}
.EVS Port1 1980-012-14:13:29.04354 66/1/AI_LEARNER 4: AI_LEARNER completed=150/150 mean=316754.6us max=852276.6us hal_peak=618856 within_bounded=1
{"app":"AI_LEARNER","stage":"run","model":"b2_resnet","target":"aarch64-unknown-linux-gnu","attempted":150,"completed":150,"fail_input":0,"fail_invoke":0,"fail_output":0,"mean_us":316754.60,"max_us":852276.59,"last_us":366063.73,"out0":0.34946,"out_elems":10,"out_sha256":"24bd9a607a59835cbeab390e11ec8ed7aec57930d649c55985b8e75c33f9a89e","out_head":[0.349459,0.001114,0.001795,0.065403,0.335932,0.006331],"out_tail":[0.335932,0.006331,0.201360,0.013375,0.019186,0.006046],"out_full_file":"/cf/last_out.json","out_full_file_bytes":184,"out_full_file_reason":"ok","out_record_truncates":false}
{"app":"AI_LEARNER","stage":"mem","model":"b2_resnet","target":"aarch64-unknown-linux-gnu","completed":150,"hal_peak":618856,"peak_within_bounded":true,"admitted_budget_bytes":618856,"peak_within_admitted_budget":true,"admission_mode":"unconditional","hal_bytes_per_call_amortized":366621.9,"process_rss_kb":8396,"process_rss_delta_init_kb":972,"max_active_calls":1,"active_calls_now":0,"call_counter_balanced":true}
EVS Port1 1980-012-14:13:32.99299 66/1/AI_LEARNER 4: AI_LEARNER completed=151/151 mean=316759.4us max=852276.6us hal_peak=618856 within_bounded=1
{"app":"AI_LEARNER","stage":"run","model":"b2_resnet","target":"aarch64-unknown-linux-gnu","attempted":151,"completed":151,"fail_input":0,"fail_invoke":0,"fail_output":0,"mean_us":316759.40,"max_us":852276.59,"last_us":317480.64,"out0":0.34946,"out_elems":10,"out_sha256":"24bd9a607a59835cbeab390e11ec8ed7aec57930d649c55985b8e75c33f9a89e","out_head":[0.349459,0.001114,0.001795,0.065403,0.335932,0.006331],"out_tail":[0.335932,0.006331,0.201360,0.013375,0.019186,0.006046],"out_full_file":"/cf/last_out.json","out_full_file_bytes":184,"out_full_file_reason":"ok","out_record_truncates":false}
{"app":"AI_LEARNER","stage":"mem","model":"b2_resnet","target":"aarch64-unknown-linux-gnu","completed":151,"hal_peak":618856,"peak_within_bounded":true,"admitted_budget_bytes":618856,"peak_within_admitted_budget":true,"admission_mode":"unconditional","hal_bytes_per_call_amortized":366161.6,"process_rss_kb":8396,"process_rss_delta_init_kb":972,"max_active_calls":1,"active_calls_now":0,"call_counter_balanced":true}
.EVS Port1 1980-012-14:13:36.99595 66/1/AI_LEARNER 4: AI_LEARNER completed=152/152 mean=316799.9us max=852276.6us hal_peak=618856 within_bounded=1
{"app":"AI_LEARNER","stage":"run","model":"b2_resnet","target":"aarch64-unknown-linux-gnu","attempted":152,"completed":152,"fail_input":0,"fail_invoke":0,"fail_output":0,"mean_us":316799.87,"max_us":852276.59,"last_us":322909.73,"out0":0.34946,"out_elems":10,"out_sha256":"24bd9a607a59835cbeab390e11ec8ed7aec57930d649c55985b8e75c33f9a89e","out_head":[0.349459,0.001114,0.001795,0.065403,0.335932,0.006331],"out_tail":[0.335932,0.006331,0.201360,0.013375,0.019186,0.006046],"out_full_file":"/cf/last_out.json","out_full_file_bytes":184,"out_full_file_reason":"ok","out_record_truncates":false}
{"app":"AI_LEARNER","stage":"mem","model":"b2_resnet","target":"aarch64-unknown-linux-gnu","completed":152,"hal_peak":618856,"peak_within_bounded":true,"admitted_budget_bytes":618856,"peak_within_admitted_budget":true,"admission_mode":"unconditional","hal_bytes_per_call_amortized":365707.5,"process_rss_kb":8396,"process_rss_delta_init_kb":972,"max_active_calls":1,"active_calls_now":0,"call_counter_balanced":true}
.EVS Port1 1980-012-14:13:41.03033 66/1/AI_LEARNER 4: AI_LEARNER completed=153/153 mean=317063.0us max=852276.6us hal_peak=618856 within_bounded=1
{"app":"AI_LEARNER","stage":"run","model":"b2_resnet","target":"aarch64-unknown-linux-gnu","attempted":153,"completed":153,"fail_input":0,"fail_invoke":0,"fail_output":0,"mean_us":317063.02,"max_us":852276.59,"last_us":357062.51,"out0":0.34946,"out_elems":10,"out_sha256":"24bd9a607a59835cbeab390e11ec8ed7aec57930d649c55985b8e75c33f9a89e","out_head":[0.349459,0.001114,0.001795,0.065403,0.335932,0.006331],"out_tail":[0.335932,0.006331,0.201360,0.013375,0.019186,0.006046],"out_full_file":"/cf/last_out.json","out_full_file_bytes":184,"out_full_file_reason":"ok","out_record_truncates":false}
{"app":"AI_LEARNER","stage":"mem","model":"b2_resnet","target":"aarch64-unknown-linux-gnu","completed":153,"hal_peak":618856,"peak_within_bounded":true,"admitted_budget_bytes":618856,"peak_within_admitted_budget":true,"admission_mode":"unconditional","hal_bytes_per_call_amortized":365259.2,"process_rss_kb":8396,"process_rss_delta_init_kb":972,"max_active_calls":1,"active_calls_now":0,"call_counter_balanced":true}
EVS Port1 1980-012-14:13:45.01118 66/1/AI_LEARNER 4: AI_LEARNER completed=154/154 mean=317170.7us max=852276.6us hal_peak=618856 within_bounded=1
{"app":"AI_LEARNER","stage":"run","model":"b2_resnet","target":"aarch64-unknown-linux-gnu","attempted":154,"completed":154,"fail_input":0,"fail_invoke":0,"fail_output":0,"mean_us":317170.65,"max_us":852276.59,"last_us":333638.00,"out0":0.34946,"out_elems":10,"out_sha256":"24bd9a607a59835cbeab390e11ec8ed7aec57930d649c55985b8e75c33f9a89e","out_head":[0.349459,0.001114,0.001795,0.065403,0.335932,0.006331],"out_tail":[0.335932,0.006331,0.201360,0.013375,0.019186,0.006046],"out_full_file":"/cf/last_out.json","out_full_file_bytes":184,"out_full_file_reason":"ok","out_record_truncates":false}
{"app":"AI_LEARNER","stage":"mem","model":"b2_resnet","target":"aarch64-unknown-linux-gnu","completed":154,"hal_peak":618856,"peak_within_bounded":true,"admitted_budget_bytes":618856,"peak_within_admitted_budget":true,"admission_mode":"unconditional","hal_bytes_per_call_amortized":364816.8,"process_rss_kb":8396,"process_rss_delta_init_kb":972,"max_active_calls":1,"active_calls_now":0,"call_counter_balanced":true}
.EVS Port1 1980-012-14:13:48.96345 66/1/AI_LEARNER 4: AI_LEARNER completed=155/155 mean=316992.8us max=852276.6us hal_peak=618856 within_bounded=1
{"app":"AI_LEARNER","stage":"run","model":"b2_resnet","target":"aarch64-unknown-linux-gnu","attempted":155,"completed":155,"fail_input":0,"fail_invoke":0,"fail_output":0,"mean_us":316992.85,"max_us":852276.59,"last_us":289610.90,"out0":0.34946,"out_elems":10,"out_sha256":"24bd9a607a59835cbeab390e11ec8ed7aec57930d649c55985b8e75c33f9a89e","out_head":[0.349459,0.001114,0.001795,0.065403,0.335932,0.006331],"out_tail":[0.335932,0.006331,0.201360,0.013375,0.019186,0.006046],"out_full_file":"/cf/last_out.json","out_full_file_bytes":184,"out_full_file_reason":"ok","out_record_truncates":false}
{"app":"AI_LEARNER","stage":"mem","model":"b2_resnet","target":"aarch64-unknown-linux-gnu","completed":155,"hal_peak":618856,"peak_within_bounded":true,"admitted_budget_bytes":618856,"peak_within_admitted_budget":true,"admission_mode":"unconditional","hal_bytes_per_call_amortized":364380.1,"process_rss_kb":8396,"process_rss_delta_init_kb":972,"max_active_calls":1,"active_calls_now":0,"call_counter_balanced":true}
EVS Port1 1980-012-14:13:53.00645 66/1/AI_LEARNER 4: AI_LEARNER completed=156/156 mean=317108.9us max=852276.6us hal_peak=618856 within_bounded=1
{"app":"AI_LEARNER","stage":"run","model":"b2_resnet","target":"aarch64-unknown-linux-gnu","attempted":156,"completed":156,"fail_input":0,"fail_invoke":0,"fail_output":0,"mean_us":317108.86,"max_us":852276.59,"last_us":335090.32,"out0":0.34946,"out_elems":10,"out_sha256":"24bd9a607a59835cbeab390e11ec8ed7aec57930d649c55985b8e75c33f9a89e","out_head":[0.349459,0.001114,0.001795,0.065403,0.335932,0.006331],"out_tail":[0.335932,0.006331,0.201360,0.013375,0.019186,0.006046],"out_full_file":"/cf/last_out.json","out_full_file_bytes":184,"out_full_file_reason":"ok","out_record_truncates":false}
{"app":"AI_LEARNER","stage":"mem","model":"b2_resnet","target":"aarch64-unknown-linux-gnu","completed":156,"hal_peak":618856,"peak_within_bounded":true,"admitted_budget_bytes":618856,"peak_within_admitted_budget":true,"admission_mode":"unconditional","hal_bytes_per_call_amortized":363949.0,"process_rss_kb":8396,"process_rss_delta_init_kb":972,"max_active_calls":1,"active_calls_now":0,"call_counter_balanced":true}
.EVS Port1 1980-012-14:13:56.98466 66/1/AI_LEARNER 4: AI_LEARNER completed=157/157 mean=317064.7us max=852276.6us hal_peak=618856 within_bounded=1
{"app":"AI_LEARNER","stage":"run","model":"b2_resnet","target":"aarch64-unknown-linux-gnu","attempted":157,"completed":157,"fail_input":0,"fail_invoke":0,"fail_output":0,"mean_us":317064.66,"max_us":852276.59,"last_us":310170.11,"out0":0.34946,"out_elems":10,"out_sha256":"24bd9a607a59835cbeab390e11ec8ed7aec57930d649c55985b8e75c33f9a89e","out_head":[0.349459,0.001114,0.001795,0.065403,0.335932,0.006331],"out_tail":[0.335932,0.006331,0.201360,0.013375,0.019186,0.006046],"out_full_file":"/cf/last_out.json","out_full_file_bytes":184,"out_full_file_reason":"ok","out_record_truncates":false}
{"app":"AI_LEARNER","stage":"mem","model":"b2_resnet","target":"aarch64-unknown-linux-gnu","completed":157,"hal_peak":618856,"peak_within_bounded":true,"admitted_budget_bytes":618856,"peak_within_admitted_budget":true,"admission_mode":"unconditional","hal_bytes_per_call_amortized":363523.4,"process_rss_kb":8396,"process_rss_delta_init_kb":972,"max_active_calls":1,"active_calls_now":0,"call_counter_balanced":true}
.EVS Port1 1980-012-14:14:00.96501 66/1/AI_LEARNER 4: AI_LEARNER completed=158/158 mean=316874.9us max=852276.6us hal_peak=618856 within_bounded=1
{"app":"AI_LEARNER","stage":"run","model":"b2_resnet","target":"aarch64-unknown-linux-gnu","attempted":158,"completed":158,"fail_input":0,"fail_invoke":0,"fail_output":0,"mean_us":316874.90,"max_us":852276.59,"last_us":287083.10,"out0":0.34946,"out_elems":10,"out_sha256":"24bd9a607a59835cbeab390e11ec8ed7aec57930d649c55985b8e75c33f9a89e","out_head":[0.349459,0.001114,0.001795,0.065403,0.335932,0.006331],"out_tail":[0.335932,0.006331,0.201360,0.013375,0.019186,0.006046],"out_full_file":"/cf/last_out.json","out_full_file_bytes":184,"out_full_file_reason":"ok","out_record_truncates":false}
{"app":"AI_LEARNER","stage":"mem","model":"b2_resnet","target":"aarch64-unknown-linux-gnu","completed":158,"hal_peak":618856,"peak_within_bounded":true,"admitted_budget_bytes":618856,"peak_within_admitted_budget":true,"admission_mode":"unconditional","hal_bytes_per_call_amortized":363103.2,"process_rss_kb":8396,"process_rss_delta_init_kb":972,"max_active_calls":1,"active_calls_now":0,"call_counter_balanced":true}
EVS Port1 1980-012-14:14:04.97326 66/1/AI_LEARNER 4: AI_LEARNER completed=159/159 mean=316799.4us max=852276.6us hal_peak=618856 within_bounded=1
{"app":"AI_LEARNER","stage":"run","model":"b2_resnet","target":"aarch64-unknown-linux-gnu","attempted":159,"completed":159,"fail_input":0,"fail_invoke":0,"fail_output":0,"mean_us":316799.45,"max_us":852276.59,"last_us":304877.58,"out0":0.34946,"out_elems":10,"out_sha256":"24bd9a607a59835cbeab390e11ec8ed7aec57930d649c55985b8e75c33f9a89e","out_head":[0.349459,0.001114,0.001795,0.065403,0.335932,0.006331],"out_tail":[0.335932,0.006331,0.201360,0.013375,0.019186,0.006046],"out_full_file":"/cf/last_out.json","out_full_file_bytes":184,"out_full_file_reason":"ok","out_record_truncates":false}
{"app":"AI_LEARNER","stage":"mem","model":"b2_resnet","target":"aarch64-unknown-linux-gnu","completed":159,"hal_peak":618856,"peak_within_bounded":true,"admitted_budget_bytes":618856,"peak_within_admitted_budget":true,"admission_mode":"unconditional","hal_bytes_per_call_amortized":362688.3,"process_rss_kb":8396,"process_rss_delta_init_kb":972,"max_active_calls":1,"active_calls_now":0,"call_counter_balanced":true}
.EVS Port1 1980-012-14:14:09.04809 66/1/AI_LEARNER 4: AI_LEARNER completed=160/160 mean=317145.5us max=852276.6us hal_peak=618856 within_bounded=1
{"app":"AI_LEARNER","stage":"run","model":"b2_resnet","target":"aarch64-unknown-linux-gnu","attempted":160,"completed":160,"fail_input":0,"fail_invoke":0,"fail_output":0,"mean_us":317145.45,"max_us":852276.59,"last_us":372160.16,"out0":0.34946,"out_elems":10,"out_sha256":"24bd9a607a59835cbeab390e11ec8ed7aec57930d649c55985b8e75c33f9a89e","out_head":[0.349459,0.001114,0.001795,0.065403,0.335932,0.006331],"out_tail":[0.335932,0.006331,0.201360,0.013375,0.019186,0.006046],"out_full_file":"/cf/last_out.json","out_full_file_bytes":184,"out_full_file_reason":"ok","out_record_truncates":false}
{"app":"AI_LEARNER","stage":"mem","model":"b2_resnet","target":"aarch64-unknown-linux-gnu","completed":160,"hal_peak":618856,"peak_within_bounded":true,"admitted_budget_bytes":618856,"peak_within_admitted_budget":true,"admission_mode":"unconditional","hal_bytes_per_call_amortized":362278.5,"process_rss_kb":8396,"process_rss_delta_init_kb":972,"max_active_calls":1,"active_calls_now":0,"call_counter_balanced":true}
.EVS Port1 1980-012-14:14:13.04486 66/1/AI_LEARNER 4: AI_LEARNER completed=161/161 mean=317480.5us max=852276.6us hal_peak=618856 within_bounded=1
{"app":"AI_LEARNER","stage":"run","model":"b2_resnet","target":"aarch64-unknown-linux-gnu","attempted":161,"completed":161,"fail_input":0,"fail_invoke":0,"fail_output":0,"mean_us":317480.49,"max_us":852276.59,"last_us":371086.72,"out0":0.34946,"out_elems":10,"out_sha256":"24bd9a607a59835cbeab390e11ec8ed7aec57930d649c55985b8e75c33f9a89e","out_head":[0.349459,0.001114,0.001795,0.065403,0.335932,0.006331],"out_tail":[0.335932,0.006331,0.201360,0.013375,0.019186,0.006046],"out_full_file":"/cf/last_out.json","out_full_file_bytes":184,"out_full_file_reason":"ok","out_record_truncates":false}
{"app":"AI_LEARNER","stage":"mem","model":"b2_resnet","target":"aarch64-unknown-linux-gnu","completed":161,"hal_peak":618856,"peak_within_bounded":true,"admitted_budget_bytes":618856,"peak_within_admitted_budget":true,"admission_mode":"unconditional","hal_bytes_per_call_amortized":361873.8,"process_rss_kb":8396,"process_rss_delta_init_kb":972,"max_active_calls":1,"active_calls_now":0,"call_counter_balanced":true}
.EVS Port1 1980-012-14:14:17.08409 66/1/AI_LEARNER 4: AI_LEARNER completed=162/162 mean=318011.0us max=852276.6us hal_peak=618856 within_bounded=1
{"app":"AI_LEARNER","stage":"run","model":"b2_resnet","target":"aarch64-unknown-linux-gnu","attempted":162,"completed":162,"fail_input":0,"fail_invoke":0,"fail_output":0,"mean_us":318011.02,"max_us":852276.59,"last_us":403426.14,"out0":0.34946,"out_elems":10,"out_sha256":"24bd9a607a59835cbeab390e11ec8ed7aec57930d649c55985b8e75c33f9a89e","out_head":[0.349459,0.001114,0.001795,0.065403,0.335932,0.006331],"out_tail":[0.335932,0.006331,0.201360,0.013375,0.019186,0.006046],"out_full_file":"/cf/last_out.json","out_full_file_bytes":184,"out_full_file_reason":"ok","out_record_truncates":false}
{"app":"AI_LEARNER","stage":"mem","model":"b2_resnet","target":"aarch64-unknown-linux-gnu","completed":162,"hal_peak":618856,"peak_within_bounded":true,"admitted_budget_bytes":618856,"peak_within_admitted_budget":true,"admission_mode":"unconditional","hal_bytes_per_call_amortized":361474.2,"process_rss_kb":8396,"process_rss_delta_init_kb":972,"max_active_calls":1,"active_calls_now":0,"call_counter_balanced":true}
EVS Port1 1980-012-14:14:20.98687 66/1/AI_LEARNER 4: AI_LEARNER completed=163/163 mean=317979.6us max=852276.6us hal_peak=618856 within_bounded=1
{"app":"AI_LEARNER","stage":"run","model":"b2_resnet","target":"aarch64-unknown-linux-gnu","attempted":163,"completed":163,"fail_input":0,"fail_invoke":0,"fail_output":0,"mean_us":317979.62,"max_us":852276.59,"last_us":312892.88,"out0":0.34946,"out_elems":10,"out_sha256":"24bd9a607a59835cbeab390e11ec8ed7aec57930d649c55985b8e75c33f9a89e","out_head":[0.349459,0.001114,0.001795,0.065403,0.335932,0.006331],"out_tail":[0.335932,0.006331,0.201360,0.013375,0.019186,0.006046],"out_full_file":"/cf/last_out.json","out_full_file_bytes":184,"out_full_file_reason":"ok","out_record_truncates":false}
{"app":"AI_LEARNER","stage":"mem","model":"b2_resnet","target":"aarch64-unknown-linux-gnu","completed":163,"hal_peak":618856,"peak_within_bounded":true,"admitted_budget_bytes":618856,"peak_within_admitted_budget":true,"admission_mode":"unconditional","hal_bytes_per_call_amortized":361079.4,"process_rss_kb":8396,"process_rss_delta_init_kb":972,"max_active_calls":1,"active_calls_now":0,"call_counter_balanced":true}
.EVS Port1 1980-012-14:14:24.99542 66/1/AI_LEARNER 4: AI_LEARNER completed=164/164 mean=317908.0us max=852276.6us hal_peak=618856 within_bounded=1
{"app":"AI_LEARNER","stage":"run","model":"b2_resnet","target":"aarch64-unknown-linux-gnu","attempted":164,"completed":164,"fail_input":0,"fail_invoke":0,"fail_output":0,"mean_us":317908.01,"max_us":852276.59,"last_us":306234.80,"out0":0.34946,"out_elems":10,"out_sha256":"24bd9a607a59835cbeab390e11ec8ed7aec57930d649c55985b8e75c33f9a89e","out_head":[0.349459,0.001114,0.001795,0.065403,0.335932,0.006331],"out_tail":[0.335932,0.006331,0.201360,0.013375,0.019186,0.006046],"out_full_file":"/cf/last_out.json","out_full_file_bytes":184,"out_full_file_reason":"ok","out_record_truncates":false}
{"app":"AI_LEARNER","stage":"mem","model":"b2_resnet","target":"aarch64-unknown-linux-gnu","completed":164,"hal_peak":618856,"peak_within_bounded":true,"admitted_budget_bytes":618856,"peak_within_admitted_budget":true,"admission_mode":"unconditional","hal_bytes_per_call_amortized":360689.5,"process_rss_kb":8396,"process_rss_delta_init_kb":972,"max_active_calls":1,"active_calls_now":0,"call_counter_balanced":true}
EVS Port1 1980-012-14:14:28.96279 66/1/AI_LEARNER 4: AI_LEARNER completed=165/165 mean=317746.5us max=852276.6us hal_peak=618856 within_bounded=1
{"app":"AI_LEARNER","stage":"run","model":"b2_resnet","target":"aarch64-unknown-linux-gnu","attempted":165,"completed":165,"fail_input":0,"fail_invoke":0,"fail_output":0,"mean_us":317746.48,"max_us":852276.59,"last_us":291256.11,"out0":0.34946,"out_elems":10,"out_sha256":"24bd9a607a59835cbeab390e11ec8ed7aec57930d649c55985b8e75c33f9a89e","out_head":[0.349459,0.001114,0.001795,0.065403,0.335932,0.006331],"out_tail":[0.335932,0.006331,0.201360,0.013375,0.019186,0.006046],"out_full_file":"/cf/last_out.json","out_full_file_bytes":184,"out_full_file_reason":"ok","out_record_truncates":false}
{"app":"AI_LEARNER","stage":"mem","model":"b2_resnet","target":"aarch64-unknown-linux-gnu","completed":165,"hal_peak":618856,"peak_within_bounded":true,"admitted_budget_bytes":618856,"peak_within_admitted_budget":true,"admission_mode":"unconditional","hal_bytes_per_call_amortized":360304.2,"process_rss_kb":8396,"process_rss_delta_init_kb":972,"max_active_calls":1,"active_calls_now":0,"call_counter_balanced":true}
.EVS Port1 1980-012-14:14:32.97813 66/1/AI_LEARNER 4: AI_LEARNER completed=166/166 mean=317628.5us max=852276.6us hal_peak=618856 within_bounded=1
{"app":"AI_LEARNER","stage":"run","model":"b2_resnet","target":"aarch64-unknown-linux-gnu","attempted":166,"completed":166,"fail_input":0,"fail_invoke":0,"fail_output":0,"mean_us":317628.54,"max_us":852276.59,"last_us":298168.03,"out0":0.34946,"out_elems":10,"out_sha256":"24bd9a607a59835cbeab390e11ec8ed7aec57930d649c55985b8e75c33f9a89e","out_head":[0.349459,0.001114,0.001795,0.065403,0.335932,0.006331],"out_tail":[0.335932,0.006331,0.201360,0.013375,0.019186,0.006046],"out_full_file":"/cf/last_out.json","out_full_file_bytes":184,"out_full_file_reason":"ok","out_record_truncates":false}
{"app":"AI_LEARNER","stage":"mem","model":"b2_resnet","target":"aarch64-unknown-linux-gnu","completed":166,"hal_peak":618856,"peak_within_bounded":true,"admitted_budget_bytes":618856,"peak_within_admitted_budget":true,"admission_mode":"unconditional","hal_bytes_per_call_amortized":359923.7,"process_rss_kb":8396,"process_rss_delta_init_kb":972,"max_active_calls":1,"active_calls_now":0,"call_counter_balanced":true}
.EVS Port1 1980-012-14:14:36.96041 66/1/AI_LEARNER 4: AI_LEARNER completed=167/167 mean=317451.8us max=852276.6us hal_peak=618856 within_bounded=1
{"app":"AI_LEARNER","stage":"run","model":"b2_resnet","target":"aarch64-unknown-linux-gnu","attempted":167,"completed":167,"fail_input":0,"fail_invoke":0,"fail_output":0,"mean_us":317451.80,"max_us":852276.59,"last_us":288112.75,"out0":0.34946,"out_elems":10,"out_sha256":"24bd9a607a59835cbeab390e11ec8ed7aec57930d649c55985b8e75c33f9a89e","out_head":[0.349459,0.001114,0.001795,0.065403,0.335932,0.006331],"out_tail":[0.335932,0.006331,0.201360,0.013375,0.019186,0.006046],"out_full_file":"/cf/last_out.json","out_full_file_bytes":184,"out_full_file_reason":"ok","out_record_truncates":false}
{"app":"AI_LEARNER","stage":"mem","model":"b2_resnet","target":"aarch64-unknown-linux-gnu","completed":167,"hal_peak":618856,"peak_within_bounded":true,"admitted_budget_bytes":618856,"peak_within_admitted_budget":true,"admission_mode":"unconditional","hal_bytes_per_call_amortized":359547.6,"process_rss_kb":8396,"process_rss_delta_init_kb":972,"max_active_calls":1,"active_calls_now":0,"call_counter_balanced":true}
EVS Port1 1980-012-14:14:40.97200 66/1/AI_LEARNER 4: AI_LEARNER completed=168/168 mean=317299.2us max=852276.6us hal_peak=618856 within_bounded=1
{"app":"AI_LEARNER","stage":"run","model":"b2_resnet","target":"aarch64-unknown-linux-gnu","attempted":168,"completed":168,"fail_input":0,"fail_invoke":0,"fail_output":0,"mean_us":317299.25,"max_us":852276.59,"last_us":291823.50,"out0":0.34946,"out_elems":10,"out_sha256":"24bd9a607a59835cbeab390e11ec8ed7aec57930d649c55985b8e75c33f9a89e","out_head":[0.349459,0.001114,0.001795,0.065403,0.335932,0.006331],"out_tail":[0.335932,0.006331,0.201360,0.013375,0.019186,0.006046],"out_full_file":"/cf/last_out.json","out_full_file_bytes":184,"out_full_file_reason":"ok","out_record_truncates":false}
{"app":"AI_LEARNER","stage":"mem","model":"b2_resnet","target":"aarch64-unknown-linux-gnu","completed":168,"hal_peak":618856,"peak_within_bounded":true,"admitted_budget_bytes":618856,"peak_within_admitted_budget":true,"admission_mode":"unconditional","hal_bytes_per_call_amortized":359176.1,"process_rss_kb":8396,"process_rss_delta_init_kb":972,"max_active_calls":1,"active_calls_now":0,"call_counter_balanced":true}
.EVS Port1 1980-012-14:14:44.95481 66/1/AI_LEARNER 4: AI_LEARNER completed=169/169 mean=317105.1us max=852276.6us hal_peak=618856 within_bounded=1
{"app":"AI_LEARNER","stage":"run","model":"b2_resnet","target":"aarch64-unknown-linux-gnu","attempted":169,"completed":169,"fail_input":0,"fail_invoke":0,"fail_output":0,"mean_us":317105.07,"max_us":852276.59,"last_us":284483.79,"out0":0.34946,"out_elems":10,"out_sha256":"24bd9a607a59835cbeab390e11ec8ed7aec57930d649c55985b8e75c33f9a89e","out_head":[0.349459,0.001114,0.001795,0.065403,0.335932,0.006331],"out_tail":[0.335932,0.006331,0.201360,0.013375,0.019186,0.006046],"out_full_file":"/cf/last_out.json","out_full_file_bytes":184,"out_full_file_reason":"ok","out_record_truncates":false}
{"app":"AI_LEARNER","stage":"mem","model":"b2_resnet","target":"aarch64-unknown-linux-gnu","completed":169,"hal_peak":618856,"peak_within_bounded":true,"admitted_budget_bytes":618856,"peak_within_admitted_budget":true,"admission_mode":"unconditional","hal_bytes_per_call_amortized":358808.9,"process_rss_kb":8396,"process_rss_delta_init_kb":972,"max_active_calls":1,"active_calls_now":0,"call_counter_balanced":true}
.EVS Port1 1980-012-14:14:48.97438 66/1/AI_LEARNER 4: AI_LEARNER completed=170/170 mean=316950.8us max=852276.6us hal_peak=618856 within_bounded=1
{"app":"AI_LEARNER","stage":"run","model":"b2_resnet","target":"aarch64-unknown-linux-gnu","attempted":170,"completed":170,"fail_input":0,"fail_invoke":0,"fail_output":0,"mean_us":316950.81,"max_us":852276.59,"last_us":290880.70,"out0":0.34946,"out_elems":10,"out_sha256":"24bd9a607a59835cbeab390e11ec8ed7aec57930d649c55985b8e75c33f9a89e","out_head":[0.349459,0.001114,0.001795,0.065403,0.335932,0.006331],"out_tail":[0.335932,0.006331,0.201360,0.013375,0.019186,0.006046],"out_full_file":"/cf/last_out.json","out_full_file_bytes":184,"out_full_file_reason":"ok","out_record_truncates":false}
{"app":"AI_LEARNER","stage":"mem","model":"b2_resnet","target":"aarch64-unknown-linux-gnu","completed":170,"hal_peak":618856,"peak_within_bounded":true,"admitted_budget_bytes":618856,"peak_within_admitted_budget":true,"admission_mode":"unconditional","hal_bytes_per_call_amortized":358446.1,"process_rss_kb":8396,"process_rss_delta_init_kb":972,"max_active_calls":1,"active_calls_now":0,"call_counter_balanced":true}
EVS Port1 1980-012-14:14:53.01802 66/1/AI_LEARNER 4: AI_LEARNER completed=171/171 mean=317020.6us max=852276.6us hal_peak=618856 within_bounded=1
{"app":"AI_LEARNER","stage":"run","model":"b2_resnet","target":"aarch64-unknown-linux-gnu","attempted":171,"completed":171,"fail_input":0,"fail_invoke":0,"fail_output":0,"mean_us":317020.59,"max_us":852276.59,"last_us":328882.85,"out0":0.34946,"out_elems":10,"out_sha256":"24bd9a607a59835cbeab390e11ec8ed7aec57930d649c55985b8e75c33f9a89e","out_head":[0.349459,0.001114,0.001795,0.065403,0.335932,0.006331],"out_tail":[0.335932,0.006331,0.201360,0.013375,0.019186,0.006046],"out_full_file":"/cf/last_out.json","out_full_file_bytes":184,"out_full_file_reason":"ok","out_record_truncates":false}
{"app":"AI_LEARNER","stage":"mem","model":"b2_resnet","target":"aarch64-unknown-linux-gnu","completed":171,"hal_peak":618856,"peak_within_bounded":true,"admitted_budget_bytes":618856,"peak_within_admitted_budget":true,"admission_mode":"unconditional","hal_bytes_per_call_amortized":358087.5,"process_rss_kb":8396,"process_rss_delta_init_kb":972,"max_active_calls":1,"active_calls_now":0,"call_counter_balanced":true}
.EVS Port1 1980-012-14:14:56.99079 66/1/AI_LEARNER 4: AI_LEARNER completed=172/172 mean=317021.6us max=852276.6us hal_peak=618856 within_bounded=1
{"app":"AI_LEARNER","stage":"run","model":"b2_resnet","target":"aarch64-unknown-linux-gnu","attempted":172,"completed":172,"fail_input":0,"fail_invoke":0,"fail_output":0,"mean_us":317021.61,"max_us":852276.59,"last_us":317195.38,"out0":0.34946,"out_elems":10,"out_sha256":"24bd9a607a59835cbeab390e11ec8ed7aec57930d649c55985b8e75c33f9a89e","out_head":[0.349459,0.001114,0.001795,0.065403,0.335932,0.006331],"out_tail":[0.335932,0.006331,0.201360,0.013375,0.019186,0.006046],"out_full_file":"/cf/last_out.json","out_full_file_bytes":184,"out_full_file_reason":"ok","out_record_truncates":false}
{"app":"AI_LEARNER","stage":"mem","model":"b2_resnet","target":"aarch64-unknown-linux-gnu","completed":172,"hal_peak":618856,"peak_within_bounded":true,"admitted_budget_bytes":618856,"peak_within_admitted_budget":true,"admission_mode":"unconditional","hal_bytes_per_call_amortized":357733.1,"process_rss_kb":8396,"process_rss_delta_init_kb":972,"max_active_calls":1,"active_calls_now":0,"call_counter_balanced":true}
.EVS Port1 1980-012-14:15:00.96372 66/1/AI_LEARNER 4: AI_LEARNER completed=173/173 mean=316860.7us max=852276.6us hal_peak=618856 within_bounded=1
{"app":"AI_LEARNER","stage":"run","model":"b2_resnet","target":"aarch64-unknown-linux-gnu","attempted":173,"completed":173,"fail_input":0,"fail_invoke":0,"fail_output":0,"mean_us":316860.73,"max_us":852276.59,"last_us":289190.08,"out0":0.34946,"out_elems":10,"out_sha256":"24bd9a607a59835cbeab390e11ec8ed7aec57930d649c55985b8e75c33f9a89e","out_head":[0.349459,0.001114,0.001795,0.065403,0.335932,0.006331],"out_tail":[0.335932,0.006331,0.201360,0.013375,0.019186,0.006046],"out_full_file":"/cf/last_out.json","out_full_file_bytes":184,"out_full_file_reason":"ok","out_record_truncates":false}
{"app":"AI_LEARNER","stage":"mem","model":"b2_resnet","target":"aarch64-unknown-linux-gnu","completed":173,"hal_peak":618856,"peak_within_bounded":true,"admitted_budget_bytes":618856,"peak_within_admitted_budget":true,"admission_mode":"unconditional","hal_bytes_per_call_amortized":357382.8,"process_rss_kb":8396,"process_rss_delta_init_kb":972,"max_active_calls":1,"active_calls_now":0,"call_counter_balanced":true}
EVS Port1 1980-012-14:15:04.97994 66/1/AI_LEARNER 4: AI_LEARNER completed=174/174 mean=316787.1us max=852276.6us hal_peak=618856 within_bounded=1
{"app":"AI_LEARNER","stage":"run","model":"b2_resnet","target":"aarch64-unknown-linux-gnu","attempted":174,"completed":174,"fail_input":0,"fail_invoke":0,"fail_output":0,"mean_us":316787.10,"max_us":852276.59,"last_us":304049.55,"out0":0.34946,"out_elems":10,"out_sha256":"24bd9a607a59835cbeab390e11ec8ed7aec57930d649c55985b8e75c33f9a89e","out_head":[0.349459,0.001114,0.001795,0.065403,0.335932,0.006331],"out_tail":[0.335932,0.006331,0.201360,0.013375,0.019186,0.006046],"out_full_file":"/cf/last_out.json","out_full_file_bytes":184,"out_full_file_reason":"ok","out_record_truncates":false}
{"app":"AI_LEARNER","stage":"mem","model":"b2_resnet","target":"aarch64-unknown-linux-gnu","completed":174,"hal_peak":618856,"peak_within_bounded":true,"admitted_budget_bytes":618856,"peak_within_admitted_budget":true,"admission_mode":"unconditional","hal_bytes_per_call_amortized":357036.5,"process_rss_kb":8396,"process_rss_delta_init_kb":972,"max_active_calls":1,"active_calls_now":0,"call_counter_balanced":true}
.EVS Port1 1980-012-14:15:07.00411 66/1/CFE_TIME 21: Stop FLYWHEEL
EVS Port1 1980-012-14:15:07.99661 66/1/CFE_TIME 20: Start FLYWHEEL
EVS Port1 1980-012-14:15:08.96751 66/1/AI_LEARNER 4: AI_LEARNER completed=175/175 mean=316743.0us max=852276.6us hal_peak=618856 within_bounded=1
{"app":"AI_LEARNER","stage":"run","model":"b2_resnet","target":"aarch64-unknown-linux-gnu","attempted":175,"completed":175,"fail_input":0,"fail_invoke":0,"fail_output":0,"mean_us":316742.97,"max_us":852276.59,"last_us":309064.19,"out0":0.34946,"out_elems":10,"out_sha256":"24bd9a607a59835cbeab390e11ec8ed7aec57930d649c55985b8e75c33f9a89e","out_head":[0.349459,0.001114,0.001795,0.065403,0.335932,0.006331],"out_tail":[0.335932,0.006331,0.201360,0.013375,0.019186,0.006046],"out_full_file":"/cf/last_out.json","out_full_file_bytes":184,"out_full_file_reason":"ok","out_record_truncates":false}
{"app":"AI_LEARNER","stage":"mem","model":"b2_resnet","target":"aarch64-unknown-linux-gnu","completed":175,"hal_peak":618856,"peak_within_bounded":true,"admitted_budget_bytes":618856,"peak_within_admitted_budget":true,"admission_mode":"unconditional","hal_bytes_per_call_amortized":356694.2,"process_rss_kb":8396,"process_rss_delta_init_kb":972,"max_active_calls":1,"active_calls_now":0,"call_counter_balanced":true}
.EVS Port1 1980-012-14:15:12.98832 66/1/AI_LEARNER 4: AI_LEARNER completed=176/176 mean=316738.8us max=852276.6us hal_peak=618856 within_bounded=1
{"app":"AI_LEARNER","stage":"run","model":"b2_resnet","target":"aarch64-unknown-linux-gnu","attempted":176,"completed":176,"fail_input":0,"fail_invoke":0,"fail_output":0,"mean_us":316738.84,"max_us":852276.59,"last_us":316016.08,"out0":0.34946,"out_elems":10,"out_sha256":"24bd9a607a59835cbeab390e11ec8ed7aec57930d649c55985b8e75c33f9a89e","out_head":[0.349459,0.001114,0.001795,0.065403,0.335932,0.006331],"out_tail":[0.335932,0.006331,0.201360,0.013375,0.019186,0.006046],"out_full_file":"/cf/last_out.json","out_full_file_bytes":184,"out_full_file_reason":"ok","out_record_truncates":false}
{"app":"AI_LEARNER","stage":"mem","model":"b2_resnet","target":"aarch64-unknown-linux-gnu","completed":176,"hal_peak":618856,"peak_within_bounded":true,"admitted_budget_bytes":618856,"peak_within_admitted_budget":true,"admission_mode":"unconditional","hal_bytes_per_call_amortized":356355.7,"process_rss_kb":8396,"process_rss_delta_init_kb":972,"max_active_calls":1,"active_calls_now":0,"call_counter_balanced":true}
EVS Port1 1980-012-14:15:17.00509 66/1/AI_LEARNER 4: AI_LEARNER completed=177/177 mean=316844.1us max=852276.6us hal_peak=618856 within_bounded=1
{"app":"AI_LEARNER","stage":"run","model":"b2_resnet","target":"aarch64-unknown-linux-gnu","attempted":177,"completed":177,"fail_input":0,"fail_invoke":0,"fail_output":0,"mean_us":316844.12,"max_us":852276.59,"last_us":335373.49,"out0":0.34946,"out_elems":10,"out_sha256":"24bd9a607a59835cbeab390e11ec8ed7aec57930d649c55985b8e75c33f9a89e","out_head":[0.349459,0.001114,0.001795,0.065403,0.335932,0.006331],"out_tail":[0.335932,0.006331,0.201360,0.013375,0.019186,0.006046],"out_full_file":"/cf/last_out.json","out_full_file_bytes":184,"out_full_file_reason":"ok","out_record_truncates":false}
{"app":"AI_LEARNER","stage":"mem","model":"b2_resnet","target":"aarch64-unknown-linux-gnu","completed":177,"hal_peak":618856,"peak_within_bounded":true,"admitted_budget_bytes":618856,"peak_within_admitted_budget":true,"admission_mode":"unconditional","hal_bytes_per_call_amortized":356021.1,"process_rss_kb":8396,"process_rss_delta_init_kb":972,"max_active_calls":1,"active_calls_now":0,"call_counter_balanced":true}
.EVS Port1 1980-012-14:15:20.98083 66/1/AI_LEARNER 4: AI_LEARNER completed=178/178 mean=316801.3us max=852276.6us hal_peak=618856 within_bounded=1
{"app":"AI_LEARNER","stage":"run","model":"b2_resnet","target":"aarch64-unknown-linux-gnu","attempted":178,"completed":178,"fail_input":0,"fail_invoke":0,"fail_output":0,"mean_us":316801.32,"max_us":852276.59,"last_us":309224.77,"out0":0.34946,"out_elems":10,"out_sha256":"24bd9a607a59835cbeab390e11ec8ed7aec57930d649c55985b8e75c33f9a89e","out_head":[0.349459,0.001114,0.001795,0.065403,0.335932,0.006331],"out_tail":[0.335932,0.006331,0.201360,0.013375,0.019186,0.006046],"out_full_file":"/cf/last_out.json","out_full_file_bytes":184,"out_full_file_reason":"ok","out_record_truncates":false}
{"app":"AI_LEARNER","stage":"mem","model":"b2_resnet","target":"aarch64-unknown-linux-gnu","completed":178,"hal_peak":618856,"peak_within_bounded":true,"admitted_budget_bytes":618856,"peak_within_admitted_budget":true,"admission_mode":"unconditional","hal_bytes_per_call_amortized":355690.2,"process_rss_kb":8396,"process_rss_delta_init_kb":972,"max_active_calls":1,"active_calls_now":0,"call_counter_balanced":true}
.EVS Port1 1980-012-14:15:25.01103 66/1/AI_LEARNER 4: AI_LEARNER completed=179/179 mean=316908.6us max=852276.6us hal_peak=618856 within_bounded=1
{"app":"AI_LEARNER","stage":"run","model":"b2_resnet","target":"aarch64-unknown-linux-gnu","attempted":179,"completed":179,"fail_input":0,"fail_invoke":0,"fail_output":0,"mean_us":316908.63,"max_us":852276.59,"last_us":336010.58,"out0":0.34946,"out_elems":10,"out_sha256":"24bd9a607a59835cbeab390e11ec8ed7aec57930d649c55985b8e75c33f9a89e","out_head":[0.349459,0.001114,0.001795,0.065403,0.335932,0.006331],"out_tail":[0.335932,0.006331,0.201360,0.013375,0.019186,0.006046],"out_full_file":"/cf/last_out.json","out_full_file_bytes":184,"out_full_file_reason":"ok","out_record_truncates":false}
{"app":"AI_LEARNER","stage":"mem","model":"b2_resnet","target":"aarch64-unknown-linux-gnu","completed":179,"hal_peak":618856,"peak_within_bounded":true,"admitted_budget_bytes":618856,"peak_within_admitted_budget":true,"admission_mode":"unconditional","hal_bytes_per_call_amortized":355363.1,"process_rss_kb":8396,"process_rss_delta_init_kb":972,"max_active_calls":1,"active_calls_now":0,"call_counter_balanced":true}
EVS Port1 1980-012-14:15:29.00617 66/1/AI_LEARNER 4: AI_LEARNER completed=180/180 mean=316885.1us max=852276.6us hal_peak=618856 within_bounded=1
{"app":"AI_LEARNER","stage":"run","model":"b2_resnet","target":"aarch64-unknown-linux-gnu","attempted":180,"completed":180,"fail_input":0,"fail_invoke":0,"fail_output":0,"mean_us":316885.07,"max_us":852276.59,"last_us":312668.05,"out0":0.34946,"out_elems":10,"out_sha256":"24bd9a607a59835cbeab390e11ec8ed7aec57930d649c55985b8e75c33f9a89e","out_head":[0.349459,0.001114,0.001795,0.065403,0.335932,0.006331],"out_tail":[0.335932,0.006331,0.201360,0.013375,0.019186,0.006046],"out_full_file":"/cf/last_out.json","out_full_file_bytes":184,"out_full_file_reason":"ok","out_record_truncates":false}
{"app":"AI_LEARNER","stage":"mem","model":"b2_resnet","target":"aarch64-unknown-linux-gnu","completed":180,"hal_peak":618856,"peak_within_bounded":true,"admitted_budget_bytes":618856,"peak_within_admitted_budget":true,"admission_mode":"unconditional","hal_bytes_per_call_amortized":355039.6,"process_rss_kb":8396,"process_rss_delta_init_kb":972,"max_active_calls":1,"active_calls_now":0,"call_counter_balanced":true}
.EVS Port1 1980-012-14:15:33.00791 66/1/AI_LEARNER 4: AI_LEARNER completed=181/181 mean=317008.6us max=852276.6us hal_peak=618856 within_bounded=1
{"app":"AI_LEARNER","stage":"run","model":"b2_resnet","target":"aarch64-unknown-linux-gnu","attempted":181,"completed":181,"fail_input":0,"fail_invoke":0,"fail_output":0,"mean_us":317008.60,"max_us":852276.59,"last_us":339243.50,"out0":0.34946,"out_elems":10,"out_sha256":"24bd9a607a59835cbeab390e11ec8ed7aec57930d649c55985b8e75c33f9a89e","out_head":[0.349459,0.001114,0.001795,0.065403,0.335932,0.006331],"out_tail":[0.335932,0.006331,0.201360,0.013375,0.019186,0.006046],"out_full_file":"/cf/last_out.json","out_full_file_bytes":184,"out_full_file_reason":"ok","out_record_truncates":false}
{"app":"AI_LEARNER","stage":"mem","model":"b2_resnet","target":"aarch64-unknown-linux-gnu","completed":181,"hal_peak":618856,"peak_within_bounded":true,"admitted_budget_bytes":618856,"peak_within_admitted_budget":true,"admission_mode":"unconditional","hal_bytes_per_call_amortized":354719.6,"process_rss_kb":8396,"process_rss_delta_init_kb":972,"max_active_calls":1,"active_calls_now":0,"call_counter_balanced":true}
.EVS Port1 1980-012-14:15:36.98080 66/1/AI_LEARNER 4: AI_LEARNER completed=182/182 mean=316987.7us max=852276.6us hal_peak=618856 within_bounded=1
{"app":"AI_LEARNER","stage":"run","model":"b2_resnet","target":"aarch64-unknown-linux-gnu","attempted":182,"completed":182,"fail_input":0,"fail_invoke":0,"fail_output":0,"mean_us":316987.71,"max_us":852276.59,"last_us":313206.67,"out0":0.34946,"out_elems":10,"out_sha256":"24bd9a607a59835cbeab390e11ec8ed7aec57930d649c55985b8e75c33f9a89e","out_head":[0.349459,0.001114,0.001795,0.065403,0.335932,0.006331],"out_tail":[0.335932,0.006331,0.201360,0.013375,0.019186,0.006046],"out_full_file":"/cf/last_out.json","out_full_file_bytes":184,"out_full_file_reason":"ok","out_record_truncates":false}
{"app":"AI_LEARNER","stage":"mem","model":"b2_resnet","target":"aarch64-unknown-linux-gnu","completed":182,"hal_peak":618856,"peak_within_bounded":true,"admitted_budget_bytes":618856,"peak_within_admitted_budget":true,"admission_mode":"unconditional","hal_bytes_per_call_amortized":354403.2,"process_rss_kb":8396,"process_rss_delta_init_kb":972,"max_active_calls":1,"active_calls_now":0,"call_counter_balanced":true}
EVS Port1 1980-012-14:15:40.95811 66/1/AI_LEARNER 4: AI_LEARNER completed=183/183 mean=316815.0us max=852276.6us hal_peak=618856 within_bounded=1
{"app":"AI_LEARNER","stage":"run","model":"b2_resnet","target":"aarch64-unknown-linux-gnu","attempted":183,"completed":183,"fail_input":0,"fail_invoke":0,"fail_output":0,"mean_us":316815.04,"max_us":852276.59,"last_us":285388.70,"out0":0.34946,"out_elems":10,"out_sha256":"24bd9a607a59835cbeab390e11ec8ed7aec57930d649c55985b8e75c33f9a89e","out_head":[0.349459,0.001114,0.001795,0.065403,0.335932,0.006331],"out_tail":[0.335932,0.006331,0.201360,0.013375,0.019186,0.006046],"out_full_file":"/cf/last_out.json","out_full_file_bytes":184,"out_full_file_reason":"ok","out_record_truncates":false}
{"app":"AI_LEARNER","stage":"mem","model":"b2_resnet","target":"aarch64-unknown-linux-gnu","completed":183,"hal_peak":618856,"peak_within_bounded":true,"admitted_budget_bytes":618856,"peak_within_admitted_budget":true,"admission_mode":"unconditional","hal_bytes_per_call_amortized":354090.2,"process_rss_kb":8396,"process_rss_delta_init_kb":972,"max_active_calls":1,"active_calls_now":0,"call_counter_balanced":true}
.EVS Port1 1980-012-14:15:45.02479 66/1/AI_LEARNER 4: AI_LEARNER completed=184/184 mean=317006.5us max=852276.6us hal_peak=618856 within_bounded=1
{"app":"AI_LEARNER","stage":"run","model":"b2_resnet","target":"aarch64-unknown-linux-gnu","attempted":184,"completed":184,"fail_input":0,"fail_invoke":0,"fail_output":0,"mean_us":317006.46,"max_us":852276.59,"last_us":352036.66,"out0":0.34946,"out_elems":10,"out_sha256":"24bd9a607a59835cbeab390e11ec8ed7aec57930d649c55985b8e75c33f9a89e","out_head":[0.349459,0.001114,0.001795,0.065403,0.335932,0.006331],"out_tail":[0.335932,0.006331,0.201360,0.013375,0.019186,0.006046],"out_full_file":"/cf/last_out.json","out_full_file_bytes":184,"out_full_file_reason":"ok","out_record_truncates":false}
{"app":"AI_LEARNER","stage":"mem","model":"b2_resnet","target":"aarch64-unknown-linux-gnu","completed":184,"hal_peak":618856,"peak_within_bounded":true,"admitted_budget_bytes":618856,"peak_within_admitted_budget":true,"admission_mode":"unconditional","hal_bytes_per_call_amortized":353780.6,"process_rss_kb":8396,"process_rss_delta_init_kb":972,"max_active_calls":1,"active_calls_now":0,"call_counter_balanced":true}
.EVS Port1 1980-012-14:15:48.96755 66/1/AI_LEARNER 4: AI_LEARNER completed=185/185 mean=316865.3us max=852276.6us hal_peak=618856 within_bounded=1
{"app":"AI_LEARNER","stage":"run","model":"b2_resnet","target":"aarch64-unknown-linux-gnu","attempted":185,"completed":185,"fail_input":0,"fail_invoke":0,"fail_output":0,"mean_us":316865.31,"max_us":852276.59,"last_us":290893.92,"out0":0.34946,"out_elems":10,"out_sha256":"24bd9a607a59835cbeab390e11ec8ed7aec57930d649c55985b8e75c33f9a89e","out_head":[0.349459,0.001114,0.001795,0.065403,0.335932,0.006331],"out_tail":[0.335932,0.006331,0.201360,0.013375,0.019186,0.006046],"out_full_file":"/cf/last_out.json","out_full_file_bytes":184,"out_full_file_reason":"ok","out_record_truncates":false}
{"app":"AI_LEARNER","stage":"mem","model":"b2_resnet","target":"aarch64-unknown-linux-gnu","completed":185,"hal_peak":618856,"peak_within_bounded":true,"admitted_budget_bytes":618856,"peak_within_admitted_budget":true,"admission_mode":"unconditional","hal_bytes_per_call_amortized":353474.4,"process_rss_kb":8396,"process_rss_delta_init_kb":972,"max_active_calls":1,"active_calls_now":0,"call_counter_balanced":true}
EVS Port1 1980-012-14:15:53.00765 66/1/AI_LEARNER 4: AI_LEARNER completed=186/186 mean=316968.4us max=852276.6us hal_peak=618856 within_bounded=1
{"app":"AI_LEARNER","stage":"run","model":"b2_resnet","target":"aarch64-unknown-linux-gnu","attempted":186,"completed":186,"fail_input":0,"fail_invoke":0,"fail_output":0,"mean_us":316968.41,"max_us":852276.59,"last_us":336042.46,"out0":0.34946,"out_elems":10,"out_sha256":"24bd9a607a59835cbeab390e11ec8ed7aec57930d649c55985b8e75c33f9a89e","out_head":[0.349459,0.001114,0.001795,0.065403,0.335932,0.006331],"out_tail":[0.335932,0.006331,0.201360,0.013375,0.019186,0.006046],"out_full_file":"/cf/last_out.json","out_full_file_bytes":184,"out_full_file_reason":"ok","out_record_truncates":false}
{"app":"AI_LEARNER","stage":"mem","model":"b2_resnet","target":"aarch64-unknown-linux-gnu","completed":186,"hal_peak":618856,"peak_within_bounded":true,"admitted_budget_bytes":618856,"peak_within_admitted_budget":true,"admission_mode":"unconditional","hal_bytes_per_call_amortized":353171.4,"process_rss_kb":8396,"process_rss_delta_init_kb":972,"max_active_calls":1,"active_calls_now":0,"call_counter_balanced":true}
.EVS Port1 1980-012-14:15:57.01980 66/1/AI_LEARNER 4: AI_LEARNER completed=187/187 mean=317170.0us max=852276.6us hal_peak=618856 within_bounded=1
{"app":"AI_LEARNER","stage":"run","model":"b2_resnet","target":"aarch64-unknown-linux-gnu","attempted":187,"completed":187,"fail_input":0,"fail_invoke":0,"fail_output":0,"mean_us":317170.02,"max_us":852276.59,"last_us":354669.25,"out0":0.34946,"out_elems":10,"out_sha256":"24bd9a607a59835cbeab390e11ec8ed7aec57930d649c55985b8e75c33f9a89e","out_head":[0.349459,0.001114,0.001795,0.065403,0.335932,0.006331],"out_tail":[0.335932,0.006331,0.201360,0.013375,0.019186,0.006046],"out_full_file":"/cf/last_out.json","out_full_file_bytes":184,"out_full_file_reason":"ok","out_record_truncates":false}
{"app":"AI_LEARNER","stage":"mem","model":"b2_resnet","target":"aarch64-unknown-linux-gnu","completed":187,"hal_peak":618856,"peak_within_bounded":true,"admitted_budget_bytes":618856,"peak_within_admitted_budget":true,"admission_mode":"unconditional","hal_bytes_per_call_amortized":352871.7,"process_rss_kb":8396,"process_rss_delta_init_kb":972,"max_active_calls":1,"active_calls_now":0,"call_counter_balanced":true}
.EVS Port1 1980-012-14:16:00.96403 66/1/AI_LEARNER 4: AI_LEARNER completed=188/188 mean=317021.1us max=852276.6us hal_peak=618856 within_bounded=1
{"app":"AI_LEARNER","stage":"run","model":"b2_resnet","target":"aarch64-unknown-linux-gnu","attempted":188,"completed":188,"fail_input":0,"fail_invoke":0,"fail_output":0,"mean_us":317021.09,"max_us":852276.59,"last_us":289170.50,"out0":0.34946,"out_elems":10,"out_sha256":"24bd9a607a59835cbeab390e11ec8ed7aec57930d649c55985b8e75c33f9a89e","out_head":[0.349459,0.001114,0.001795,0.065403,0.335932,0.006331],"out_tail":[0.335932,0.006331,0.201360,0.013375,0.019186,0.006046],"out_full_file":"/cf/last_out.json","out_full_file_bytes":184,"out_full_file_reason":"ok","out_record_truncates":false}
{"app":"AI_LEARNER","stage":"mem","model":"b2_resnet","target":"aarch64-unknown-linux-gnu","completed":188,"hal_peak":618856,"peak_within_bounded":true,"admitted_budget_bytes":618856,"peak_within_admitted_budget":true,"admission_mode":"unconditional","hal_bytes_per_call_amortized":352575.2,"process_rss_kb":8396,"process_rss_delta_init_kb":972,"max_active_calls":1,"active_calls_now":0,"call_counter_balanced":true}
EVS Port1 1980-012-14:16:05.01792 66/1/AI_LEARNER 4: AI_LEARNER completed=189/189 mean=317180.4us max=852276.6us hal_peak=618856 within_bounded=1
{"app":"AI_LEARNER","stage":"run","model":"b2_resnet","target":"aarch64-unknown-linux-gnu","attempted":189,"completed":189,"fail_input":0,"fail_invoke":0,"fail_output":0,"mean_us":317180.41,"max_us":852276.59,"last_us":347133.34,"out0":0.34946,"out_elems":10,"out_sha256":"24bd9a607a59835cbeab390e11ec8ed7aec57930d649c55985b8e75c33f9a89e","out_head":[0.349459,0.001114,0.001795,0.065403,0.335932,0.006331],"out_tail":[0.335932,0.006331,0.201360,0.013375,0.019186,0.006046],"out_full_file":"/cf/last_out.json","out_full_file_bytes":184,"out_full_file_reason":"ok","out_record_truncates":false}
{"app":"AI_LEARNER","stage":"mem","model":"b2_resnet","target":"aarch64-unknown-linux-gnu","completed":189,"hal_peak":618856,"peak_within_bounded":true,"admitted_budget_bytes":618856,"peak_within_admitted_budget":true,"admission_mode":"unconditional","hal_bytes_per_call_amortized":352281.9,"process_rss_kb":8396,"process_rss_delta_init_kb":972,"max_active_calls":1,"active_calls_now":0,"call_counter_balanced":true}
.EVS Port1 1980-012-14:16:08.96699 66/1/AI_LEARNER 4: AI_LEARNER completed=190/190 mean=317089.2us max=852276.6us hal_peak=618856 within_bounded=1
{"app":"AI_LEARNER","stage":"run","model":"b2_resnet","target":"aarch64-unknown-linux-gnu","attempted":190,"completed":190,"fail_input":0,"fail_invoke":0,"fail_output":0,"mean_us":317089.19,"max_us":852276.59,"last_us":299849.06,"out0":0.34946,"out_elems":10,"out_sha256":"24bd9a607a59835cbeab390e11ec8ed7aec57930d649c55985b8e75c33f9a89e","out_head":[0.349459,0.001114,0.001795,0.065403,0.335932,0.006331],"out_tail":[0.335932,0.006331,0.201360,0.013375,0.019186,0.006046],"out_full_file":"/cf/last_out.json","out_full_file_bytes":184,"out_full_file_reason":"ok","out_record_truncates":false}
{"app":"AI_LEARNER","stage":"mem","model":"b2_resnet","target":"aarch64-unknown-linux-gnu","completed":190,"hal_peak":618856,"peak_within_bounded":true,"admitted_budget_bytes":618856,"peak_within_admitted_budget":true,"admission_mode":"unconditional","hal_bytes_per_call_amortized":351991.6,"process_rss_kb":8396,"process_rss_delta_init_kb":972,"max_active_calls":1,"active_calls_now":0,"call_counter_balanced":true}
.EVS Port1 1980-012-14:16:12.99203 66/1/AI_LEARNER 4: AI_LEARNER completed=191/191 mean=317095.4us max=852276.6us hal_peak=618856 within_bounded=1
{"app":"AI_LEARNER","stage":"run","model":"b2_resnet","target":"aarch64-unknown-linux-gnu","attempted":191,"completed":191,"fail_input":0,"fail_invoke":0,"fail_output":0,"mean_us":317095.43,"max_us":852276.59,"last_us":318279.57,"out0":0.34946,"out_elems":10,"out_sha256":"24bd9a607a59835cbeab390e11ec8ed7aec57930d649c55985b8e75c33f9a89e","out_head":[0.349459,0.001114,0.001795,0.065403,0.335932,0.006331],"out_tail":[0.335932,0.006331,0.201360,0.013375,0.019186,0.006046],"out_full_file":"/cf/last_out.json","out_full_file_bytes":184,"out_full_file_reason":"ok","out_record_truncates":false}
{"app":"AI_LEARNER","stage":"mem","model":"b2_resnet","target":"aarch64-unknown-linux-gnu","completed":191,"hal_peak":618856,"peak_within_bounded":true,"admitted_budget_bytes":618856,"peak_within_admitted_budget":true,"admission_mode":"unconditional","hal_bytes_per_call_amortized":351704.3,"process_rss_kb":8396,"process_rss_delta_init_kb":972,"max_active_calls":1,"active_calls_now":0,"call_counter_balanced":true}
EVS Port1 1980-012-14:16:16.97943 66/1/AI_LEARNER 4: AI_LEARNER completed=192/192 mean=317009.0us max=852276.6us hal_peak=618856 within_bounded=1
{"app":"AI_LEARNER","stage":"run","model":"b2_resnet","target":"aarch64-unknown-linux-gnu","attempted":192,"completed":192,"fail_input":0,"fail_invoke":0,"fail_output":0,"mean_us":317009.05,"max_us":852276.59,"last_us":300510.90,"out0":0.34946,"out_elems":10,"out_sha256":"24bd9a607a59835cbeab390e11ec8ed7aec57930d649c55985b8e75c33f9a89e","out_head":[0.349459,0.001114,0.001795,0.065403,0.335932,0.006331],"out_tail":[0.335932,0.006331,0.201360,0.013375,0.019186,0.006046],"out_full_file":"/cf/last_out.json","out_full_file_bytes":184,"out_full_file_reason":"ok","out_record_truncates":false}
{"app":"AI_LEARNER","stage":"mem","model":"b2_resnet","target":"aarch64-unknown-linux-gnu","completed":192,"hal_peak":618856,"peak_within_bounded":true,"admitted_budget_bytes":618856,"peak_within_admitted_budget":true,"admission_mode":"unconditional","hal_bytes_per_call_amortized":351420.1,"process_rss_kb":8396,"process_rss_delta_init_kb":972,"max_active_calls":1,"active_calls_now":0,"call_counter_balanced":true}
.EVS Port1 1980-012-14:16:20.96418 66/1/AI_LEARNER 4: AI_LEARNER completed=193/193 mean=316867.9us max=852276.6us hal_peak=618856 within_bounded=1
{"app":"AI_LEARNER","stage":"run","model":"b2_resnet","target":"aarch64-unknown-linux-gnu","attempted":193,"completed":193,"fail_input":0,"fail_invoke":0,"fail_output":0,"mean_us":316867.92,"max_us":852276.59,"last_us":289771.41,"out0":0.34946,"out_elems":10,"out_sha256":"24bd9a607a59835cbeab390e11ec8ed7aec57930d649c55985b8e75c33f9a89e","out_head":[0.349459,0.001114,0.001795,0.065403,0.335932,0.006331],"out_tail":[0.335932,0.006331,0.201360,0.013375,0.019186,0.006046],"out_full_file":"/cf/last_out.json","out_full_file_bytes":184,"out_full_file_reason":"ok","out_record_truncates":false}
{"app":"AI_LEARNER","stage":"mem","model":"b2_resnet","target":"aarch64-unknown-linux-gnu","completed":193,"hal_peak":618856,"peak_within_bounded":true,"admitted_budget_bytes":618856,"peak_within_admitted_budget":true,"admission_mode":"unconditional","hal_bytes_per_call_amortized":351138.8,"process_rss_kb":8396,"process_rss_delta_init_kb":972,"max_active_calls":1,"active_calls_now":0,"call_counter_balanced":true}
.EVS Port1 1980-012-14:16:24.96350 66/1/AI_LEARNER 4: AI_LEARNER completed=194/194 mean=316719.9us max=852276.6us hal_peak=618856 within_bounded=1
{"app":"AI_LEARNER","stage":"run","model":"b2_resnet","target":"aarch64-unknown-linux-gnu","attempted":194,"completed":194,"fail_input":0,"fail_invoke":0,"fail_output":0,"mean_us":316719.88,"max_us":852276.59,"last_us":288148.21,"out0":0.34946,"out_elems":10,"out_sha256":"24bd9a607a59835cbeab390e11ec8ed7aec57930d649c55985b8e75c33f9a89e","out_head":[0.349459,0.001114,0.001795,0.065403,0.335932,0.006331],"out_tail":[0.335932,0.006331,0.201360,0.013375,0.019186,0.006046],"out_full_file":"/cf/last_out.json","out_full_file_bytes":184,"out_full_file_reason":"ok","out_record_truncates":false}
{"app":"AI_LEARNER","stage":"mem","model":"b2_resnet","target":"aarch64-unknown-linux-gnu","completed":194,"hal_peak":618856,"peak_within_bounded":true,"admitted_budget_bytes":618856,"peak_within_admitted_budget":true,"admission_mode":"unconditional","hal_bytes_per_call_amortized":350860.4,"process_rss_kb":8396,"process_rss_delta_init_kb":972,"max_active_calls":1,"active_calls_now":0,"call_counter_balanced":true}
EVS Port1 1980-012-14:16:28.95820 66/1/AI_LEARNER 4: AI_LEARNER completed=195/195 mean=316530.7us max=852276.6us hal_peak=618856 within_bounded=1
{"app":"AI_LEARNER","stage":"run","model":"b2_resnet","target":"aarch64-unknown-linux-gnu","attempted":195,"completed":195,"fail_input":0,"fail_invoke":0,"fail_output":0,"mean_us":316530.73,"max_us":852276.59,"last_us":279835.01,"out0":0.34946,"out_elems":10,"out_sha256":"24bd9a607a59835cbeab390e11ec8ed7aec57930d649c55985b8e75c33f9a89e","out_head":[0.349459,0.001114,0.001795,0.065403,0.335932,0.006331],"out_tail":[0.335932,0.006331,0.201360,0.013375,0.019186,0.006046],"out_full_file":"/cf/last_out.json","out_full_file_bytes":184,"out_full_file_reason":"ok","out_record_truncates":false}
{"app":"AI_LEARNER","stage":"mem","model":"b2_resnet","target":"aarch64-unknown-linux-gnu","completed":195,"hal_peak":618856,"peak_within_bounded":true,"admitted_budget_bytes":618856,"peak_within_admitted_budget":true,"admission_mode":"unconditional","hal_bytes_per_call_amortized":350584.8,"process_rss_kb":8396,"process_rss_delta_init_kb":972,"max_active_calls":1,"active_calls_now":0,"call_counter_balanced":true}
.EVS Port1 1980-012-14:16:32.98036 66/1/AI_LEARNER 4: AI_LEARNER completed=196/196 mean=316493.2us max=852276.6us hal_peak=618856 within_bounded=1
{"app":"AI_LEARNER","stage":"run","model":"b2_resnet","target":"aarch64-unknown-linux-gnu","attempted":196,"completed":196,"fail_input":0,"fail_invoke":0,"fail_output":0,"mean_us":316493.19,"max_us":852276.59,"last_us":309172.38,"out0":0.34946,"out_elems":10,"out_sha256":"24bd9a607a59835cbeab390e11ec8ed7aec57930d649c55985b8e75c33f9a89e","out_head":[0.349459,0.001114,0.001795,0.065403,0.335932,0.006331],"out_tail":[0.335932,0.006331,0.201360,0.013375,0.019186,0.006046],"out_full_file":"/cf/last_out.json","out_full_file_bytes":184,"out_full_file_reason":"ok","out_record_truncates":false}
{"app":"AI_LEARNER","stage":"mem","model":"b2_resnet","target":"aarch64-unknown-linux-gnu","completed":196,"hal_peak":618856,"peak_within_bounded":true,"admitted_budget_bytes":618856,"peak_within_admitted_budget":true,"admission_mode":"unconditional","hal_bytes_per_call_amortized":350312.1,"process_rss_kb":8396,"process_rss_delta_init_kb":972,"max_active_calls":1,"active_calls_now":0,"call_counter_balanced":true}
.EVS Port1 1980-012-14:16:36.95698 66/1/AI_LEARNER 4: AI_LEARNER completed=197/197 mean=316316.2us max=852276.6us hal_peak=618856 within_bounded=1
{"app":"AI_LEARNER","stage":"run","model":"b2_resnet","target":"aarch64-unknown-linux-gnu","attempted":197,"completed":197,"fail_input":0,"fail_invoke":0,"fail_output":0,"mean_us":316316.20,"max_us":852276.59,"last_us":281626.05,"out0":0.34946,"out_elems":10,"out_sha256":"24bd9a607a59835cbeab390e11ec8ed7aec57930d649c55985b8e75c33f9a89e","out_head":[0.349459,0.001114,0.001795,0.065403,0.335932,0.006331],"out_tail":[0.335932,0.006331,0.201360,0.013375,0.019186,0.006046],"out_full_file":"/cf/last_out.json","out_full_file_bytes":184,"out_full_file_reason":"ok","out_record_truncates":false}
{"app":"AI_LEARNER","stage":"mem","model":"b2_resnet","target":"aarch64-unknown-linux-gnu","completed":197,"hal_peak":618856,"peak_within_bounded":true,"admitted_budget_bytes":618856,"peak_within_admitted_budget":true,"admission_mode":"unconditional","hal_bytes_per_call_amortized":350042.1,"process_rss_kb":8396,"process_rss_delta_init_kb":972,"max_active_calls":1,"active_calls_now":0,"call_counter_balanced":true}
EVS Port1 1980-012-14:16:40.99092 66/1/AI_LEARNER 4: AI_LEARNER completed=198/198 mean=316303.4us max=852276.6us hal_peak=618856 within_bounded=1
{"app":"AI_LEARNER","stage":"run","model":"b2_resnet","target":"aarch64-unknown-linux-gnu","attempted":198,"completed":198,"fail_input":0,"fail_invoke":0,"fail_output":0,"mean_us":316303.43,"max_us":852276.59,"last_us":313788.98,"out0":0.34946,"out_elems":10,"out_sha256":"24bd9a607a59835cbeab390e11ec8ed7aec57930d649c55985b8e75c33f9a89e","out_head":[0.349459,0.001114,0.001795,0.065403,0.335932,0.006331],"out_tail":[0.335932,0.006331,0.201360,0.013375,0.019186,0.006046],"out_full_file":"/cf/last_out.json","out_full_file_bytes":184,"out_full_file_reason":"ok","out_record_truncates":false}
{"app":"AI_LEARNER","stage":"mem","model":"b2_resnet","target":"aarch64-unknown-linux-gnu","completed":198,"hal_peak":618856,"peak_within_bounded":true,"admitted_budget_bytes":618856,"peak_within_admitted_budget":true,"admission_mode":"unconditional","hal_bytes_per_call_amortized":349774.9,"process_rss_kb":8396,"process_rss_delta_init_kb":972,"max_active_calls":1,"active_calls_now":0,"call_counter_balanced":true}
.EVS Port1 1980-012-14:16:45.00845 66/1/AI_LEARNER 4: AI_LEARNER completed=199/199 mean=316402.9us max=852276.6us hal_peak=618856 within_bounded=1
{"app":"AI_LEARNER","stage":"run","model":"b2_resnet","target":"aarch64-unknown-linux-gnu","attempted":199,"completed":199,"fail_input":0,"fail_invoke":0,"fail_output":0,"mean_us":316402.85,"max_us":852276.59,"last_us":336087.90,"out0":0.34946,"out_elems":10,"out_sha256":"24bd9a607a59835cbeab390e11ec8ed7aec57930d649c55985b8e75c33f9a89e","out_head":[0.349459,0.001114,0.001795,0.065403,0.335932,0.006331],"out_tail":[0.335932,0.006331,0.201360,0.013375,0.019186,0.006046],"out_full_file":"/cf/last_out.json","out_full_file_bytes":184,"out_full_file_reason":"ok","out_record_truncates":false}
{"app":"AI_LEARNER","stage":"mem","model":"b2_resnet","target":"aarch64-unknown-linux-gnu","completed":199,"hal_peak":618856,"peak_within_bounded":true,"admitted_budget_bytes":618856,"peak_within_admitted_budget":true,"admission_mode":"unconditional","hal_bytes_per_call_amortized":349510.3,"process_rss_kb":8396,"process_rss_delta_init_kb":972,"max_active_calls":1,"active_calls_now":0,"call_counter_balanced":true}
.EVS Port1 1980-012-14:16:49.01318 66/1/AI_LEARNER 4: AI_LEARNER completed=200/200 mean=316508.5us max=852276.6us hal_peak=618856 within_bounded=1
{"app":"AI_LEARNER","stage":"run","model":"b2_resnet","target":"aarch64-unknown-linux-gnu","attempted":200,"completed":200,"fail_input":0,"fail_invoke":0,"fail_output":0,"mean_us":316508.54,"max_us":852276.59,"last_us":337539.78,"out0":0.34946,"out_elems":10,"out_sha256":"24bd9a607a59835cbeab390e11ec8ed7aec57930d649c55985b8e75c33f9a89e","out_head":[0.349459,0.001114,0.001795,0.065403,0.335932,0.006331],"out_tail":[0.335932,0.006331,0.201360,0.013375,0.019186,0.006046],"out_full_file":"/cf/last_out.json","out_full_file_bytes":184,"out_full_file_reason":"ok","out_record_truncates":false}
{"app":"AI_LEARNER","stage":"mem","model":"b2_resnet","target":"aarch64-unknown-linux-gnu","completed":200,"hal_peak":618856,"peak_within_bounded":true,"admitted_budget_bytes":618856,"peak_within_admitted_budget":true,"admission_mode":"unconditional","hal_bytes_per_call_amortized":349248.4,"process_rss_kb":8396,"process_rss_delta_init_kb":972,"max_active_calls":1,"active_calls_now":0,"call_counter_balanced":true}
EVS Port1 1980-012-14:16:52.99194 66/1/AI_LEARNER 4: AI_LEARNER completed=201/201 mean=316520.2us max=852276.6us hal_peak=618856 within_bounded=1
{"app":"AI_LEARNER","stage":"run","model":"b2_resnet","target":"aarch64-unknown-linux-gnu","attempted":201,"completed":201,"fail_input":0,"fail_invoke":0,"fail_output":0,"mean_us":316520.19,"max_us":852276.59,"last_us":318850.75,"out0":0.34946,"out_elems":10,"out_sha256":"24bd9a607a59835cbeab390e11ec8ed7aec57930d649c55985b8e75c33f9a89e","out_head":[0.349459,0.001114,0.001795,0.065403,0.335932,0.006331],"out_tail":[0.335932,0.006331,0.201360,0.013375,0.019186,0.006046],"out_full_file":"/cf/last_out.json","out_full_file_bytes":184,"out_full_file_reason":"ok","out_record_truncates":false}
{"app":"AI_LEARNER","stage":"mem","model":"b2_resnet","target":"aarch64-unknown-linux-gnu","completed":201,"hal_peak":618856,"peak_within_bounded":true,"admitted_budget_bytes":618856,"peak_within_admitted_budget":true,"admission_mode":"unconditional","hal_bytes_per_call_amortized":348989.1,"process_rss_kb":8396,"process_rss_delta_init_kb":972,"max_active_calls":1,"active_calls_now":0,"call_counter_balanced":true}
.EVS Port1 1980-012-14:16:55.00296 66/1/CFE_TIME 21: Stop FLYWHEEL
EVS Port1 1980-012-14:16:55.99777 66/1/CFE_TIME 20: Start FLYWHEEL
EVS Port1 1980-012-14:16:57.04823 66/1/AI_LEARNER 4: AI_LEARNER completed=202/202 mean=316808.4us max=852276.6us hal_peak=618856 within_bounded=1
{"app":"AI_LEARNER","stage":"run","model":"b2_resnet","target":"aarch64-unknown-linux-gnu","attempted":202,"completed":202,"fail_input":0,"fail_invoke":0,"fail_output":0,"mean_us":316808.38,"max_us":852276.59,"last_us":374735.25,"out0":0.34946,"out_elems":10,"out_sha256":"24bd9a607a59835cbeab390e11ec8ed7aec57930d649c55985b8e75c33f9a89e","out_head":[0.349459,0.001114,0.001795,0.065403,0.335932,0.006331],"out_tail":[0.335932,0.006331,0.201360,0.013375,0.019186,0.006046],"out_full_file":"/cf/last_out.json","out_full_file_bytes":184,"out_full_file_reason":"ok","out_record_truncates":false}
{"app":"AI_LEARNER","stage":"mem","model":"b2_resnet","target":"aarch64-unknown-linux-gnu","completed":202,"hal_peak":618856,"peak_within_bounded":true,"admitted_budget_bytes":618856,"peak_within_admitted_budget":true,"admission_mode":"unconditional","hal_bytes_per_call_amortized":348732.4,"process_rss_kb":8396,"process_rss_delta_init_kb":972,"max_active_calls":1,"active_calls_now":0,"call_counter_balanced":true}
.EVS Port1 1980-012-14:17:00.98437 66/1/AI_LEARNER 4: AI_LEARNER completed=203/203 mean=316785.8us max=852276.6us hal_peak=618856 within_bounded=1
{"app":"AI_LEARNER","stage":"run","model":"b2_resnet","target":"aarch64-unknown-linux-gnu","attempted":203,"completed":203,"fail_input":0,"fail_invoke":0,"fail_output":0,"mean_us":316785.84,"max_us":852276.59,"last_us":312232.99,"out0":0.34946,"out_elems":10,"out_sha256":"24bd9a607a59835cbeab390e11ec8ed7aec57930d649c55985b8e75c33f9a89e","out_head":[0.349459,0.001114,0.001795,0.065403,0.335932,0.006331],"out_tail":[0.335932,0.006331,0.201360,0.013375,0.019186,0.006046],"out_full_file":"/cf/last_out.json","out_full_file_bytes":184,"out_full_file_reason":"ok","out_record_truncates":false}
{"app":"AI_LEARNER","stage":"mem","model":"b2_resnet","target":"aarch64-unknown-linux-gnu","completed":203,"hal_peak":618856,"peak_within_bounded":true,"admitted_budget_bytes":618856,"peak_within_admitted_budget":true,"admission_mode":"unconditional","hal_bytes_per_call_amortized":348478.1,"process_rss_kb":8396,"process_rss_delta_init_kb":972,"max_active_calls":1,"active_calls_now":0,"call_counter_balanced":true}
EVS Port1 1980-012-14:17:05.03141 66/1/AI_LEARNER 4: AI_LEARNER completed=204/204 mean=316958.5us max=852276.6us hal_peak=618856 within_bounded=1
{"app":"AI_LEARNER","stage":"run","model":"b2_resnet","target":"aarch64-unknown-linux-gnu","attempted":204,"completed":204,"fail_input":0,"fail_invoke":0,"fail_output":0,"mean_us":316958.53,"max_us":852276.59,"last_us":352014.40,"out0":0.34946,"out_elems":10,"out_sha256":"24bd9a607a59835cbeab390e11ec8ed7aec57930d649c55985b8e75c33f9a89e","out_head":[0.349459,0.001114,0.001795,0.065403,0.335932,0.006331],"out_tail":[0.335932,0.006331,0.201360,0.013375,0.019186,0.006046],"out_full_file":"/cf/last_out.json","out_full_file_bytes":184,"out_full_file_reason":"ok","out_record_truncates":false}
{"app":"AI_LEARNER","stage":"mem","model":"b2_resnet","target":"aarch64-unknown-linux-gnu","completed":204,"hal_peak":618856,"peak_within_bounded":true,"admitted_budget_bytes":618856,"peak_within_admitted_budget":true,"admission_mode":"unconditional","hal_bytes_per_call_amortized":348226.4,"process_rss_kb":8396,"process_rss_delta_init_kb":972,"max_active_calls":1,"active_calls_now":0,"call_counter_balanced":true}
.EVS Port1 1980-012-14:17:09.02267 66/1/AI_LEARNER 4: AI_LEARNER completed=205/205 mean=317104.4us max=852276.6us hal_peak=618856 within_bounded=1
{"app":"AI_LEARNER","stage":"run","model":"b2_resnet","target":"aarch64-unknown-linux-gnu","attempted":205,"completed":205,"fail_input":0,"fail_invoke":0,"fail_output":0,"mean_us":317104.39,"max_us":852276.59,"last_us":346860.10,"out0":0.34946,"out_elems":10,"out_sha256":"24bd9a607a59835cbeab390e11ec8ed7aec57930d649c55985b8e75c33f9a89e","out_head":[0.349459,0.001114,0.001795,0.065403,0.335932,0.006331],"out_tail":[0.335932,0.006331,0.201360,0.013375,0.019186,0.006046],"out_full_file":"/cf/last_out.json","out_full_file_bytes":184,"out_full_file_reason":"ok","out_record_truncates":false}
{"app":"AI_LEARNER","stage":"mem","model":"b2_resnet","target":"aarch64-unknown-linux-gnu","completed":205,"hal_peak":618856,"peak_within_bounded":true,"admitted_budget_bytes":618856,"peak_within_admitted_budget":true,"admission_mode":"unconditional","hal_bytes_per_call_amortized":347977.2,"process_rss_kb":8396,"process_rss_delta_init_kb":972,"max_active_calls":1,"active_calls_now":0,"call_counter_balanced":true}
.EVS Port1 1980-012-14:17:13.00843 66/1/AI_LEARNER 4: AI_LEARNER completed=206/206 mean=317216.0us max=852276.6us hal_peak=618856 within_bounded=1
{"app":"AI_LEARNER","stage":"run","model":"b2_resnet","target":"aarch64-unknown-linux-gnu","attempted":206,"completed":206,"fail_input":0,"fail_invoke":0,"fail_output":0,"mean_us":317215.97,"max_us":852276.59,"last_us":340088.22,"out0":0.34946,"out_elems":10,"out_sha256":"24bd9a607a59835cbeab390e11ec8ed7aec57930d649c55985b8e75c33f9a89e","out_head":[0.349459,0.001114,0.001795,0.065403,0.335932,0.006331],"out_tail":[0.335932,0.006331,0.201360,0.013375,0.019186,0.006046],"out_full_file":"/cf/last_out.json","out_full_file_bytes":184,"out_full_file_reason":"ok","out_record_truncates":false}
{"app":"AI_LEARNER","stage":"mem","model":"b2_resnet","target":"aarch64-unknown-linux-gnu","completed":206,"hal_peak":618856,"peak_within_bounded":true,"admitted_budget_bytes":618856,"peak_within_admitted_budget":true,"admission_mode":"unconditional","hal_bytes_per_call_amortized":347730.3,"process_rss_kb":8396,"process_rss_delta_init_kb":972,"max_active_calls":1,"active_calls_now":0,"call_counter_balanced":true}
EVS Port1 1980-012-14:17:16.96057 66/1/AI_LEARNER 4: AI_LEARNER completed=207/207 mean=317048.5us max=852276.6us hal_peak=618856 within_bounded=1
{"app":"AI_LEARNER","stage":"run","model":"b2_resnet","target":"aarch64-unknown-linux-gnu","attempted":207,"completed":207,"fail_input":0,"fail_invoke":0,"fail_output":0,"mean_us":317048.46,"max_us":852276.59,"last_us":282541.46,"out0":0.34946,"out_elems":10,"out_sha256":"24bd9a607a59835cbeab390e11ec8ed7aec57930d649c55985b8e75c33f9a89e","out_head":[0.349459,0.001114,0.001795,0.065403,0.335932,0.006331],"out_tail":[0.335932,0.006331,0.201360,0.013375,0.019186,0.006046],"out_full_file":"/cf/last_out.json","out_full_file_bytes":184,"out_full_file_reason":"ok","out_record_truncates":false}
{"app":"AI_LEARNER","stage":"mem","model":"b2_resnet","target":"aarch64-unknown-linux-gnu","completed":207,"hal_peak":618856,"peak_within_bounded":true,"admitted_budget_bytes":618856,"peak_within_admitted_budget":true,"admission_mode":"unconditional","hal_bytes_per_call_amortized":347485.9,"process_rss_kb":8396,"process_rss_delta_init_kb":972,"max_active_calls":1,"active_calls_now":0,"call_counter_balanced":true}
.EVS Port1 1980-012-14:17:21.02943 66/1/AI_LEARNER 4: AI_LEARNER completed=208/208 mean=317113.0us max=852276.6us hal_peak=618856 within_bounded=1
{"app":"AI_LEARNER","stage":"run","model":"b2_resnet","target":"aarch64-unknown-linux-gnu","attempted":208,"completed":208,"fail_input":0,"fail_invoke":0,"fail_output":0,"mean_us":317112.99,"max_us":852276.59,"last_us":330470.98,"out0":0.34946,"out_elems":10,"out_sha256":"24bd9a607a59835cbeab390e11ec8ed7aec57930d649c55985b8e75c33f9a89e","out_head":[0.349459,0.001114,0.001795,0.065403,0.335932,0.006331],"out_tail":[0.335932,0.006331,0.201360,0.013375,0.019186,0.006046],"out_full_file":"/cf/last_out.json","out_full_file_bytes":184,"out_full_file_reason":"ok","out_record_truncates":false}
{"app":"AI_LEARNER","stage":"mem","model":"b2_resnet","target":"aarch64-unknown-linux-gnu","completed":208,"hal_peak":618856,"peak_within_bounded":true,"admitted_budget_bytes":618856,"peak_within_admitted_budget":true,"admission_mode":"unconditional","hal_bytes_per_call_amortized":347243.8,"process_rss_kb":8396,"process_rss_delta_init_kb":972,"max_active_calls":1,"active_calls_now":0,"call_counter_balanced":true}
.EVS Port1 1980-012-14:17:24.98301 66/1/AI_LEARNER 4: AI_LEARNER completed=209/209 mean=317071.1us max=852276.6us hal_peak=618856 within_bounded=1
{"app":"AI_LEARNER","stage":"run","model":"b2_resnet","target":"aarch64-unknown-linux-gnu","attempted":209,"completed":209,"fail_input":0,"fail_invoke":0,"fail_output":0,"mean_us":317071.15,"max_us":852276.59,"last_us":308368.83,"out0":0.34946,"out_elems":10,"out_sha256":"24bd9a607a59835cbeab390e11ec8ed7aec57930d649c55985b8e75c33f9a89e","out_head":[0.349459,0.001114,0.001795,0.065403,0.335932,0.006331],"out_tail":[0.335932,0.006331,0.201360,0.013375,0.019186,0.006046],"out_full_file":"/cf/last_out.json","out_full_file_bytes":184,"out_full_file_reason":"ok","out_record_truncates":false}
{"app":"AI_LEARNER","stage":"mem","model":"b2_resnet","target":"aarch64-unknown-linux-gnu","completed":209,"hal_peak":618856,"peak_within_bounded":true,"admitted_budget_bytes":618856,"peak_within_admitted_budget":true,"admission_mode":"unconditional","hal_bytes_per_call_amortized":347004.0,"process_rss_kb":8396,"process_rss_delta_init_kb":972,"max_active_calls":1,"active_calls_now":0,"call_counter_balanced":true}
EVS Port1 1980-012-14:17:28.99494 66/1/AI_LEARNER 4: AI_LEARNER completed=210/210 mean=317090.4us max=852276.6us hal_peak=618856 within_bounded=1
{"app":"AI_LEARNER","stage":"run","model":"b2_resnet","target":"aarch64-unknown-linux-gnu","attempted":210,"completed":210,"fail_input":0,"fail_invoke":0,"fail_output":0,"mean_us":317090.37,"max_us":852276.59,"last_us":321108.03,"out0":0.34946,"out_elems":10,"out_sha256":"24bd9a607a59835cbeab390e11ec8ed7aec57930d649c55985b8e75c33f9a89e","out_head":[0.349459,0.001114,0.001795,0.065403,0.335932,0.006331],"out_tail":[0.335932,0.006331,0.201360,0.013375,0.019186,0.006046],"out_full_file":"/cf/last_out.json","out_full_file_bytes":184,"out_full_file_reason":"ok","out_record_truncates":false}
{"app":"AI_LEARNER","stage":"mem","model":"b2_resnet","target":"aarch64-unknown-linux-gnu","completed":210,"hal_peak":618856,"peak_within_bounded":true,"admitted_budget_bytes":618856,"peak_within_admitted_budget":true,"admission_mode":"unconditional","hal_bytes_per_call_amortized":346766.5,"process_rss_kb":8396,"process_rss_delta_init_kb":972,"max_active_calls":1,"active_calls_now":0,"call_counter_balanced":true}
.EVS Port1 1980-012-14:17:32.99415 66/1/AI_LEARNER 4: AI_LEARNER completed=211/211 mean=317121.8us max=852276.6us hal_peak=618856 within_bounded=1
{"app":"AI_LEARNER","stage":"run","model":"b2_resnet","target":"aarch64-unknown-linux-gnu","attempted":211,"completed":211,"fail_input":0,"fail_invoke":0,"fail_output":0,"mean_us":317121.80,"max_us":852276.59,"last_us":323721.60,"out0":0.34946,"out_elems":10,"out_sha256":"24bd9a607a59835cbeab390e11ec8ed7aec57930d649c55985b8e75c33f9a89e","out_head":[0.349459,0.001114,0.001795,0.065403,0.335932,0.006331],"out_tail":[0.335932,0.006331,0.201360,0.013375,0.019186,0.006046],"out_full_file":"/cf/last_out.json","out_full_file_bytes":184,"out_full_file_reason":"ok","out_record_truncates":false}
{"app":"AI_LEARNER","stage":"mem","model":"b2_resnet","target":"aarch64-unknown-linux-gnu","completed":211,"hal_peak":618856,"peak_within_bounded":true,"admitted_budget_bytes":618856,"peak_within_admitted_budget":true,"admission_mode":"unconditional","hal_bytes_per_call_amortized":346531.2,"process_rss_kb":8396,"process_rss_delta_init_kb":972,"max_active_calls":1,"active_calls_now":0,"call_counter_balanced":true}
.EVS Port1 1980-012-14:17:37.01808 66/1/AI_LEARNER 4: AI_LEARNER completed=212/212 mean=317260.5us max=852276.6us hal_peak=618856 within_bounded=1
{"app":"AI_LEARNER","stage":"run","model":"b2_resnet","target":"aarch64-unknown-linux-gnu","attempted":212,"completed":212,"fail_input":0,"fail_invoke":0,"fail_output":0,"mean_us":317260.48,"max_us":852276.59,"last_us":346522.74,"out0":0.34946,"out_elems":10,"out_sha256":"24bd9a607a59835cbeab390e11ec8ed7aec57930d649c55985b8e75c33f9a89e","out_head":[0.349459,0.001114,0.001795,0.065403,0.335932,0.006331],"out_tail":[0.335932,0.006331,0.201360,0.013375,0.019186,0.006046],"out_full_file":"/cf/last_out.json","out_full_file_bytes":184,"out_full_file_reason":"ok","out_record_truncates":false}
{"app":"AI_LEARNER","stage":"mem","model":"b2_resnet","target":"aarch64-unknown-linux-gnu","completed":212,"hal_peak":618856,"peak_within_bounded":true,"admitted_budget_bytes":618856,"peak_within_admitted_budget":true,"admission_mode":"unconditional","hal_bytes_per_call_amortized":346298.2,"process_rss_kb":8396,"process_rss_delta_init_kb":972,"max_active_calls":1,"active_calls_now":0,"call_counter_balanced":true}
EVS Port1 1980-012-14:17:40.96047 66/1/AI_LEARNER 4: AI_LEARNER completed=213/213 mean=317132.1us max=852276.6us hal_peak=618856 within_bounded=1
{"app":"AI_LEARNER","stage":"run","model":"b2_resnet","target":"aarch64-unknown-linux-gnu","attempted":213,"completed":213,"fail_input":0,"fail_invoke":0,"fail_output":0,"mean_us":317132.07,"max_us":852276.59,"last_us":289908.00,"out0":0.34946,"out_elems":10,"out_sha256":"24bd9a607a59835cbeab390e11ec8ed7aec57930d649c55985b8e75c33f9a89e","out_head":[0.349459,0.001114,0.001795,0.065403,0.335932,0.006331],"out_tail":[0.335932,0.006331,0.201360,0.013375,0.019186,0.006046],"out_full_file":"/cf/last_out.json","out_full_file_bytes":184,"out_full_file_reason":"ok","out_record_truncates":false}
{"app":"AI_LEARNER","stage":"mem","model":"b2_resnet","target":"aarch64-unknown-linux-gnu","completed":213,"hal_peak":618856,"peak_within_bounded":true,"admitted_budget_bytes":618856,"peak_within_admitted_budget":true,"admission_mode":"unconditional","hal_bytes_per_call_amortized":346067.3,"process_rss_kb":8396,"process_rss_delta_init_kb":972,"max_active_calls":1,"active_calls_now":0,"call_counter_balanced":true}
.EVS Port1 1980-012-14:17:45.00814 66/1/AI_LEARNER 4: AI_LEARNER completed=214/214 mean=317223.1us max=852276.6us hal_peak=618856 within_bounded=1
{"app":"AI_LEARNER","stage":"run","model":"b2_resnet","target":"aarch64-unknown-linux-gnu","attempted":214,"completed":214,"fail_input":0,"fail_invoke":0,"fail_output":0,"mean_us":317223.11,"max_us":852276.59,"last_us":336615.31,"out0":0.34946,"out_elems":10,"out_sha256":"24bd9a607a59835cbeab390e11ec8ed7aec57930d649c55985b8e75c33f9a89e","out_head":[0.349459,0.001114,0.001795,0.065403,0.335932,0.006331],"out_tail":[0.335932,0.006331,0.201360,0.013375,0.019186,0.006046],"out_full_file":"/cf/last_out.json","out_full_file_bytes":184,"out_full_file_reason":"ok","out_record_truncates":false}
{"app":"AI_LEARNER","stage":"mem","model":"b2_resnet","target":"aarch64-unknown-linux-gnu","completed":214,"hal_peak":618856,"peak_within_bounded":true,"admitted_budget_bytes":618856,"peak_within_admitted_budget":true,"admission_mode":"unconditional","hal_bytes_per_call_amortized":345838.7,"process_rss_kb":8396,"process_rss_delta_init_kb":972,"max_active_calls":1,"active_calls_now":0,"call_counter_balanced":true}
.EVS Port1 1980-012-14:17:48.98023 66/1/AI_LEARNER 4: AI_LEARNER completed=215/215 mean=317184.0us max=852276.6us hal_peak=618856 within_bounded=1
{"app":"AI_LEARNER","stage":"run","model":"b2_resnet","target":"aarch64-unknown-linux-gnu","attempted":215,"completed":215,"fail_input":0,"fail_invoke":0,"fail_output":0,"mean_us":317184.03,"max_us":852276.59,"last_us":308820.67,"out0":0.34946,"out_elems":10,"out_sha256":"24bd9a607a59835cbeab390e11ec8ed7aec57930d649c55985b8e75c33f9a89e","out_head":[0.349459,0.001114,0.001795,0.065403,0.335932,0.006331],"out_tail":[0.335932,0.006331,0.201360,0.013375,0.019186,0.006046],"out_full_file":"/cf/last_out.json","out_full_file_bytes":184,"out_full_file_reason":"ok","out_record_truncates":false}
{"app":"AI_LEARNER","stage":"mem","model":"b2_resnet","target":"aarch64-unknown-linux-gnu","completed":215,"hal_peak":618856,"peak_within_bounded":true,"admitted_budget_bytes":618856,"peak_within_admitted_budget":true,"admission_mode":"unconditional","hal_bytes_per_call_amortized":345612.1,"process_rss_kb":8396,"process_rss_delta_init_kb":972,"max_active_calls":1,"active_calls_now":0,"call_counter_balanced":true}
EVS Port1 1980-012-14:17:53.03991 66/1/AI_LEARNER 4: AI_LEARNER completed=216/216 mean=317442.6us max=852276.6us hal_peak=618856 within_bounded=1
{"app":"AI_LEARNER","stage":"run","model":"b2_resnet","target":"aarch64-unknown-linux-gnu","attempted":216,"completed":216,"fail_input":0,"fail_invoke":0,"fail_output":0,"mean_us":317442.62,"max_us":852276.59,"last_us":373038.42,"out0":0.34946,"out_elems":10,"out_sha256":"24bd9a607a59835cbeab390e11ec8ed7aec57930d649c55985b8e75c33f9a89e","out_head":[0.349459,0.001114,0.001795,0.065403,0.335932,0.006331],"out_tail":[0.335932,0.006331,0.201360,0.013375,0.019186,0.006046],"out_full_file":"/cf/last_out.json","out_full_file_bytes":184,"out_full_file_reason":"ok","out_record_truncates":false}
{"app":"AI_LEARNER","stage":"mem","model":"b2_resnet","target":"aarch64-unknown-linux-gnu","completed":216,"hal_peak":618856,"peak_within_bounded":true,"admitted_budget_bytes":618856,"peak_within_admitted_budget":true,"admission_mode":"unconditional","hal_bytes_per_call_amortized":345387.6,"process_rss_kb":8396,"process_rss_delta_init_kb":972,"max_active_calls":1,"active_calls_now":0,"call_counter_balanced":true}
.EVS Port1 1980-012-14:17:56.00289 66/1/CFE_TIME 21: Stop FLYWHEEL
EVS Port1 1980-012-14:17:56.96217 66/1/AI_LEARNER 4: AI_LEARNER completed=217/217 mean=317336.0us max=852276.6us hal_peak=618856 within_bounded=1
{"app":"AI_LEARNER","stage":"run","model":"b2_resnet","target":"aarch64-unknown-linux-gnu","attempted":217,"completed":217,"fail_input":0,"fail_invoke":0,"fail_output":0,"mean_us":317336.00,"max_us":852276.59,"last_us":294308.21,"out0":0.34946,"out_elems":10,"out_sha256":"24bd9a607a59835cbeab390e11ec8ed7aec57930d649c55985b8e75c33f9a89e","out_head":[0.349459,0.001114,0.001795,0.065403,0.335932,0.006331],"out_tail":[0.335932,0.006331,0.201360,0.013375,0.019186,0.006046],"out_full_file":"/cf/last_out.json","out_full_file_bytes":184,"out_full_file_reason":"ok","out_record_truncates":false}
{"app":"AI_LEARNER","stage":"mem","model":"b2_resnet","target":"aarch64-unknown-linux-gnu","completed":217,"hal_peak":618856,"peak_within_bounded":true,"admitted_budget_bytes":618856,"peak_within_admitted_budget":true,"admission_mode":"unconditional","hal_bytes_per_call_amortized":345165.2,"process_rss_kb":8396,"process_rss_delta_init_kb":972,"max_active_calls":1,"active_calls_now":0,"call_counter_balanced":true}
EVS Port1 1980-012-14:17:56.99493 66/1/CFE_TIME 20: Start FLYWHEEL
.EVS Port1 1980-012-14:18:00.99456 66/1/AI_LEARNER 4: AI_LEARNER completed=218/218 mean=317351.1us max=852276.6us hal_peak=618856 within_bounded=1
{"app":"AI_LEARNER","stage":"run","model":"b2_resnet","target":"aarch64-unknown-linux-gnu","attempted":218,"completed":218,"fail_input":0,"fail_invoke":0,"fail_output":0,"mean_us":317351.10,"max_us":852276.59,"last_us":320626.86,"out0":0.34946,"out_elems":10,"out_sha256":"24bd9a607a59835cbeab390e11ec8ed7aec57930d649c55985b8e75c33f9a89e","out_head":[0.349459,0.001114,0.001795,0.065403,0.335932,0.006331],"out_tail":[0.335932,0.006331,0.201360,0.013375,0.019186,0.006046],"out_full_file":"/cf/last_out.json","out_full_file_bytes":184,"out_full_file_reason":"ok","out_record_truncates":false}
{"app":"AI_LEARNER","stage":"mem","model":"b2_resnet","target":"aarch64-unknown-linux-gnu","completed":218,"hal_peak":618856,"peak_within_bounded":true,"admitted_budget_bytes":618856,"peak_within_admitted_budget":true,"admission_mode":"unconditional","hal_bytes_per_call_amortized":344944.9,"process_rss_kb":8396,"process_rss_delta_init_kb":972,"max_active_calls":1,"active_calls_now":0,"call_counter_balanced":true}
EVS Port1 1980-012-14:18:04.98739 66/1/AI_LEARNER 4: AI_LEARNER completed=219/219 mean=317308.0us max=852276.6us hal_peak=618856 within_bounded=1
{"app":"AI_LEARNER","stage":"run","model":"b2_resnet","target":"aarch64-unknown-linux-gnu","attempted":219,"completed":219,"fail_input":0,"fail_invoke":0,"fail_output":0,"mean_us":317307.97,"max_us":852276.59,"last_us":307905.17,"out0":0.34946,"out_elems":10,"out_sha256":"24bd9a607a59835cbeab390e11ec8ed7aec57930d649c55985b8e75c33f9a89e","out_head":[0.349459,0.001114,0.001795,0.065403,0.335932,0.006331],"out_tail":[0.335932,0.006331,0.201360,0.013375,0.019186,0.006046],"out_full_file":"/cf/last_out.json","out_full_file_bytes":184,"out_full_file_reason":"ok","out_record_truncates":false}
{"app":"AI_LEARNER","stage":"mem","model":"b2_resnet","target":"aarch64-unknown-linux-gnu","completed":219,"hal_peak":618856,"peak_within_bounded":true,"admitted_budget_bytes":618856,"peak_within_admitted_budget":true,"admission_mode":"unconditional","hal_bytes_per_call_amortized":344726.5,"process_rss_kb":8396,"process_rss_delta_init_kb":972,"max_active_calls":1,"active_calls_now":0,"call_counter_balanced":true}
.EVS Port1 1980-012-14:18:08.96464 66/1/AI_LEARNER 4: AI_LEARNER completed=220/220 mean=317194.4us max=852276.6us hal_peak=618856 within_bounded=1
{"app":"AI_LEARNER","stage":"run","model":"b2_resnet","target":"aarch64-unknown-linux-gnu","attempted":220,"completed":220,"fail_input":0,"fail_invoke":0,"fail_output":0,"mean_us":317194.36,"max_us":852276.59,"last_us":292313.65,"out0":0.34946,"out_elems":10,"out_sha256":"24bd9a607a59835cbeab390e11ec8ed7aec57930d649c55985b8e75c33f9a89e","out_head":[0.349459,0.001114,0.001795,0.065403,0.335932,0.006331],"out_tail":[0.335932,0.006331,0.201360,0.013375,0.019186,0.006046],"out_full_file":"/cf/last_out.json","out_full_file_bytes":184,"out_full_file_reason":"ok","out_record_truncates":false}
{"app":"AI_LEARNER","stage":"mem","model":"b2_resnet","target":"aarch64-unknown-linux-gnu","completed":220,"hal_peak":618856,"peak_within_bounded":true,"admitted_budget_bytes":618856,"peak_within_admitted_budget":true,"admission_mode":"unconditional","hal_bytes_per_call_amortized":344510.2,"process_rss_kb":8396,"process_rss_delta_init_kb":972,"max_active_calls":1,"active_calls_now":0,"call_counter_balanced":true}
.EVS Port1 1980-012-14:18:12.98307 66/1/AI_LEARNER 4: AI_LEARNER completed=221/221 mean=317170.5us max=852276.6us hal_peak=618856 within_bounded=1
{"app":"AI_LEARNER","stage":"run","model":"b2_resnet","target":"aarch64-unknown-linux-gnu","attempted":221,"completed":221,"fail_input":0,"fail_invoke":0,"fail_output":0,"mean_us":317170.53,"max_us":852276.59,"last_us":311928.93,"out0":0.34946,"out_elems":10,"out_sha256":"24bd9a607a59835cbeab390e11ec8ed7aec57930d649c55985b8e75c33f9a89e","out_head":[0.349459,0.001114,0.001795,0.065403,0.335932,0.006331],"out_tail":[0.335932,0.006331,0.201360,0.013375,0.019186,0.006046],"out_full_file":"/cf/last_out.json","out_full_file_bytes":184,"out_full_file_reason":"ok","out_record_truncates":false}
{"app":"AI_LEARNER","stage":"mem","model":"b2_resnet","target":"aarch64-unknown-linux-gnu","completed":221,"hal_peak":618856,"peak_within_bounded":true,"admitted_budget_bytes":618856,"peak_within_admitted_budget":true,"admission_mode":"unconditional","hal_bytes_per_call_amortized":344295.8,"process_rss_kb":8396,"process_rss_delta_init_kb":972,"max_active_calls":1,"active_calls_now":0,"call_counter_balanced":true}
EVS Port1 1980-012-14:18:16.98330 66/1/AI_LEARNER 4: AI_LEARNER completed=222/222 mean=317137.0us max=852276.6us hal_peak=618856 within_bounded=1
{"app":"AI_LEARNER","stage":"run","model":"b2_resnet","target":"aarch64-unknown-linux-gnu","attempted":222,"completed":222,"fail_input":0,"fail_invoke":0,"fail_output":0,"mean_us":317136.97,"max_us":852276.59,"last_us":309718.99,"out0":0.34946,"out_elems":10,"out_sha256":"24bd9a607a59835cbeab390e11ec8ed7aec57930d649c55985b8e75c33f9a89e","out_head":[0.349459,0.001114,0.001795,0.065403,0.335932,0.006331],"out_tail":[0.335932,0.006331,0.201360,0.013375,0.019186,0.006046],"out_full_file":"/cf/last_out.json","out_full_file_bytes":184,"out_full_file_reason":"ok","out_record_truncates":false}
{"app":"AI_LEARNER","stage":"mem","model":"b2_resnet","target":"aarch64-unknown-linux-gnu","completed":222,"hal_peak":618856,"peak_within_bounded":true,"admitted_budget_bytes":618856,"peak_within_admitted_budget":true,"admission_mode":"unconditional","hal_bytes_per_call_amortized":344083.3,"process_rss_kb":8396,"process_rss_delta_init_kb":972,"max_active_calls":1,"active_calls_now":0,"call_counter_balanced":true}
1980-012-14:18:17.17870 CFE_ES_RunExceptionScan: ExceptionID 0x1110000 in TaskID 0: Caught SIGINT
1980-012-14:18:17.17910 CFE_ES_RunExceptionScan: Processor Reset count not reached (0/2)
CFE_PSP: Exiting cFE with PROCESSOR Reset status.

CFE_PSP: Shutdown initiated - Exiting cFE
.CI delete callback -- Closing CI Network socket.
TO delete callback -- Closing TO Network socket.
EXIT=124
