OS_BSP_Initialize():Maximum user msg queue depth = 512
CFE_PSP: Default Reset SubType = 1
CFE_PSP: Default CPU ID = 1
CFE_PSP: Default Spacecraft ID = 66
CFE_PSP: Default CPU Name: cpu1
OS_Posix_GetSchedulerParams():208:Policy 1: available, min-max: 1-99
OS_Posix_GetSchedulerParams():208:Policy 2: available, min-max: 1-99
OS_Posix_TaskAPI_Impl_Init():401:Selected policy 2 for RT tasks, root task = 99
OS_Posix_TaskAPI_Impl_Init():419:Could not setschedparam in main thread: Operation not permitted (1)
CFE_PSP: initializing module 'soft_timebase' with ID 0110ff00
CFE_PSP: Instantiated software timebase 'cFS-Master' running at 10000 usec
CFE_PSP: initializing module 'timebase_posix_clock' with ID 0110ff01
CFE_PSP: Using POSIX monotonic clock as CFE timebase
CFE_PSP: initializing module 'eeprom_mmap_file' with ID 0110ff02
CFE_PSP: Using MMAP simulated EEPROM implementation
CFE_PSP: EEPROM Range (2) created: Start Address = F77E30B8E000, Size = 00080000 Status = 0
CFE_PSP: initializing module 'port_notimpl' with ID 0110ff03
CFE_PSP: I/O Port access not implemented
CFE_PSP: initializing module 'iodriver' with ID 0110ff04
CFE_PSP: initializing module 'linux_sysmon' with ID 0110ff05
CFE_PSP: initializing module 'endian_api' with ID 0110ff06
CFE_PSP: Host CPU Endian=LITTLE
CFE_PSP: initializing module 'ram_notimpl' with ID 0110ff07
CFE_PSP: Physical RAM access not implemented
CFE_PSP: Normal exit from previous cFE instance
CFE_PSP: Starting the cFE with a PROCESSOR reset.
1980-001-03:13:33.59488 CFE_ES_Main: CFE_ES_Main in EARLY_INIT state
1980-001-03:13:33.60744 CFE_ES_InitializeFileSystems: Volatile Disk has 100 Percent free space.
Number of addresses returned by backtrace = 1
CFE_PSP: CFE_PSP_AttachExceptions called
1980-001-03:13:33.62659 CFE_ES_Main: CFE_ES_Main entering CORE_STARTUP state
1980-001-03:13:33.62676 CFE_ES_CreateObjects: Starting Object Creation calls.
1980-001-03:13:33.62689 CFE_ES_CreateObjects: Calling EarlyInit for CFE_CONFIG
1980-001-03:13:33.62966 CFE_ES_CreateObjects: Calling EarlyInit for CFE_ES
1980-001-03:13:33.63372 CFE_ES_CreateObjects: Calling EarlyInit for CFE_EVS
1980-001-03:13:33.63724 CFE_EVS_EarlyInit: Event Log restored, n=0, c=20, f=1, m=1, o=292
1980-001-03:13:33.63826 CFE_ES_CreateObjects: Calling EarlyInit for CFE_FS
1980-001-03:13:33.63936 CFE_ES_CreateObjects: Calling EarlyInit for CFE_SB
1980-001-03:13:33.65886 CFE_ES_CreateObjects: Calling EarlyInit for CFE_TBL
1980-001-03:13:33.68129 CFE_ES_CreateObjects: Calling EarlyInit for CFE_TIME
EVS Port1 1980-012-14:18:13.94741 66/1/CFE_ES 1: cFE ES Initialized: CFE_ES v7.0.1+dev1 (Draco) DEV BUILD, based on v7.0.1, EDS disabled
EVS Port1 1980-012-14:18:13.95388 66/1/CFE_ES 2: cFS Versions: cfe v7.0.1+dev1, osal v7.0.1+dev1, psp v7.0.1+dev1. cFE chksm 31659
EVS Port1 1980-012-14:18:13.95480 66/1/CFE_ES 91: Version Info: Mission SampleMission, version git:v7.0.1-90-g78c23b0-dirty
EVS Port1 1980-012-14:18:13.95520 66/1/CFE_ES 91: Version Info: Module CORE_API, version git:2612eb0
EVS Port1 1980-012-14:18:13.95674 66/1/CFE_ES 91: Version Info: Module CONFIG, version git:2612eb0
EVS Port1 1980-012-14:18:13.95791 66/1/CFE_ES 91: Version Info: Module ES, version git:2612eb0
EVS Port1 1980-012-14:18:13.95907 66/1/CFE_ES 91: Version Info: Module EVS, version git:2612eb0
EVS Port1 1980-012-14:18:13.95936 66/1/CFE_ES 91: Version Info: Module FS, version git:2612eb0
EVS Port1 1980-012-14:18:13.95976 66/1/CFE_ES 91: Version Info: Module SB, version git:2612eb0
EVS Port1 1980-012-14:18:13.95997 66/1/CFE_ES 91: Version Info: Module TBL, version git:2612eb0
EVS Port1 1980-012-14:18:13.96015 66/1/CFE_ES 91: Version Info: Module TIME, version git:2612eb0
EVS Port1 1980-012-14:18:13.96044 66/1/CFE_ES 91: Version Info: Module OSAL, version git:8111e4a
EVS Port1 1980-012-14:18:13.96304 66/1/CFE_ES 91: Version Info: Module PSP, version git:d1da809
EVS Port1 1980-012-14:18:13.96330 66/1/CFE_ES 91: Version Info: Module MSG, version git:2612eb0
EVS Port1 1980-012-14:18:13.96377 66/1/CFE_ES 91: Version Info: Module SBR, version git:2612eb0
EVS Port1 1980-012-14:18:13.96397 66/1/CFE_ES 91: Version Info: Module RESOURCEID, version git:2612eb0
EVS Port1 1980-012-14:18:13.96424 66/1/CFE_ES 92: Build 202609140214 by root@vm, config aarch64
EVS Port1 1980-012-14:18:14.03497 66/1/CFE_EVS 1: cFE EVS Initialized: CFE_EVS v7.0.1+dev1 (Draco) DEV BUILD, based on v7.0.1, EDS disabled
1980-012-14:18:14.13989 CFE_SB_AppInit: Registered 4 events for filtering
EVS Port1 1980-012-14:18:14.14407 66/1/CFE_SB 1: cFE SB Initialized: CFE_SB v7.0.1+dev1 (Draco) DEV BUILD, based on v7.0.1, EDS disabled
EVS Port1 1980-012-14:18:14.14582 66/1/CFE_SB 14: No subscribers for MsgId 0x808,sender CFE_SB
EVS Port1 1980-012-14:18:14.24813 66/1/CFE_TBL 1: cFE TBL Initialized: CFE_TBL v7.0.1+dev1 (Draco) DEV BUILD, based on v7.0.1, EDS disabled
EVS Port1 1980-012-14:18:14.24983 66/1/CFE_SB 14: No subscribers for MsgId 0x808,sender CFE_TBL
EVS Port1 1980-012-14:18:14.36494 66/1/CFE_TIME 1: cFE TIME Initialized: CFE_TIME v7.0.1+dev1 (Draco) DEV BUILD, based on v7.0.1, EDS disabled
EVS Port1 1980-012-14:18:14.36543 66/1/CFE_SB 14: No subscribers for MsgId 0x808,sender CFE_TIME
1980-012-14:18:14.40030 CFE_ES_CreateObjects: Finished ES CreateObject table entries.
1980-012-14:18:14.40201 CFE_ES_Main: CFE_ES_Main entering CORE_READY state
OS_FileOpen_Impl():110:open(/dev/shm/osal:RAM/cfe_es_startup.scr): No such file or directory
1980-012-14:18:14.40880 CFE_ES_OpenStartupScript: Cannot Open Volatile Startup file: /ram/cfe_es_startup.scr, Trying Nonvolatile.
1980-012-14:18:14.41106 CFE_ES_OpenStartupScript: Opened ES App Startup file: /cf/cfe_es_startup.scr
1980-012-14:18:14.44619 CFE_ES_ParseFileEntry: Loading shared library: /cf/cfe_assert.so
1980-012-14:18:14.45930 [BEGIN] CFE FUNCTIONAL TEST
1980-012-14:18:14.46102 [BEGIN] 01 CFE-STARTUP
1980-012-14:18:14.48509 CFE_ES_ParseFileEntry: Loading shared library: /cf/sample_lib.so
SAMPLE Lib Initialized.Sample Lib v7.0.0+dev1 (Draco) DEV BUILD, based on v7.0.1, EDS disabled
1980-012-14:18:14.51706 CFE_ES_ParseFileEntry: Loading file: /cf/sch_lab.so, APP: SCH_LAB
1980-012-14:18:14.55198 CFE_ES_ParseFileEntry: Loading file: /cf/ci_lab.so, APP: CI_LAB
1980-012-14:18:14.59682 CFE_ES_ParseFileEntry: Loading file: /cf/to_lab.so, APP: TO_LAB
SCH Lab Initialized.SCH Lab v7.0.1+dev1 (Draco) DEV BUILD, based on v7.0.1, EDS disabled
1980-012-14:18:14.68936 CFE_ES_ParseFileEntry: Loading file: /cf/sample_app.so, APP: SAMPLE_APP
EVS Port1 1980-012-14:18:14.69438 66/1/TO_LAB 1: TO Lab Initialized.TO Lab v7.0.1+dev1 (Draco) DEV BUILD, based on v7.0.1, EDS disabled, Awaiting enable command.
EVS Port1 1980-012-14:18:14.69717 66/1/CFE_SB 14: No subscribers for MsgId 0x808,sender TO_LAB
EVS Port1 1980-012-14:18:14.80624 66/1/SAMPLE_APP 1: Sample App Initialized.Sample App v7.0.0+dev1 (Draco) DEV BUILD, based on v7.0.1, EDS disabled
1980-012-14:18:14.81429 CI_LAB listening on UDP port: 1234
EVS Port1 1980-012-14:18:14.81681 66/1/CI_LAB 3: CI Lab Initialized.CI Lab App v7.0.1+dev1 (Draco) DEV BUILD, based on v7.0.1, EDS disabled
1980-012-14:18:14.81764 CFE_ES_ParseFileEntry: Loading file: /cf/ai_learner.so, APP: AI_LEARNER
1980-012-14:18:14.85964 CFE_ES_ParseFileEntry: Loading file: /cf/lc.so, APP: LC
{"app":"AI_LEARNER","stage":"build_config","model":"b3_deepae","allow_conditional_map":0,"contract_bounded_bytes":1069632,"contract_per_call_bytes":6208,"contract_const_bytes":1063424,"contract_bound_known":true,"contract_artifact_sha256":"9ff64bd168e07135c196423d44408e7780984c977912b67c8240c0db522c4d7c"}
{"app":"AI_LEARNER","stage":"stack","es_stack_size":262160,"stack_base_bytes":262144,"contract_kernel_stack_bytes":16,"kernel_stack_accounted":true}
1980-012-14:18:14.90287 CFE_ES_ParseFileEntry: Loading file: /cf/cf.so, APP: CF
EVS Port1 1980-012-14:18:14.90606 66/1/AI_LEARNER 8: AI_LEARNER stack: es=262160 base=262144 kernel=16 accounted=1
{"app":"AI_LEARNER","stage":"admission","verdict":"ADMIT","model":"b3_deepae","target":"aarch64-unknown-linux-gnu","bounded":1069632,"budget":1069632,"budget_source":"override","per_call":6208,"constants":1063424,"kernel_stack_bytes":16,"bound_known":true,"scope":"per_app_local_budget"}
{"app":"AI_LEARNER","stage":"blob_align","requested_offset":8,"state":"applied","module_ptr_mod64":8}
EVS Port1 1980-012-14:18:14.95736 66/1/LC 56: WDT verify results: good = 0, bad = 0, unused = 176
EVS Port1 1980-012-14:18:14.97486 66/1/LC 66: ADT verify results: good = 0, bad = 0, unused = 176
EVS Port1 1980-012-14:18:14.98091 66/1/LC 23: LC use of Critical Data Store disabled, activity mask = 0x00991990
EVS Port1 1980-012-14:18:14.98323 66/1/LC 2: LC Initialized. Version 7.0.1.255
1980-012-14:18:14.99726 CFE_ES_ParseFileEntry: Loading file: /cf/ds.so, APP: DS
EVS Port1 1980-012-14:18:15.05543 66/1/CF 20: CF Initialized. Version 7.0.1.255
1980-012-14:18:15.08301 CFE_ES_ParseFileEntry: Loading file: /cf/fm.so, APP: FM
EVS Port1 1980-012-14:18:15.11181 66/1/DS 10: Destination file table verify results: good entries = 6, bad = 0, unused = 10
EVS Port1 1980-012-14:18:15.12908 66/1/DS 12: Filter table verify results: good entries = 14, bad = 0, unused = 242
EVS Port1 1980-012-14:18:15.14245 66/1/DS 1: Application initialized, version 7.0.1.255, data at 0xf77e30390460
1980-012-14:18:15.17025 CFE_ES_ParseFileEntry: Loading file: /cf/hk.so, APP: HK
EVS Port1 1980-012-14:18:15.19909 66/1/FM 80: Free Space Table verify results: good entries = 3, bad = 0, unused = 5
EVS Port1 1980-012-14:18:15.21896 66/1/FM 1: Initialization complete: version 7.0.1.255
1980-012-14:18:15.25016 CFE_ES_ParseFileEntry: Loading file: /cf/hs.so, APP: HS
EVS Port1 1980-012-14:18:15.27301 66/1/FM 72: Child Task initialization complete
EVS Port1 1980-012-14:18:15.29080 66/1/HK 1: HK Initialized.  Version 7.0.1.255
1980-012-14:18:15.33103 CFE_ES_ParseFileEntry: Loading file: /cf/mm.so, APP: MM
EVS Port1 1980-012-14:18:15.36811 66/1/HS 54: ExeCount verify results: good = 5, bad = 0, unused = 27
EVS Port1 1980-012-14:18:15.38719 66/1/HS 50: AppMon verify results: good = 0, bad = 0, unused = 32
EVS Port1 1980-012-14:18:15.40280 66/1/HS 52: EventMon verify results: good = 0, bad = 0, unused = 16
EVS Port1 1980-012-14:18:15.41815 66/1/HS 56: MsgActs verify results: good = 2, bad = 0, unused = 6
EVS Port1 1980-012-14:18:15.42205 66/1/MM 1: MM Initialized. Version 7.0.1.255
1980-012-14:18:15.43603 HS_SysMonInit(): System Monitor using PSP device ID 0110ff05
1980-012-14:18:15.43928 CFE_ES_ParseFileEntry: Loading file: /cf/sc.so, APP: SC
{"app":"AI_LEARNER","stage":"binding","verdict":"MATCH","artifact_bytes":1080730,"artifact_sha256":"9ff64bd168e07135","contract_sha256":"9ff64bd168e07135"}
CFE_PSP(Linux_SysMon): Started CPU utilization monitoring on 1 CPU(s)
EVS Port1 1980-012-14:18:15.48280 66/1/HS 1: HS Initialized.  Version 7.0.1.255
1980-012-14:18:15.51696 CFE_ES_ParseFileEntry: Loading file: /cf/md.so, APP: MD
EVS Port1 1980-012-14:18:15.60911 66/1/SC 21: RTS table files not loaded at initialization = 0 of 4
EVS Port1 1980-012-14:18:15.61572 66/1/MD 52: MD Dwell Tbl verify results: good = 0, bad = 0, unused = 25
1980-012-14:18:15.61802 CFE_ES_ParseFileEntry: Loading file: /cf/cs.so, APP: CS
EVS Port1 1980-012-14:18:15.62213 66/1/SC 9: SC Initialized. Version 7.0.1.255
EVS Port1 1980-012-14:18:15.62442 66/1/MD 3: Recovered Dwell Table #1 is valid and has been copied to the MD App
EVS Port1 1980-012-14:18:15.66217 66/1/MD 52: MD Dwell Tbl verify results: good = 0, bad = 0, unused = 25
EVS Port1 1980-012-14:18:15.66523 66/1/MD 3: Recovered Dwell Table #2 is valid and has been copied to the MD App
EVS Port1 1980-012-14:18:15.67480 66/1/MD 52: MD Dwell Tbl verify results: good = 0, bad = 0, unused = 25
EVS Port1 1980-012-14:18:15.67543 66/1/MD 3: Recovered Dwell Table #3 is valid and has been copied to the MD App
EVS Port1 1980-012-14:18:15.68141 66/1/MD 52: MD Dwell Tbl verify results: good = 0, bad = 0, unused = 25
EVS Port1 1980-012-14:18:15.68598 66/1/MD 3: Recovered Dwell Table #4 is valid and has been copied to the MD App
EVS Port1 1980-012-14:18:15.68789 66/1/MD 7: Dwell Tables Recovered: 4, Dwell Tables Initialized: 0
EVS Port1 1980-012-14:18:15.69094 66/1/MD 1: MD Initialized.  Version 7.0.1.255
EVS Port1 1980-012-14:18:15.74304 66/1/CS 144: CS EEPROM Table verification results: good = 0, bad = 0, unused = 16
EVS Port1 1980-012-14:18:15.74736 66/1/CS 107: CS EEPROM Table: No valid entries in the table
EVS Port1 1980-012-14:18:15.75994 66/1/CS 143: CS Memory Table verification results: good = 0, bad = 0, unused = 16
EVS Port1 1980-012-14:18:15.76315 66/1/CS 107: CS Memory Table: No valid entries in the table
EVS Port1 1980-012-14:18:15.77487 66/1/CS 139: CS Tables Table verification results: good = 1, bad = 0, unused = 23
EVS Port1 1980-012-14:18:15.78622 66/1/CS 142: CS Apps Table verification results: good = 0, bad = 0, unused = 24
EVS Port1 1980-012-14:18:15.79142 66/1/CS 108: CS Apps Table: No valid entries in the table
EVS Port1 1980-012-14:18:15.79501 66/1/CS 127: OS Text Segment disabled due to platform
EVS Port1 1980-012-14:18:15.79907 66/1/CS 1: CS Initialized. Version 7.0.1.255
{"app":"AI_LEARNER","stage":"map_branch","model":"b3_deepae","module_ptr_mod64":8,"hal_peak_after_append":1063424,"contract_const_bytes":1063424,"contract_per_call_bytes":6208,"arm":"copy","admission_mode":"unconditional"}
{"app":"AI_LEARNER","stage":"mem_init","model":"b3_deepae","target":"aarch64-unknown-linux-gnu","hal_peak":1065984,"hal_allocated":1065984,"bounded":1069632,"peak_within_bounded":true,"inferences_so_far":0,"process_rss_kb":7980,"rss_kb_before_runtime":6320,"rss_kb_after_session":6616,"rss_kb_after_init":7980}
EVS Port1 1980-012-14:18:15.00752 66/1/CFE_TIME 21: Stop FLYWHEEL
{"app":"AI_LEARNER","stage":"e25_equivalence","inputs":34,"completed":34,"model":"b3_deepae","target":"aarch64-unknown-linux-gnu","artifact_sha256":"9ff64bd168e07135..."}
EVS Port1 1980-012-14:18:15.17706 66/1/AI_LEARNER 4: AI_LEARNER: E25 equivalence 34/34 inferences written
{"app":"AI_LEARNER","stage":"e25_mode","active":true,"inputs_path":"/cf/e25_inputs.bin"}
EVS Port1 1980-012-14:18:15.18176 66/1/AI_LEARNER 3: AI_LEARNER initialized: model b3_deepae (1080730 B), rss_delta_init=1660 KB
1980-012-14:18:15.21519 CFE_ES_Main: CFE_ES_Main entering APPS_INIT state
1980-012-14:18:15.21554 CFE_ES_Main: CFE_ES_Main entering OPERATIONAL state
EVS Port1 1980-012-14:18:15.22355 66/1/TO_LAB 19: L550 TO Lab subscribed to 32 messages from the table
EVS Port1 1980-012-14:18:18.68452 66/1/AI_LEARNER 4: AI_LEARNER completed=1/1 mean=8100.2us max=8100.2us hal_peak=1069632 within_bounded=1
{"app":"AI_LEARNER","stage":"run","model":"b3_deepae","target":"aarch64-unknown-linux-gnu","attempted":1,"completed":1,"fail_input":0,"fail_invoke":0,"fail_output":0,"mean_us":8100.22,"max_us":8100.22,"last_us":8100.22,"out0":-34.88327,"out_elems":640,"out_sha256":"7377a66196d10b8f9095f1ec25df57b5b033488734ef3539915fd05471edb2fc","out_head":[-34.883270,-19.245007,-10.683949,-6.043216,-3.147524,1.497201],"out_tail":[-19.598969,-18.188969,-18.763275,-20.377392,-29.048273,-42.496120],"out_full_file":"/cf/last_out.json","out_full_file_bytes":7044,"out_full_file_reason":"ok","out_record_truncates":false}
{"app":"AI_LEARNER","stage":"mem","model":"b3_deepae","target":"aarch64-unknown-linux-gnu","completed":1,"hal_peak":1069632,"peak_within_bounded":true,"admitted_budget_bytes":1069632,"peak_within_admitted_budget":true,"admission_mode":"unconditional","hal_bytes_per_call_amortized":1193664.0,"process_rss_kb":8136,"process_rss_delta_init_kb":1660,"max_active_calls":1,"active_calls_now":0,"call_counter_balanced":true}
.EVS Port1 1980-012-14:18:22.67686 66/1/AI_LEARNER 4: AI_LEARNER completed=2/2 mean=8987.0us max=9873.9us hal_peak=1069632 within_bounded=1
{"app":"AI_LEARNER","stage":"run","model":"b3_deepae","target":"aarch64-unknown-linux-gnu","attempted":2,"completed":2,"fail_input":0,"fail_invoke":0,"fail_output":0,"mean_us":8987.05,"max_us":9873.87,"last_us":9873.87,"out0":-34.88327,"out_elems":640,"out_sha256":"7377a66196d10b8f9095f1ec25df57b5b033488734ef3539915fd05471edb2fc","out_head":[-34.883270,-19.245007,-10.683949,-6.043216,-3.147524,1.497201],"out_tail":[-19.598969,-18.188969,-18.763275,-20.377392,-29.048273,-42.496120],"out_full_file":"/cf/last_out.json","out_full_file_bytes":7044,"out_full_file_reason":"ok","out_record_truncates":false}
{"app":"AI_LEARNER","stage":"mem","model":"b3_deepae","target":"aarch64-unknown-linux-gnu","completed":2,"hal_peak":1069632,"peak_within_bounded":true,"admitted_budget_bytes":1069632,"peak_within_admitted_budget":true,"admission_mode":"unconditional","hal_bytes_per_call_amortized":598656.0,"process_rss_kb":8136,"process_rss_delta_init_kb":1660,"max_active_calls":1,"active_calls_now":0,"call_counter_balanced":true}
EVS Port1 1980-012-14:18:26.67887 66/1/AI_LEARNER 4: AI_LEARNER completed=3/3 mean=9416.4us max=10275.2us hal_peak=1069632 within_bounded=1
{"app":"AI_LEARNER","stage":"run","model":"b3_deepae","target":"aarch64-unknown-linux-gnu","attempted":3,"completed":3,"fail_input":0,"fail_invoke":0,"fail_output":0,"mean_us":9416.44,"max_us":10275.23,"last_us":10275.23,"out0":-34.88327,"out_elems":640,"out_sha256":"7377a66196d10b8f9095f1ec25df57b5b033488734ef3539915fd05471edb2fc","out_head":[-34.883270,-19.245007,-10.683949,-6.043216,-3.147524,1.497201],"out_tail":[-19.598969,-18.188969,-18.763275,-20.377392,-29.048273,-42.496120],"out_full_file":"/cf/last_out.json","out_full_file_bytes":7044,"out_full_file_reason":"ok","out_record_truncates":false}
{"app":"AI_LEARNER","stage":"mem","model":"b3_deepae","target":"aarch64-unknown-linux-gnu","completed":3,"hal_peak":1069632,"peak_within_bounded":true,"admitted_budget_bytes":1069632,"peak_within_admitted_budget":true,"admission_mode":"unconditional","hal_bytes_per_call_amortized":400320.0,"process_rss_kb":8136,"process_rss_delta_init_kb":1660,"max_active_calls":1,"active_calls_now":0,"call_counter_balanced":true}
.EVS Port1 1980-012-14:18:30.68278 66/1/AI_LEARNER 4: AI_LEARNER completed=4/4 mean=8685.8us max=10275.2us hal_peak=1069632 within_bounded=1
{"app":"AI_LEARNER","stage":"run","model":"b3_deepae","target":"aarch64-unknown-linux-gnu","attempted":4,"completed":4,"fail_input":0,"fail_invoke":0,"fail_output":0,"mean_us":8685.84,"max_us":10275.23,"last_us":6494.05,"out0":-34.88327,"out_elems":640,"out_sha256":"7377a66196d10b8f9095f1ec25df57b5b033488734ef3539915fd05471edb2fc","out_head":[-34.883270,-19.245007,-10.683949,-6.043216,-3.147524,1.497201],"out_tail":[-19.598969,-18.188969,-18.763275,-20.377392,-29.048273,-42.496120],"out_full_file":"/cf/last_out.json","out_full_file_bytes":7044,"out_full_file_reason":"ok","out_record_truncates":false}
{"app":"AI_LEARNER","stage":"mem","model":"b3_deepae","target":"aarch64-unknown-linux-gnu","completed":4,"hal_peak":1069632,"peak_within_bounded":true,"admitted_budget_bytes":1069632,"peak_within_admitted_budget":true,"admission_mode":"unconditional","hal_bytes_per_call_amortized":301152.0,"process_rss_kb":8136,"process_rss_delta_init_kb":1660,"max_active_calls":1,"active_calls_now":0,"call_counter_balanced":true}
.EVS Port1 1980-012-14:18:34.69876 66/1/AI_LEARNER 4: AI_LEARNER completed=5/5 mean=12292.5us max=26719.0us hal_peak=1069632 within_bounded=1
{"app":"AI_LEARNER","stage":"run","model":"b3_deepae","target":"aarch64-unknown-linux-gnu","attempted":5,"completed":5,"fail_input":0,"fail_invoke":0,"fail_output":0,"mean_us":12292.47,"max_us":26718.96,"last_us":26718.96,"out0":-34.88327,"out_elems":640,"out_sha256":"7377a66196d10b8f9095f1ec25df57b5b033488734ef3539915fd05471edb2fc","out_head":[-34.883270,-19.245007,-10.683949,-6.043216,-3.147524,1.497201],"out_tail":[-19.598969,-18.188969,-18.763275,-20.377392,-29.048273,-42.496120],"out_full_file":"/cf/last_out.json","out_full_file_bytes":7044,"out_full_file_reason":"ok","out_record_truncates":false}
{"app":"AI_LEARNER","stage":"mem","model":"b3_deepae","target":"aarch64-unknown-linux-gnu","completed":5,"hal_peak":1069632,"peak_within_bounded":true,"admitted_budget_bytes":1069632,"peak_within_admitted_budget":true,"admission_mode":"unconditional","hal_bytes_per_call_amortized":241651.2,"process_rss_kb":8136,"process_rss_delta_init_kb":1660,"max_active_calls":1,"active_calls_now":0,"call_counter_balanced":true}
EVS Port1 1980-012-14:18:38.68713 66/1/AI_LEARNER 4: AI_LEARNER completed=6/6 mean=12407.9us max=26719.0us hal_peak=1069632 within_bounded=1
{"app":"AI_LEARNER","stage":"run","model":"b3_deepae","target":"aarch64-unknown-linux-gnu","attempted":6,"completed":6,"fail_input":0,"fail_invoke":0,"fail_output":0,"mean_us":12407.89,"max_us":26718.96,"last_us":12985.01,"out0":-34.88327,"out_elems":640,"out_sha256":"7377a66196d10b8f9095f1ec25df57b5b033488734ef3539915fd05471edb2fc","out_head":[-34.883270,-19.245007,-10.683949,-6.043216,-3.147524,1.497201],"out_tail":[-19.598969,-18.188969,-18.763275,-20.377392,-29.048273,-42.496120],"out_full_file":"/cf/last_out.json","out_full_file_bytes":7044,"out_full_file_reason":"ok","out_record_truncates":false}
{"app":"AI_LEARNER","stage":"mem","model":"b3_deepae","target":"aarch64-unknown-linux-gnu","completed":6,"hal_peak":1069632,"peak_within_bounded":true,"admitted_budget_bytes":1069632,"peak_within_admitted_budget":true,"admission_mode":"unconditional","hal_bytes_per_call_amortized":201984.0,"process_rss_kb":8136,"process_rss_delta_init_kb":1660,"max_active_calls":1,"active_calls_now":0,"call_counter_balanced":true}
.EVS Port1 1980-012-14:18:42.70283 66/1/AI_LEARNER 4: AI_LEARNER completed=7/7 mean=12441.2us max=26719.0us hal_peak=1069632 within_bounded=1
{"app":"AI_LEARNER","stage":"run","model":"b3_deepae","target":"aarch64-unknown-linux-gnu","attempted":7,"completed":7,"fail_input":0,"fail_invoke":0,"fail_output":0,"mean_us":12441.16,"max_us":26718.96,"last_us":12640.80,"out0":-34.88327,"out_elems":640,"out_sha256":"7377a66196d10b8f9095f1ec25df57b5b033488734ef3539915fd05471edb2fc","out_head":[-34.883270,-19.245007,-10.683949,-6.043216,-3.147524,1.497201],"out_tail":[-19.598969,-18.188969,-18.763275,-20.377392,-29.048273,-42.496120],"out_full_file":"/cf/last_out.json","out_full_file_bytes":7044,"out_full_file_reason":"ok","out_record_truncates":false}
{"app":"AI_LEARNER","stage":"mem","model":"b3_deepae","target":"aarch64-unknown-linux-gnu","completed":7,"hal_peak":1069632,"peak_within_bounded":true,"admitted_budget_bytes":1069632,"peak_within_admitted_budget":true,"admission_mode":"unconditional","hal_bytes_per_call_amortized":173650.3,"process_rss_kb":8136,"process_rss_delta_init_kb":1660,"max_active_calls":1,"active_calls_now":0,"call_counter_balanced":true}
.EVS Port1 1980-012-14:18:46.68601 66/1/AI_LEARNER 4: AI_LEARNER completed=8/8 mean=12272.4us max=26719.0us hal_peak=1069632 within_bounded=1
{"app":"AI_LEARNER","stage":"run","model":"b3_deepae","target":"aarch64-unknown-linux-gnu","attempted":8,"completed":8,"fail_input":0,"fail_invoke":0,"fail_output":0,"mean_us":12272.40,"max_us":26718.96,"last_us":11091.06,"out0":-34.88327,"out_elems":640,"out_sha256":"7377a66196d10b8f9095f1ec25df57b5b033488734ef3539915fd05471edb2fc","out_head":[-34.883270,-19.245007,-10.683949,-6.043216,-3.147524,1.497201],"out_tail":[-19.598969,-18.188969,-18.763275,-20.377392,-29.048273,-42.496120],"out_full_file":"/cf/last_out.json","out_full_file_bytes":7044,"out_full_file_reason":"ok","out_record_truncates":false}
{"app":"AI_LEARNER","stage":"mem","model":"b3_deepae","target":"aarch64-unknown-linux-gnu","completed":8,"hal_peak":1069632,"peak_within_bounded":true,"admitted_budget_bytes":1069632,"peak_within_admitted_budget":true,"admission_mode":"unconditional","hal_bytes_per_call_amortized":152400.0,"process_rss_kb":8140,"process_rss_delta_init_kb":1660,"max_active_calls":1,"active_calls_now":0,"call_counter_balanced":true}
EVS Port1 1980-012-14:18:50.69384 66/1/AI_LEARNER 4: AI_LEARNER completed=9/9 mean=12594.3us max=26719.0us hal_peak=1069632 within_bounded=1
{"app":"AI_LEARNER","stage":"run","model":"b3_deepae","target":"aarch64-unknown-linux-gnu","attempted":9,"completed":9,"fail_input":0,"fail_invoke":0,"fail_output":0,"mean_us":12594.28,"max_us":26718.96,"last_us":15169.34,"out0":-34.88327,"out_elems":640,"out_sha256":"7377a66196d10b8f9095f1ec25df57b5b033488734ef3539915fd05471edb2fc","out_head":[-34.883270,-19.245007,-10.683949,-6.043216,-3.147524,1.497201],"out_tail":[-19.598969,-18.188969,-18.763275,-20.377392,-29.048273,-42.496120],"out_full_file":"/cf/last_out.json","out_full_file_bytes":7044,"out_full_file_reason":"ok","out_record_truncates":false}
{"app":"AI_LEARNER","stage":"mem","model":"b3_deepae","target":"aarch64-unknown-linux-gnu","completed":9,"hal_peak":1069632,"peak_within_bounded":true,"admitted_budget_bytes":1069632,"peak_within_admitted_budget":true,"admission_mode":"unconditional","hal_bytes_per_call_amortized":135872.0,"process_rss_kb":8140,"process_rss_delta_init_kb":1660,"max_active_calls":1,"active_calls_now":0,"call_counter_balanced":true}
.EVS Port1 1980-012-14:18:54.68920 66/1/AI_LEARNER 4: AI_LEARNER completed=10/10 mean=12886.0us max=26719.0us hal_peak=1069632 within_bounded=1
{"app":"AI_LEARNER","stage":"run","model":"b3_deepae","target":"aarch64-unknown-linux-gnu","attempted":10,"completed":10,"fail_input":0,"fail_invoke":0,"fail_output":0,"mean_us":12885.97,"max_us":26718.96,"last_us":15511.17,"out0":-34.88327,"out_elems":640,"out_sha256":"7377a66196d10b8f9095f1ec25df57b5b033488734ef3539915fd05471edb2fc","out_head":[-34.883270,-19.245007,-10.683949,-6.043216,-3.147524,1.497201],"out_tail":[-19.598969,-18.188969,-18.763275,-20.377392,-29.048273,-42.496120],"out_full_file":"/cf/last_out.json","out_full_file_bytes":7045,"out_full_file_reason":"ok","out_record_truncates":false}
{"app":"AI_LEARNER","stage":"mem","model":"b3_deepae","target":"aarch64-unknown-linux-gnu","completed":10,"hal_peak":1069632,"peak_within_bounded":true,"admitted_budget_bytes":1069632,"peak_within_admitted_budget":true,"admission_mode":"unconditional","hal_bytes_per_call_amortized":122649.6,"process_rss_kb":8140,"process_rss_delta_init_kb":1660,"max_active_calls":1,"active_calls_now":0,"call_counter_balanced":true}
.EVS Port1 1980-012-14:18:58.68023 66/1/AI_LEARNER 4: AI_LEARNER completed=11/11 mean=12789.9us max=26719.0us hal_peak=1069632 within_bounded=1
{"app":"AI_LEARNER","stage":"run","model":"b3_deepae","target":"aarch64-unknown-linux-gnu","attempted":11,"completed":11,"fail_input":0,"fail_invoke":0,"fail_output":0,"mean_us":12789.89,"max_us":26718.96,"last_us":11829.10,"out0":-34.88327,"out_elems":640,"out_sha256":"7377a66196d10b8f9095f1ec25df57b5b033488734ef3539915fd05471edb2fc","out_head":[-34.883270,-19.245007,-10.683949,-6.043216,-3.147524,1.497201],"out_tail":[-19.598969,-18.188969,-18.763275,-20.377392,-29.048273,-42.496120],"out_full_file":"/cf/last_out.json","out_full_file_bytes":7045,"out_full_file_reason":"ok","out_record_truncates":false}
{"app":"AI_LEARNER","stage":"mem","model":"b3_deepae","target":"aarch64-unknown-linux-gnu","completed":11,"hal_peak":1069632,"peak_within_bounded":true,"admitted_budget_bytes":1069632,"peak_within_admitted_budget":true,"admission_mode":"unconditional","hal_bytes_per_call_amortized":111831.3,"process_rss_kb":8140,"process_rss_delta_init_kb":1660,"max_active_calls":1,"active_calls_now":0,"call_counter_balanced":true}
EVS Port1 1980-012-14:19:02.68371 66/1/AI_LEARNER 4: AI_LEARNER completed=12/12 mean=12929.8us max=26719.0us hal_peak=1069632 within_bounded=1
{"app":"AI_LEARNER","stage":"run","model":"b3_deepae","target":"aarch64-unknown-linux-gnu","attempted":12,"completed":12,"fail_input":0,"fail_invoke":0,"fail_output":0,"mean_us":12929.83,"max_us":26718.96,"last_us":14469.10,"out0":-34.88327,"out_elems":640,"out_sha256":"7377a66196d10b8f9095f1ec25df57b5b033488734ef3539915fd05471edb2fc","out_head":[-34.883270,-19.245007,-10.683949,-6.043216,-3.147524,1.497201],"out_tail":[-19.598969,-18.188969,-18.763275,-20.377392,-29.048273,-42.496120],"out_full_file":"/cf/last_out.json","out_full_file_bytes":7045,"out_full_file_reason":"ok","out_record_truncates":false}
{"app":"AI_LEARNER","stage":"mem","model":"b3_deepae","target":"aarch64-unknown-linux-gnu","completed":12,"hal_peak":1069632,"peak_within_bounded":true,"admitted_budget_bytes":1069632,"peak_within_admitted_budget":true,"admission_mode":"unconditional","hal_bytes_per_call_amortized":102816.0,"process_rss_kb":8140,"process_rss_delta_init_kb":1660,"max_active_calls":1,"active_calls_now":0,"call_counter_balanced":true}
.EVS Port1 1980-012-14:19:06.67851 66/1/AI_LEARNER 4: AI_LEARNER completed=13/13 mean=12909.3us max=26719.0us hal_peak=1069632 within_bounded=1
{"app":"AI_LEARNER","stage":"run","model":"b3_deepae","target":"aarch64-unknown-linux-gnu","attempted":13,"completed":13,"fail_input":0,"fail_invoke":0,"fail_output":0,"mean_us":12909.28,"max_us":26718.96,"last_us":12662.66,"out0":-34.88327,"out_elems":640,"out_sha256":"7377a66196d10b8f9095f1ec25df57b5b033488734ef3539915fd05471edb2fc","out_head":[-34.883270,-19.245007,-10.683949,-6.043216,-3.147524,1.497201],"out_tail":[-19.598969,-18.188969,-18.763275,-20.377392,-29.048273,-42.496120],"out_full_file":"/cf/last_out.json","out_full_file_bytes":7045,"out_full_file_reason":"ok","out_record_truncates":false}
{"app":"AI_LEARNER","stage":"mem","model":"b3_deepae","target":"aarch64-unknown-linux-gnu","completed":13,"hal_peak":1069632,"peak_within_bounded":true,"admitted_budget_bytes":1069632,"peak_within_admitted_budget":true,"admission_mode":"unconditional","hal_bytes_per_call_amortized":95187.7,"process_rss_kb":8140,"process_rss_delta_init_kb":1660,"max_active_calls":1,"active_calls_now":0,"call_counter_balanced":true}
.EVS Port1 1980-012-14:19:10.67994 66/1/AI_LEARNER 4: AI_LEARNER completed=14/14 mean=12904.6us max=26719.0us hal_peak=1069632 within_bounded=1
{"app":"AI_LEARNER","stage":"run","model":"b3_deepae","target":"aarch64-unknown-linux-gnu","attempted":14,"completed":14,"fail_input":0,"fail_invoke":0,"fail_output":0,"mean_us":12904.59,"max_us":26718.96,"last_us":12843.65,"out0":-34.88327,"out_elems":640,"out_sha256":"7377a66196d10b8f9095f1ec25df57b5b033488734ef3539915fd05471edb2fc","out_head":[-34.883270,-19.245007,-10.683949,-6.043216,-3.147524,1.497201],"out_tail":[-19.598969,-18.188969,-18.763275,-20.377392,-29.048273,-42.496120],"out_full_file":"/cf/last_out.json","out_full_file_bytes":7045,"out_full_file_reason":"ok","out_record_truncates":false}
{"app":"AI_LEARNER","stage":"mem","model":"b3_deepae","target":"aarch64-unknown-linux-gnu","completed":14,"hal_peak":1069632,"peak_within_bounded":true,"admitted_budget_bytes":1069632,"peak_within_admitted_budget":true,"admission_mode":"unconditional","hal_bytes_per_call_amortized":88649.1,"process_rss_kb":8140,"process_rss_delta_init_kb":1660,"max_active_calls":1,"active_calls_now":0,"call_counter_balanced":true}
EVS Port1 1980-012-14:19:14.68287 66/1/AI_LEARNER 4: AI_LEARNER completed=15/15 mean=13001.0us max=26719.0us hal_peak=1069632 within_bounded=1
{"app":"AI_LEARNER","stage":"run","model":"b3_deepae","target":"aarch64-unknown-linux-gnu","attempted":15,"completed":15,"fail_input":0,"fail_invoke":0,"fail_output":0,"mean_us":13000.99,"max_us":26718.96,"last_us":14350.56,"out0":-34.88327,"out_elems":640,"out_sha256":"7377a66196d10b8f9095f1ec25df57b5b033488734ef3539915fd05471edb2fc","out_head":[-34.883270,-19.245007,-10.683949,-6.043216,-3.147524,1.497201],"out_tail":[-19.598969,-18.188969,-18.763275,-20.377392,-29.048273,-42.496120],"out_full_file":"/cf/last_out.json","out_full_file_bytes":7045,"out_full_file_reason":"ok","out_record_truncates":false}
{"app":"AI_LEARNER","stage":"mem","model":"b3_deepae","target":"aarch64-unknown-linux-gnu","completed":15,"hal_peak":1069632,"peak_within_bounded":true,"admitted_budget_bytes":1069632,"peak_within_admitted_budget":true,"admission_mode":"unconditional","hal_bytes_per_call_amortized":82982.4,"process_rss_kb":8140,"process_rss_delta_init_kb":1660,"max_active_calls":1,"active_calls_now":0,"call_counter_balanced":true}
.EVS Port1 1980-012-14:19:18.67422 66/1/AI_LEARNER 4: AI_LEARNER completed=16/16 mean=12780.1us max=26719.0us hal_peak=1069632 within_bounded=1
{"app":"AI_LEARNER","stage":"run","model":"b3_deepae","target":"aarch64-unknown-linux-gnu","attempted":16,"completed":16,"fail_input":0,"fail_invoke":0,"fail_output":0,"mean_us":12780.12,"max_us":26718.96,"last_us":9467.17,"out0":-34.88327,"out_elems":640,"out_sha256":"7377a66196d10b8f9095f1ec25df57b5b033488734ef3539915fd05471edb2fc","out_head":[-34.883270,-19.245007,-10.683949,-6.043216,-3.147524,1.497201],"out_tail":[-19.598969,-18.188969,-18.763275,-20.377392,-29.048273,-42.496120],"out_full_file":"/cf/last_out.json","out_full_file_bytes":7045,"out_full_file_reason":"ok","out_record_truncates":false}
{"app":"AI_LEARNER","stage":"mem","model":"b3_deepae","target":"aarch64-unknown-linux-gnu","completed":16,"hal_peak":1069632,"peak_within_bounded":true,"admitted_budget_bytes":1069632,"peak_within_admitted_budget":true,"admission_mode":"unconditional","hal_bytes_per_call_amortized":78024.0,"process_rss_kb":8140,"process_rss_delta_init_kb":1660,"max_active_calls":1,"active_calls_now":0,"call_counter_balanced":true}
.EVS Port1 1980-012-14:19:22.68106 66/1/AI_LEARNER 4: AI_LEARNER completed=17/17 mean=12645.9us max=26719.0us hal_peak=1069632 within_bounded=1
{"app":"AI_LEARNER","stage":"run","model":"b3_deepae","target":"aarch64-unknown-linux-gnu","attempted":17,"completed":17,"fail_input":0,"fail_invoke":0,"fail_output":0,"mean_us":12645.85,"max_us":26718.96,"last_us":10497.50,"out0":-34.88327,"out_elems":640,"out_sha256":"7377a66196d10b8f9095f1ec25df57b5b033488734ef3539915fd05471edb2fc","out_head":[-34.883270,-19.245007,-10.683949,-6.043216,-3.147524,1.497201],"out_tail":[-19.598969,-18.188969,-18.763275,-20.377392,-29.048273,-42.496120],"out_full_file":"/cf/last_out.json","out_full_file_bytes":7045,"out_full_file_reason":"ok","out_record_truncates":false}
{"app":"AI_LEARNER","stage":"mem","model":"b3_deepae","target":"aarch64-unknown-linux-gnu","completed":17,"hal_peak":1069632,"peak_within_bounded":true,"admitted_budget_bytes":1069632,"peak_within_admitted_budget":true,"admission_mode":"unconditional","hal_bytes_per_call_amortized":73648.9,"process_rss_kb":8140,"process_rss_delta_init_kb":1660,"max_active_calls":1,"active_calls_now":0,"call_counter_balanced":true}
EVS Port1 1980-012-14:19:26.68447 66/1/AI_LEARNER 4: AI_LEARNER completed=18/18 mean=12559.5us max=26719.0us hal_peak=1069632 within_bounded=1
{"app":"AI_LEARNER","stage":"run","model":"b3_deepae","target":"aarch64-unknown-linux-gnu","attempted":18,"completed":18,"fail_input":0,"fail_invoke":0,"fail_output":0,"mean_us":12559.54,"max_us":26718.96,"last_us":11092.19,"out0":-34.88327,"out_elems":640,"out_sha256":"7377a66196d10b8f9095f1ec25df57b5b033488734ef3539915fd05471edb2fc","out_head":[-34.883270,-19.245007,-10.683949,-6.043216,-3.147524,1.497201],"out_tail":[-19.598969,-18.188969,-18.763275,-20.377392,-29.048273,-42.496120],"out_full_file":"/cf/last_out.json","out_full_file_bytes":7045,"out_full_file_reason":"ok","out_record_truncates":false}
{"app":"AI_LEARNER","stage":"mem","model":"b3_deepae","target":"aarch64-unknown-linux-gnu","completed":18,"hal_peak":1069632,"peak_within_bounded":true,"admitted_budget_bytes":1069632,"peak_within_admitted_budget":true,"admission_mode":"unconditional","hal_bytes_per_call_amortized":69760.0,"process_rss_kb":8140,"process_rss_delta_init_kb":1660,"max_active_calls":1,"active_calls_now":0,"call_counter_balanced":true}
.EVS Port1 1980-012-14:19:30.68133 66/1/AI_LEARNER 4: AI_LEARNER completed=19/19 mean=12472.6us max=26719.0us hal_peak=1069632 within_bounded=1
{"app":"AI_LEARNER","stage":"run","model":"b3_deepae","target":"aarch64-unknown-linux-gnu","attempted":19,"completed":19,"fail_input":0,"fail_invoke":0,"fail_output":0,"mean_us":12472.64,"max_us":26718.96,"last_us":10908.56,"out0":-34.88327,"out_elems":640,"out_sha256":"7377a66196d10b8f9095f1ec25df57b5b033488734ef3539915fd05471edb2fc","out_head":[-34.883270,-19.245007,-10.683949,-6.043216,-3.147524,1.497201],"out_tail":[-19.598969,-18.188969,-18.763275,-20.377392,-29.048273,-42.496120],"out_full_file":"/cf/last_out.json","out_full_file_bytes":7045,"out_full_file_reason":"ok","out_record_truncates":false}
{"app":"AI_LEARNER","stage":"mem","model":"b3_deepae","target":"aarch64-unknown-linux-gnu","completed":19,"hal_peak":1069632,"peak_within_bounded":true,"admitted_budget_bytes":1069632,"peak_within_admitted_budget":true,"admission_mode":"unconditional","hal_bytes_per_call_amortized":66280.4,"process_rss_kb":8140,"process_rss_delta_init_kb":1660,"max_active_calls":1,"active_calls_now":0,"call_counter_balanced":true}
.EVS Port1 1980-012-14:19:34.68902 66/1/AI_LEARNER 4: AI_LEARNER completed=20/20 mean=12190.7us max=26719.0us hal_peak=1069632 within_bounded=1
{"app":"AI_LEARNER","stage":"run","model":"b3_deepae","target":"aarch64-unknown-linux-gnu","attempted":20,"completed":20,"fail_input":0,"fail_invoke":0,"fail_output":0,"mean_us":12190.69,"max_us":26718.96,"last_us":6833.65,"out0":-34.88327,"out_elems":640,"out_sha256":"7377a66196d10b8f9095f1ec25df57b5b033488734ef3539915fd05471edb2fc","out_head":[-34.883270,-19.245007,-10.683949,-6.043216,-3.147524,1.497201],"out_tail":[-19.598969,-18.188969,-18.763275,-20.377392,-29.048273,-42.496120],"out_full_file":"/cf/last_out.json","out_full_file_bytes":7045,"out_full_file_reason":"ok","out_record_truncates":false}
{"app":"AI_LEARNER","stage":"mem","model":"b3_deepae","target":"aarch64-unknown-linux-gnu","completed":20,"hal_peak":1069632,"peak_within_bounded":true,"admitted_budget_bytes":1069632,"peak_within_admitted_budget":true,"admission_mode":"unconditional","hal_bytes_per_call_amortized":63148.8,"process_rss_kb":8140,"process_rss_delta_init_kb":1660,"max_active_calls":1,"active_calls_now":0,"call_counter_balanced":true}
EVS Port1 1980-012-14:19:38.69097 66/1/AI_LEARNER 4: AI_LEARNER completed=21/21 mean=12367.6us max=26719.0us hal_peak=1069632 within_bounded=1
{"app":"AI_LEARNER","stage":"run","model":"b3_deepae","target":"aarch64-unknown-linux-gnu","attempted":21,"completed":21,"fail_input":0,"fail_invoke":0,"fail_output":0,"mean_us":12367.57,"max_us":26718.96,"last_us":15905.12,"out0":-34.88327,"out_elems":640,"out_sha256":"7377a66196d10b8f9095f1ec25df57b5b033488734ef3539915fd05471edb2fc","out_head":[-34.883270,-19.245007,-10.683949,-6.043216,-3.147524,1.497201],"out_tail":[-19.598969,-18.188969,-18.763275,-20.377392,-29.048273,-42.496120],"out_full_file":"/cf/last_out.json","out_full_file_bytes":7045,"out_full_file_reason":"ok","out_record_truncates":false}
{"app":"AI_LEARNER","stage":"mem","model":"b3_deepae","target":"aarch64-unknown-linux-gnu","completed":21,"hal_peak":1069632,"peak_within_bounded":true,"admitted_budget_bytes":1069632,"peak_within_admitted_budget":true,"admission_mode":"unconditional","hal_bytes_per_call_amortized":60315.4,"process_rss_kb":8140,"process_rss_delta_init_kb":1660,"max_active_calls":1,"active_calls_now":0,"call_counter_balanced":true}
.EVS Port1 1980-012-14:19:42.70770 66/1/AI_LEARNER 4: AI_LEARNER completed=22/22 mean=12655.8us max=26719.0us hal_peak=1069632 within_bounded=1
{"app":"AI_LEARNER","stage":"run","model":"b3_deepae","target":"aarch64-unknown-linux-gnu","attempted":22,"completed":22,"fail_input":0,"fail_invoke":0,"fail_output":0,"mean_us":12655.85,"max_us":26718.96,"last_us":18709.71,"out0":-34.88327,"out_elems":640,"out_sha256":"7377a66196d10b8f9095f1ec25df57b5b033488734ef3539915fd05471edb2fc","out_head":[-34.883270,-19.245007,-10.683949,-6.043216,-3.147524,1.497201],"out_tail":[-19.598969,-18.188969,-18.763275,-20.377392,-29.048273,-42.496120],"out_full_file":"/cf/last_out.json","out_full_file_bytes":7045,"out_full_file_reason":"ok","out_record_truncates":false}
{"app":"AI_LEARNER","stage":"mem","model":"b3_deepae","target":"aarch64-unknown-linux-gnu","completed":22,"hal_peak":1069632,"peak_within_bounded":true,"admitted_budget_bytes":1069632,"peak_within_admitted_budget":true,"admission_mode":"unconditional","hal_bytes_per_call_amortized":57739.6,"process_rss_kb":8140,"process_rss_delta_init_kb":1660,"max_active_calls":1,"active_calls_now":0,"call_counter_balanced":true}
.EVS Port1 1980-012-14:19:46.69346 66/1/AI_LEARNER 4: AI_LEARNER completed=23/23 mean=13400.3us max=29777.4us hal_peak=1069632 within_bounded=1
{"app":"AI_LEARNER","stage":"run","model":"b3_deepae","target":"aarch64-unknown-linux-gnu","attempted":23,"completed":23,"fail_input":0,"fail_invoke":0,"fail_output":0,"mean_us":13400.26,"max_us":29777.39,"last_us":29777.39,"out0":-34.88327,"out_elems":640,"out_sha256":"7377a66196d10b8f9095f1ec25df57b5b033488734ef3539915fd05471edb2fc","out_head":[-34.883270,-19.245007,-10.683949,-6.043216,-3.147524,1.497201],"out_tail":[-19.598969,-18.188969,-18.763275,-20.377392,-29.048273,-42.496120],"out_full_file":"/cf/last_out.json","out_full_file_bytes":7045,"out_full_file_reason":"ok","out_record_truncates":false}
{"app":"AI_LEARNER","stage":"mem","model":"b3_deepae","target":"aarch64-unknown-linux-gnu","completed":23,"hal_peak":1069632,"peak_within_bounded":true,"admitted_budget_bytes":1069632,"peak_within_admitted_budget":true,"admission_mode":"unconditional","hal_bytes_per_call_amortized":55387.8,"process_rss_kb":8140,"process_rss_delta_init_kb":1660,"max_active_calls":1,"active_calls_now":0,"call_counter_balanced":true}
EVS Port1 1980-012-14:19:50.70501 66/1/AI_LEARNER 4: AI_LEARNER completed=24/24 mean=13790.9us max=29777.4us hal_peak=1069632 within_bounded=1
{"app":"AI_LEARNER","stage":"run","model":"b3_deepae","target":"aarch64-unknown-linux-gnu","attempted":24,"completed":24,"fail_input":0,"fail_invoke":0,"fail_output":0,"mean_us":13790.86,"max_us":29777.39,"last_us":22774.61,"out0":-34.88327,"out_elems":640,"out_sha256":"7377a66196d10b8f9095f1ec25df57b5b033488734ef3539915fd05471edb2fc","out_head":[-34.883270,-19.245007,-10.683949,-6.043216,-3.147524,1.497201],"out_tail":[-19.598969,-18.188969,-18.763275,-20.377392,-29.048273,-42.496120],"out_full_file":"/cf/last_out.json","out_full_file_bytes":7045,"out_full_file_reason":"ok","out_record_truncates":false}
{"app":"AI_LEARNER","stage":"mem","model":"b3_deepae","target":"aarch64-unknown-linux-gnu","completed":24,"hal_peak":1069632,"peak_within_bounded":true,"admitted_budget_bytes":1069632,"peak_within_admitted_budget":true,"admission_mode":"unconditional","hal_bytes_per_call_amortized":53232.0,"process_rss_kb":8140,"process_rss_delta_init_kb":1660,"max_active_calls":1,"active_calls_now":0,"call_counter_balanced":true}
.EVS Port1 1980-012-14:19:54.69070 66/1/AI_LEARNER 4: AI_LEARNER completed=25/25 mean=13604.9us max=29777.4us hal_peak=1069632 within_bounded=1
{"app":"AI_LEARNER","stage":"run","model":"b3_deepae","target":"aarch64-unknown-linux-gnu","attempted":25,"completed":25,"fail_input":0,"fail_invoke":0,"fail_output":0,"mean_us":13604.90,"max_us":29777.39,"last_us":9141.76,"out0":-34.88327,"out_elems":640,"out_sha256":"7377a66196d10b8f9095f1ec25df57b5b033488734ef3539915fd05471edb2fc","out_head":[-34.883270,-19.245007,-10.683949,-6.043216,-3.147524,1.497201],"out_tail":[-19.598969,-18.188969,-18.763275,-20.377392,-29.048273,-42.496120],"out_full_file":"/cf/last_out.json","out_full_file_bytes":7045,"out_full_file_reason":"ok","out_record_truncates":false}
{"app":"AI_LEARNER","stage":"mem","model":"b3_deepae","target":"aarch64-unknown-linux-gnu","completed":25,"hal_peak":1069632,"peak_within_bounded":true,"admitted_budget_bytes":1069632,"peak_within_admitted_budget":true,"admission_mode":"unconditional","hal_bytes_per_call_amortized":51248.6,"process_rss_kb":8140,"process_rss_delta_init_kb":1660,"max_active_calls":1,"active_calls_now":0,"call_counter_balanced":true}
.EVS Port1 1980-012-14:19:58.68684 66/1/AI_LEARNER 4: AI_LEARNER completed=26/26 mean=13606.0us max=29777.4us hal_peak=1069632 within_bounded=1
{"app":"AI_LEARNER","stage":"run","model":"b3_deepae","target":"aarch64-unknown-linux-gnu","attempted":26,"completed":26,"fail_input":0,"fail_invoke":0,"fail_output":0,"mean_us":13606.04,"max_us":29777.39,"last_us":13634.59,"out0":-34.88327,"out_elems":640,"out_sha256":"7377a66196d10b8f9095f1ec25df57b5b033488734ef3539915fd05471edb2fc","out_head":[-34.883270,-19.245007,-10.683949,-6.043216,-3.147524,1.497201],"out_tail":[-19.598969,-18.188969,-18.763275,-20.377392,-29.048273,-42.496120],"out_full_file":"/cf/last_out.json","out_full_file_bytes":7045,"out_full_file_reason":"ok","out_record_truncates":false}
{"app":"AI_LEARNER","stage":"mem","model":"b3_deepae","target":"aarch64-unknown-linux-gnu","completed":26,"hal_peak":1069632,"peak_within_bounded":true,"admitted_budget_bytes":1069632,"peak_within_admitted_budget":true,"admission_mode":"unconditional","hal_bytes_per_call_amortized":49417.8,"process_rss_kb":8140,"process_rss_delta_init_kb":1660,"max_active_calls":1,"active_calls_now":0,"call_counter_balanced":true}
EVS Port1 1980-012-14:20:02.68231 66/1/AI_LEARNER 4: AI_LEARNER completed=27/27 mean=13257.7us max=29777.4us hal_peak=1069632 within_bounded=1
{"app":"AI_LEARNER","stage":"run","model":"b3_deepae","target":"aarch64-unknown-linux-gnu","attempted":27,"completed":27,"fail_input":0,"fail_invoke":0,"fail_output":0,"mean_us":13257.66,"max_us":29777.39,"last_us":4199.76,"out0":-34.88327,"out_elems":640,"out_sha256":"7377a66196d10b8f9095f1ec25df57b5b033488734ef3539915fd05471edb2fc","out_head":[-34.883270,-19.245007,-10.683949,-6.043216,-3.147524,1.497201],"out_tail":[-19.598969,-18.188969,-18.763275,-20.377392,-29.048273,-42.496120],"out_full_file":"/cf/last_out.json","out_full_file_bytes":7045,"out_full_file_reason":"ok","out_record_truncates":false}
{"app":"AI_LEARNER","stage":"mem","model":"b3_deepae","target":"aarch64-unknown-linux-gnu","completed":27,"hal_peak":1069632,"peak_within_bounded":true,"admitted_budget_bytes":1069632,"peak_within_admitted_budget":true,"admission_mode":"unconditional","hal_bytes_per_call_amortized":47722.7,"process_rss_kb":8140,"process_rss_delta_init_kb":1660,"max_active_calls":1,"active_calls_now":0,"call_counter_balanced":true}
.EVS Port1 1980-012-14:20:06.67787 66/1/AI_LEARNER 4: AI_LEARNER completed=28/28 mean=13433.2us max=29777.4us hal_peak=1069632 within_bounded=1
{"app":"AI_LEARNER","stage":"run","model":"b3_deepae","target":"aarch64-unknown-linux-gnu","attempted":28,"completed":28,"fail_input":0,"fail_invoke":0,"fail_output":0,"mean_us":13433.23,"max_us":29777.39,"last_us":18173.73,"out0":-34.88327,"out_elems":640,"out_sha256":"7377a66196d10b8f9095f1ec25df57b5b033488734ef3539915fd05471edb2fc","out_head":[-34.883270,-19.245007,-10.683949,-6.043216,-3.147524,1.497201],"out_tail":[-19.598969,-18.188969,-18.763275,-20.377392,-29.048273,-42.496120],"out_full_file":"/cf/last_out.json","out_full_file_bytes":7045,"out_full_file_reason":"ok","out_record_truncates":false}
{"app":"AI_LEARNER","stage":"mem","model":"b3_deepae","target":"aarch64-unknown-linux-gnu","completed":28,"hal_peak":1069632,"peak_within_bounded":true,"admitted_budget_bytes":1069632,"peak_within_admitted_budget":true,"admission_mode":"unconditional","hal_bytes_per_call_amortized":46148.6,"process_rss_kb":8140,"process_rss_delta_init_kb":1660,"max_active_calls":1,"active_calls_now":0,"call_counter_balanced":true}
.EVS Port1 1980-012-14:20:10.67942 66/1/AI_LEARNER 4: AI_LEARNER completed=29/29 mean=13392.6us max=29777.4us hal_peak=1069632 within_bounded=1
{"app":"AI_LEARNER","stage":"run","model":"b3_deepae","target":"aarch64-unknown-linux-gnu","attempted":29,"completed":29,"fail_input":0,"fail_invoke":0,"fail_output":0,"mean_us":13392.56,"max_us":29777.39,"last_us":12253.86,"out0":-34.88327,"out_elems":640,"out_sha256":"7377a66196d10b8f9095f1ec25df57b5b033488734ef3539915fd05471edb2fc","out_head":[-34.883270,-19.245007,-10.683949,-6.043216,-3.147524,1.497201],"out_tail":[-19.598969,-18.188969,-18.763275,-20.377392,-29.048273,-42.496120],"out_full_file":"/cf/last_out.json","out_full_file_bytes":7045,"out_full_file_reason":"ok","out_record_truncates":false}
{"app":"AI_LEARNER","stage":"mem","model":"b3_deepae","target":"aarch64-unknown-linux-gnu","completed":29,"hal_peak":1069632,"peak_within_bounded":true,"admitted_budget_bytes":1069632,"peak_within_admitted_budget":true,"admission_mode":"unconditional","hal_bytes_per_call_amortized":44683.0,"process_rss_kb":8140,"process_rss_delta_init_kb":1660,"max_active_calls":1,"active_calls_now":0,"call_counter_balanced":true}
EVS Port1 1980-012-14:20:14.70910 66/1/AI_LEARNER 4: AI_LEARNER completed=30/30 mean=13834.3us max=29777.4us hal_peak=1069632 within_bounded=1
{"app":"AI_LEARNER","stage":"run","model":"b3_deepae","target":"aarch64-unknown-linux-gnu","attempted":30,"completed":30,"fail_input":0,"fail_invoke":0,"fail_output":0,"mean_us":13834.26,"max_us":29777.39,"last_us":26643.39,"out0":-34.88327,"out_elems":640,"out_sha256":"7377a66196d10b8f9095f1ec25df57b5b033488734ef3539915fd05471edb2fc","out_head":[-34.883270,-19.245007,-10.683949,-6.043216,-3.147524,1.497201],"out_tail":[-19.598969,-18.188969,-18.763275,-20.377392,-29.048273,-42.496120],"out_full_file":"/cf/last_out.json","out_full_file_bytes":7045,"out_full_file_reason":"ok","out_record_truncates":false}
{"app":"AI_LEARNER","stage":"mem","model":"b3_deepae","target":"aarch64-unknown-linux-gnu","completed":30,"hal_peak":1069632,"peak_within_bounded":true,"admitted_budget_bytes":1069632,"peak_within_admitted_budget":true,"admission_mode":"unconditional","hal_bytes_per_call_amortized":43315.2,"process_rss_kb":8140,"process_rss_delta_init_kb":1660,"max_active_calls":1,"active_calls_now":0,"call_counter_balanced":true}
.EVS Port1 1980-012-14:20:18.68093 66/1/AI_LEARNER 4: AI_LEARNER completed=31/31 mean=13792.6us max=29777.4us hal_peak=1069632 within_bounded=1
{"app":"AI_LEARNER","stage":"run","model":"b3_deepae","target":"aarch64-unknown-linux-gnu","attempted":31,"completed":31,"fail_input":0,"fail_invoke":0,"fail_output":0,"mean_us":13792.60,"max_us":29777.39,"last_us":12542.85,"out0":-34.88327,"out_elems":640,"out_sha256":"7377a66196d10b8f9095f1ec25df57b5b033488734ef3539915fd05471edb2fc","out_head":[-34.883270,-19.245007,-10.683949,-6.043216,-3.147524,1.497201],"out_tail":[-19.598969,-18.188969,-18.763275,-20.377392,-29.048273,-42.496120],"out_full_file":"/cf/last_out.json","out_full_file_bytes":7045,"out_full_file_reason":"ok","out_record_truncates":false}
{"app":"AI_LEARNER","stage":"mem","model":"b3_deepae","target":"aarch64-unknown-linux-gnu","completed":31,"hal_peak":1069632,"peak_within_bounded":true,"admitted_budget_bytes":1069632,"peak_within_admitted_budget":true,"admission_mode":"unconditional","hal_bytes_per_call_amortized":42035.6,"process_rss_kb":8140,"process_rss_delta_init_kb":1660,"max_active_calls":1,"active_calls_now":0,"call_counter_balanced":true}
.EVS Port1 1980-012-14:20:22.66278 66/1/AI_LEARNER 4: AI_LEARNER completed=32/32 mean=13674.5us max=29777.4us hal_peak=1069632 within_bounded=1
{"app":"AI_LEARNER","stage":"run","model":"b3_deepae","target":"aarch64-unknown-linux-gnu","attempted":32,"completed":32,"fail_input":0,"fail_invoke":0,"fail_output":0,"mean_us":13674.54,"max_us":29777.39,"last_us":10014.67,"out0":-34.88327,"out_elems":640,"out_sha256":"7377a66196d10b8f9095f1ec25df57b5b033488734ef3539915fd05471edb2fc","out_head":[-34.883270,-19.245007,-10.683949,-6.043216,-3.147524,1.497201],"out_tail":[-19.598969,-18.188969,-18.763275,-20.377392,-29.048273,-42.496120],"out_full_file":"/cf/last_out.json","out_full_file_bytes":7045,"out_full_file_reason":"ok","out_record_truncates":false}
{"app":"AI_LEARNER","stage":"mem","model":"b3_deepae","target":"aarch64-unknown-linux-gnu","completed":32,"hal_peak":1069632,"peak_within_bounded":true,"admitted_budget_bytes":1069632,"peak_within_admitted_budget":true,"admission_mode":"unconditional","hal_bytes_per_call_amortized":40836.0,"process_rss_kb":8140,"process_rss_delta_init_kb":1660,"max_active_calls":1,"active_calls_now":0,"call_counter_balanced":true}
EVS Port1 1980-012-14:20:26.68180 66/1/AI_LEARNER 4: AI_LEARNER completed=33/33 mean=13693.0us max=29777.4us hal_peak=1069632 within_bounded=1
{"app":"AI_LEARNER","stage":"run","model":"b3_deepae","target":"aarch64-unknown-linux-gnu","attempted":33,"completed":33,"fail_input":0,"fail_invoke":0,"fail_output":0,"mean_us":13693.00,"max_us":29777.39,"last_us":14283.60,"out0":-34.88327,"out_elems":640,"out_sha256":"7377a66196d10b8f9095f1ec25df57b5b033488734ef3539915fd05471edb2fc","out_head":[-34.883270,-19.245007,-10.683949,-6.043216,-3.147524,1.497201],"out_tail":[-19.598969,-18.188969,-18.763275,-20.377392,-29.048273,-42.496120],"out_full_file":"/cf/last_out.json","out_full_file_bytes":7045,"out_full_file_reason":"ok","out_record_truncates":false}
{"app":"AI_LEARNER","stage":"mem","model":"b3_deepae","target":"aarch64-unknown-linux-gnu","completed":33,"hal_peak":1069632,"peak_within_bounded":true,"admitted_budget_bytes":1069632,"peak_within_admitted_budget":true,"admission_mode":"unconditional","hal_bytes_per_call_amortized":39709.1,"process_rss_kb":8140,"process_rss_delta_init_kb":1660,"max_active_calls":1,"active_calls_now":0,"call_counter_balanced":true}
.EVS Port1 1980-012-14:20:30.00396 66/1/CFE_TIME 21: Stop FLYWHEEL
EVS Port1 1980-012-14:20:30.69421 66/1/AI_LEARNER 4: AI_LEARNER completed=34/34 mean=13676.6us max=29777.4us hal_peak=1069632 within_bounded=1
{"app":"AI_LEARNER","stage":"run","model":"b3_deepae","target":"aarch64-unknown-linux-gnu","attempted":34,"completed":34,"fail_input":0,"fail_invoke":0,"fail_output":0,"mean_us":13676.60,"max_us":29777.39,"last_us":13135.41,"out0":-34.88327,"out_elems":640,"out_sha256":"7377a66196d10b8f9095f1ec25df57b5b033488734ef3539915fd05471edb2fc","out_head":[-34.883270,-19.245007,-10.683949,-6.043216,-3.147524,1.497201],"out_tail":[-19.598969,-18.188969,-18.763275,-20.377392,-29.048273,-42.496120],"out_full_file":"/cf/last_out.json","out_full_file_bytes":7045,"out_full_file_reason":"ok","out_record_truncates":false}
{"app":"AI_LEARNER","stage":"mem","model":"b3_deepae","target":"aarch64-unknown-linux-gnu","completed":34,"hal_peak":1069632,"peak_within_bounded":true,"admitted_budget_bytes":1069632,"peak_within_admitted_budget":true,"admission_mode":"unconditional","hal_bytes_per_call_amortized":38648.5,"process_rss_kb":8140,"process_rss_delta_init_kb":1660,"max_active_calls":1,"active_calls_now":0,"call_counter_balanced":true}
EVS Port1 1980-012-14:20:30.99510 66/1/CFE_TIME 20: Start FLYWHEEL
.EVS Port1 1980-012-14:20:34.68215 66/1/AI_LEARNER 4: AI_LEARNER completed=35/35 mean=13786.3us max=29777.4us hal_peak=1069632 within_bounded=1
{"app":"AI_LEARNER","stage":"run","model":"b3_deepae","target":"aarch64-unknown-linux-gnu","attempted":35,"completed":35,"fail_input":0,"fail_invoke":0,"fail_output":0,"mean_us":13786.32,"max_us":29777.39,"last_us":17516.88,"out0":-34.88327,"out_elems":640,"out_sha256":"7377a66196d10b8f9095f1ec25df57b5b033488734ef3539915fd05471edb2fc","out_head":[-34.883270,-19.245007,-10.683949,-6.043216,-3.147524,1.497201],"out_tail":[-19.598969,-18.188969,-18.763275,-20.377392,-29.048273,-42.496120],"out_full_file":"/cf/last_out.json","out_full_file_bytes":7045,"out_full_file_reason":"ok","out_record_truncates":false}
{"app":"AI_LEARNER","stage":"mem","model":"b3_deepae","target":"aarch64-unknown-linux-gnu","completed":35,"hal_peak":1069632,"peak_within_bounded":true,"admitted_budget_bytes":1069632,"peak_within_admitted_budget":true,"admission_mode":"unconditional","hal_bytes_per_call_amortized":37648.5,"process_rss_kb":8144,"process_rss_delta_init_kb":1660,"max_active_calls":1,"active_calls_now":0,"call_counter_balanced":true}
EVS Port1 1980-012-14:20:38.69770 66/1/AI_LEARNER 4: AI_LEARNER completed=36/36 mean=14055.4us max=29777.4us hal_peak=1069632 within_bounded=1
{"app":"AI_LEARNER","stage":"run","model":"b3_deepae","target":"aarch64-unknown-linux-gnu","attempted":36,"completed":36,"fail_input":0,"fail_invoke":0,"fail_output":0,"mean_us":14055.39,"max_us":29777.39,"last_us":23472.96,"out0":-34.88327,"out_elems":640,"out_sha256":"7377a66196d10b8f9095f1ec25df57b5b033488734ef3539915fd05471edb2fc","out_head":[-34.883270,-19.245007,-10.683949,-6.043216,-3.147524,1.497201],"out_tail":[-19.598969,-18.188969,-18.763275,-20.377392,-29.048273,-42.496120],"out_full_file":"/cf/last_out.json","out_full_file_bytes":7045,"out_full_file_reason":"ok","out_record_truncates":false}
{"app":"AI_LEARNER","stage":"mem","model":"b3_deepae","target":"aarch64-unknown-linux-gnu","completed":36,"hal_peak":1069632,"peak_within_bounded":true,"admitted_budget_bytes":1069632,"peak_within_admitted_budget":true,"admission_mode":"unconditional","hal_bytes_per_call_amortized":36704.0,"process_rss_kb":8144,"process_rss_delta_init_kb":1660,"max_active_calls":1,"active_calls_now":0,"call_counter_balanced":true}
.EVS Port1 1980-012-14:20:42.69976 66/1/AI_LEARNER 4: AI_LEARNER completed=37/37 mean=14052.1us max=29777.4us hal_peak=1069632 within_bounded=1
{"app":"AI_LEARNER","stage":"run","model":"b3_deepae","target":"aarch64-unknown-linux-gnu","attempted":37,"completed":37,"fail_input":0,"fail_invoke":0,"fail_output":0,"mean_us":14052.11,"max_us":29777.39,"last_us":13933.97,"out0":-34.88327,"out_elems":640,"out_sha256":"7377a66196d10b8f9095f1ec25df57b5b033488734ef3539915fd05471edb2fc","out_head":[-34.883270,-19.245007,-10.683949,-6.043216,-3.147524,1.497201],"out_tail":[-19.598969,-18.188969,-18.763275,-20.377392,-29.048273,-42.496120],"out_full_file":"/cf/last_out.json","out_full_file_bytes":7045,"out_full_file_reason":"ok","out_record_truncates":false}
{"app":"AI_LEARNER","stage":"mem","model":"b3_deepae","target":"aarch64-unknown-linux-gnu","completed":37,"hal_peak":1069632,"peak_within_bounded":true,"admitted_budget_bytes":1069632,"peak_within_admitted_budget":true,"admission_mode":"unconditional","hal_bytes_per_call_amortized":35810.6,"process_rss_kb":8144,"process_rss_delta_init_kb":1660,"max_active_calls":1,"active_calls_now":0,"call_counter_balanced":true}
.EVS Port1 1980-012-14:20:46.68663 66/1/AI_LEARNER 4: AI_LEARNER completed=38/38 mean=14119.4us max=29777.4us hal_peak=1069632 within_bounded=1
{"app":"AI_LEARNER","stage":"run","model":"b3_deepae","target":"aarch64-unknown-linux-gnu","attempted":38,"completed":38,"fail_input":0,"fail_invoke":0,"fail_output":0,"mean_us":14119.38,"max_us":29777.39,"last_us":16608.26,"out0":-34.88327,"out_elems":640,"out_sha256":"7377a66196d10b8f9095f1ec25df57b5b033488734ef3539915fd05471edb2fc","out_head":[-34.883270,-19.245007,-10.683949,-6.043216,-3.147524,1.497201],"out_tail":[-19.598969,-18.188969,-18.763275,-20.377392,-29.048273,-42.496120],"out_full_file":"/cf/last_out.json","out_full_file_bytes":7045,"out_full_file_reason":"ok","out_record_truncates":false}
{"app":"AI_LEARNER","stage":"mem","model":"b3_deepae","target":"aarch64-unknown-linux-gnu","completed":38,"hal_peak":1069632,"peak_within_bounded":true,"admitted_budget_bytes":1069632,"peak_within_admitted_budget":true,"admission_mode":"unconditional","hal_bytes_per_call_amortized":34964.2,"process_rss_kb":8144,"process_rss_delta_init_kb":1660,"max_active_calls":1,"active_calls_now":0,"call_counter_balanced":true}
EVS Port1 1980-012-14:20:50.68199 66/1/AI_LEARNER 4: AI_LEARNER completed=39/39 mean=13842.9us max=29777.4us hal_peak=1069632 within_bounded=1
{"app":"AI_LEARNER","stage":"run","model":"b3_deepae","target":"aarch64-unknown-linux-gnu","attempted":39,"completed":39,"fail_input":0,"fail_invoke":0,"fail_output":0,"mean_us":13842.85,"max_us":29777.39,"last_us":3334.83,"out0":-34.88327,"out_elems":640,"out_sha256":"7377a66196d10b8f9095f1ec25df57b5b033488734ef3539915fd05471edb2fc","out_head":[-34.883270,-19.245007,-10.683949,-6.043216,-3.147524,1.497201],"out_tail":[-19.598969,-18.188969,-18.763275,-20.377392,-29.048273,-42.496120],"out_full_file":"/cf/last_out.json","out_full_file_bytes":7045,"out_full_file_reason":"ok","out_record_truncates":false}
{"app":"AI_LEARNER","stage":"mem","model":"b3_deepae","target":"aarch64-unknown-linux-gnu","completed":39,"hal_peak":1069632,"peak_within_bounded":true,"admitted_budget_bytes":1069632,"peak_within_admitted_budget":true,"admission_mode":"unconditional","hal_bytes_per_call_amortized":34161.2,"process_rss_kb":8144,"process_rss_delta_init_kb":1660,"max_active_calls":1,"active_calls_now":0,"call_counter_balanced":true}
.EVS Port1 1980-012-14:20:54.67971 66/1/AI_LEARNER 4: AI_LEARNER completed=40/40 mean=13822.3us max=29777.4us hal_peak=1069632 within_bounded=1
{"app":"AI_LEARNER","stage":"run","model":"b3_deepae","target":"aarch64-unknown-linux-gnu","attempted":40,"completed":40,"fail_input":0,"fail_invoke":0,"fail_output":0,"mean_us":13822.35,"max_us":29777.39,"last_us":13022.72,"out0":-34.88327,"out_elems":640,"out_sha256":"7377a66196d10b8f9095f1ec25df57b5b033488734ef3539915fd05471edb2fc","out_head":[-34.883270,-19.245007,-10.683949,-6.043216,-3.147524,1.497201],"out_tail":[-19.598969,-18.188969,-18.763275,-20.377392,-29.048273,-42.496120],"out_full_file":"/cf/last_out.json","out_full_file_bytes":7045,"out_full_file_reason":"ok","out_record_truncates":false}
{"app":"AI_LEARNER","stage":"mem","model":"b3_deepae","target":"aarch64-unknown-linux-gnu","completed":40,"hal_peak":1069632,"peak_within_bounded":true,"admitted_budget_bytes":1069632,"peak_within_admitted_budget":true,"admission_mode":"unconditional","hal_bytes_per_call_amortized":33398.4,"process_rss_kb":8144,"process_rss_delta_init_kb":1660,"max_active_calls":1,"active_calls_now":0,"call_counter_balanced":true}
.EVS Port1 1980-012-14:20:58.69882 66/1/AI_LEARNER 4: AI_LEARNER completed=41/41 mean=13968.0us max=29777.4us hal_peak=1069632 within_bounded=1
{"app":"AI_LEARNER","stage":"run","model":"b3_deepae","target":"aarch64-unknown-linux-gnu","attempted":41,"completed":41,"fail_input":0,"fail_invoke":0,"fail_output":0,"mean_us":13967.99,"max_us":29777.39,"last_us":19793.86,"out0":-34.88327,"out_elems":640,"out_sha256":"7377a66196d10b8f9095f1ec25df57b5b033488734ef3539915fd05471edb2fc","out_head":[-34.883270,-19.245007,-10.683949,-6.043216,-3.147524,1.497201],"out_tail":[-19.598969,-18.188969,-18.763275,-20.377392,-29.048273,-42.496120],"out_full_file":"/cf/last_out.json","out_full_file_bytes":7045,"out_full_file_reason":"ok","out_record_truncates":false}
{"app":"AI_LEARNER","stage":"mem","model":"b3_deepae","target":"aarch64-unknown-linux-gnu","completed":41,"hal_peak":1069632,"peak_within_bounded":true,"admitted_budget_bytes":1069632,"peak_within_admitted_budget":true,"admission_mode":"unconditional","hal_bytes_per_call_amortized":32672.8,"process_rss_kb":8144,"process_rss_delta_init_kb":1660,"max_active_calls":1,"active_calls_now":0,"call_counter_balanced":true}
EVS Port1 1980-012-14:21:02.69941 66/1/AI_LEARNER 4: AI_LEARNER completed=42/42 mean=14111.4us max=29777.4us hal_peak=1069632 within_bounded=1
{"app":"AI_LEARNER","stage":"run","model":"b3_deepae","target":"aarch64-unknown-linux-gnu","attempted":42,"completed":42,"fail_input":0,"fail_invoke":0,"fail_output":0,"mean_us":14111.39,"max_us":29777.39,"last_us":19990.43,"out0":-34.88327,"out_elems":640,"out_sha256":"7377a66196d10b8f9095f1ec25df57b5b033488734ef3539915fd05471edb2fc","out_head":[-34.883270,-19.245007,-10.683949,-6.043216,-3.147524,1.497201],"out_tail":[-19.598969,-18.188969,-18.763275,-20.377392,-29.048273,-42.496120],"out_full_file":"/cf/last_out.json","out_full_file_bytes":7045,"out_full_file_reason":"ok","out_record_truncates":false}
{"app":"AI_LEARNER","stage":"mem","model":"b3_deepae","target":"aarch64-unknown-linux-gnu","completed":42,"hal_peak":1069632,"peak_within_bounded":true,"admitted_budget_bytes":1069632,"peak_within_admitted_budget":true,"admission_mode":"unconditional","hal_bytes_per_call_amortized":31981.7,"process_rss_kb":8144,"process_rss_delta_init_kb":1660,"max_active_calls":1,"active_calls_now":0,"call_counter_balanced":true}
.EVS Port1 1980-012-14:21:06.67706 66/1/AI_LEARNER 4: AI_LEARNER completed=43/43 mean=13994.8us max=29777.4us hal_peak=1069632 within_bounded=1
{"app":"AI_LEARNER","stage":"run","model":"b3_deepae","target":"aarch64-unknown-linux-gnu","attempted":43,"completed":43,"fail_input":0,"fail_invoke":0,"fail_output":0,"mean_us":13994.82,"max_us":29777.39,"last_us":9099.04,"out0":-34.88327,"out_elems":640,"out_sha256":"7377a66196d10b8f9095f1ec25df57b5b033488734ef3539915fd05471edb2fc","out_head":[-34.883270,-19.245007,-10.683949,-6.043216,-3.147524,1.497201],"out_tail":[-19.598969,-18.188969,-18.763275,-20.377392,-29.048273,-42.496120],"out_full_file":"/cf/last_out.json","out_full_file_bytes":7045,"out_full_file_reason":"ok","out_record_truncates":false}
{"app":"AI_LEARNER","stage":"mem","model":"b3_deepae","target":"aarch64-unknown-linux-gnu","completed":43,"hal_peak":1069632,"peak_within_bounded":true,"admitted_budget_bytes":1069632,"peak_within_admitted_budget":true,"admission_mode":"unconditional","hal_bytes_per_call_amortized":31322.8,"process_rss_kb":8144,"process_rss_delta_init_kb":1660,"max_active_calls":1,"active_calls_now":0,"call_counter_balanced":true}
.EVS Port1 1980-012-14:21:10.69773 66/1/AI_LEARNER 4: AI_LEARNER completed=44/44 mean=13982.9us max=29777.4us hal_peak=1069632 within_bounded=1
{"app":"AI_LEARNER","stage":"run","model":"b3_deepae","target":"aarch64-unknown-linux-gnu","attempted":44,"completed":44,"fail_input":0,"fail_invoke":0,"fail_output":0,"mean_us":13982.92,"max_us":29777.39,"last_us":13471.22,"out0":-34.88327,"out_elems":640,"out_sha256":"7377a66196d10b8f9095f1ec25df57b5b033488734ef3539915fd05471edb2fc","out_head":[-34.883270,-19.245007,-10.683949,-6.043216,-3.147524,1.497201],"out_tail":[-19.598969,-18.188969,-18.763275,-20.377392,-29.048273,-42.496120],"out_full_file":"/cf/last_out.json","out_full_file_bytes":7045,"out_full_file_reason":"ok","out_record_truncates":false}
{"app":"AI_LEARNER","stage":"mem","model":"b3_deepae","target":"aarch64-unknown-linux-gnu","completed":44,"hal_peak":1069632,"peak_within_bounded":true,"admitted_budget_bytes":1069632,"peak_within_admitted_budget":true,"admission_mode":"unconditional","hal_bytes_per_call_amortized":30693.8,"process_rss_kb":8144,"process_rss_delta_init_kb":1660,"max_active_calls":1,"active_calls_now":0,"call_counter_balanced":true}
EVS Port1 1980-012-14:21:14.70402 66/1/AI_LEARNER 4: AI_LEARNER completed=45/45 mean=14208.9us max=29777.4us hal_peak=1069632 within_bounded=1
{"app":"AI_LEARNER","stage":"run","model":"b3_deepae","target":"aarch64-unknown-linux-gnu","attempted":45,"completed":45,"fail_input":0,"fail_invoke":0,"fail_output":0,"mean_us":14208.87,"max_us":29777.39,"last_us":24150.80,"out0":-34.88327,"out_elems":640,"out_sha256":"7377a66196d10b8f9095f1ec25df57b5b033488734ef3539915fd05471edb2fc","out_head":[-34.883270,-19.245007,-10.683949,-6.043216,-3.147524,1.497201],"out_tail":[-19.598969,-18.188969,-18.763275,-20.377392,-29.048273,-42.496120],"out_full_file":"/cf/last_out.json","out_full_file_bytes":7045,"out_full_file_reason":"ok","out_record_truncates":false}
{"app":"AI_LEARNER","stage":"mem","model":"b3_deepae","target":"aarch64-unknown-linux-gnu","completed":45,"hal_peak":1069632,"peak_within_bounded":true,"admitted_budget_bytes":1069632,"peak_within_admitted_budget":true,"admission_mode":"unconditional","hal_bytes_per_call_amortized":30092.8,"process_rss_kb":8144,"process_rss_delta_init_kb":1660,"max_active_calls":1,"active_calls_now":0,"call_counter_balanced":true}
.EVS Port1 1980-012-14:21:18.71182 66/1/AI_LEARNER 4: AI_LEARNER completed=46/46 mean=14559.9us max=30355.3us hal_peak=1069632 within_bounded=1
{"app":"AI_LEARNER","stage":"run","model":"b3_deepae","target":"aarch64-unknown-linux-gnu","attempted":46,"completed":46,"fail_input":0,"fail_invoke":0,"fail_output":0,"mean_us":14559.88,"max_us":30355.31,"last_us":30355.31,"out0":-34.88327,"out_elems":640,"out_sha256":"7377a66196d10b8f9095f1ec25df57b5b033488734ef3539915fd05471edb2fc","out_head":[-34.883270,-19.245007,-10.683949,-6.043216,-3.147524,1.497201],"out_tail":[-19.598969,-18.188969,-18.763275,-20.377392,-29.048273,-42.496120],"out_full_file":"/cf/last_out.json","out_full_file_bytes":7045,"out_full_file_reason":"ok","out_record_truncates":false}
{"app":"AI_LEARNER","stage":"mem","model":"b3_deepae","target":"aarch64-unknown-linux-gnu","completed":46,"hal_peak":1069632,"peak_within_bounded":true,"admitted_budget_bytes":1069632,"peak_within_admitted_budget":true,"admission_mode":"unconditional","hal_bytes_per_call_amortized":29517.9,"process_rss_kb":8144,"process_rss_delta_init_kb":1660,"max_active_calls":1,"active_calls_now":0,"call_counter_balanced":true}
.EVS Port1 1980-012-14:21:22.69720 66/1/AI_LEARNER 4: AI_LEARNER completed=47/47 mean=14702.8us max=30355.3us hal_peak=1069632 within_bounded=1
{"app":"AI_LEARNER","stage":"run","model":"b3_deepae","target":"aarch64-unknown-linux-gnu","attempted":47,"completed":47,"fail_input":0,"fail_invoke":0,"fail_output":0,"mean_us":14702.76,"max_us":30355.31,"last_us":21274.99,"out0":-34.88327,"out_elems":640,"out_sha256":"7377a66196d10b8f9095f1ec25df57b5b033488734ef3539915fd05471edb2fc","out_head":[-34.883270,-19.245007,-10.683949,-6.043216,-3.147524,1.497201],"out_tail":[-19.598969,-18.188969,-18.763275,-20.377392,-29.048273,-42.496120],"out_full_file":"/cf/last_out.json","out_full_file_bytes":7045,"out_full_file_reason":"ok","out_record_truncates":false}
{"app":"AI_LEARNER","stage":"mem","model":"b3_deepae","target":"aarch64-unknown-linux-gnu","completed":47,"hal_peak":1069632,"peak_within_bounded":true,"admitted_budget_bytes":1069632,"peak_within_admitted_budget":true,"admission_mode":"unconditional","hal_bytes_per_call_amortized":28967.5,"process_rss_kb":8144,"process_rss_delta_init_kb":1660,"max_active_calls":1,"active_calls_now":0,"call_counter_balanced":true}
EVS Port1 1980-012-14:21:26.71081 66/1/AI_LEARNER 4: AI_LEARNER completed=48/48 mean=14692.4us max=30355.3us hal_peak=1069632 within_bounded=1
{"app":"AI_LEARNER","stage":"run","model":"b3_deepae","target":"aarch64-unknown-linux-gnu","attempted":48,"completed":48,"fail_input":0,"fail_invoke":0,"fail_output":0,"mean_us":14692.38,"max_us":30355.31,"last_us":14204.54,"out0":-34.88327,"out_elems":640,"out_sha256":"7377a66196d10b8f9095f1ec25df57b5b033488734ef3539915fd05471edb2fc","out_head":[-34.883270,-19.245007,-10.683949,-6.043216,-3.147524,1.497201],"out_tail":[-19.598969,-18.188969,-18.763275,-20.377392,-29.048273,-42.496120],"out_full_file":"/cf/last_out.json","out_full_file_bytes":7045,"out_full_file_reason":"ok","out_record_truncates":false}
{"app":"AI_LEARNER","stage":"mem","model":"b3_deepae","target":"aarch64-unknown-linux-gnu","completed":48,"hal_peak":1069632,"peak_within_bounded":true,"admitted_budget_bytes":1069632,"peak_within_admitted_budget":true,"admission_mode":"unconditional","hal_bytes_per_call_amortized":28440.0,"process_rss_kb":8144,"process_rss_delta_init_kb":1660,"max_active_calls":1,"active_calls_now":0,"call_counter_balanced":true}
.EVS Port1 1980-012-14:21:30.69480 66/1/AI_LEARNER 4: AI_LEARNER completed=49/49 mean=14717.6us max=30355.3us hal_peak=1069632 within_bounded=1
{"app":"AI_LEARNER","stage":"run","model":"b3_deepae","target":"aarch64-unknown-linux-gnu","attempted":49,"completed":49,"fail_input":0,"fail_invoke":0,"fail_output":0,"mean_us":14717.64,"max_us":30355.31,"last_us":15930.46,"out0":-34.88327,"out_elems":640,"out_sha256":"7377a66196d10b8f9095f1ec25df57b5b033488734ef3539915fd05471edb2fc","out_head":[-34.883270,-19.245007,-10.683949,-6.043216,-3.147524,1.497201],"out_tail":[-19.598969,-18.188969,-18.763275,-20.377392,-29.048273,-42.496120],"out_full_file":"/cf/last_out.json","out_full_file_bytes":7045,"out_full_file_reason":"ok","out_record_truncates":false}
{"app":"AI_LEARNER","stage":"mem","model":"b3_deepae","target":"aarch64-unknown-linux-gnu","completed":49,"hal_peak":1069632,"peak_within_bounded":true,"admitted_budget_bytes":1069632,"peak_within_admitted_budget":true,"admission_mode":"unconditional","hal_bytes_per_call_amortized":27934.0,"process_rss_kb":8144,"process_rss_delta_init_kb":1660,"max_active_calls":1,"active_calls_now":0,"call_counter_balanced":true}
EVS Port1 1980-012-14:21:31.00482 66/1/CFE_TIME 21: Stop FLYWHEEL
EVS Port1 1980-012-14:21:31.99931 66/1/CFE_TIME 20: Start FLYWHEEL
.EVS Port1 1980-012-14:21:34.67526 66/1/AI_LEARNER 4: AI_LEARNER completed=50/50 mean=14587.9us max=30355.3us hal_peak=1069632 within_bounded=1
{"app":"AI_LEARNER","stage":"run","model":"b3_deepae","target":"aarch64-unknown-linux-gnu","attempted":50,"completed":50,"fail_input":0,"fail_invoke":0,"fail_output":0,"mean_us":14587.86,"max_us":30355.31,"last_us":8228.48,"out0":-34.88327,"out_elems":640,"out_sha256":"7377a66196d10b8f9095f1ec25df57b5b033488734ef3539915fd05471edb2fc","out_head":[-34.883270,-19.245007,-10.683949,-6.043216,-3.147524,1.497201],"out_tail":[-19.598969,-18.188969,-18.763275,-20.377392,-29.048273,-42.496120],"out_full_file":"/cf/last_out.json","out_full_file_bytes":7045,"out_full_file_reason":"ok","out_record_truncates":false}
{"app":"AI_LEARNER","stage":"mem","model":"b3_deepae","target":"aarch64-unknown-linux-gnu","completed":50,"hal_peak":1069632,"peak_within_bounded":true,"admitted_budget_bytes":1069632,"peak_within_admitted_budget":true,"admission_mode":"unconditional","hal_bytes_per_call_amortized":27448.3,"process_rss_kb":8144,"process_rss_delta_init_kb":1660,"max_active_calls":1,"active_calls_now":0,"call_counter_balanced":true}
EVS Port1 1980-012-14:21:38.70118 66/1/AI_LEARNER 4: AI_LEARNER completed=51/51 mean=15006.2us max=35924.1us hal_peak=1069632 within_bounded=1
{"app":"AI_LEARNER","stage":"run","model":"b3_deepae","target":"aarch64-unknown-linux-gnu","attempted":51,"completed":51,"fail_input":0,"fail_invoke":0,"fail_output":0,"mean_us":15006.22,"max_us":35924.08,"last_us":35924.08,"out0":-34.88327,"out_elems":640,"out_sha256":"7377a66196d10b8f9095f1ec25df57b5b033488734ef3539915fd05471edb2fc","out_head":[-34.883270,-19.245007,-10.683949,-6.043216,-3.147524,1.497201],"out_tail":[-19.598969,-18.188969,-18.763275,-20.377392,-29.048273,-42.496120],"out_full_file":"/cf/last_out.json","out_full_file_bytes":7045,"out_full_file_reason":"ok","out_record_truncates":false}
{"app":"AI_LEARNER","stage":"mem","model":"b3_deepae","target":"aarch64-unknown-linux-gnu","completed":51,"hal_peak":1069632,"peak_within_bounded":true,"admitted_budget_bytes":1069632,"peak_within_admitted_budget":true,"admission_mode":"unconditional","hal_bytes_per_call_amortized":26981.6,"process_rss_kb":8144,"process_rss_delta_init_kb":1660,"max_active_calls":1,"active_calls_now":0,"call_counter_balanced":true}
.EVS Port1 1980-012-14:21:42.67611 66/1/AI_LEARNER 4: AI_LEARNER completed=52/52 mean=14866.4us max=35924.1us hal_peak=1069632 within_bounded=1
{"app":"AI_LEARNER","stage":"run","model":"b3_deepae","target":"aarch64-unknown-linux-gnu","attempted":52,"completed":52,"fail_input":0,"fail_invoke":0,"fail_output":0,"mean_us":14866.38,"max_us":35924.08,"last_us":7734.42,"out0":-34.88327,"out_elems":640,"out_sha256":"7377a66196d10b8f9095f1ec25df57b5b033488734ef3539915fd05471edb2fc","out_head":[-34.883270,-19.245007,-10.683949,-6.043216,-3.147524,1.497201],"out_tail":[-19.598969,-18.188969,-18.763275,-20.377392,-29.048273,-42.496120],"out_full_file":"/cf/last_out.json","out_full_file_bytes":7045,"out_full_file_reason":"ok","out_record_truncates":false}
{"app":"AI_LEARNER","stage":"mem","model":"b3_deepae","target":"aarch64-unknown-linux-gnu","completed":52,"hal_peak":1069632,"peak_within_bounded":true,"admitted_budget_bytes":1069632,"peak_within_admitted_budget":true,"admission_mode":"unconditional","hal_bytes_per_call_amortized":26532.9,"process_rss_kb":8144,"process_rss_delta_init_kb":1660,"max_active_calls":1,"active_calls_now":0,"call_counter_balanced":true}
.EVS Port1 1980-012-14:21:46.68193 66/1/AI_LEARNER 4: AI_LEARNER completed=53/53 mean=14915.6us max=35924.1us hal_peak=1069632 within_bounded=1
{"app":"AI_LEARNER","stage":"run","model":"b3_deepae","target":"aarch64-unknown-linux-gnu","attempted":53,"completed":53,"fail_input":0,"fail_invoke":0,"fail_output":0,"mean_us":14915.58,"max_us":35924.08,"last_us":17474.10,"out0":-34.88327,"out_elems":640,"out_sha256":"7377a66196d10b8f9095f1ec25df57b5b033488734ef3539915fd05471edb2fc","out_head":[-34.883270,-19.245007,-10.683949,-6.043216,-3.147524,1.497201],"out_tail":[-19.598969,-18.188969,-18.763275,-20.377392,-29.048273,-42.496120],"out_full_file":"/cf/last_out.json","out_full_file_bytes":7045,"out_full_file_reason":"ok","out_record_truncates":false}
{"app":"AI_LEARNER","stage":"mem","model":"b3_deepae","target":"aarch64-unknown-linux-gnu","completed":53,"hal_peak":1069632,"peak_within_bounded":true,"admitted_budget_bytes":1069632,"peak_within_admitted_budget":true,"admission_mode":"unconditional","hal_bytes_per_call_amortized":26101.1,"process_rss_kb":8144,"process_rss_delta_init_kb":1660,"max_active_calls":1,"active_calls_now":0,"call_counter_balanced":true}
EVS Port1 1980-012-14:21:50.68202 66/1/AI_LEARNER 4: AI_LEARNER completed=54/54 mean=15013.3us max=35924.1us hal_peak=1069632 within_bounded=1
{"app":"AI_LEARNER","stage":"run","model":"b3_deepae","target":"aarch64-unknown-linux-gnu","attempted":54,"completed":54,"fail_input":0,"fail_invoke":0,"fail_output":0,"mean_us":15013.28,"max_us":35924.08,"last_us":20191.66,"out0":-34.88327,"out_elems":640,"out_sha256":"7377a66196d10b8f9095f1ec25df57b5b033488734ef3539915fd05471edb2fc","out_head":[-34.883270,-19.245007,-10.683949,-6.043216,-3.147524,1.497201],"out_tail":[-19.598969,-18.188969,-18.763275,-20.377392,-29.048273,-42.496120],"out_full_file":"/cf/last_out.json","out_full_file_bytes":7045,"out_full_file_reason":"ok","out_record_truncates":false}
{"app":"AI_LEARNER","stage":"mem","model":"b3_deepae","target":"aarch64-unknown-linux-gnu","completed":54,"hal_peak":1069632,"peak_within_bounded":true,"admitted_budget_bytes":1069632,"peak_within_admitted_budget":true,"admission_mode":"unconditional","hal_bytes_per_call_amortized":25685.3,"process_rss_kb":8144,"process_rss_delta_init_kb":1660,"max_active_calls":1,"active_calls_now":0,"call_counter_balanced":true}
.EVS Port1 1980-012-14:21:54.73843 66/1/AI_LEARNER 4: AI_LEARNER completed=55/55 mean=15260.1us max=35924.1us hal_peak=1069632 within_bounded=1
{"app":"AI_LEARNER","stage":"run","model":"b3_deepae","target":"aarch64-unknown-linux-gnu","attempted":55,"completed":55,"fail_input":0,"fail_invoke":0,"fail_output":0,"mean_us":15260.07,"max_us":35924.08,"last_us":28586.50,"out0":-34.88327,"out_elems":640,"out_sha256":"7377a66196d10b8f9095f1ec25df57b5b033488734ef3539915fd05471edb2fc","out_head":[-34.883270,-19.245007,-10.683949,-6.043216,-3.147524,1.497201],"out_tail":[-19.598969,-18.188969,-18.763275,-20.377392,-29.048273,-42.496120],"out_full_file":"/cf/last_out.json","out_full_file_bytes":7045,"out_full_file_reason":"ok","out_record_truncates":false}
{"app":"AI_LEARNER","stage":"mem","model":"b3_deepae","target":"aarch64-unknown-linux-gnu","completed":55,"hal_peak":1069632,"peak_within_bounded":true,"admitted_budget_bytes":1069632,"peak_within_admitted_budget":true,"admission_mode":"unconditional","hal_bytes_per_call_amortized":25284.7,"process_rss_kb":8144,"process_rss_delta_init_kb":1660,"max_active_calls":1,"active_calls_now":0,"call_counter_balanced":true}
.EVS Port1 1980-012-14:21:58.66979 66/1/AI_LEARNER 4: AI_LEARNER completed=56/56 mean=15258.0us max=35924.1us hal_peak=1069632 within_bounded=1
{"app":"AI_LEARNER","stage":"run","model":"b3_deepae","target":"aarch64-unknown-linux-gnu","attempted":56,"completed":56,"fail_input":0,"fail_invoke":0,"fail_output":0,"mean_us":15257.98,"max_us":35924.08,"last_us":15143.17,"out0":-34.88327,"out_elems":640,"out_sha256":"7377a66196d10b8f9095f1ec25df57b5b033488734ef3539915fd05471edb2fc","out_head":[-34.883270,-19.245007,-10.683949,-6.043216,-3.147524,1.497201],"out_tail":[-19.598969,-18.188969,-18.763275,-20.377392,-29.048273,-42.496120],"out_full_file":"/cf/last_out.json","out_full_file_bytes":7045,"out_full_file_reason":"ok","out_record_truncates":false}
{"app":"AI_LEARNER","stage":"mem","model":"b3_deepae","target":"aarch64-unknown-linux-gnu","completed":56,"hal_peak":1069632,"peak_within_bounded":true,"admitted_budget_bytes":1069632,"peak_within_admitted_budget":true,"admission_mode":"unconditional","hal_bytes_per_call_amortized":24898.3,"process_rss_kb":8144,"process_rss_delta_init_kb":1660,"max_active_calls":1,"active_calls_now":0,"call_counter_balanced":true}
EVS Port1 1980-012-14:22:02.70559 66/1/AI_LEARNER 4: AI_LEARNER completed=57/57 mean=15457.9us max=35924.1us hal_peak=1069632 within_bounded=1
{"app":"AI_LEARNER","stage":"run","model":"b3_deepae","target":"aarch64-unknown-linux-gnu","attempted":57,"completed":57,"fail_input":0,"fail_invoke":0,"fail_output":0,"mean_us":15457.90,"max_us":35924.08,"last_us":26653.44,"out0":-34.88327,"out_elems":640,"out_sha256":"7377a66196d10b8f9095f1ec25df57b5b033488734ef3539915fd05471edb2fc","out_head":[-34.883270,-19.245007,-10.683949,-6.043216,-3.147524,1.497201],"out_tail":[-19.598969,-18.188969,-18.763275,-20.377392,-29.048273,-42.496120],"out_full_file":"/cf/last_out.json","out_full_file_bytes":7045,"out_full_file_reason":"ok","out_record_truncates":false}
{"app":"AI_LEARNER","stage":"mem","model":"b3_deepae","target":"aarch64-unknown-linux-gnu","completed":57,"hal_peak":1069632,"peak_within_bounded":true,"admitted_budget_bytes":1069632,"peak_within_admitted_budget":true,"admission_mode":"unconditional","hal_bytes_per_call_amortized":24525.5,"process_rss_kb":8144,"process_rss_delta_init_kb":1660,"max_active_calls":1,"active_calls_now":0,"call_counter_balanced":true}
.EVS Port1 1980-012-14:22:06.70468 66/1/AI_LEARNER 4: AI_LEARNER completed=58/58 mean=15724.8us max=35924.1us hal_peak=1069632 within_bounded=1
{"app":"AI_LEARNER","stage":"run","model":"b3_deepae","target":"aarch64-unknown-linux-gnu","attempted":58,"completed":58,"fail_input":0,"fail_invoke":0,"fail_output":0,"mean_us":15724.80,"max_us":35924.08,"last_us":30937.84,"out0":-34.88327,"out_elems":640,"out_sha256":"7377a66196d10b8f9095f1ec25df57b5b033488734ef3539915fd05471edb2fc","out_head":[-34.883270,-19.245007,-10.683949,-6.043216,-3.147524,1.497201],"out_tail":[-19.598969,-18.188969,-18.763275,-20.377392,-29.048273,-42.496120],"out_full_file":"/cf/last_out.json","out_full_file_bytes":7045,"out_full_file_reason":"ok","out_record_truncates":false}
{"app":"AI_LEARNER","stage":"mem","model":"b3_deepae","target":"aarch64-unknown-linux-gnu","completed":58,"hal_peak":1069632,"peak_within_bounded":true,"admitted_budget_bytes":1069632,"peak_within_admitted_budget":true,"admission_mode":"unconditional","hal_bytes_per_call_amortized":24165.5,"process_rss_kb":8144,"process_rss_delta_init_kb":1660,"max_active_calls":1,"active_calls_now":0,"call_counter_balanced":true}
.EVS Port1 1980-012-14:22:10.67797 66/1/AI_LEARNER 4: AI_LEARNER completed=59/59 mean=15600.0us max=35924.1us hal_peak=1069632 within_bounded=1
{"app":"AI_LEARNER","stage":"run","model":"b3_deepae","target":"aarch64-unknown-linux-gnu","attempted":59,"completed":59,"fail_input":0,"fail_invoke":0,"fail_output":0,"mean_us":15599.97,"max_us":35924.08,"last_us":8360.05,"out0":-34.88327,"out_elems":640,"out_sha256":"7377a66196d10b8f9095f1ec25df57b5b033488734ef3539915fd05471edb2fc","out_head":[-34.883270,-19.245007,-10.683949,-6.043216,-3.147524,1.497201],"out_tail":[-19.598969,-18.188969,-18.763275,-20.377392,-29.048273,-42.496120],"out_full_file":"/cf/last_out.json","out_full_file_bytes":7045,"out_full_file_reason":"ok","out_record_truncates":false}
{"app":"AI_LEARNER","stage":"mem","model":"b3_deepae","target":"aarch64-unknown-linux-gnu","completed":59,"hal_peak":1069632,"peak_within_bounded":true,"admitted_budget_bytes":1069632,"peak_within_admitted_budget":true,"admission_mode":"unconditional","hal_bytes_per_call_amortized":23817.8,"process_rss_kb":8144,"process_rss_delta_init_kb":1660,"max_active_calls":1,"active_calls_now":0,"call_counter_balanced":true}
EVS Port1 1980-012-14:22:14.68193 66/1/AI_LEARNER 4: AI_LEARNER completed=60/60 mean=15571.8us max=35924.1us hal_peak=1069632 within_bounded=1
{"app":"AI_LEARNER","stage":"run","model":"b3_deepae","target":"aarch64-unknown-linux-gnu","attempted":60,"completed":60,"fail_input":0,"fail_invoke":0,"fail_output":0,"mean_us":15571.79,"max_us":35924.08,"last_us":13908.85,"out0":-34.88327,"out_elems":640,"out_sha256":"7377a66196d10b8f9095f1ec25df57b5b033488734ef3539915fd05471edb2fc","out_head":[-34.883270,-19.245007,-10.683949,-6.043216,-3.147524,1.497201],"out_tail":[-19.598969,-18.188969,-18.763275,-20.377392,-29.048273,-42.496120],"out_full_file":"/cf/last_out.json","out_full_file_bytes":7045,"out_full_file_reason":"ok","out_record_truncates":false}
{"app":"AI_LEARNER","stage":"mem","model":"b3_deepae","target":"aarch64-unknown-linux-gnu","completed":60,"hal_peak":1069632,"peak_within_bounded":true,"admitted_budget_bytes":1069632,"peak_within_admitted_budget":true,"admission_mode":"unconditional","hal_bytes_per_call_amortized":23481.6,"process_rss_kb":8144,"process_rss_delta_init_kb":1660,"max_active_calls":1,"active_calls_now":0,"call_counter_balanced":true}
.EVS Port1 1980-012-14:22:18.68402 66/1/AI_LEARNER 4: AI_LEARNER completed=61/61 mean=15577.4us max=35924.1us hal_peak=1069632 within_bounded=1
{"app":"AI_LEARNER","stage":"run","model":"b3_deepae","target":"aarch64-unknown-linux-gnu","attempted":61,"completed":61,"fail_input":0,"fail_invoke":0,"fail_output":0,"mean_us":15577.42,"max_us":35924.08,"last_us":15915.18,"out0":-34.88327,"out_elems":640,"out_sha256":"7377a66196d10b8f9095f1ec25df57b5b033488734ef3539915fd05471edb2fc","out_head":[-34.883270,-19.245007,-10.683949,-6.043216,-3.147524,1.497201],"out_tail":[-19.598969,-18.188969,-18.763275,-20.377392,-29.048273,-42.496120],"out_full_file":"/cf/last_out.json","out_full_file_bytes":7045,"out_full_file_reason":"ok","out_record_truncates":false}
{"app":"AI_LEARNER","stage":"mem","model":"b3_deepae","target":"aarch64-unknown-linux-gnu","completed":61,"hal_peak":1069632,"peak_within_bounded":true,"admitted_budget_bytes":1069632,"peak_within_admitted_budget":true,"admission_mode":"unconditional","hal_bytes_per_call_amortized":23156.5,"process_rss_kb":8144,"process_rss_delta_init_kb":1660,"max_active_calls":1,"active_calls_now":0,"call_counter_balanced":true}
.EVS Port1 1980-012-14:22:22.70236 66/1/AI_LEARNER 4: AI_LEARNER completed=62/62 mean=15698.9us max=35924.1us hal_peak=1069632 within_bounded=1
{"app":"AI_LEARNER","stage":"run","model":"b3_deepae","target":"aarch64-unknown-linux-gnu","attempted":62,"completed":62,"fail_input":0,"fail_invoke":0,"fail_output":0,"mean_us":15698.89,"max_us":35924.08,"last_us":23108.80,"out0":-34.88327,"out_elems":640,"out_sha256":"7377a66196d10b8f9095f1ec25df57b5b033488734ef3539915fd05471edb2fc","out_head":[-34.883270,-19.245007,-10.683949,-6.043216,-3.147524,1.497201],"out_tail":[-19.598969,-18.188969,-18.763275,-20.377392,-29.048273,-42.496120],"out_full_file":"/cf/last_out.json","out_full_file_bytes":7045,"out_full_file_reason":"ok","out_record_truncates":false}
{"app":"AI_LEARNER","stage":"mem","model":"b3_deepae","target":"aarch64-unknown-linux-gnu","completed":62,"hal_peak":1069632,"peak_within_bounded":true,"admitted_budget_bytes":1069632,"peak_within_admitted_budget":true,"admission_mode":"unconditional","hal_bytes_per_call_amortized":22841.8,"process_rss_kb":8144,"process_rss_delta_init_kb":1660,"max_active_calls":1,"active_calls_now":0,"call_counter_balanced":true}
EVS Port1 1980-012-14:22:26.68553 66/1/AI_LEARNER 4: AI_LEARNER completed=63/63 mean=15751.0us max=35924.1us hal_peak=1069632 within_bounded=1
{"app":"AI_LEARNER","stage":"run","model":"b3_deepae","target":"aarch64-unknown-linux-gnu","attempted":63,"completed":63,"fail_input":0,"fail_invoke":0,"fail_output":0,"mean_us":15751.04,"max_us":35924.08,"last_us":18984.51,"out0":-34.88327,"out_elems":640,"out_sha256":"7377a66196d10b8f9095f1ec25df57b5b033488734ef3539915fd05471edb2fc","out_head":[-34.883270,-19.245007,-10.683949,-6.043216,-3.147524,1.497201],"out_tail":[-19.598969,-18.188969,-18.763275,-20.377392,-29.048273,-42.496120],"out_full_file":"/cf/last_out.json","out_full_file_bytes":7045,"out_full_file_reason":"ok","out_record_truncates":false}
{"app":"AI_LEARNER","stage":"mem","model":"b3_deepae","target":"aarch64-unknown-linux-gnu","completed":63,"hal_peak":1069632,"peak_within_bounded":true,"admitted_budget_bytes":1069632,"peak_within_admitted_budget":true,"admission_mode":"unconditional","hal_bytes_per_call_amortized":22537.1,"process_rss_kb":8144,"process_rss_delta_init_kb":1660,"max_active_calls":1,"active_calls_now":0,"call_counter_balanced":true}
.EVS Port1 1980-012-14:22:30.68070 66/1/AI_LEARNER 4: AI_LEARNER completed=64/64 mean=15744.5us max=35924.1us hal_peak=1069632 within_bounded=1
{"app":"AI_LEARNER","stage":"run","model":"b3_deepae","target":"aarch64-unknown-linux-gnu","attempted":64,"completed":64,"fail_input":0,"fail_invoke":0,"fail_output":0,"mean_us":15744.52,"max_us":35924.08,"last_us":15333.60,"out0":-34.88327,"out_elems":640,"out_sha256":"7377a66196d10b8f9095f1ec25df57b5b033488734ef3539915fd05471edb2fc","out_head":[-34.883270,-19.245007,-10.683949,-6.043216,-3.147524,1.497201],"out_tail":[-19.598969,-18.188969,-18.763275,-20.377392,-29.048273,-42.496120],"out_full_file":"/cf/last_out.json","out_full_file_bytes":7045,"out_full_file_reason":"ok","out_record_truncates":false}
{"app":"AI_LEARNER","stage":"mem","model":"b3_deepae","target":"aarch64-unknown-linux-gnu","completed":64,"hal_peak":1069632,"peak_within_bounded":true,"admitted_budget_bytes":1069632,"peak_within_admitted_budget":true,"admission_mode":"unconditional","hal_bytes_per_call_amortized":22242.0,"process_rss_kb":8144,"process_rss_delta_init_kb":1660,"max_active_calls":1,"active_calls_now":0,"call_counter_balanced":true}
.EVS Port1 1980-012-14:22:34.68373 66/1/AI_LEARNER 4: AI_LEARNER completed=65/65 mean=15693.5us max=35924.1us hal_peak=1069632 within_bounded=1
{"app":"AI_LEARNER","stage":"run","model":"b3_deepae","target":"aarch64-unknown-linux-gnu","attempted":65,"completed":65,"fail_input":0,"fail_invoke":0,"fail_output":0,"mean_us":15693.54,"max_us":35924.08,"last_us":12430.67,"out0":-34.88327,"out_elems":640,"out_sha256":"7377a66196d10b8f9095f1ec25df57b5b033488734ef3539915fd05471edb2fc","out_head":[-34.883270,-19.245007,-10.683949,-6.043216,-3.147524,1.497201],"out_tail":[-19.598969,-18.188969,-18.763275,-20.377392,-29.048273,-42.496120],"out_full_file":"/cf/last_out.json","out_full_file_bytes":7045,"out_full_file_reason":"ok","out_record_truncates":false}
{"app":"AI_LEARNER","stage":"mem","model":"b3_deepae","target":"aarch64-unknown-linux-gnu","completed":65,"hal_peak":1069632,"peak_within_bounded":true,"admitted_budget_bytes":1069632,"peak_within_admitted_budget":true,"admission_mode":"unconditional","hal_bytes_per_call_amortized":21955.9,"process_rss_kb":8144,"process_rss_delta_init_kb":1660,"max_active_calls":1,"active_calls_now":0,"call_counter_balanced":true}
EVS Port1 1980-012-14:22:38.00395 66/1/CFE_TIME 21: Stop FLYWHEEL
EVS Port1 1980-012-14:22:38.69129 66/1/AI_LEARNER 4: AI_LEARNER completed=66/66 mean=15776.1us max=35924.1us hal_peak=1069632 within_bounded=1
{"app":"AI_LEARNER","stage":"run","model":"b3_deepae","target":"aarch64-unknown-linux-gnu","attempted":66,"completed":66,"fail_input":0,"fail_invoke":0,"fail_output":0,"mean_us":15776.05,"max_us":35924.08,"last_us":21139.57,"out0":-34.88327,"out_elems":640,"out_sha256":"7377a66196d10b8f9095f1ec25df57b5b033488734ef3539915fd05471edb2fc","out_head":[-34.883270,-19.245007,-10.683949,-6.043216,-3.147524,1.497201],"out_tail":[-19.598969,-18.188969,-18.763275,-20.377392,-29.048273,-42.496120],"out_full_file":"/cf/last_out.json","out_full_file_bytes":7045,"out_full_file_reason":"ok","out_record_truncates":false}
{"app":"AI_LEARNER","stage":"mem","model":"b3_deepae","target":"aarch64-unknown-linux-gnu","completed":66,"hal_peak":1069632,"peak_within_bounded":true,"admitted_budget_bytes":1069632,"peak_within_admitted_budget":true,"admission_mode":"unconditional","hal_bytes_per_call_amortized":21678.5,"process_rss_kb":8144,"process_rss_delta_init_kb":1660,"max_active_calls":1,"active_calls_now":0,"call_counter_balanced":true}
EVS Port1 1980-012-14:22:38.99931 66/1/CFE_TIME 20: Start FLYWHEEL
.EVS Port1 1980-012-14:22:42.67945 66/1/AI_LEARNER 4: AI_LEARNER completed=67/67 mean=15692.6us max=35924.1us hal_peak=1069632 within_bounded=1
{"app":"AI_LEARNER","stage":"run","model":"b3_deepae","target":"aarch64-unknown-linux-gnu","attempted":67,"completed":67,"fail_input":0,"fail_invoke":0,"fail_output":0,"mean_us":15692.61,"max_us":35924.08,"last_us":10185.36,"out0":-34.88327,"out_elems":640,"out_sha256":"7377a66196d10b8f9095f1ec25df57b5b033488734ef3539915fd05471edb2fc","out_head":[-34.883270,-19.245007,-10.683949,-6.043216,-3.147524,1.497201],"out_tail":[-19.598969,-18.188969,-18.763275,-20.377392,-29.048273,-42.496120],"out_full_file":"/cf/last_out.json","out_full_file_bytes":7045,"out_full_file_reason":"ok","out_record_truncates":false}
{"app":"AI_LEARNER","stage":"mem","model":"b3_deepae","target":"aarch64-unknown-linux-gnu","completed":67,"hal_peak":1069632,"peak_within_bounded":true,"admitted_budget_bytes":1069632,"peak_within_admitted_budget":true,"admission_mode":"unconditional","hal_bytes_per_call_amortized":21409.4,"process_rss_kb":8144,"process_rss_delta_init_kb":1660,"max_active_calls":1,"active_calls_now":0,"call_counter_balanced":true}
.EVS Port1 1980-012-14:22:46.68630 66/1/AI_LEARNER 4: AI_LEARNER completed=68/68 mean=15665.9us max=35924.1us hal_peak=1069632 within_bounded=1
{"app":"AI_LEARNER","stage":"run","model":"b3_deepae","target":"aarch64-unknown-linux-gnu","attempted":68,"completed":68,"fail_input":0,"fail_invoke":0,"fail_output":0,"mean_us":15665.88,"max_us":35924.08,"last_us":13875.14,"out0":-34.88327,"out_elems":640,"out_sha256":"7377a66196d10b8f9095f1ec25df57b5b033488734ef3539915fd05471edb2fc","out_head":[-34.883270,-19.245007,-10.683949,-6.043216,-3.147524,1.497201],"out_tail":[-19.598969,-18.188969,-18.763275,-20.377392,-29.048273,-42.496120],"out_full_file":"/cf/last_out.json","out_full_file_bytes":7045,"out_full_file_reason":"ok","out_record_truncates":false}
{"app":"AI_LEARNER","stage":"mem","model":"b3_deepae","target":"aarch64-unknown-linux-gnu","completed":68,"hal_peak":1069632,"peak_within_bounded":true,"admitted_budget_bytes":1069632,"peak_within_admitted_budget":true,"admission_mode":"unconditional","hal_bytes_per_call_amortized":21148.2,"process_rss_kb":8144,"process_rss_delta_init_kb":1660,"max_active_calls":1,"active_calls_now":0,"call_counter_balanced":true}
EVS Port1 1980-012-14:22:50.68730 66/1/AI_LEARNER 4: AI_LEARNER completed=69/69 mean=15599.1us max=35924.1us hal_peak=1069632 within_bounded=1
{"app":"AI_LEARNER","stage":"run","model":"b3_deepae","target":"aarch64-unknown-linux-gnu","attempted":69,"completed":69,"fail_input":0,"fail_invoke":0,"fail_output":0,"mean_us":15599.13,"max_us":35924.08,"last_us":11060.32,"out0":-34.88327,"out_elems":640,"out_sha256":"7377a66196d10b8f9095f1ec25df57b5b033488734ef3539915fd05471edb2fc","out_head":[-34.883270,-19.245007,-10.683949,-6.043216,-3.147524,1.497201],"out_tail":[-19.598969,-18.188969,-18.763275,-20.377392,-29.048273,-42.496120],"out_full_file":"/cf/last_out.json","out_full_file_bytes":7045,"out_full_file_reason":"ok","out_record_truncates":false}
{"app":"AI_LEARNER","stage":"mem","model":"b3_deepae","target":"aarch64-unknown-linux-gnu","completed":69,"hal_peak":1069632,"peak_within_bounded":true,"admitted_budget_bytes":1069632,"peak_within_admitted_budget":true,"admission_mode":"unconditional","hal_bytes_per_call_amortized":20894.6,"process_rss_kb":8144,"process_rss_delta_init_kb":1660,"max_active_calls":1,"active_calls_now":0,"call_counter_balanced":true}
.EVS Port1 1980-012-14:22:54.68463 66/1/AI_LEARNER 4: AI_LEARNER completed=70/70 mean=15576.7us max=35924.1us hal_peak=1069632 within_bounded=1
{"app":"AI_LEARNER","stage":"run","model":"b3_deepae","target":"aarch64-unknown-linux-gnu","attempted":70,"completed":70,"fail_input":0,"fail_invoke":0,"fail_output":0,"mean_us":15576.66,"max_us":35924.08,"last_us":14025.81,"out0":-34.88327,"out_elems":640,"out_sha256":"7377a66196d10b8f9095f1ec25df57b5b033488734ef3539915fd05471edb2fc","out_head":[-34.883270,-19.245007,-10.683949,-6.043216,-3.147524,1.497201],"out_tail":[-19.598969,-18.188969,-18.763275,-20.377392,-29.048273,-42.496120],"out_full_file":"/cf/last_out.json","out_full_file_bytes":7045,"out_full_file_reason":"ok","out_record_truncates":false}
{"app":"AI_LEARNER","stage":"mem","model":"b3_deepae","target":"aarch64-unknown-linux-gnu","completed":70,"hal_peak":1069632,"peak_within_bounded":true,"admitted_budget_bytes":1069632,"peak_within_admitted_budget":true,"admission_mode":"unconditional","hal_bytes_per_call_amortized":20648.2,"process_rss_kb":8144,"process_rss_delta_init_kb":1660,"max_active_calls":1,"active_calls_now":0,"call_counter_balanced":true}
.EVS Port1 1980-012-14:22:58.67817 66/1/AI_LEARNER 4: AI_LEARNER completed=71/71 mean=15503.8us max=35924.1us hal_peak=1069632 within_bounded=1
{"app":"AI_LEARNER","stage":"run","model":"b3_deepae","target":"aarch64-unknown-linux-gnu","attempted":71,"completed":71,"fail_input":0,"fail_invoke":0,"fail_output":0,"mean_us":15503.84,"max_us":35924.08,"last_us":10406.35,"out0":-34.88327,"out_elems":640,"out_sha256":"7377a66196d10b8f9095f1ec25df57b5b033488734ef3539915fd05471edb2fc","out_head":[-34.883270,-19.245007,-10.683949,-6.043216,-3.147524,1.497201],"out_tail":[-19.598969,-18.188969,-18.763275,-20.377392,-29.048273,-42.496120],"out_full_file":"/cf/last_out.json","out_full_file_bytes":7045,"out_full_file_reason":"ok","out_record_truncates":false}
{"app":"AI_LEARNER","stage":"mem","model":"b3_deepae","target":"aarch64-unknown-linux-gnu","completed":71,"hal_peak":1069632,"peak_within_bounded":true,"admitted_budget_bytes":1069632,"peak_within_admitted_budget":true,"admission_mode":"unconditional","hal_bytes_per_call_amortized":20408.8,"process_rss_kb":8144,"process_rss_delta_init_kb":1660,"max_active_calls":1,"active_calls_now":0,"call_counter_balanced":true}
EVS Port1 1980-012-14:23:01.00544 66/1/CFE_TIME 21: Stop FLYWHEEL
EVS Port1 1980-012-14:23:01.99522 66/1/CFE_TIME 20: Start FLYWHEEL
EVS Port1 1980-012-14:23:02.68185 66/1/AI_LEARNER 4: AI_LEARNER completed=72/72 mean=15543.3us max=35924.1us hal_peak=1069632 within_bounded=1
{"app":"AI_LEARNER","stage":"run","model":"b3_deepae","target":"aarch64-unknown-linux-gnu","attempted":72,"completed":72,"fail_input":0,"fail_invoke":0,"fail_output":0,"mean_us":15543.32,"max_us":35924.08,"last_us":18346.26,"out0":-34.88327,"out_elems":640,"out_sha256":"7377a66196d10b8f9095f1ec25df57b5b033488734ef3539915fd05471edb2fc","out_head":[-34.883270,-19.245007,-10.683949,-6.043216,-3.147524,1.497201],"out_tail":[-19.598969,-18.188969,-18.763275,-20.377392,-29.048273,-42.496120],"out_full_file":"/cf/last_out.json","out_full_file_bytes":7045,"out_full_file_reason":"ok","out_record_truncates":false}
{"app":"AI_LEARNER","stage":"mem","model":"b3_deepae","target":"aarch64-unknown-linux-gnu","completed":72,"hal_peak":1069632,"peak_within_bounded":true,"admitted_budget_bytes":1069632,"peak_within_admitted_budget":true,"admission_mode":"unconditional","hal_bytes_per_call_amortized":20176.0,"process_rss_kb":8144,"process_rss_delta_init_kb":1660,"max_active_calls":1,"active_calls_now":0,"call_counter_balanced":true}
.EVS Port1 1980-012-14:23:06.67083 66/1/AI_LEARNER 4: AI_LEARNER completed=73/73 mean=15454.2us max=35924.1us hal_peak=1069632 within_bounded=1
{"app":"AI_LEARNER","stage":"run","model":"b3_deepae","target":"aarch64-unknown-linux-gnu","attempted":73,"completed":73,"fail_input":0,"fail_invoke":0,"fail_output":0,"mean_us":15454.19,"max_us":35924.08,"last_us":9036.96,"out0":-34.88327,"out_elems":640,"out_sha256":"7377a66196d10b8f9095f1ec25df57b5b033488734ef3539915fd05471edb2fc","out_head":[-34.883270,-19.245007,-10.683949,-6.043216,-3.147524,1.497201],"out_tail":[-19.598969,-18.188969,-18.763275,-20.377392,-29.048273,-42.496120],"out_full_file":"/cf/last_out.json","out_full_file_bytes":7045,"out_full_file_reason":"ok","out_record_truncates":false}
{"app":"AI_LEARNER","stage":"mem","model":"b3_deepae","target":"aarch64-unknown-linux-gnu","completed":73,"hal_peak":1069632,"peak_within_bounded":true,"admitted_budget_bytes":1069632,"peak_within_admitted_budget":true,"admission_mode":"unconditional","hal_bytes_per_call_amortized":19949.6,"process_rss_kb":8144,"process_rss_delta_init_kb":1660,"max_active_calls":1,"active_calls_now":0,"call_counter_balanced":true}
.EVS Port1 1980-012-14:23:10.68286 66/1/AI_LEARNER 4: AI_LEARNER completed=74/74 mean=15424.8us max=35924.1us hal_peak=1069632 within_bounded=1
{"app":"AI_LEARNER","stage":"run","model":"b3_deepae","target":"aarch64-unknown-linux-gnu","attempted":74,"completed":74,"fail_input":0,"fail_invoke":0,"fail_output":0,"mean_us":15424.82,"max_us":35924.08,"last_us":13280.74,"out0":-34.88327,"out_elems":640,"out_sha256":"7377a66196d10b8f9095f1ec25df57b5b033488734ef3539915fd05471edb2fc","out_head":[-34.883270,-19.245007,-10.683949,-6.043216,-3.147524,1.497201],"out_tail":[-19.598969,-18.188969,-18.763275,-20.377392,-29.048273,-42.496120],"out_full_file":"/cf/last_out.json","out_full_file_bytes":7045,"out_full_file_reason":"ok","out_record_truncates":false}
{"app":"AI_LEARNER","stage":"mem","model":"b3_deepae","target":"aarch64-unknown-linux-gnu","completed":74,"hal_peak":1069632,"peak_within_bounded":true,"admitted_budget_bytes":1069632,"peak_within_admitted_budget":true,"admission_mode":"unconditional","hal_bytes_per_call_amortized":19729.3,"process_rss_kb":8144,"process_rss_delta_init_kb":1660,"max_active_calls":1,"active_calls_now":0,"call_counter_balanced":true}
EVS Port1 1980-012-14:23:14.70550 66/1/AI_LEARNER 4: AI_LEARNER completed=75/75 mean=15621.9us max=35924.1us hal_peak=1069632 within_bounded=1
{"app":"AI_LEARNER","stage":"run","model":"b3_deepae","target":"aarch64-unknown-linux-gnu","attempted":75,"completed":75,"fail_input":0,"fail_invoke":0,"fail_output":0,"mean_us":15621.87,"max_us":35924.08,"last_us":30203.63,"out0":-34.88327,"out_elems":640,"out_sha256":"7377a66196d10b8f9095f1ec25df57b5b033488734ef3539915fd05471edb2fc","out_head":[-34.883270,-19.245007,-10.683949,-6.043216,-3.147524,1.497201],"out_tail":[-19.598969,-18.188969,-18.763275,-20.377392,-29.048273,-42.496120],"out_full_file":"/cf/last_out.json","out_full_file_bytes":7045,"out_full_file_reason":"ok","out_record_truncates":false}
{"app":"AI_LEARNER","stage":"mem","model":"b3_deepae","target":"aarch64-unknown-linux-gnu","completed":75,"hal_peak":1069632,"peak_within_bounded":true,"admitted_budget_bytes":1069632,"peak_within_admitted_budget":true,"admission_mode":"unconditional","hal_bytes_per_call_amortized":19514.9,"process_rss_kb":8144,"process_rss_delta_init_kb":1660,"max_active_calls":1,"active_calls_now":0,"call_counter_balanced":true}
.EVS Port1 1980-012-14:23:18.68453 66/1/AI_LEARNER 4: AI_LEARNER completed=76/76 mean=15579.4us max=35924.1us hal_peak=1069632 within_bounded=1
{"app":"AI_LEARNER","stage":"run","model":"b3_deepae","target":"aarch64-unknown-linux-gnu","attempted":76,"completed":76,"fail_input":0,"fail_invoke":0,"fail_output":0,"mean_us":15579.40,"max_us":35924.08,"last_us":12394.69,"out0":-34.88327,"out_elems":640,"out_sha256":"7377a66196d10b8f9095f1ec25df57b5b033488734ef3539915fd05471edb2fc","out_head":[-34.883270,-19.245007,-10.683949,-6.043216,-3.147524,1.497201],"out_tail":[-19.598969,-18.188969,-18.763275,-20.377392,-29.048273,-42.496120],"out_full_file":"/cf/last_out.json","out_full_file_bytes":7045,"out_full_file_reason":"ok","out_record_truncates":false}
{"app":"AI_LEARNER","stage":"mem","model":"b3_deepae","target":"aarch64-unknown-linux-gnu","completed":76,"hal_peak":1069632,"peak_within_bounded":true,"admitted_budget_bytes":1069632,"peak_within_admitted_budget":true,"admission_mode":"unconditional","hal_bytes_per_call_amortized":19306.1,"process_rss_kb":8144,"process_rss_delta_init_kb":1660,"max_active_calls":1,"active_calls_now":0,"call_counter_balanced":true}
.EVS Port1 1980-012-14:23:22.70645 66/1/AI_LEARNER 4: AI_LEARNER completed=77/77 mean=15845.9us max=36097.9us hal_peak=1069632 within_bounded=1
{"app":"AI_LEARNER","stage":"run","model":"b3_deepae","target":"aarch64-unknown-linux-gnu","attempted":77,"completed":77,"fail_input":0,"fail_invoke":0,"fail_output":0,"mean_us":15845.88,"max_us":36097.86,"last_us":36097.86,"out0":-34.88327,"out_elems":640,"out_sha256":"7377a66196d10b8f9095f1ec25df57b5b033488734ef3539915fd05471edb2fc","out_head":[-34.883270,-19.245007,-10.683949,-6.043216,-3.147524,1.497201],"out_tail":[-19.598969,-18.188969,-18.763275,-20.377392,-29.048273,-42.496120],"out_full_file":"/cf/last_out.json","out_full_file_bytes":7045,"out_full_file_reason":"ok","out_record_truncates":false}
{"app":"AI_LEARNER","stage":"mem","model":"b3_deepae","target":"aarch64-unknown-linux-gnu","completed":77,"hal_peak":1069632,"peak_within_bounded":true,"admitted_budget_bytes":1069632,"peak_within_admitted_budget":true,"admission_mode":"unconditional","hal_bytes_per_call_amortized":19102.8,"process_rss_kb":8144,"process_rss_delta_init_kb":1660,"max_active_calls":1,"active_calls_now":0,"call_counter_balanced":true}
EVS Port1 1980-012-14:23:26.68243 66/1/AI_LEARNER 4: AI_LEARNER completed=78/78 mean=15827.8us max=36097.9us hal_peak=1069632 within_bounded=1
{"app":"AI_LEARNER","stage":"run","model":"b3_deepae","target":"aarch64-unknown-linux-gnu","attempted":78,"completed":78,"fail_input":0,"fail_invoke":0,"fail_output":0,"mean_us":15827.79,"max_us":36097.86,"last_us":14434.75,"out0":-34.88327,"out_elems":640,"out_sha256":"7377a66196d10b8f9095f1ec25df57b5b033488734ef3539915fd05471edb2fc","out_head":[-34.883270,-19.245007,-10.683949,-6.043216,-3.147524,1.497201],"out_tail":[-19.598969,-18.188969,-18.763275,-20.377392,-29.048273,-42.496120],"out_full_file":"/cf/last_out.json","out_full_file_bytes":7045,"out_full_file_reason":"ok","out_record_truncates":false}
{"app":"AI_LEARNER","stage":"mem","model":"b3_deepae","target":"aarch64-unknown-linux-gnu","completed":78,"hal_peak":1069632,"peak_within_bounded":true,"admitted_budget_bytes":1069632,"peak_within_admitted_budget":true,"admission_mode":"unconditional","hal_bytes_per_call_amortized":18904.6,"process_rss_kb":8144,"process_rss_delta_init_kb":1660,"max_active_calls":1,"active_calls_now":0,"call_counter_balanced":true}
.EVS Port1 1980-012-14:23:30.67959 66/1/AI_LEARNER 4: AI_LEARNER completed=79/79 mean=15698.3us max=36097.9us hal_peak=1069632 within_bounded=1
{"app":"AI_LEARNER","stage":"run","model":"b3_deepae","target":"aarch64-unknown-linux-gnu","attempted":79,"completed":79,"fail_input":0,"fail_invoke":0,"fail_output":0,"mean_us":15698.28,"max_us":36097.86,"last_us":5596.72,"out0":-34.88327,"out_elems":640,"out_sha256":"7377a66196d10b8f9095f1ec25df57b5b033488734ef3539915fd05471edb2fc","out_head":[-34.883270,-19.245007,-10.683949,-6.043216,-3.147524,1.497201],"out_tail":[-19.598969,-18.188969,-18.763275,-20.377392,-29.048273,-42.496120],"out_full_file":"/cf/last_out.json","out_full_file_bytes":7045,"out_full_file_reason":"ok","out_record_truncates":false}
{"app":"AI_LEARNER","stage":"mem","model":"b3_deepae","target":"aarch64-unknown-linux-gnu","completed":79,"hal_peak":1069632,"peak_within_bounded":true,"admitted_budget_bytes":1069632,"peak_within_admitted_budget":true,"admission_mode":"unconditional","hal_bytes_per_call_amortized":18711.5,"process_rss_kb":8144,"process_rss_delta_init_kb":1660,"max_active_calls":1,"active_calls_now":0,"call_counter_balanced":true}
.EVS Port1 1980-012-14:23:34.68920 66/1/AI_LEARNER 4: AI_LEARNER completed=80/80 mean=15685.0us max=36097.9us hal_peak=1069632 within_bounded=1
{"app":"AI_LEARNER","stage":"run","model":"b3_deepae","target":"aarch64-unknown-linux-gnu","attempted":80,"completed":80,"fail_input":0,"fail_invoke":0,"fail_output":0,"mean_us":15684.95,"max_us":36097.86,"last_us":14632.00,"out0":-34.88327,"out_elems":640,"out_sha256":"7377a66196d10b8f9095f1ec25df57b5b033488734ef3539915fd05471edb2fc","out_head":[-34.883270,-19.245007,-10.683949,-6.043216,-3.147524,1.497201],"out_tail":[-19.598969,-18.188969,-18.763275,-20.377392,-29.048273,-42.496120],"out_full_file":"/cf/last_out.json","out_full_file_bytes":7045,"out_full_file_reason":"ok","out_record_truncates":false}
{"app":"AI_LEARNER","stage":"mem","model":"b3_deepae","target":"aarch64-unknown-linux-gnu","completed":80,"hal_peak":1069632,"peak_within_bounded":true,"admitted_budget_bytes":1069632,"peak_within_admitted_budget":true,"admission_mode":"unconditional","hal_bytes_per_call_amortized":18523.2,"process_rss_kb":8144,"process_rss_delta_init_kb":1660,"max_active_calls":1,"active_calls_now":0,"call_counter_balanced":true}
EVS Port1 1980-012-14:23:38.68252 66/1/AI_LEARNER 4: AI_LEARNER completed=81/81 mean=15671.7us max=36097.9us hal_peak=1069632 within_bounded=1
{"app":"AI_LEARNER","stage":"run","model":"b3_deepae","target":"aarch64-unknown-linux-gnu","attempted":81,"completed":81,"fail_input":0,"fail_invoke":0,"fail_output":0,"mean_us":15671.69,"max_us":36097.86,"last_us":14610.93,"out0":-34.88327,"out_elems":640,"out_sha256":"7377a66196d10b8f9095f1ec25df57b5b033488734ef3539915fd05471edb2fc","out_head":[-34.883270,-19.245007,-10.683949,-6.043216,-3.147524,1.497201],"out_tail":[-19.598969,-18.188969,-18.763275,-20.377392,-29.048273,-42.496120],"out_full_file":"/cf/last_out.json","out_full_file_bytes":7045,"out_full_file_reason":"ok","out_record_truncates":false}
{"app":"AI_LEARNER","stage":"mem","model":"b3_deepae","target":"aarch64-unknown-linux-gnu","completed":81,"hal_peak":1069632,"peak_within_bounded":true,"admitted_budget_bytes":1069632,"peak_within_admitted_budget":true,"admission_mode":"unconditional","hal_bytes_per_call_amortized":18339.6,"process_rss_kb":8144,"process_rss_delta_init_kb":1660,"max_active_calls":1,"active_calls_now":0,"call_counter_balanced":true}
.EVS Port1 1980-012-14:23:42.67387 66/1/AI_LEARNER 4: AI_LEARNER completed=82/82 mean=15603.2us max=36097.9us hal_peak=1069632 within_bounded=1
{"app":"AI_LEARNER","stage":"run","model":"b3_deepae","target":"aarch64-unknown-linux-gnu","attempted":82,"completed":82,"fail_input":0,"fail_invoke":0,"fail_output":0,"mean_us":15603.17,"max_us":36097.86,"last_us":10052.67,"out0":-34.88327,"out_elems":640,"out_sha256":"7377a66196d10b8f9095f1ec25df57b5b033488734ef3539915fd05471edb2fc","out_head":[-34.883270,-19.245007,-10.683949,-6.043216,-3.147524,1.497201],"out_tail":[-19.598969,-18.188969,-18.763275,-20.377392,-29.048273,-42.496120],"out_full_file":"/cf/last_out.json","out_full_file_bytes":7045,"out_full_file_reason":"ok","out_record_truncates":false}
{"app":"AI_LEARNER","stage":"mem","model":"b3_deepae","target":"aarch64-unknown-linux-gnu","completed":82,"hal_peak":1069632,"peak_within_bounded":true,"admitted_budget_bytes":1069632,"peak_within_admitted_budget":true,"admission_mode":"unconditional","hal_bytes_per_call_amortized":18160.4,"process_rss_kb":8144,"process_rss_delta_init_kb":1660,"max_active_calls":1,"active_calls_now":0,"call_counter_balanced":true}
.EVS Port1 1980-012-14:23:46.67596 66/1/AI_LEARNER 4: AI_LEARNER completed=83/83 mean=15560.6us max=36097.9us hal_peak=1069632 within_bounded=1
{"app":"AI_LEARNER","stage":"run","model":"b3_deepae","target":"aarch64-unknown-linux-gnu","attempted":83,"completed":83,"fail_input":0,"fail_invoke":0,"fail_output":0,"mean_us":15560.58,"max_us":36097.86,"last_us":12068.43,"out0":-34.88327,"out_elems":640,"out_sha256":"7377a66196d10b8f9095f1ec25df57b5b033488734ef3539915fd05471edb2fc","out_head":[-34.883270,-19.245007,-10.683949,-6.043216,-3.147524,1.497201],"out_tail":[-19.598969,-18.188969,-18.763275,-20.377392,-29.048273,-42.496120],"out_full_file":"/cf/last_out.json","out_full_file_bytes":7045,"out_full_file_reason":"ok","out_record_truncates":false}
{"app":"AI_LEARNER","stage":"mem","model":"b3_deepae","target":"aarch64-unknown-linux-gnu","completed":83,"hal_peak":1069632,"peak_within_bounded":true,"admitted_budget_bytes":1069632,"peak_within_admitted_budget":true,"admission_mode":"unconditional","hal_bytes_per_call_amortized":17985.5,"process_rss_kb":8144,"process_rss_delta_init_kb":1660,"max_active_calls":1,"active_calls_now":0,"call_counter_balanced":true}
EVS Port1 1980-012-14:23:50.68632 66/1/AI_LEARNER 4: AI_LEARNER completed=84/84 mean=15577.6us max=36097.9us hal_peak=1069632 within_bounded=1
{"app":"AI_LEARNER","stage":"run","model":"b3_deepae","target":"aarch64-unknown-linux-gnu","attempted":84,"completed":84,"fail_input":0,"fail_invoke":0,"fail_output":0,"mean_us":15577.63,"max_us":36097.86,"last_us":16993.01,"out0":-34.88327,"out_elems":640,"out_sha256":"7377a66196d10b8f9095f1ec25df57b5b033488734ef3539915fd05471edb2fc","out_head":[-34.883270,-19.245007,-10.683949,-6.043216,-3.147524,1.497201],"out_tail":[-19.598969,-18.188969,-18.763275,-20.377392,-29.048273,-42.496120],"out_full_file":"/cf/last_out.json","out_full_file_bytes":7045,"out_full_file_reason":"ok","out_record_truncates":false}
{"app":"AI_LEARNER","stage":"mem","model":"b3_deepae","target":"aarch64-unknown-linux-gnu","completed":84,"hal_peak":1069632,"peak_within_bounded":true,"admitted_budget_bytes":1069632,"peak_within_admitted_budget":true,"admission_mode":"unconditional","hal_bytes_per_call_amortized":17814.9,"process_rss_kb":8144,"process_rss_delta_init_kb":1660,"max_active_calls":1,"active_calls_now":0,"call_counter_balanced":true}
.EVS Port1 1980-012-14:23:54.67802 66/1/AI_LEARNER 4: AI_LEARNER completed=85/85 mean=15543.1us max=36097.9us hal_peak=1069632 within_bounded=1
{"app":"AI_LEARNER","stage":"run","model":"b3_deepae","target":"aarch64-unknown-linux-gnu","attempted":85,"completed":85,"fail_input":0,"fail_invoke":0,"fail_output":0,"mean_us":15543.07,"max_us":36097.86,"last_us":12639.50,"out0":-34.88327,"out_elems":640,"out_sha256":"7377a66196d10b8f9095f1ec25df57b5b033488734ef3539915fd05471edb2fc","out_head":[-34.883270,-19.245007,-10.683949,-6.043216,-3.147524,1.497201],"out_tail":[-19.598969,-18.188969,-18.763275,-20.377392,-29.048273,-42.496120],"out_full_file":"/cf/last_out.json","out_full_file_bytes":7045,"out_full_file_reason":"ok","out_record_truncates":false}
{"app":"AI_LEARNER","stage":"mem","model":"b3_deepae","target":"aarch64-unknown-linux-gnu","completed":85,"hal_peak":1069632,"peak_within_bounded":true,"admitted_budget_bytes":1069632,"peak_within_admitted_budget":true,"admission_mode":"unconditional","hal_bytes_per_call_amortized":17648.2,"process_rss_kb":8144,"process_rss_delta_init_kb":1660,"max_active_calls":1,"active_calls_now":0,"call_counter_balanced":true}
.EVS Port1 1980-012-14:23:58.71852 66/1/AI_LEARNER 4: AI_LEARNER completed=86/86 mean=15570.3us max=36097.9us hal_peak=1069632 within_bounded=1
{"app":"AI_LEARNER","stage":"run","model":"b3_deepae","target":"aarch64-unknown-linux-gnu","attempted":86,"completed":86,"fail_input":0,"fail_invoke":0,"fail_output":0,"mean_us":15570.34,"max_us":36097.86,"last_us":17888.74,"out0":-34.88327,"out_elems":640,"out_sha256":"7377a66196d10b8f9095f1ec25df57b5b033488734ef3539915fd05471edb2fc","out_head":[-34.883270,-19.245007,-10.683949,-6.043216,-3.147524,1.497201],"out_tail":[-19.598969,-18.188969,-18.763275,-20.377392,-29.048273,-42.496120],"out_full_file":"/cf/last_out.json","out_full_file_bytes":7045,"out_full_file_reason":"ok","out_record_truncates":false}
{"app":"AI_LEARNER","stage":"mem","model":"b3_deepae","target":"aarch64-unknown-linux-gnu","completed":86,"hal_peak":1069632,"peak_within_bounded":true,"admitted_budget_bytes":1069632,"peak_within_admitted_budget":true,"admission_mode":"unconditional","hal_bytes_per_call_amortized":17485.4,"process_rss_kb":8144,"process_rss_delta_init_kb":1660,"max_active_calls":1,"active_calls_now":0,"call_counter_balanced":true}
EVS Port1 1980-012-14:24:02.67987 66/1/AI_LEARNER 4: AI_LEARNER completed=87/87 mean=15541.6us max=36097.9us hal_peak=1069632 within_bounded=1
{"app":"AI_LEARNER","stage":"run","model":"b3_deepae","target":"aarch64-unknown-linux-gnu","attempted":87,"completed":87,"fail_input":0,"fail_invoke":0,"fail_output":0,"mean_us":15541.58,"max_us":36097.86,"last_us":13068.43,"out0":-34.88327,"out_elems":640,"out_sha256":"7377a66196d10b8f9095f1ec25df57b5b033488734ef3539915fd05471edb2fc","out_head":[-34.883270,-19.245007,-10.683949,-6.043216,-3.147524,1.497201],"out_tail":[-19.598969,-18.188969,-18.763275,-20.377392,-29.048273,-42.496120],"out_full_file":"/cf/last_out.json","out_full_file_bytes":7045,"out_full_file_reason":"ok","out_record_truncates":false}
{"app":"AI_LEARNER","stage":"mem","model":"b3_deepae","target":"aarch64-unknown-linux-gnu","completed":87,"hal_peak":1069632,"peak_within_bounded":true,"admitted_budget_bytes":1069632,"peak_within_admitted_budget":true,"admission_mode":"unconditional","hal_bytes_per_call_amortized":17326.3,"process_rss_kb":8144,"process_rss_delta_init_kb":1660,"max_active_calls":1,"active_calls_now":0,"call_counter_balanced":true}
.EVS Port1 1980-012-14:24:06.68162 66/1/AI_LEARNER 4: AI_LEARNER completed=88/88 mean=15520.4us max=36097.9us hal_peak=1069632 within_bounded=1
{"app":"AI_LEARNER","stage":"run","model":"b3_deepae","target":"aarch64-unknown-linux-gnu","attempted":88,"completed":88,"fail_input":0,"fail_invoke":0,"fail_output":0,"mean_us":15520.41,"max_us":36097.86,"last_us":13678.40,"out0":-34.88327,"out_elems":640,"out_sha256":"7377a66196d10b8f9095f1ec25df57b5b033488734ef3539915fd05471edb2fc","out_head":[-34.883270,-19.245007,-10.683949,-6.043216,-3.147524,1.497201],"out_tail":[-19.598969,-18.188969,-18.763275,-20.377392,-29.048273,-42.496120],"out_full_file":"/cf/last_out.json","out_full_file_bytes":7045,"out_full_file_reason":"ok","out_record_truncates":false}
{"app":"AI_LEARNER","stage":"mem","model":"b3_deepae","target":"aarch64-unknown-linux-gnu","completed":88,"hal_peak":1069632,"peak_within_bounded":true,"admitted_budget_bytes":1069632,"peak_within_admitted_budget":true,"admission_mode":"unconditional","hal_bytes_per_call_amortized":17170.9,"process_rss_kb":8144,"process_rss_delta_init_kb":1660,"max_active_calls":1,"active_calls_now":0,"call_counter_balanced":true}
.EVS Port1 1980-012-14:24:10.70716 66/1/AI_LEARNER 4: AI_LEARNER completed=89/89 mean=15510.8us max=36097.9us hal_peak=1069632 within_bounded=1
{"app":"AI_LEARNER","stage":"run","model":"b3_deepae","target":"aarch64-unknown-linux-gnu","attempted":89,"completed":89,"fail_input":0,"fail_invoke":0,"fail_output":0,"mean_us":15510.82,"max_us":36097.86,"last_us":14667.25,"out0":-34.88327,"out_elems":640,"out_sha256":"7377a66196d10b8f9095f1ec25df57b5b033488734ef3539915fd05471edb2fc","out_head":[-34.883270,-19.245007,-10.683949,-6.043216,-3.147524,1.497201],"out_tail":[-19.598969,-18.188969,-18.763275,-20.377392,-29.048273,-42.496120],"out_full_file":"/cf/last_out.json","out_full_file_bytes":7045,"out_full_file_reason":"ok","out_record_truncates":false}
{"app":"AI_LEARNER","stage":"mem","model":"b3_deepae","target":"aarch64-unknown-linux-gnu","completed":89,"hal_peak":1069632,"peak_within_bounded":true,"admitted_budget_bytes":1069632,"peak_within_admitted_budget":true,"admission_mode":"unconditional","hal_bytes_per_call_amortized":17019.0,"process_rss_kb":8144,"process_rss_delta_init_kb":1660,"max_active_calls":1,"active_calls_now":0,"call_counter_balanced":true}
EVS Port1 1980-012-14:24:14.68472 66/1/AI_LEARNER 4: AI_LEARNER completed=90/90 mean=15557.4us max=36097.9us hal_peak=1069632 within_bounded=1
{"app":"AI_LEARNER","stage":"run","model":"b3_deepae","target":"aarch64-unknown-linux-gnu","attempted":90,"completed":90,"fail_input":0,"fail_invoke":0,"fail_output":0,"mean_us":15557.37,"max_us":36097.86,"last_us":19699.87,"out0":-34.88327,"out_elems":640,"out_sha256":"7377a66196d10b8f9095f1ec25df57b5b033488734ef3539915fd05471edb2fc","out_head":[-34.883270,-19.245007,-10.683949,-6.043216,-3.147524,1.497201],"out_tail":[-19.598969,-18.188969,-18.763275,-20.377392,-29.048273,-42.496120],"out_full_file":"/cf/last_out.json","out_full_file_bytes":7045,"out_full_file_reason":"ok","out_record_truncates":false}
{"app":"AI_LEARNER","stage":"mem","model":"b3_deepae","target":"aarch64-unknown-linux-gnu","completed":90,"hal_peak":1069632,"peak_within_bounded":true,"admitted_budget_bytes":1069632,"peak_within_admitted_budget":true,"admission_mode":"unconditional","hal_bytes_per_call_amortized":16870.4,"process_rss_kb":8144,"process_rss_delta_init_kb":1660,"max_active_calls":1,"active_calls_now":0,"call_counter_balanced":true}
.EVS Port1 1980-012-14:24:18.68984 66/1/AI_LEARNER 4: AI_LEARNER completed=91/91 mean=15513.8us max=36097.9us hal_peak=1069632 within_bounded=1
{"app":"AI_LEARNER","stage":"run","model":"b3_deepae","target":"aarch64-unknown-linux-gnu","attempted":91,"completed":91,"fail_input":0,"fail_invoke":0,"fail_output":0,"mean_us":15513.78,"max_us":36097.86,"last_us":11590.94,"out0":-34.88327,"out_elems":640,"out_sha256":"7377a66196d10b8f9095f1ec25df57b5b033488734ef3539915fd05471edb2fc","out_head":[-34.883270,-19.245007,-10.683949,-6.043216,-3.147524,1.497201],"out_tail":[-19.598969,-18.188969,-18.763275,-20.377392,-29.048273,-42.496120],"out_full_file":"/cf/last_out.json","out_full_file_bytes":7045,"out_full_file_reason":"ok","out_record_truncates":false}
{"app":"AI_LEARNER","stage":"mem","model":"b3_deepae","target":"aarch64-unknown-linux-gnu","completed":91,"hal_peak":1069632,"peak_within_bounded":true,"admitted_budget_bytes":1069632,"peak_within_admitted_budget":true,"admission_mode":"unconditional","hal_bytes_per_call_amortized":16725.1,"process_rss_kb":8144,"process_rss_delta_init_kb":1660,"max_active_calls":1,"active_calls_now":0,"call_counter_balanced":true}
.EVS Port1 1980-012-14:24:22.67961 66/1/AI_LEARNER 4: AI_LEARNER completed=92/92 mean=15468.4us max=36097.9us hal_peak=1069632 within_bounded=1
{"app":"AI_LEARNER","stage":"run","model":"b3_deepae","target":"aarch64-unknown-linux-gnu","attempted":92,"completed":92,"fail_input":0,"fail_invoke":0,"fail_output":0,"mean_us":15468.42,"max_us":36097.86,"last_us":11340.78,"out0":-34.88327,"out_elems":640,"out_sha256":"7377a66196d10b8f9095f1ec25df57b5b033488734ef3539915fd05471edb2fc","out_head":[-34.883270,-19.245007,-10.683949,-6.043216,-3.147524,1.497201],"out_tail":[-19.598969,-18.188969,-18.763275,-20.377392,-29.048273,-42.496120],"out_full_file":"/cf/last_out.json","out_full_file_bytes":7045,"out_full_file_reason":"ok","out_record_truncates":false}
{"app":"AI_LEARNER","stage":"mem","model":"b3_deepae","target":"aarch64-unknown-linux-gnu","completed":92,"hal_peak":1069632,"peak_within_bounded":true,"admitted_budget_bytes":1069632,"peak_within_admitted_budget":true,"admission_mode":"unconditional","hal_bytes_per_call_amortized":16583.0,"process_rss_kb":8144,"process_rss_delta_init_kb":1660,"max_active_calls":1,"active_calls_now":0,"call_counter_balanced":true}
EVS Port1 1980-012-14:24:26.68174 66/1/AI_LEARNER 4: AI_LEARNER completed=93/93 mean=15435.1us max=36097.9us hal_peak=1069632 within_bounded=1
{"app":"AI_LEARNER","stage":"run","model":"b3_deepae","target":"aarch64-unknown-linux-gnu","attempted":93,"completed":93,"fail_input":0,"fail_invoke":0,"fail_output":0,"mean_us":15435.11,"max_us":36097.86,"last_us":12370.24,"out0":-34.88327,"out_elems":640,"out_sha256":"7377a66196d10b8f9095f1ec25df57b5b033488734ef3539915fd05471edb2fc","out_head":[-34.883270,-19.245007,-10.683949,-6.043216,-3.147524,1.497201],"out_tail":[-19.598969,-18.188969,-18.763275,-20.377392,-29.048273,-42.496120],"out_full_file":"/cf/last_out.json","out_full_file_bytes":7045,"out_full_file_reason":"ok","out_record_truncates":false}
{"app":"AI_LEARNER","stage":"mem","model":"b3_deepae","target":"aarch64-unknown-linux-gnu","completed":93,"hal_peak":1069632,"peak_within_bounded":true,"admitted_budget_bytes":1069632,"peak_within_admitted_budget":true,"admission_mode":"unconditional","hal_bytes_per_call_amortized":16443.9,"process_rss_kb":8144,"process_rss_delta_init_kb":1660,"max_active_calls":1,"active_calls_now":0,"call_counter_balanced":true}
.EVS Port1 1980-012-14:24:30.67439 66/1/AI_LEARNER 4: AI_LEARNER completed=94/94 mean=15364.2us max=36097.9us hal_peak=1069632 within_bounded=1
{"app":"AI_LEARNER","stage":"run","model":"b3_deepae","target":"aarch64-unknown-linux-gnu","attempted":94,"completed":94,"fail_input":0,"fail_invoke":0,"fail_output":0,"mean_us":15364.23,"max_us":36097.86,"last_us":8772.50,"out0":-34.88327,"out_elems":640,"out_sha256":"7377a66196d10b8f9095f1ec25df57b5b033488734ef3539915fd05471edb2fc","out_head":[-34.883270,-19.245007,-10.683949,-6.043216,-3.147524,1.497201],"out_tail":[-19.598969,-18.188969,-18.763275,-20.377392,-29.048273,-42.496120],"out_full_file":"/cf/last_out.json","out_full_file_bytes":7045,"out_full_file_reason":"ok","out_record_truncates":false}
{"app":"AI_LEARNER","stage":"mem","model":"b3_deepae","target":"aarch64-unknown-linux-gnu","completed":94,"hal_peak":1069632,"peak_within_bounded":true,"admitted_budget_bytes":1069632,"peak_within_admitted_budget":true,"admission_mode":"unconditional","hal_bytes_per_call_amortized":16307.7,"process_rss_kb":8144,"process_rss_delta_init_kb":1660,"max_active_calls":1,"active_calls_now":0,"call_counter_balanced":true}
.EVS Port1 1980-012-14:24:34.68148 66/1/AI_LEARNER 4: AI_LEARNER completed=95/95 mean=15463.6us max=36097.9us hal_peak=1069632 within_bounded=1
{"app":"AI_LEARNER","stage":"run","model":"b3_deepae","target":"aarch64-unknown-linux-gnu","attempted":95,"completed":95,"fail_input":0,"fail_invoke":0,"fail_output":0,"mean_us":15463.62,"max_us":36097.86,"last_us":24805.86,"out0":-34.88327,"out_elems":640,"out_sha256":"7377a66196d10b8f9095f1ec25df57b5b033488734ef3539915fd05471edb2fc","out_head":[-34.883270,-19.245007,-10.683949,-6.043216,-3.147524,1.497201],"out_tail":[-19.598969,-18.188969,-18.763275,-20.377392,-29.048273,-42.496120],"out_full_file":"/cf/last_out.json","out_full_file_bytes":7045,"out_full_file_reason":"ok","out_record_truncates":false}
{"app":"AI_LEARNER","stage":"mem","model":"b3_deepae","target":"aarch64-unknown-linux-gnu","completed":95,"hal_peak":1069632,"peak_within_bounded":true,"admitted_budget_bytes":1069632,"peak_within_admitted_budget":true,"admission_mode":"unconditional","hal_bytes_per_call_amortized":16174.5,"process_rss_kb":8144,"process_rss_delta_init_kb":1660,"max_active_calls":1,"active_calls_now":0,"call_counter_balanced":true}
EVS Port1 1980-012-14:24:38.68231 66/1/AI_LEARNER 4: AI_LEARNER completed=96/96 mean=15475.2us max=36097.9us hal_peak=1069632 within_bounded=1
{"app":"AI_LEARNER","stage":"run","model":"b3_deepae","target":"aarch64-unknown-linux-gnu","attempted":96,"completed":96,"fail_input":0,"fail_invoke":0,"fail_output":0,"mean_us":15475.19,"max_us":36097.86,"last_us":16574.29,"out0":-34.88327,"out_elems":640,"out_sha256":"7377a66196d10b8f9095f1ec25df57b5b033488734ef3539915fd05471edb2fc","out_head":[-34.883270,-19.245007,-10.683949,-6.043216,-3.147524,1.497201],"out_tail":[-19.598969,-18.188969,-18.763275,-20.377392,-29.048273,-42.496120],"out_full_file":"/cf/last_out.json","out_full_file_bytes":7045,"out_full_file_reason":"ok","out_record_truncates":false}
{"app":"AI_LEARNER","stage":"mem","model":"b3_deepae","target":"aarch64-unknown-linux-gnu","completed":96,"hal_peak":1069632,"peak_within_bounded":true,"admitted_budget_bytes":1069632,"peak_within_admitted_budget":true,"admission_mode":"unconditional","hal_bytes_per_call_amortized":16044.0,"process_rss_kb":8144,"process_rss_delta_init_kb":1660,"max_active_calls":1,"active_calls_now":0,"call_counter_balanced":true}
.EVS Port1 1980-012-14:24:42.69517 66/1/AI_LEARNER 4: AI_LEARNER completed=97/97 mean=15562.2us max=36097.9us hal_peak=1069632 within_bounded=1
{"app":"AI_LEARNER","stage":"run","model":"b3_deepae","target":"aarch64-unknown-linux-gnu","attempted":97,"completed":97,"fail_input":0,"fail_invoke":0,"fail_output":0,"mean_us":15562.22,"max_us":36097.86,"last_us":23917.57,"out0":-34.88327,"out_elems":640,"out_sha256":"7377a66196d10b8f9095f1ec25df57b5b033488734ef3539915fd05471edb2fc","out_head":[-34.883270,-19.245007,-10.683949,-6.043216,-3.147524,1.497201],"out_tail":[-19.598969,-18.188969,-18.763275,-20.377392,-29.048273,-42.496120],"out_full_file":"/cf/last_out.json","out_full_file_bytes":7045,"out_full_file_reason":"ok","out_record_truncates":false}
{"app":"AI_LEARNER","stage":"mem","model":"b3_deepae","target":"aarch64-unknown-linux-gnu","completed":97,"hal_peak":1069632,"peak_within_bounded":true,"admitted_budget_bytes":1069632,"peak_within_admitted_budget":true,"admission_mode":"unconditional","hal_bytes_per_call_amortized":15916.2,"process_rss_kb":8144,"process_rss_delta_init_kb":1660,"max_active_calls":1,"active_calls_now":0,"call_counter_balanced":true}
.EVS Port1 1980-012-14:24:46.68476 66/1/AI_LEARNER 4: AI_LEARNER completed=98/98 mean=15578.1us max=36097.9us hal_peak=1069632 within_bounded=1
{"app":"AI_LEARNER","stage":"run","model":"b3_deepae","target":"aarch64-unknown-linux-gnu","attempted":98,"completed":98,"fail_input":0,"fail_invoke":0,"fail_output":0,"mean_us":15578.14,"max_us":36097.86,"last_us":17121.92,"out0":-34.88327,"out_elems":640,"out_sha256":"7377a66196d10b8f9095f1ec25df57b5b033488734ef3539915fd05471edb2fc","out_head":[-34.883270,-19.245007,-10.683949,-6.043216,-3.147524,1.497201],"out_tail":[-19.598969,-18.188969,-18.763275,-20.377392,-29.048273,-42.496120],"out_full_file":"/cf/last_out.json","out_full_file_bytes":7045,"out_full_file_reason":"ok","out_record_truncates":false}
{"app":"AI_LEARNER","stage":"mem","model":"b3_deepae","target":"aarch64-unknown-linux-gnu","completed":98,"hal_peak":1069632,"peak_within_bounded":true,"admitted_budget_bytes":1069632,"peak_within_admitted_budget":true,"admission_mode":"unconditional","hal_bytes_per_call_amortized":15791.0,"process_rss_kb":8144,"process_rss_delta_init_kb":1660,"max_active_calls":1,"active_calls_now":0,"call_counter_balanced":true}
EVS Port1 1980-012-14:24:50.72425 66/1/AI_LEARNER 4: AI_LEARNER completed=99/99 mean=15616.3us max=36097.9us hal_peak=1069632 within_bounded=1
{"app":"AI_LEARNER","stage":"run","model":"b3_deepae","target":"aarch64-unknown-linux-gnu","attempted":99,"completed":99,"fail_input":0,"fail_invoke":0,"fail_output":0,"mean_us":15616.31,"max_us":36097.86,"last_us":19357.31,"out0":-34.88327,"out_elems":640,"out_sha256":"7377a66196d10b8f9095f1ec25df57b5b033488734ef3539915fd05471edb2fc","out_head":[-34.883270,-19.245007,-10.683949,-6.043216,-3.147524,1.497201],"out_tail":[-19.598969,-18.188969,-18.763275,-20.377392,-29.048273,-42.496120],"out_full_file":"/cf/last_out.json","out_full_file_bytes":7045,"out_full_file_reason":"ok","out_record_truncates":false}
{"app":"AI_LEARNER","stage":"mem","model":"b3_deepae","target":"aarch64-unknown-linux-gnu","completed":99,"hal_peak":1069632,"peak_within_bounded":true,"admitted_budget_bytes":1069632,"peak_within_admitted_budget":true,"admission_mode":"unconditional","hal_bytes_per_call_amortized":15668.4,"process_rss_kb":8144,"process_rss_delta_init_kb":1660,"max_active_calls":1,"active_calls_now":0,"call_counter_balanced":true}
.EVS Port1 1980-012-14:24:54.68006 66/1/AI_LEARNER 4: AI_LEARNER completed=100/100 mean=15588.0us max=36097.9us hal_peak=1069632 within_bounded=1
{"app":"AI_LEARNER","stage":"run","model":"b3_deepae","target":"aarch64-unknown-linux-gnu","attempted":100,"completed":100,"fail_input":0,"fail_invoke":0,"fail_output":0,"mean_us":15588.02,"max_us":36097.86,"last_us":12787.23,"out0":-34.88327,"out_elems":640,"out_sha256":"7377a66196d10b8f9095f1ec25df57b5b033488734ef3539915fd05471edb2fc","out_head":[-34.883270,-19.245007,-10.683949,-6.043216,-3.147524,1.497201],"out_tail":[-19.598969,-18.188969,-18.763275,-20.377392,-29.048273,-42.496120],"out_full_file":"/cf/last_out.json","out_full_file_bytes":7046,"out_full_file_reason":"ok","out_record_truncates":false}
{"app":"AI_LEARNER","stage":"mem","model":"b3_deepae","target":"aarch64-unknown-linux-gnu","completed":100,"hal_peak":1069632,"peak_within_bounded":true,"admitted_budget_bytes":1069632,"peak_within_admitted_budget":true,"admission_mode":"unconditional","hal_bytes_per_call_amortized":15548.2,"process_rss_kb":8144,"process_rss_delta_init_kb":1660,"max_active_calls":1,"active_calls_now":0,"call_counter_balanced":true}
.EVS Port1 1980-012-14:24:58.69349 66/1/AI_LEARNER 4: AI_LEARNER completed=101/101 mean=15648.5us max=36097.9us hal_peak=1069632 within_bounded=1
{"app":"AI_LEARNER","stage":"run","model":"b3_deepae","target":"aarch64-unknown-linux-gnu","attempted":101,"completed":101,"fail_input":0,"fail_invoke":0,"fail_output":0,"mean_us":15648.50,"max_us":36097.86,"last_us":21696.42,"out0":-34.88327,"out_elems":640,"out_sha256":"7377a66196d10b8f9095f1ec25df57b5b033488734ef3539915fd05471edb2fc","out_head":[-34.883270,-19.245007,-10.683949,-6.043216,-3.147524,1.497201],"out_tail":[-19.598969,-18.188969,-18.763275,-20.377392,-29.048273,-42.496120],"out_full_file":"/cf/last_out.json","out_full_file_bytes":7046,"out_full_file_reason":"ok","out_record_truncates":false}
{"app":"AI_LEARNER","stage":"mem","model":"b3_deepae","target":"aarch64-unknown-linux-gnu","completed":101,"hal_peak":1069632,"peak_within_bounded":true,"admitted_budget_bytes":1069632,"peak_within_admitted_budget":true,"admission_mode":"unconditional","hal_bytes_per_call_amortized":15430.3,"process_rss_kb":8144,"process_rss_delta_init_kb":1660,"max_active_calls":1,"active_calls_now":0,"call_counter_balanced":true}
EVS Port1 1980-012-14:25:02.68461 66/1/AI_LEARNER 4: AI_LEARNER completed=102/102 mean=15623.1us max=36097.9us hal_peak=1069632 within_bounded=1
{"app":"AI_LEARNER","stage":"run","model":"b3_deepae","target":"aarch64-unknown-linux-gnu","attempted":102,"completed":102,"fail_input":0,"fail_invoke":0,"fail_output":0,"mean_us":15623.11,"max_us":36097.86,"last_us":13059.14,"out0":-34.88327,"out_elems":640,"out_sha256":"7377a66196d10b8f9095f1ec25df57b5b033488734ef3539915fd05471edb2fc","out_head":[-34.883270,-19.245007,-10.683949,-6.043216,-3.147524,1.497201],"out_tail":[-19.598969,-18.188969,-18.763275,-20.377392,-29.048273,-42.496120],"out_full_file":"/cf/last_out.json","out_full_file_bytes":7046,"out_full_file_reason":"ok","out_record_truncates":false}
{"app":"AI_LEARNER","stage":"mem","model":"b3_deepae","target":"aarch64-unknown-linux-gnu","completed":102,"hal_peak":1069632,"peak_within_bounded":true,"admitted_budget_bytes":1069632,"peak_within_admitted_budget":true,"admission_mode":"unconditional","hal_bytes_per_call_amortized":15314.8,"process_rss_kb":8144,"process_rss_delta_init_kb":1660,"max_active_calls":1,"active_calls_now":0,"call_counter_balanced":true}
.EVS Port1 1980-012-14:25:06.67794 66/1/AI_LEARNER 4: AI_LEARNER completed=103/103 mean=15556.3us max=36097.9us hal_peak=1069632 within_bounded=1
{"app":"AI_LEARNER","stage":"run","model":"b3_deepae","target":"aarch64-unknown-linux-gnu","attempted":103,"completed":103,"fail_input":0,"fail_invoke":0,"fail_output":0,"mean_us":15556.29,"max_us":36097.86,"last_us":8740.69,"out0":-34.88327,"out_elems":640,"out_sha256":"7377a66196d10b8f9095f1ec25df57b5b033488734ef3539915fd05471edb2fc","out_head":[-34.883270,-19.245007,-10.683949,-6.043216,-3.147524,1.497201],"out_tail":[-19.598969,-18.188969,-18.763275,-20.377392,-29.048273,-42.496120],"out_full_file":"/cf/last_out.json","out_full_file_bytes":7046,"out_full_file_reason":"ok","out_record_truncates":false}
{"app":"AI_LEARNER","stage":"mem","model":"b3_deepae","target":"aarch64-unknown-linux-gnu","completed":103,"hal_peak":1069632,"peak_within_bounded":true,"admitted_budget_bytes":1069632,"peak_within_admitted_budget":true,"admission_mode":"unconditional","hal_bytes_per_call_amortized":15201.6,"process_rss_kb":8144,"process_rss_delta_init_kb":1660,"max_active_calls":1,"active_calls_now":0,"call_counter_balanced":true}
.EVS Port1 1980-012-14:25:10.69340 66/1/AI_LEARNER 4: AI_LEARNER completed=104/104 mean=15551.9us max=36097.9us hal_peak=1069632 within_bounded=1
{"app":"AI_LEARNER","stage":"run","model":"b3_deepae","target":"aarch64-unknown-linux-gnu","attempted":104,"completed":104,"fail_input":0,"fail_invoke":0,"fail_output":0,"mean_us":15551.90,"max_us":36097.86,"last_us":15099.58,"out0":-34.88327,"out_elems":640,"out_sha256":"7377a66196d10b8f9095f1ec25df57b5b033488734ef3539915fd05471edb2fc","out_head":[-34.883270,-19.245007,-10.683949,-6.043216,-3.147524,1.497201],"out_tail":[-19.598969,-18.188969,-18.763275,-20.377392,-29.048273,-42.496120],"out_full_file":"/cf/last_out.json","out_full_file_bytes":7046,"out_full_file_reason":"ok","out_record_truncates":false}
{"app":"AI_LEARNER","stage":"mem","model":"b3_deepae","target":"aarch64-unknown-linux-gnu","completed":104,"hal_peak":1069632,"peak_within_bounded":true,"admitted_budget_bytes":1069632,"peak_within_admitted_budget":true,"admission_mode":"unconditional","hal_bytes_per_call_amortized":15090.5,"process_rss_kb":8144,"process_rss_delta_init_kb":1660,"max_active_calls":1,"active_calls_now":0,"call_counter_balanced":true}
EVS Port1 1980-012-14:25:14.69198 66/1/AI_LEARNER 4: AI_LEARNER completed=105/105 mean=15595.5us max=36097.9us hal_peak=1069632 within_bounded=1
{"app":"AI_LEARNER","stage":"run","model":"b3_deepae","target":"aarch64-unknown-linux-gnu","attempted":105,"completed":105,"fail_input":0,"fail_invoke":0,"fail_output":0,"mean_us":15595.50,"max_us":36097.86,"last_us":20129.66,"out0":-34.88327,"out_elems":640,"out_sha256":"7377a66196d10b8f9095f1ec25df57b5b033488734ef3539915fd05471edb2fc","out_head":[-34.883270,-19.245007,-10.683949,-6.043216,-3.147524,1.497201],"out_tail":[-19.598969,-18.188969,-18.763275,-20.377392,-29.048273,-42.496120],"out_full_file":"/cf/last_out.json","out_full_file_bytes":7046,"out_full_file_reason":"ok","out_record_truncates":false}
{"app":"AI_LEARNER","stage":"mem","model":"b3_deepae","target":"aarch64-unknown-linux-gnu","completed":105,"hal_peak":1069632,"peak_within_bounded":true,"admitted_budget_bytes":1069632,"peak_within_admitted_budget":true,"admission_mode":"unconditional","hal_bytes_per_call_amortized":14981.5,"process_rss_kb":8144,"process_rss_delta_init_kb":1660,"max_active_calls":1,"active_calls_now":0,"call_counter_balanced":true}
.EVS Port1 1980-012-14:25:18.68444 66/1/AI_LEARNER 4: AI_LEARNER completed=106/106 mean=15559.8us max=36097.9us hal_peak=1069632 within_bounded=1
{"app":"AI_LEARNER","stage":"run","model":"b3_deepae","target":"aarch64-unknown-linux-gnu","attempted":106,"completed":106,"fail_input":0,"fail_invoke":0,"fail_output":0,"mean_us":15559.76,"max_us":36097.86,"last_us":11807.20,"out0":-34.88327,"out_elems":640,"out_sha256":"7377a66196d10b8f9095f1ec25df57b5b033488734ef3539915fd05471edb2fc","out_head":[-34.883270,-19.245007,-10.683949,-6.043216,-3.147524,1.497201],"out_tail":[-19.598969,-18.188969,-18.763275,-20.377392,-29.048273,-42.496120],"out_full_file":"/cf/last_out.json","out_full_file_bytes":7046,"out_full_file_reason":"ok","out_record_truncates":false}
{"app":"AI_LEARNER","stage":"mem","model":"b3_deepae","target":"aarch64-unknown-linux-gnu","completed":106,"hal_peak":1069632,"peak_within_bounded":true,"admitted_budget_bytes":1069632,"peak_within_admitted_budget":true,"admission_mode":"unconditional","hal_bytes_per_call_amortized":14874.6,"process_rss_kb":8144,"process_rss_delta_init_kb":1660,"max_active_calls":1,"active_calls_now":0,"call_counter_balanced":true}
.EVS Port1 1980-012-14:25:22.68504 66/1/AI_LEARNER 4: AI_LEARNER completed=107/107 mean=15529.0us max=36097.9us hal_peak=1069632 within_bounded=1
{"app":"AI_LEARNER","stage":"run","model":"b3_deepae","target":"aarch64-unknown-linux-gnu","attempted":107,"completed":107,"fail_input":0,"fail_invoke":0,"fail_output":0,"mean_us":15528.96,"max_us":36097.86,"last_us":12263.73,"out0":-34.88327,"out_elems":640,"out_sha256":"7377a66196d10b8f9095f1ec25df57b5b033488734ef3539915fd05471edb2fc","out_head":[-34.883270,-19.245007,-10.683949,-6.043216,-3.147524,1.497201],"out_tail":[-19.598969,-18.188969,-18.763275,-20.377392,-29.048273,-42.496120],"out_full_file":"/cf/last_out.json","out_full_file_bytes":7046,"out_full_file_reason":"ok","out_record_truncates":false}
{"app":"AI_LEARNER","stage":"mem","model":"b3_deepae","target":"aarch64-unknown-linux-gnu","completed":107,"hal_peak":1069632,"peak_within_bounded":true,"admitted_budget_bytes":1069632,"peak_within_admitted_budget":true,"admission_mode":"unconditional","hal_bytes_per_call_amortized":14769.6,"process_rss_kb":8144,"process_rss_delta_init_kb":1660,"max_active_calls":1,"active_calls_now":0,"call_counter_balanced":true}
EVS Port1 1980-012-14:25:26.70144 66/1/AI_LEARNER 4: AI_LEARNER completed=108/108 mean=15634.6us max=36097.9us hal_peak=1069632 within_bounded=1
{"app":"AI_LEARNER","stage":"run","model":"b3_deepae","target":"aarch64-unknown-linux-gnu","attempted":108,"completed":108,"fail_input":0,"fail_invoke":0,"fail_output":0,"mean_us":15634.60,"max_us":36097.86,"last_us":26938.61,"out0":-34.88327,"out_elems":640,"out_sha256":"7377a66196d10b8f9095f1ec25df57b5b033488734ef3539915fd05471edb2fc","out_head":[-34.883270,-19.245007,-10.683949,-6.043216,-3.147524,1.497201],"out_tail":[-19.598969,-18.188969,-18.763275,-20.377392,-29.048273,-42.496120],"out_full_file":"/cf/last_out.json","out_full_file_bytes":7046,"out_full_file_reason":"ok","out_record_truncates":false}
{"app":"AI_LEARNER","stage":"mem","model":"b3_deepae","target":"aarch64-unknown-linux-gnu","completed":108,"hal_peak":1069632,"peak_within_bounded":true,"admitted_budget_bytes":1069632,"peak_within_admitted_budget":true,"admission_mode":"unconditional","hal_bytes_per_call_amortized":14666.7,"process_rss_kb":8144,"process_rss_delta_init_kb":1660,"max_active_calls":1,"active_calls_now":0,"call_counter_balanced":true}
.EVS Port1 1980-012-14:25:30.69137 66/1/AI_LEARNER 4: AI_LEARNER completed=109/109 mean=15651.4us max=36097.9us hal_peak=1069632 within_bounded=1
{"app":"AI_LEARNER","stage":"run","model":"b3_deepae","target":"aarch64-unknown-linux-gnu","attempted":109,"completed":109,"fail_input":0,"fail_invoke":0,"fail_output":0,"mean_us":15651.39,"max_us":36097.86,"last_us":17464.29,"out0":-34.88327,"out_elems":640,"out_sha256":"7377a66196d10b8f9095f1ec25df57b5b033488734ef3539915fd05471edb2fc","out_head":[-34.883270,-19.245007,-10.683949,-6.043216,-3.147524,1.497201],"out_tail":[-19.598969,-18.188969,-18.763275,-20.377392,-29.048273,-42.496120],"out_full_file":"/cf/last_out.json","out_full_file_bytes":7046,"out_full_file_reason":"ok","out_record_truncates":false}
{"app":"AI_LEARNER","stage":"mem","model":"b3_deepae","target":"aarch64-unknown-linux-gnu","completed":109,"hal_peak":1069632,"peak_within_bounded":true,"admitted_budget_bytes":1069632,"peak_within_admitted_budget":true,"admission_mode":"unconditional","hal_bytes_per_call_amortized":14565.6,"process_rss_kb":8144,"process_rss_delta_init_kb":1660,"max_active_calls":1,"active_calls_now":0,"call_counter_balanced":true}
.EVS Port1 1980-012-14:25:34.68437 66/1/AI_LEARNER 4: AI_LEARNER completed=110/110 mean=15670.3us max=36097.9us hal_peak=1069632 within_bounded=1
{"app":"AI_LEARNER","stage":"run","model":"b3_deepae","target":"aarch64-unknown-linux-gnu","attempted":110,"completed":110,"fail_input":0,"fail_invoke":0,"fail_output":0,"mean_us":15670.28,"max_us":36097.86,"last_us":17729.57,"out0":-34.88327,"out_elems":640,"out_sha256":"7377a66196d10b8f9095f1ec25df57b5b033488734ef3539915fd05471edb2fc","out_head":[-34.883270,-19.245007,-10.683949,-6.043216,-3.147524,1.497201],"out_tail":[-19.598969,-18.188969,-18.763275,-20.377392,-29.048273,-42.496120],"out_full_file":"/cf/last_out.json","out_full_file_bytes":7046,"out_full_file_reason":"ok","out_record_truncates":false}
{"app":"AI_LEARNER","stage":"mem","model":"b3_deepae","target":"aarch64-unknown-linux-gnu","completed":110,"hal_peak":1069632,"peak_within_bounded":true,"admitted_budget_bytes":1069632,"peak_within_admitted_budget":true,"admission_mode":"unconditional","hal_bytes_per_call_amortized":14466.3,"process_rss_kb":8144,"process_rss_delta_init_kb":1660,"max_active_calls":1,"active_calls_now":0,"call_counter_balanced":true}
EVS Port1 1980-012-14:25:38.68144 66/1/AI_LEARNER 4: AI_LEARNER completed=111/111 mean=15639.0us max=36097.9us hal_peak=1069632 within_bounded=1
{"app":"AI_LEARNER","stage":"run","model":"b3_deepae","target":"aarch64-unknown-linux-gnu","attempted":111,"completed":111,"fail_input":0,"fail_invoke":0,"fail_output":0,"mean_us":15638.98,"max_us":36097.86,"last_us":12196.34,"out0":-34.88327,"out_elems":640,"out_sha256":"7377a66196d10b8f9095f1ec25df57b5b033488734ef3539915fd05471edb2fc","out_head":[-34.883270,-19.245007,-10.683949,-6.043216,-3.147524,1.497201],"out_tail":[-19.598969,-18.188969,-18.763275,-20.377392,-29.048273,-42.496120],"out_full_file":"/cf/last_out.json","out_full_file_bytes":7046,"out_full_file_reason":"ok","out_record_truncates":false}
{"app":"AI_LEARNER","stage":"mem","model":"b3_deepae","target":"aarch64-unknown-linux-gnu","completed":111,"hal_peak":1069632,"peak_within_bounded":true,"admitted_budget_bytes":1069632,"peak_within_admitted_budget":true,"admission_mode":"unconditional","hal_bytes_per_call_amortized":14368.9,"process_rss_kb":8144,"process_rss_delta_init_kb":1660,"max_active_calls":1,"active_calls_now":0,"call_counter_balanced":true}
.EVS Port1 1980-012-14:25:42.71342 66/1/AI_LEARNER 4: AI_LEARNER completed=112/112 mean=15638.3us max=36097.9us hal_peak=1069632 within_bounded=1
{"app":"AI_LEARNER","stage":"run","model":"b3_deepae","target":"aarch64-unknown-linux-gnu","attempted":112,"completed":112,"fail_input":0,"fail_invoke":0,"fail_output":0,"mean_us":15638.33,"max_us":36097.86,"last_us":15566.30,"out0":-34.88327,"out_elems":640,"out_sha256":"7377a66196d10b8f9095f1ec25df57b5b033488734ef3539915fd05471edb2fc","out_head":[-34.883270,-19.245007,-10.683949,-6.043216,-3.147524,1.497201],"out_tail":[-19.598969,-18.188969,-18.763275,-20.377392,-29.048273,-42.496120],"out_full_file":"/cf/last_out.json","out_full_file_bytes":7046,"out_full_file_reason":"ok","out_record_truncates":false}
{"app":"AI_LEARNER","stage":"mem","model":"b3_deepae","target":"aarch64-unknown-linux-gnu","completed":112,"hal_peak":1069632,"peak_within_bounded":true,"admitted_budget_bytes":1069632,"peak_within_admitted_budget":true,"admission_mode":"unconditional","hal_bytes_per_call_amortized":14273.1,"process_rss_kb":8144,"process_rss_delta_init_kb":1660,"max_active_calls":1,"active_calls_now":0,"call_counter_balanced":true}
.EVS Port1 1980-012-14:25:46.67620 66/1/AI_LEARNER 4: AI_LEARNER completed=113/113 mean=15594.7us max=36097.9us hal_peak=1069632 within_bounded=1
{"app":"AI_LEARNER","stage":"run","model":"b3_deepae","target":"aarch64-unknown-linux-gnu","attempted":113,"completed":113,"fail_input":0,"fail_invoke":0,"fail_output":0,"mean_us":15594.66,"max_us":36097.86,"last_us":10703.26,"out0":-34.88327,"out_elems":640,"out_sha256":"7377a66196d10b8f9095f1ec25df57b5b033488734ef3539915fd05471edb2fc","out_head":[-34.883270,-19.245007,-10.683949,-6.043216,-3.147524,1.497201],"out_tail":[-19.598969,-18.188969,-18.763275,-20.377392,-29.048273,-42.496120],"out_full_file":"/cf/last_out.json","out_full_file_bytes":7046,"out_full_file_reason":"ok","out_record_truncates":false}
{"app":"AI_LEARNER","stage":"mem","model":"b3_deepae","target":"aarch64-unknown-linux-gnu","completed":113,"hal_peak":1069632,"peak_within_bounded":true,"admitted_budget_bytes":1069632,"peak_within_admitted_budget":true,"admission_mode":"unconditional","hal_bytes_per_call_amortized":14179.1,"process_rss_kb":8144,"process_rss_delta_init_kb":1660,"max_active_calls":1,"active_calls_now":0,"call_counter_balanced":true}
EVS Port1 1980-012-14:25:50.69189 66/1/AI_LEARNER 4: AI_LEARNER completed=114/114 mean=15566.8us max=36097.9us hal_peak=1069632 within_bounded=1
{"app":"AI_LEARNER","stage":"run","model":"b3_deepae","target":"aarch64-unknown-linux-gnu","attempted":114,"completed":114,"fail_input":0,"fail_invoke":0,"fail_output":0,"mean_us":15566.82,"max_us":36097.86,"last_us":12420.82,"out0":-34.88327,"out_elems":640,"out_sha256":"7377a66196d10b8f9095f1ec25df57b5b033488734ef3539915fd05471edb2fc","out_head":[-34.883270,-19.245007,-10.683949,-6.043216,-3.147524,1.497201],"out_tail":[-19.598969,-18.188969,-18.763275,-20.377392,-29.048273,-42.496120],"out_full_file":"/cf/last_out.json","out_full_file_bytes":7046,"out_full_file_reason":"ok","out_record_truncates":false}
{"app":"AI_LEARNER","stage":"mem","model":"b3_deepae","target":"aarch64-unknown-linux-gnu","completed":114,"hal_peak":1069632,"peak_within_bounded":true,"admitted_budget_bytes":1069632,"peak_within_admitted_budget":true,"admission_mode":"unconditional","hal_bytes_per_call_amortized":14086.7,"process_rss_kb":8144,"process_rss_delta_init_kb":1660,"max_active_calls":1,"active_calls_now":0,"call_counter_balanced":true}
.EVS Port1 1980-012-14:25:54.68360 66/1/AI_LEARNER 4: AI_LEARNER completed=115/115 mean=15587.9us max=36097.9us hal_peak=1069632 within_bounded=1
{"app":"AI_LEARNER","stage":"run","model":"b3_deepae","target":"aarch64-unknown-linux-gnu","attempted":115,"completed":115,"fail_input":0,"fail_invoke":0,"fail_output":0,"mean_us":15587.93,"max_us":36097.86,"last_us":17993.95,"out0":-34.88327,"out_elems":640,"out_sha256":"7377a66196d10b8f9095f1ec25df57b5b033488734ef3539915fd05471edb2fc","out_head":[-34.883270,-19.245007,-10.683949,-6.043216,-3.147524,1.497201],"out_tail":[-19.598969,-18.188969,-18.763275,-20.377392,-29.048273,-42.496120],"out_full_file":"/cf/last_out.json","out_full_file_bytes":7046,"out_full_file_reason":"ok","out_record_truncates":false}
{"app":"AI_LEARNER","stage":"mem","model":"b3_deepae","target":"aarch64-unknown-linux-gnu","completed":115,"hal_peak":1069632,"peak_within_bounded":true,"admitted_budget_bytes":1069632,"peak_within_admitted_budget":true,"admission_mode":"unconditional","hal_bytes_per_call_amortized":13996.0,"process_rss_kb":8144,"process_rss_delta_init_kb":1660,"max_active_calls":1,"active_calls_now":0,"call_counter_balanced":true}
.EVS Port1 1980-012-14:25:58.68220 66/1/AI_LEARNER 4: AI_LEARNER completed=116/116 mean=15589.8us max=36097.9us hal_peak=1069632 within_bounded=1
{"app":"AI_LEARNER","stage":"run","model":"b3_deepae","target":"aarch64-unknown-linux-gnu","attempted":116,"completed":116,"fail_input":0,"fail_invoke":0,"fail_output":0,"mean_us":15589.80,"max_us":36097.86,"last_us":15805.44,"out0":-34.88327,"out_elems":640,"out_sha256":"7377a66196d10b8f9095f1ec25df57b5b033488734ef3539915fd05471edb2fc","out_head":[-34.883270,-19.245007,-10.683949,-6.043216,-3.147524,1.497201],"out_tail":[-19.598969,-18.188969,-18.763275,-20.377392,-29.048273,-42.496120],"out_full_file":"/cf/last_out.json","out_full_file_bytes":7046,"out_full_file_reason":"ok","out_record_truncates":false}
{"app":"AI_LEARNER","stage":"mem","model":"b3_deepae","target":"aarch64-unknown-linux-gnu","completed":116,"hal_peak":1069632,"peak_within_bounded":true,"admitted_budget_bytes":1069632,"peak_within_admitted_budget":true,"admission_mode":"unconditional","hal_bytes_per_call_amortized":13906.8,"process_rss_kb":8144,"process_rss_delta_init_kb":1660,"max_active_calls":1,"active_calls_now":0,"call_counter_balanced":true}
EVS Port1 1980-012-14:26:01.00335 66/1/CFE_TIME 21: Stop FLYWHEEL
EVS Port1 1980-012-14:26:02.00076 66/1/CFE_TIME 20: Start FLYWHEEL
EVS Port1 1980-012-14:26:02.67335 66/1/AI_LEARNER 4: AI_LEARNER completed=117/117 mean=15609.2us max=36097.9us hal_peak=1069632 within_bounded=1
{"app":"AI_LEARNER","stage":"run","model":"b3_deepae","target":"aarch64-unknown-linux-gnu","attempted":117,"completed":117,"fail_input":0,"fail_invoke":0,"fail_output":0,"mean_us":15609.19,"max_us":36097.86,"last_us":17857.98,"out0":-34.88327,"out_elems":640,"out_sha256":"7377a66196d10b8f9095f1ec25df57b5b033488734ef3539915fd05471edb2fc","out_head":[-34.883270,-19.245007,-10.683949,-6.043216,-3.147524,1.497201],"out_tail":[-19.598969,-18.188969,-18.763275,-20.377392,-29.048273,-42.496120],"out_full_file":"/cf/last_out.json","out_full_file_bytes":7046,"out_full_file_reason":"ok","out_record_truncates":false}
{"app":"AI_LEARNER","stage":"mem","model":"b3_deepae","target":"aarch64-unknown-linux-gnu","completed":117,"hal_peak":1069632,"peak_within_bounded":true,"admitted_budget_bytes":1069632,"peak_within_admitted_budget":true,"admission_mode":"unconditional","hal_bytes_per_call_amortized":13819.1,"process_rss_kb":8144,"process_rss_delta_init_kb":1660,"max_active_calls":1,"active_calls_now":0,"call_counter_balanced":true}
.EVS Port1 1980-012-14:26:06.68405 66/1/AI_LEARNER 4: AI_LEARNER completed=118/118 mean=15580.4us max=36097.9us hal_peak=1069632 within_bounded=1
{"app":"AI_LEARNER","stage":"run","model":"b3_deepae","target":"aarch64-unknown-linux-gnu","attempted":118,"completed":118,"fail_input":0,"fail_invoke":0,"fail_output":0,"mean_us":15580.37,"max_us":36097.86,"last_us":12208.40,"out0":-34.88327,"out_elems":640,"out_sha256":"7377a66196d10b8f9095f1ec25df57b5b033488734ef3539915fd05471edb2fc","out_head":[-34.883270,-19.245007,-10.683949,-6.043216,-3.147524,1.497201],"out_tail":[-19.598969,-18.188969,-18.763275,-20.377392,-29.048273,-42.496120],"out_full_file":"/cf/last_out.json","out_full_file_bytes":7046,"out_full_file_reason":"ok","out_record_truncates":false}
{"app":"AI_LEARNER","stage":"mem","model":"b3_deepae","target":"aarch64-unknown-linux-gnu","completed":118,"hal_peak":1069632,"peak_within_bounded":true,"admitted_budget_bytes":1069632,"peak_within_admitted_budget":true,"admission_mode":"unconditional","hal_bytes_per_call_amortized":13732.9,"process_rss_kb":8144,"process_rss_delta_init_kb":1660,"max_active_calls":1,"active_calls_now":0,"call_counter_balanced":true}
.EVS Port1 1980-012-14:26:10.68203 66/1/AI_LEARNER 4: AI_LEARNER completed=119/119 mean=15591.5us max=36097.9us hal_peak=1069632 within_bounded=1
{"app":"AI_LEARNER","stage":"run","model":"b3_deepae","target":"aarch64-unknown-linux-gnu","attempted":119,"completed":119,"fail_input":0,"fail_invoke":0,"fail_output":0,"mean_us":15591.54,"max_us":36097.86,"last_us":16910.29,"out0":-34.88327,"out_elems":640,"out_sha256":"7377a66196d10b8f9095f1ec25df57b5b033488734ef3539915fd05471edb2fc","out_head":[-34.883270,-19.245007,-10.683949,-6.043216,-3.147524,1.497201],"out_tail":[-19.598969,-18.188969,-18.763275,-20.377392,-29.048273,-42.496120],"out_full_file":"/cf/last_out.json","out_full_file_bytes":7046,"out_full_file_reason":"ok","out_record_truncates":false}
{"app":"AI_LEARNER","stage":"mem","model":"b3_deepae","target":"aarch64-unknown-linux-gnu","completed":119,"hal_peak":1069632,"peak_within_bounded":true,"admitted_budget_bytes":1069632,"peak_within_admitted_budget":true,"admission_mode":"unconditional","hal_bytes_per_call_amortized":13648.1,"process_rss_kb":8144,"process_rss_delta_init_kb":1660,"max_active_calls":1,"active_calls_now":0,"call_counter_balanced":true}
EVS Port1 1980-012-14:26:14.68368 66/1/AI_LEARNER 4: AI_LEARNER completed=120/120 mean=15595.5us max=36097.9us hal_peak=1069632 within_bounded=1
{"app":"AI_LEARNER","stage":"run","model":"b3_deepae","target":"aarch64-unknown-linux-gnu","attempted":120,"completed":120,"fail_input":0,"fail_invoke":0,"fail_output":0,"mean_us":15595.54,"max_us":36097.86,"last_us":16071.66,"out0":-34.88327,"out_elems":640,"out_sha256":"7377a66196d10b8f9095f1ec25df57b5b033488734ef3539915fd05471edb2fc","out_head":[-34.883270,-19.245007,-10.683949,-6.043216,-3.147524,1.497201],"out_tail":[-19.598969,-18.188969,-18.763275,-20.377392,-29.048273,-42.496120],"out_full_file":"/cf/last_out.json","out_full_file_bytes":7046,"out_full_file_reason":"ok","out_record_truncates":false}
{"app":"AI_LEARNER","stage":"mem","model":"b3_deepae","target":"aarch64-unknown-linux-gnu","completed":120,"hal_peak":1069632,"peak_within_bounded":true,"admitted_budget_bytes":1069632,"peak_within_admitted_budget":true,"admission_mode":"unconditional","hal_bytes_per_call_amortized":13564.8,"process_rss_kb":8144,"process_rss_delta_init_kb":1660,"max_active_calls":1,"active_calls_now":0,"call_counter_balanced":true}
.EVS Port1 1980-012-14:26:18.67971 66/1/AI_LEARNER 4: AI_LEARNER completed=121/121 mean=15565.7us max=36097.9us hal_peak=1069632 within_bounded=1
{"app":"AI_LEARNER","stage":"run","model":"b3_deepae","target":"aarch64-unknown-linux-gnu","attempted":121,"completed":121,"fail_input":0,"fail_invoke":0,"fail_output":0,"mean_us":15565.74,"max_us":36097.86,"last_us":11989.78,"out0":-34.88327,"out_elems":640,"out_sha256":"7377a66196d10b8f9095f1ec25df57b5b033488734ef3539915fd05471edb2fc","out_head":[-34.883270,-19.245007,-10.683949,-6.043216,-3.147524,1.497201],"out_tail":[-19.598969,-18.188969,-18.763275,-20.377392,-29.048273,-42.496120],"out_full_file":"/cf/last_out.json","out_full_file_bytes":7046,"out_full_file_reason":"ok","out_record_truncates":false}
{"app":"AI_LEARNER","stage":"mem","model":"b3_deepae","target":"aarch64-unknown-linux-gnu","completed":121,"hal_peak":1069632,"peak_within_bounded":true,"admitted_budget_bytes":1069632,"peak_within_admitted_budget":true,"admission_mode":"unconditional","hal_bytes_per_call_amortized":13482.8,"process_rss_kb":8144,"process_rss_delta_init_kb":1660,"max_active_calls":1,"active_calls_now":0,"call_counter_balanced":true}
.EVS Port1 1980-012-14:26:22.74821 66/1/AI_LEARNER 4: AI_LEARNER completed=122/122 mean=15752.5us max=38354.5us hal_peak=1069632 within_bounded=1
{"app":"AI_LEARNER","stage":"run","model":"b3_deepae","target":"aarch64-unknown-linux-gnu","attempted":122,"completed":122,"fail_input":0,"fail_invoke":0,"fail_output":0,"mean_us":15752.54,"max_us":38354.54,"last_us":38354.54,"out0":-34.88327,"out_elems":640,"out_sha256":"7377a66196d10b8f9095f1ec25df57b5b033488734ef3539915fd05471edb2fc","out_head":[-34.883270,-19.245007,-10.683949,-6.043216,-3.147524,1.497201],"out_tail":[-19.598969,-18.188969,-18.763275,-20.377392,-29.048273,-42.496120],"out_full_file":"/cf/last_out.json","out_full_file_bytes":7046,"out_full_file_reason":"ok","out_record_truncates":false}
{"app":"AI_LEARNER","stage":"mem","model":"b3_deepae","target":"aarch64-unknown-linux-gnu","completed":122,"hal_peak":1069632,"peak_within_bounded":true,"admitted_budget_bytes":1069632,"peak_within_admitted_budget":true,"admission_mode":"unconditional","hal_bytes_per_call_amortized":13402.2,"process_rss_kb":8144,"process_rss_delta_init_kb":1660,"max_active_calls":1,"active_calls_now":0,"call_counter_balanced":true}
EVS Port1 1980-012-14:26:26.67985 66/1/AI_LEARNER 4: AI_LEARNER completed=123/123 mean=15730.9us max=38354.5us hal_peak=1069632 within_bounded=1
{"app":"AI_LEARNER","stage":"run","model":"b3_deepae","target":"aarch64-unknown-linux-gnu","attempted":123,"completed":123,"fail_input":0,"fail_invoke":0,"fail_output":0,"mean_us":15730.87,"max_us":38354.54,"last_us":13087.66,"out0":-34.88327,"out_elems":640,"out_sha256":"7377a66196d10b8f9095f1ec25df57b5b033488734ef3539915fd05471edb2fc","out_head":[-34.883270,-19.245007,-10.683949,-6.043216,-3.147524,1.497201],"out_tail":[-19.598969,-18.188969,-18.763275,-20.377392,-29.048273,-42.496120],"out_full_file":"/cf/last_out.json","out_full_file_bytes":7046,"out_full_file_reason":"ok","out_record_truncates":false}
{"app":"AI_LEARNER","stage":"mem","model":"b3_deepae","target":"aarch64-unknown-linux-gnu","completed":123,"hal_peak":1069632,"peak_within_bounded":true,"admitted_budget_bytes":1069632,"peak_within_admitted_budget":true,"admission_mode":"unconditional","hal_bytes_per_call_amortized":13322.9,"process_rss_kb":8144,"process_rss_delta_init_kb":1660,"max_active_calls":1,"active_calls_now":0,"call_counter_balanced":true}
.EVS Port1 1980-012-14:26:30.69966 66/1/AI_LEARNER 4: AI_LEARNER completed=124/124 mean=15841.9us max=38354.5us hal_peak=1069632 within_bounded=1
{"app":"AI_LEARNER","stage":"run","model":"b3_deepae","target":"aarch64-unknown-linux-gnu","attempted":124,"completed":124,"fail_input":0,"fail_invoke":0,"fail_output":0,"mean_us":15841.89,"max_us":38354.54,"last_us":29496.53,"out0":-34.88327,"out_elems":640,"out_sha256":"7377a66196d10b8f9095f1ec25df57b5b033488734ef3539915fd05471edb2fc","out_head":[-34.883270,-19.245007,-10.683949,-6.043216,-3.147524,1.497201],"out_tail":[-19.598969,-18.188969,-18.763275,-20.377392,-29.048273,-42.496120],"out_full_file":"/cf/last_out.json","out_full_file_bytes":7046,"out_full_file_reason":"ok","out_record_truncates":false}
{"app":"AI_LEARNER","stage":"mem","model":"b3_deepae","target":"aarch64-unknown-linux-gnu","completed":124,"hal_peak":1069632,"peak_within_bounded":true,"admitted_budget_bytes":1069632,"peak_within_admitted_budget":true,"admission_mode":"unconditional","hal_bytes_per_call_amortized":13244.9,"process_rss_kb":8144,"process_rss_delta_init_kb":1660,"max_active_calls":1,"active_calls_now":0,"call_counter_balanced":true}
.EVS Port1 1980-012-14:26:34.69128 66/1/AI_LEARNER 4: AI_LEARNER completed=125/125 mean=15879.7us max=38354.5us hal_peak=1069632 within_bounded=1
{"app":"AI_LEARNER","stage":"run","model":"b3_deepae","target":"aarch64-unknown-linux-gnu","attempted":125,"completed":125,"fail_input":0,"fail_invoke":0,"fail_output":0,"mean_us":15879.73,"max_us":38354.54,"last_us":20572.75,"out0":-34.88327,"out_elems":640,"out_sha256":"7377a66196d10b8f9095f1ec25df57b5b033488734ef3539915fd05471edb2fc","out_head":[-34.883270,-19.245007,-10.683949,-6.043216,-3.147524,1.497201],"out_tail":[-19.598969,-18.188969,-18.763275,-20.377392,-29.048273,-42.496120],"out_full_file":"/cf/last_out.json","out_full_file_bytes":7046,"out_full_file_reason":"ok","out_record_truncates":false}
{"app":"AI_LEARNER","stage":"mem","model":"b3_deepae","target":"aarch64-unknown-linux-gnu","completed":125,"hal_peak":1069632,"peak_within_bounded":true,"admitted_budget_bytes":1069632,"peak_within_admitted_budget":true,"admission_mode":"unconditional","hal_bytes_per_call_amortized":13168.1,"process_rss_kb":8144,"process_rss_delta_init_kb":1660,"max_active_calls":1,"active_calls_now":0,"call_counter_balanced":true}
EVS Port1 1980-012-14:26:38.70889 66/1/AI_LEARNER 4: AI_LEARNER completed=126/126 mean=15953.9us max=38354.5us hal_peak=1069632 within_bounded=1
{"app":"AI_LEARNER","stage":"run","model":"b3_deepae","target":"aarch64-unknown-linux-gnu","attempted":126,"completed":126,"fail_input":0,"fail_invoke":0,"fail_output":0,"mean_us":15953.87,"max_us":38354.54,"last_us":25221.60,"out0":-34.88327,"out_elems":640,"out_sha256":"7377a66196d10b8f9095f1ec25df57b5b033488734ef3539915fd05471edb2fc","out_head":[-34.883270,-19.245007,-10.683949,-6.043216,-3.147524,1.497201],"out_tail":[-19.598969,-18.188969,-18.763275,-20.377392,-29.048273,-42.496120],"out_full_file":"/cf/last_out.json","out_full_file_bytes":7046,"out_full_file_reason":"ok","out_record_truncates":false}
{"app":"AI_LEARNER","stage":"mem","model":"b3_deepae","target":"aarch64-unknown-linux-gnu","completed":126,"hal_peak":1069632,"peak_within_bounded":true,"admitted_budget_bytes":1069632,"peak_within_admitted_budget":true,"admission_mode":"unconditional","hal_bytes_per_call_amortized":13092.6,"process_rss_kb":8144,"process_rss_delta_init_kb":1660,"max_active_calls":1,"active_calls_now":0,"call_counter_balanced":true}
.EVS Port1 1980-012-14:26:42.69436 66/1/AI_LEARNER 4: AI_LEARNER completed=127/127 mean=15918.4us max=38354.5us hal_peak=1069632 within_bounded=1
{"app":"AI_LEARNER","stage":"run","model":"b3_deepae","target":"aarch64-unknown-linux-gnu","attempted":127,"completed":127,"fail_input":0,"fail_invoke":0,"fail_output":0,"mean_us":15918.44,"max_us":38354.54,"last_us":11453.34,"out0":-34.88327,"out_elems":640,"out_sha256":"7377a66196d10b8f9095f1ec25df57b5b033488734ef3539915fd05471edb2fc","out_head":[-34.883270,-19.245007,-10.683949,-6.043216,-3.147524,1.497201],"out_tail":[-19.598969,-18.188969,-18.763275,-20.377392,-29.048273,-42.496120],"out_full_file":"/cf/last_out.json","out_full_file_bytes":7046,"out_full_file_reason":"ok","out_record_truncates":false}
{"app":"AI_LEARNER","stage":"mem","model":"b3_deepae","target":"aarch64-unknown-linux-gnu","completed":127,"hal_peak":1069632,"peak_within_bounded":true,"admitted_budget_bytes":1069632,"peak_within_admitted_budget":true,"admission_mode":"unconditional","hal_bytes_per_call_amortized":13018.2,"process_rss_kb":8144,"process_rss_delta_init_kb":1660,"max_active_calls":1,"active_calls_now":0,"call_counter_balanced":true}
.EVS Port1 1980-012-14:26:46.67842 66/1/AI_LEARNER 4: AI_LEARNER completed=128/128 mean=15875.0us max=38354.5us hal_peak=1069632 within_bounded=1
{"app":"AI_LEARNER","stage":"run","model":"b3_deepae","target":"aarch64-unknown-linux-gnu","attempted":128,"completed":128,"fail_input":0,"fail_invoke":0,"fail_output":0,"mean_us":15874.98,"max_us":38354.54,"last_us":10356.32,"out0":-34.88327,"out_elems":640,"out_sha256":"7377a66196d10b8f9095f1ec25df57b5b033488734ef3539915fd05471edb2fc","out_head":[-34.883270,-19.245007,-10.683949,-6.043216,-3.147524,1.497201],"out_tail":[-19.598969,-18.188969,-18.763275,-20.377392,-29.048273,-42.496120],"out_full_file":"/cf/last_out.json","out_full_file_bytes":7046,"out_full_file_reason":"ok","out_record_truncates":false}
{"app":"AI_LEARNER","stage":"mem","model":"b3_deepae","target":"aarch64-unknown-linux-gnu","completed":128,"hal_peak":1069632,"peak_within_bounded":true,"admitted_budget_bytes":1069632,"peak_within_admitted_budget":true,"admission_mode":"unconditional","hal_bytes_per_call_amortized":12945.0,"process_rss_kb":8144,"process_rss_delta_init_kb":1660,"max_active_calls":1,"active_calls_now":0,"call_counter_balanced":true}
EVS Port1 1980-012-14:26:50.67631 66/1/AI_LEARNER 4: AI_LEARNER completed=129/129 mean=15839.7us max=38354.5us hal_peak=1069632 within_bounded=1
{"app":"AI_LEARNER","stage":"run","model":"b3_deepae","target":"aarch64-unknown-linux-gnu","attempted":129,"completed":129,"fail_input":0,"fail_invoke":0,"fail_output":0,"mean_us":15839.70,"max_us":38354.54,"last_us":11323.20,"out0":-34.88327,"out_elems":640,"out_sha256":"7377a66196d10b8f9095f1ec25df57b5b033488734ef3539915fd05471edb2fc","out_head":[-34.883270,-19.245007,-10.683949,-6.043216,-3.147524,1.497201],"out_tail":[-19.598969,-18.188969,-18.763275,-20.377392,-29.048273,-42.496120],"out_full_file":"/cf/last_out.json","out_full_file_bytes":7046,"out_full_file_reason":"ok","out_record_truncates":false}
{"app":"AI_LEARNER","stage":"mem","model":"b3_deepae","target":"aarch64-unknown-linux-gnu","completed":129,"hal_peak":1069632,"peak_within_bounded":true,"admitted_budget_bytes":1069632,"peak_within_admitted_budget":true,"admission_mode":"unconditional","hal_bytes_per_call_amortized":12872.9,"process_rss_kb":8144,"process_rss_delta_init_kb":1660,"max_active_calls":1,"active_calls_now":0,"call_counter_balanced":true}
.EVS Port1 1980-012-14:26:54.68074 66/1/AI_LEARNER 4: AI_LEARNER completed=130/130 mean=15814.5us max=38354.5us hal_peak=1069632 within_bounded=1
{"app":"AI_LEARNER","stage":"run","model":"b3_deepae","target":"aarch64-unknown-linux-gnu","attempted":130,"completed":130,"fail_input":0,"fail_invoke":0,"fail_output":0,"mean_us":15814.55,"max_us":38354.54,"last_us":12570.05,"out0":-34.88327,"out_elems":640,"out_sha256":"7377a66196d10b8f9095f1ec25df57b5b033488734ef3539915fd05471edb2fc","out_head":[-34.883270,-19.245007,-10.683949,-6.043216,-3.147524,1.497201],"out_tail":[-19.598969,-18.188969,-18.763275,-20.377392,-29.048273,-42.496120],"out_full_file":"/cf/last_out.json","out_full_file_bytes":7046,"out_full_file_reason":"ok","out_record_truncates":false}
{"app":"AI_LEARNER","stage":"mem","model":"b3_deepae","target":"aarch64-unknown-linux-gnu","completed":130,"hal_peak":1069632,"peak_within_bounded":true,"admitted_budget_bytes":1069632,"peak_within_admitted_budget":true,"admission_mode":"unconditional","hal_bytes_per_call_amortized":12802.0,"process_rss_kb":8144,"process_rss_delta_init_kb":1660,"max_active_calls":1,"active_calls_now":0,"call_counter_balanced":true}
.EVS Port1 1980-012-14:26:58.69862 66/1/AI_LEARNER 4: AI_LEARNER completed=131/131 mean=15902.5us max=38354.5us hal_peak=1069632 within_bounded=1
{"app":"AI_LEARNER","stage":"run","model":"b3_deepae","target":"aarch64-unknown-linux-gnu","attempted":131,"completed":131,"fail_input":0,"fail_invoke":0,"fail_output":0,"mean_us":15902.54,"max_us":38354.54,"last_us":27341.38,"out0":-34.88327,"out_elems":640,"out_sha256":"7377a66196d10b8f9095f1ec25df57b5b033488734ef3539915fd05471edb2fc","out_head":[-34.883270,-19.245007,-10.683949,-6.043216,-3.147524,1.497201],"out_tail":[-19.598969,-18.188969,-18.763275,-20.377392,-29.048273,-42.496120],"out_full_file":"/cf/last_out.json","out_full_file_bytes":7046,"out_full_file_reason":"ok","out_record_truncates":false}
{"app":"AI_LEARNER","stage":"mem","model":"b3_deepae","target":"aarch64-unknown-linux-gnu","completed":131,"hal_peak":1069632,"peak_within_bounded":true,"admitted_budget_bytes":1069632,"peak_within_admitted_budget":true,"admission_mode":"unconditional","hal_bytes_per_call_amortized":12732.1,"process_rss_kb":8144,"process_rss_delta_init_kb":1660,"max_active_calls":1,"active_calls_now":0,"call_counter_balanced":true}
EVS Port1 1980-012-14:27:02.69340 66/1/AI_LEARNER 4: AI_LEARNER completed=132/132 mean=15980.7us max=38354.5us hal_peak=1069632 within_bounded=1
{"app":"AI_LEARNER","stage":"run","model":"b3_deepae","target":"aarch64-unknown-linux-gnu","attempted":132,"completed":132,"fail_input":0,"fail_invoke":0,"fail_output":0,"mean_us":15980.68,"max_us":38354.54,"last_us":26217.49,"out0":-34.88327,"out_elems":640,"out_sha256":"7377a66196d10b8f9095f1ec25df57b5b033488734ef3539915fd05471edb2fc","out_head":[-34.883270,-19.245007,-10.683949,-6.043216,-3.147524,1.497201],"out_tail":[-19.598969,-18.188969,-18.763275,-20.377392,-29.048273,-42.496120],"out_full_file":"/cf/last_out.json","out_full_file_bytes":7046,"out_full_file_reason":"ok","out_record_truncates":false}
{"app":"AI_LEARNER","stage":"mem","model":"b3_deepae","target":"aarch64-unknown-linux-gnu","completed":132,"hal_peak":1069632,"peak_within_bounded":true,"admitted_budget_bytes":1069632,"peak_within_admitted_budget":true,"admission_mode":"unconditional","hal_bytes_per_call_amortized":12663.3,"process_rss_kb":8144,"process_rss_delta_init_kb":1660,"max_active_calls":1,"active_calls_now":0,"call_counter_balanced":true}
.EVS Port1 1980-012-14:27:06.68232 66/1/AI_LEARNER 4: AI_LEARNER completed=133/133 mean=15971.7us max=38354.5us hal_peak=1069632 within_bounded=1
{"app":"AI_LEARNER","stage":"run","model":"b3_deepae","target":"aarch64-unknown-linux-gnu","attempted":133,"completed":133,"fail_input":0,"fail_invoke":0,"fail_output":0,"mean_us":15971.72,"max_us":38354.54,"last_us":14788.66,"out0":-34.88327,"out_elems":640,"out_sha256":"7377a66196d10b8f9095f1ec25df57b5b033488734ef3539915fd05471edb2fc","out_head":[-34.883270,-19.245007,-10.683949,-6.043216,-3.147524,1.497201],"out_tail":[-19.598969,-18.188969,-18.763275,-20.377392,-29.048273,-42.496120],"out_full_file":"/cf/last_out.json","out_full_file_bytes":7046,"out_full_file_reason":"ok","out_record_truncates":false}
{"app":"AI_LEARNER","stage":"mem","model":"b3_deepae","target":"aarch64-unknown-linux-gnu","completed":133,"hal_peak":1069632,"peak_within_bounded":true,"admitted_budget_bytes":1069632,"peak_within_admitted_budget":true,"admission_mode":"unconditional","hal_bytes_per_call_amortized":12595.5,"process_rss_kb":8144,"process_rss_delta_init_kb":1660,"max_active_calls":1,"active_calls_now":0,"call_counter_balanced":true}
.EVS Port1 1980-012-14:27:10.67926 66/1/AI_LEARNER 4: AI_LEARNER completed=134/134 mean=15932.6us max=38354.5us hal_peak=1069632 within_bounded=1
{"app":"AI_LEARNER","stage":"run","model":"b3_deepae","target":"aarch64-unknown-linux-gnu","attempted":134,"completed":134,"fail_input":0,"fail_invoke":0,"fail_output":0,"mean_us":15932.58,"max_us":38354.54,"last_us":10726.82,"out0":-34.88327,"out_elems":640,"out_sha256":"7377a66196d10b8f9095f1ec25df57b5b033488734ef3539915fd05471edb2fc","out_head":[-34.883270,-19.245007,-10.683949,-6.043216,-3.147524,1.497201],"out_tail":[-19.598969,-18.188969,-18.763275,-20.377392,-29.048273,-42.496120],"out_full_file":"/cf/last_out.json","out_full_file_bytes":7046,"out_full_file_reason":"ok","out_record_truncates":false}
{"app":"AI_LEARNER","stage":"mem","model":"b3_deepae","target":"aarch64-unknown-linux-gnu","completed":134,"hal_peak":1069632,"peak_within_bounded":true,"admitted_budget_bytes":1069632,"peak_within_admitted_budget":true,"admission_mode":"unconditional","hal_bytes_per_call_amortized":12528.7,"process_rss_kb":8144,"process_rss_delta_init_kb":1660,"max_active_calls":1,"active_calls_now":0,"call_counter_balanced":true}
EVS Port1 1980-012-14:27:14.68453 66/1/AI_LEARNER 4: AI_LEARNER completed=135/135 mean=15919.9us max=38354.5us hal_peak=1069632 within_bounded=1
{"app":"AI_LEARNER","stage":"run","model":"b3_deepae","target":"aarch64-unknown-linux-gnu","attempted":135,"completed":135,"fail_input":0,"fail_invoke":0,"fail_output":0,"mean_us":15919.92,"max_us":38354.54,"last_us":14223.34,"out0":-34.88327,"out_elems":640,"out_sha256":"7377a66196d10b8f9095f1ec25df57b5b033488734ef3539915fd05471edb2fc","out_head":[-34.883270,-19.245007,-10.683949,-6.043216,-3.147524,1.497201],"out_tail":[-19.598969,-18.188969,-18.763275,-20.377392,-29.048273,-42.496120],"out_full_file":"/cf/last_out.json","out_full_file_bytes":7046,"out_full_file_reason":"ok","out_record_truncates":false}
{"app":"AI_LEARNER","stage":"mem","model":"b3_deepae","target":"aarch64-unknown-linux-gnu","completed":135,"hal_peak":1069632,"peak_within_bounded":true,"admitted_budget_bytes":1069632,"peak_within_admitted_budget":true,"admission_mode":"unconditional","hal_bytes_per_call_amortized":12462.9,"process_rss_kb":8144,"process_rss_delta_init_kb":1660,"max_active_calls":1,"active_calls_now":0,"call_counter_balanced":true}
.EVS Port1 1980-012-14:27:18.67919 66/1/AI_LEARNER 4: AI_LEARNER completed=136/136 mean=15897.3us max=38354.5us hal_peak=1069632 within_bounded=1
{"app":"AI_LEARNER","stage":"run","model":"b3_deepae","target":"aarch64-unknown-linux-gnu","attempted":136,"completed":136,"fail_input":0,"fail_invoke":0,"fail_output":0,"mean_us":15897.34,"max_us":38354.54,"last_us":12849.25,"out0":-34.88327,"out_elems":640,"out_sha256":"7377a66196d10b8f9095f1ec25df57b5b033488734ef3539915fd05471edb2fc","out_head":[-34.883270,-19.245007,-10.683949,-6.043216,-3.147524,1.497201],"out_tail":[-19.598969,-18.188969,-18.763275,-20.377392,-29.048273,-42.496120],"out_full_file":"/cf/last_out.json","out_full_file_bytes":7046,"out_full_file_reason":"ok","out_record_truncates":false}
{"app":"AI_LEARNER","stage":"mem","model":"b3_deepae","target":"aarch64-unknown-linux-gnu","completed":136,"hal_peak":1069632,"peak_within_bounded":true,"admitted_budget_bytes":1069632,"peak_within_admitted_budget":true,"admission_mode":"unconditional","hal_bytes_per_call_amortized":12398.1,"process_rss_kb":8144,"process_rss_delta_init_kb":1660,"max_active_calls":1,"active_calls_now":0,"call_counter_balanced":true}
.EVS Port1 1980-012-14:27:22.68301 66/1/AI_LEARNER 4: AI_LEARNER completed=137/137 mean=15865.5us max=38354.5us hal_peak=1069632 within_bounded=1
{"app":"AI_LEARNER","stage":"run","model":"b3_deepae","target":"aarch64-unknown-linux-gnu","attempted":137,"completed":137,"fail_input":0,"fail_invoke":0,"fail_output":0,"mean_us":15865.48,"max_us":38354.54,"last_us":11533.31,"out0":-34.88327,"out_elems":640,"out_sha256":"7377a66196d10b8f9095f1ec25df57b5b033488734ef3539915fd05471edb2fc","out_head":[-34.883270,-19.245007,-10.683949,-6.043216,-3.147524,1.497201],"out_tail":[-19.598969,-18.188969,-18.763275,-20.377392,-29.048273,-42.496120],"out_full_file":"/cf/last_out.json","out_full_file_bytes":7046,"out_full_file_reason":"ok","out_record_truncates":false}
{"app":"AI_LEARNER","stage":"mem","model":"b3_deepae","target":"aarch64-unknown-linux-gnu","completed":137,"hal_peak":1069632,"peak_within_bounded":true,"admitted_budget_bytes":1069632,"peak_within_admitted_budget":true,"admission_mode":"unconditional","hal_bytes_per_call_amortized":12334.2,"process_rss_kb":8144,"process_rss_delta_init_kb":1660,"max_active_calls":1,"active_calls_now":0,"call_counter_balanced":true}
EVS Port1 1980-012-14:27:26.68649 66/1/AI_LEARNER 4: AI_LEARNER completed=138/138 mean=15868.6us max=38354.5us hal_peak=1069632 within_bounded=1
{"app":"AI_LEARNER","stage":"run","model":"b3_deepae","target":"aarch64-unknown-linux-gnu","attempted":138,"completed":138,"fail_input":0,"fail_invoke":0,"fail_output":0,"mean_us":15868.65,"max_us":38354.54,"last_us":16301.78,"out0":-34.88327,"out_elems":640,"out_sha256":"7377a66196d10b8f9095f1ec25df57b5b033488734ef3539915fd05471edb2fc","out_head":[-34.883270,-19.245007,-10.683949,-6.043216,-3.147524,1.497201],"out_tail":[-19.598969,-18.188969,-18.763275,-20.377392,-29.048273,-42.496120],"out_full_file":"/cf/last_out.json","out_full_file_bytes":7046,"out_full_file_reason":"ok","out_record_truncates":false}
{"app":"AI_LEARNER","stage":"mem","model":"b3_deepae","target":"aarch64-unknown-linux-gnu","completed":138,"hal_peak":1069632,"peak_within_bounded":true,"admitted_budget_bytes":1069632,"peak_within_admitted_budget":true,"admission_mode":"unconditional","hal_bytes_per_call_amortized":12271.3,"process_rss_kb":8144,"process_rss_delta_init_kb":1660,"max_active_calls":1,"active_calls_now":0,"call_counter_balanced":true}
.EVS Port1 1980-012-14:27:30.67922 66/1/AI_LEARNER 4: AI_LEARNER completed=139/139 mean=15818.5us max=38354.5us hal_peak=1069632 within_bounded=1
{"app":"AI_LEARNER","stage":"run","model":"b3_deepae","target":"aarch64-unknown-linux-gnu","attempted":139,"completed":139,"fail_input":0,"fail_invoke":0,"fail_output":0,"mean_us":15818.46,"max_us":38354.54,"last_us":8892.62,"out0":-34.88327,"out_elems":640,"out_sha256":"7377a66196d10b8f9095f1ec25df57b5b033488734ef3539915fd05471edb2fc","out_head":[-34.883270,-19.245007,-10.683949,-6.043216,-3.147524,1.497201],"out_tail":[-19.598969,-18.188969,-18.763275,-20.377392,-29.048273,-42.496120],"out_full_file":"/cf/last_out.json","out_full_file_bytes":7046,"out_full_file_reason":"ok","out_record_truncates":false}
{"app":"AI_LEARNER","stage":"mem","model":"b3_deepae","target":"aarch64-unknown-linux-gnu","completed":139,"hal_peak":1069632,"peak_within_bounded":true,"admitted_budget_bytes":1069632,"peak_within_admitted_budget":true,"admission_mode":"unconditional","hal_bytes_per_call_amortized":12209.3,"process_rss_kb":8144,"process_rss_delta_init_kb":1660,"max_active_calls":1,"active_calls_now":0,"call_counter_balanced":true}
.EVS Port1 1980-012-14:27:34.68168 66/1/AI_LEARNER 4: AI_LEARNER completed=140/140 mean=15802.8us max=38354.5us hal_peak=1069632 within_bounded=1
{"app":"AI_LEARNER","stage":"run","model":"b3_deepae","target":"aarch64-unknown-linux-gnu","attempted":140,"completed":140,"fail_input":0,"fail_invoke":0,"fail_output":0,"mean_us":15802.80,"max_us":38354.54,"last_us":13626.02,"out0":-34.88327,"out_elems":640,"out_sha256":"7377a66196d10b8f9095f1ec25df57b5b033488734ef3539915fd05471edb2fc","out_head":[-34.883270,-19.245007,-10.683949,-6.043216,-3.147524,1.497201],"out_tail":[-19.598969,-18.188969,-18.763275,-20.377392,-29.048273,-42.496120],"out_full_file":"/cf/last_out.json","out_full_file_bytes":7046,"out_full_file_reason":"ok","out_record_truncates":false}
{"app":"AI_LEARNER","stage":"mem","model":"b3_deepae","target":"aarch64-unknown-linux-gnu","completed":140,"hal_peak":1069632,"peak_within_bounded":true,"admitted_budget_bytes":1069632,"peak_within_admitted_budget":true,"admission_mode":"unconditional","hal_bytes_per_call_amortized":12148.1,"process_rss_kb":8144,"process_rss_delta_init_kb":1660,"max_active_calls":1,"active_calls_now":0,"call_counter_balanced":true}
EVS Port1 1980-012-14:27:38.71226 66/1/AI_LEARNER 4: AI_LEARNER completed=141/141 mean=15807.5us max=38354.5us hal_peak=1069632 within_bounded=1
{"app":"AI_LEARNER","stage":"run","model":"b3_deepae","target":"aarch64-unknown-linux-gnu","attempted":141,"completed":141,"fail_input":0,"fail_invoke":0,"fail_output":0,"mean_us":15807.46,"max_us":38354.54,"last_us":16460.29,"out0":-34.88327,"out_elems":640,"out_sha256":"7377a66196d10b8f9095f1ec25df57b5b033488734ef3539915fd05471edb2fc","out_head":[-34.883270,-19.245007,-10.683949,-6.043216,-3.147524,1.497201],"out_tail":[-19.598969,-18.188969,-18.763275,-20.377392,-29.048273,-42.496120],"out_full_file":"/cf/last_out.json","out_full_file_bytes":7046,"out_full_file_reason":"ok","out_record_truncates":false}
{"app":"AI_LEARNER","stage":"mem","model":"b3_deepae","target":"aarch64-unknown-linux-gnu","completed":141,"hal_peak":1069632,"peak_within_bounded":true,"admitted_budget_bytes":1069632,"peak_within_admitted_budget":true,"admission_mode":"unconditional","hal_bytes_per_call_amortized":12087.8,"process_rss_kb":8144,"process_rss_delta_init_kb":1660,"max_active_calls":1,"active_calls_now":0,"call_counter_balanced":true}
.EVS Port1 1980-012-14:27:42.68447 66/1/AI_LEARNER 4: AI_LEARNER completed=142/142 mean=15798.2us max=38354.5us hal_peak=1069632 within_bounded=1
{"app":"AI_LEARNER","stage":"run","model":"b3_deepae","target":"aarch64-unknown-linux-gnu","attempted":142,"completed":142,"fail_input":0,"fail_invoke":0,"fail_output":0,"mean_us":15798.18,"max_us":38354.54,"last_us":14489.20,"out0":-34.88327,"out_elems":640,"out_sha256":"7377a66196d10b8f9095f1ec25df57b5b033488734ef3539915fd05471edb2fc","out_head":[-34.883270,-19.245007,-10.683949,-6.043216,-3.147524,1.497201],"out_tail":[-19.598969,-18.188969,-18.763275,-20.377392,-29.048273,-42.496120],"out_full_file":"/cf/last_out.json","out_full_file_bytes":7046,"out_full_file_reason":"ok","out_record_truncates":false}
{"app":"AI_LEARNER","stage":"mem","model":"b3_deepae","target":"aarch64-unknown-linux-gnu","completed":142,"hal_peak":1069632,"peak_within_bounded":true,"admitted_budget_bytes":1069632,"peak_within_admitted_budget":true,"admission_mode":"unconditional","hal_bytes_per_call_amortized":12028.4,"process_rss_kb":8144,"process_rss_delta_init_kb":1660,"max_active_calls":1,"active_calls_now":0,"call_counter_balanced":true}
.EVS Port1 1980-012-14:27:46.70024 66/1/AI_LEARNER 4: AI_LEARNER completed=143/143 mean=15757.4us max=38354.5us hal_peak=1069632 within_bounded=1
{"app":"AI_LEARNER","stage":"run","model":"b3_deepae","target":"aarch64-unknown-linux-gnu","attempted":143,"completed":143,"fail_input":0,"fail_invoke":0,"fail_output":0,"mean_us":15757.38,"max_us":38354.54,"last_us":9964.59,"out0":-34.88327,"out_elems":640,"out_sha256":"7377a66196d10b8f9095f1ec25df57b5b033488734ef3539915fd05471edb2fc","out_head":[-34.883270,-19.245007,-10.683949,-6.043216,-3.147524,1.497201],"out_tail":[-19.598969,-18.188969,-18.763275,-20.377392,-29.048273,-42.496120],"out_full_file":"/cf/last_out.json","out_full_file_bytes":7046,"out_full_file_reason":"ok","out_record_truncates":false}
{"app":"AI_LEARNER","stage":"mem","model":"b3_deepae","target":"aarch64-unknown-linux-gnu","completed":143,"hal_peak":1069632,"peak_within_bounded":true,"admitted_budget_bytes":1069632,"peak_within_admitted_budget":true,"admission_mode":"unconditional","hal_bytes_per_call_amortized":11969.8,"process_rss_kb":8144,"process_rss_delta_init_kb":1660,"max_active_calls":1,"active_calls_now":0,"call_counter_balanced":true}
EVS Port1 1980-012-14:27:50.69351 66/1/AI_LEARNER 4: AI_LEARNER completed=144/144 mean=15807.4us max=38354.5us hal_peak=1069632 within_bounded=1
{"app":"AI_LEARNER","stage":"run","model":"b3_deepae","target":"aarch64-unknown-linux-gnu","attempted":144,"completed":144,"fail_input":0,"fail_invoke":0,"fail_output":0,"mean_us":15807.40,"max_us":38354.54,"last_us":22959.20,"out0":-34.88327,"out_elems":640,"out_sha256":"7377a66196d10b8f9095f1ec25df57b5b033488734ef3539915fd05471edb2fc","out_head":[-34.883270,-19.245007,-10.683949,-6.043216,-3.147524,1.497201],"out_tail":[-19.598969,-18.188969,-18.763275,-20.377392,-29.048273,-42.496120],"out_full_file":"/cf/last_out.json","out_full_file_bytes":7046,"out_full_file_reason":"ok","out_record_truncates":false}
{"app":"AI_LEARNER","stage":"mem","model":"b3_deepae","target":"aarch64-unknown-linux-gnu","completed":144,"hal_peak":1069632,"peak_within_bounded":true,"admitted_budget_bytes":1069632,"peak_within_admitted_budget":true,"admission_mode":"unconditional","hal_bytes_per_call_amortized":11912.0,"process_rss_kb":8144,"process_rss_delta_init_kb":1660,"max_active_calls":1,"active_calls_now":0,"call_counter_balanced":true}
.EVS Port1 1980-012-14:27:54.69667 66/1/AI_LEARNER 4: AI_LEARNER completed=145/145 mean=15857.5us max=38354.5us hal_peak=1069632 within_bounded=1
{"app":"AI_LEARNER","stage":"run","model":"b3_deepae","target":"aarch64-unknown-linux-gnu","attempted":145,"completed":145,"fail_input":0,"fail_invoke":0,"fail_output":0,"mean_us":15857.46,"max_us":38354.54,"last_us":23066.91,"out0":-34.88327,"out_elems":640,"out_sha256":"7377a66196d10b8f9095f1ec25df57b5b033488734ef3539915fd05471edb2fc","out_head":[-34.883270,-19.245007,-10.683949,-6.043216,-3.147524,1.497201],"out_tail":[-19.598969,-18.188969,-18.763275,-20.377392,-29.048273,-42.496120],"out_full_file":"/cf/last_out.json","out_full_file_bytes":7046,"out_full_file_reason":"ok","out_record_truncates":false}
{"app":"AI_LEARNER","stage":"mem","model":"b3_deepae","target":"aarch64-unknown-linux-gnu","completed":145,"hal_peak":1069632,"peak_within_bounded":true,"admitted_budget_bytes":1069632,"peak_within_admitted_budget":true,"admission_mode":"unconditional","hal_bytes_per_call_amortized":11855.0,"process_rss_kb":8144,"process_rss_delta_init_kb":1660,"max_active_calls":1,"active_calls_now":0,"call_counter_balanced":true}
.EVS Port1 1980-012-14:27:58.69006 66/1/AI_LEARNER 4: AI_LEARNER completed=146/146 mean=15845.5us max=38354.5us hal_peak=1069632 within_bounded=1
{"app":"AI_LEARNER","stage":"run","model":"b3_deepae","target":"aarch64-unknown-linux-gnu","attempted":146,"completed":146,"fail_input":0,"fail_invoke":0,"fail_output":0,"mean_us":15845.49,"max_us":38354.54,"last_us":14109.42,"out0":-34.88327,"out_elems":640,"out_sha256":"7377a66196d10b8f9095f1ec25df57b5b033488734ef3539915fd05471edb2fc","out_head":[-34.883270,-19.245007,-10.683949,-6.043216,-3.147524,1.497201],"out_tail":[-19.598969,-18.188969,-18.763275,-20.377392,-29.048273,-42.496120],"out_full_file":"/cf/last_out.json","out_full_file_bytes":7046,"out_full_file_reason":"ok","out_record_truncates":false}
{"app":"AI_LEARNER","stage":"mem","model":"b3_deepae","target":"aarch64-unknown-linux-gnu","completed":146,"hal_peak":1069632,"peak_within_bounded":true,"admitted_budget_bytes":1069632,"peak_within_admitted_budget":true,"admission_mode":"unconditional","hal_bytes_per_call_amortized":11798.8,"process_rss_kb":8144,"process_rss_delta_init_kb":1660,"max_active_calls":1,"active_calls_now":0,"call_counter_balanced":true}
EVS Port1 1980-012-14:28:01.00387 66/1/CFE_TIME 21: Stop FLYWHEEL
EVS Port1 1980-012-14:28:01.99977 66/1/CFE_TIME 20: Start FLYWHEEL
EVS Port1 1980-012-14:28:02.68022 66/1/AI_LEARNER 4: AI_LEARNER completed=147/147 mean=15848.7us max=38354.5us hal_peak=1069632 within_bounded=1
{"app":"AI_LEARNER","stage":"run","model":"b3_deepae","target":"aarch64-unknown-linux-gnu","attempted":147,"completed":147,"fail_input":0,"fail_invoke":0,"fail_output":0,"mean_us":15848.73,"max_us":38354.54,"last_us":16322.62,"out0":-34.88327,"out_elems":640,"out_sha256":"7377a66196d10b8f9095f1ec25df57b5b033488734ef3539915fd05471edb2fc","out_head":[-34.883270,-19.245007,-10.683949,-6.043216,-3.147524,1.497201],"out_tail":[-19.598969,-18.188969,-18.763275,-20.377392,-29.048273,-42.496120],"out_full_file":"/cf/last_out.json","out_full_file_bytes":7046,"out_full_file_reason":"ok","out_record_truncates":false}
{"app":"AI_LEARNER","stage":"mem","model":"b3_deepae","target":"aarch64-unknown-linux-gnu","completed":147,"hal_peak":1069632,"peak_within_bounded":true,"admitted_budget_bytes":1069632,"peak_within_admitted_budget":true,"admission_mode":"unconditional","hal_bytes_per_call_amortized":11743.3,"process_rss_kb":8144,"process_rss_delta_init_kb":1660,"max_active_calls":1,"active_calls_now":0,"call_counter_balanced":true}
.EVS Port1 1980-012-14:28:06.67713 66/1/AI_LEARNER 4: AI_LEARNER completed=148/148 mean=15789.3us max=38354.5us hal_peak=1069632 within_bounded=1
{"app":"AI_LEARNER","stage":"run","model":"b3_deepae","target":"aarch64-unknown-linux-gnu","attempted":148,"completed":148,"fail_input":0,"fail_invoke":0,"fail_output":0,"mean_us":15789.26,"max_us":38354.54,"last_us":7047.20,"out0":-34.88327,"out_elems":640,"out_sha256":"7377a66196d10b8f9095f1ec25df57b5b033488734ef3539915fd05471edb2fc","out_head":[-34.883270,-19.245007,-10.683949,-6.043216,-3.147524,1.497201],"out_tail":[-19.598969,-18.188969,-18.763275,-20.377392,-29.048273,-42.496120],"out_full_file":"/cf/last_out.json","out_full_file_bytes":7046,"out_full_file_reason":"ok","out_record_truncates":false}
{"app":"AI_LEARNER","stage":"mem","model":"b3_deepae","target":"aarch64-unknown-linux-gnu","completed":148,"hal_peak":1069632,"peak_within_bounded":true,"admitted_budget_bytes":1069632,"peak_within_admitted_budget":true,"admission_mode":"unconditional","hal_bytes_per_call_amortized":11688.6,"process_rss_kb":8144,"process_rss_delta_init_kb":1660,"max_active_calls":1,"active_calls_now":0,"call_counter_balanced":true}
.EVS Port1 1980-012-14:28:10.70774 66/1/AI_LEARNER 4: AI_LEARNER completed=149/149 mean=15776.7us max=38354.5us hal_peak=1069632 within_bounded=1
{"app":"AI_LEARNER","stage":"run","model":"b3_deepae","target":"aarch64-unknown-linux-gnu","attempted":149,"completed":149,"fail_input":0,"fail_invoke":0,"fail_output":0,"mean_us":15776.69,"max_us":38354.54,"last_us":13916.37,"out0":-34.88327,"out_elems":640,"out_sha256":"7377a66196d10b8f9095f1ec25df57b5b033488734ef3539915fd05471edb2fc","out_head":[-34.883270,-19.245007,-10.683949,-6.043216,-3.147524,1.497201],"out_tail":[-19.598969,-18.188969,-18.763275,-20.377392,-29.048273,-42.496120],"out_full_file":"/cf/last_out.json","out_full_file_bytes":7046,"out_full_file_reason":"ok","out_record_truncates":false}
{"app":"AI_LEARNER","stage":"mem","model":"b3_deepae","target":"aarch64-unknown-linux-gnu","completed":149,"hal_peak":1069632,"peak_within_bounded":true,"admitted_budget_bytes":1069632,"peak_within_admitted_budget":true,"admission_mode":"unconditional","hal_bytes_per_call_amortized":11634.7,"process_rss_kb":8144,"process_rss_delta_init_kb":1660,"max_active_calls":1,"active_calls_now":0,"call_counter_balanced":true}
EVS Port1 1980-012-14:28:14.68144 66/1/AI_LEARNER 4: AI_LEARNER completed=150/150 mean=15707.8us max=38354.5us hal_peak=1069632 within_bounded=1
{"app":"AI_LEARNER","stage":"run","model":"b3_deepae","target":"aarch64-unknown-linux-gnu","attempted":150,"completed":150,"fail_input":0,"fail_invoke":0,"fail_output":0,"mean_us":15707.80,"max_us":38354.54,"last_us":5442.66,"out0":-34.88327,"out_elems":640,"out_sha256":"7377a66196d10b8f9095f1ec25df57b5b033488734ef3539915fd05471edb2fc","out_head":[-34.883270,-19.245007,-10.683949,-6.043216,-3.147524,1.497201],"out_tail":[-19.598969,-18.188969,-18.763275,-20.377392,-29.048273,-42.496120],"out_full_file":"/cf/last_out.json","out_full_file_bytes":7046,"out_full_file_reason":"ok","out_record_truncates":false}
{"app":"AI_LEARNER","stage":"mem","model":"b3_deepae","target":"aarch64-unknown-linux-gnu","completed":150,"hal_peak":1069632,"peak_within_bounded":true,"admitted_budget_bytes":1069632,"peak_within_admitted_budget":true,"admission_mode":"unconditional","hal_bytes_per_call_amortized":11581.4,"process_rss_kb":8144,"process_rss_delta_init_kb":1660,"max_active_calls":1,"active_calls_now":0,"call_counter_balanced":true}
.EVS Port1 1980-012-14:28:18.67803 66/1/AI_LEARNER 4: AI_LEARNER completed=151/151 mean=15681.2us max=38354.5us hal_peak=1069632 within_bounded=1
{"app":"AI_LEARNER","stage":"run","model":"b3_deepae","target":"aarch64-unknown-linux-gnu","attempted":151,"completed":151,"fail_input":0,"fail_invoke":0,"fail_output":0,"mean_us":15681.20,"max_us":38354.54,"last_us":11691.76,"out0":-34.88327,"out_elems":640,"out_sha256":"7377a66196d10b8f9095f1ec25df57b5b033488734ef3539915fd05471edb2fc","out_head":[-34.883270,-19.245007,-10.683949,-6.043216,-3.147524,1.497201],"out_tail":[-19.598969,-18.188969,-18.763275,-20.377392,-29.048273,-42.496120],"out_full_file":"/cf/last_out.json","out_full_file_bytes":7046,"out_full_file_reason":"ok","out_record_truncates":false}
{"app":"AI_LEARNER","stage":"mem","model":"b3_deepae","target":"aarch64-unknown-linux-gnu","completed":151,"hal_peak":1069632,"peak_within_bounded":true,"admitted_budget_bytes":1069632,"peak_within_admitted_budget":true,"admission_mode":"unconditional","hal_bytes_per_call_amortized":11528.9,"process_rss_kb":8144,"process_rss_delta_init_kb":1660,"max_active_calls":1,"active_calls_now":0,"call_counter_balanced":true}
.EVS Port1 1980-012-14:28:22.68218 66/1/AI_LEARNER 4: AI_LEARNER completed=152/152 mean=15680.8us max=38354.5us hal_peak=1069632 within_bounded=1
{"app":"AI_LEARNER","stage":"run","model":"b3_deepae","target":"aarch64-unknown-linux-gnu","attempted":152,"completed":152,"fail_input":0,"fail_invoke":0,"fail_output":0,"mean_us":15680.78,"max_us":38354.54,"last_us":15617.25,"out0":-34.88327,"out_elems":640,"out_sha256":"7377a66196d10b8f9095f1ec25df57b5b033488734ef3539915fd05471edb2fc","out_head":[-34.883270,-19.245007,-10.683949,-6.043216,-3.147524,1.497201],"out_tail":[-19.598969,-18.188969,-18.763275,-20.377392,-29.048273,-42.496120],"out_full_file":"/cf/last_out.json","out_full_file_bytes":7046,"out_full_file_reason":"ok","out_record_truncates":false}
{"app":"AI_LEARNER","stage":"mem","model":"b3_deepae","target":"aarch64-unknown-linux-gnu","completed":152,"hal_peak":1069632,"peak_within_bounded":true,"admitted_budget_bytes":1069632,"peak_within_admitted_budget":true,"admission_mode":"unconditional","hal_bytes_per_call_amortized":11477.1,"process_rss_kb":8144,"process_rss_delta_init_kb":1660,"max_active_calls":1,"active_calls_now":0,"call_counter_balanced":true}
EVS Port1 1980-012-14:28:26.70156 66/1/AI_LEARNER 4: AI_LEARNER completed=153/153 mean=15670.7us max=38354.5us hal_peak=1069632 within_bounded=1
{"app":"AI_LEARNER","stage":"run","model":"b3_deepae","target":"aarch64-unknown-linux-gnu","attempted":153,"completed":153,"fail_input":0,"fail_invoke":0,"fail_output":0,"mean_us":15670.74,"max_us":38354.54,"last_us":14144.45,"out0":-34.88327,"out_elems":640,"out_sha256":"7377a66196d10b8f9095f1ec25df57b5b033488734ef3539915fd05471edb2fc","out_head":[-34.883270,-19.245007,-10.683949,-6.043216,-3.147524,1.497201],"out_tail":[-19.598969,-18.188969,-18.763275,-20.377392,-29.048273,-42.496120],"out_full_file":"/cf/last_out.json","out_full_file_bytes":7046,"out_full_file_reason":"ok","out_record_truncates":false}
{"app":"AI_LEARNER","stage":"mem","model":"b3_deepae","target":"aarch64-unknown-linux-gnu","completed":153,"hal_peak":1069632,"peak_within_bounded":true,"admitted_budget_bytes":1069632,"peak_within_admitted_budget":true,"admission_mode":"unconditional","hal_bytes_per_call_amortized":11425.9,"process_rss_kb":8144,"process_rss_delta_init_kb":1660,"max_active_calls":1,"active_calls_now":0,"call_counter_balanced":true}
.EVS Port1 1980-012-14:28:30.69206 66/1/AI_LEARNER 4: AI_LEARNER completed=154/154 mean=15696.3us max=38354.5us hal_peak=1069632 within_bounded=1
{"app":"AI_LEARNER","stage":"run","model":"b3_deepae","target":"aarch64-unknown-linux-gnu","attempted":154,"completed":154,"fail_input":0,"fail_invoke":0,"fail_output":0,"mean_us":15696.32,"max_us":38354.54,"last_us":19609.87,"out0":-34.88327,"out_elems":640,"out_sha256":"7377a66196d10b8f9095f1ec25df57b5b033488734ef3539915fd05471edb2fc","out_head":[-34.883270,-19.245007,-10.683949,-6.043216,-3.147524,1.497201],"out_tail":[-19.598969,-18.188969,-18.763275,-20.377392,-29.048273,-42.496120],"out_full_file":"/cf/last_out.json","out_full_file_bytes":7046,"out_full_file_reason":"ok","out_record_truncates":false}
{"app":"AI_LEARNER","stage":"mem","model":"b3_deepae","target":"aarch64-unknown-linux-gnu","completed":154,"hal_peak":1069632,"peak_within_bounded":true,"admitted_budget_bytes":1069632,"peak_within_admitted_budget":true,"admission_mode":"unconditional","hal_bytes_per_call_amortized":11375.4,"process_rss_kb":8144,"process_rss_delta_init_kb":1660,"max_active_calls":1,"active_calls_now":0,"call_counter_balanced":true}
.EVS Port1 1980-012-14:28:34.67982 66/1/AI_LEARNER 4: AI_LEARNER completed=155/155 mean=15628.6us max=38354.5us hal_peak=1069632 within_bounded=1
{"app":"AI_LEARNER","stage":"run","model":"b3_deepae","target":"aarch64-unknown-linux-gnu","attempted":155,"completed":155,"fail_input":0,"fail_invoke":0,"fail_output":0,"mean_us":15628.65,"max_us":38354.54,"last_us":5206.83,"out0":-34.88327,"out_elems":640,"out_sha256":"7377a66196d10b8f9095f1ec25df57b5b033488734ef3539915fd05471edb2fc","out_head":[-34.883270,-19.245007,-10.683949,-6.043216,-3.147524,1.497201],"out_tail":[-19.598969,-18.188969,-18.763275,-20.377392,-29.048273,-42.496120],"out_full_file":"/cf/last_out.json","out_full_file_bytes":7046,"out_full_file_reason":"ok","out_record_truncates":false}
{"app":"AI_LEARNER","stage":"mem","model":"b3_deepae","target":"aarch64-unknown-linux-gnu","completed":155,"hal_peak":1069632,"peak_within_bounded":true,"admitted_budget_bytes":1069632,"peak_within_admitted_budget":true,"admission_mode":"unconditional","hal_bytes_per_call_amortized":11325.5,"process_rss_kb":8144,"process_rss_delta_init_kb":1660,"max_active_calls":1,"active_calls_now":0,"call_counter_balanced":true}
EVS Port1 1980-012-14:28:38.68345 66/1/AI_LEARNER 4: AI_LEARNER completed=156/156 mean=15608.5us max=38354.5us hal_peak=1069632 within_bounded=1
{"app":"AI_LEARNER","stage":"run","model":"b3_deepae","target":"aarch64-unknown-linux-gnu","attempted":156,"completed":156,"fail_input":0,"fail_invoke":0,"fail_output":0,"mean_us":15608.50,"max_us":38354.54,"last_us":12485.74,"out0":-34.88327,"out_elems":640,"out_sha256":"7377a66196d10b8f9095f1ec25df57b5b033488734ef3539915fd05471edb2fc","out_head":[-34.883270,-19.245007,-10.683949,-6.043216,-3.147524,1.497201],"out_tail":[-19.598969,-18.188969,-18.763275,-20.377392,-29.048273,-42.496120],"out_full_file":"/cf/last_out.json","out_full_file_bytes":7046,"out_full_file_reason":"ok","out_record_truncates":false}
{"app":"AI_LEARNER","stage":"mem","model":"b3_deepae","target":"aarch64-unknown-linux-gnu","completed":156,"hal_peak":1069632,"peak_within_bounded":true,"admitted_budget_bytes":1069632,"peak_within_admitted_budget":true,"admission_mode":"unconditional","hal_bytes_per_call_amortized":11276.3,"process_rss_kb":8144,"process_rss_delta_init_kb":1660,"max_active_calls":1,"active_calls_now":0,"call_counter_balanced":true}
.EVS Port1 1980-012-14:28:42.67893 66/1/AI_LEARNER 4: AI_LEARNER completed=157/157 mean=15588.2us max=38354.5us hal_peak=1069632 within_bounded=1
{"app":"AI_LEARNER","stage":"run","model":"b3_deepae","target":"aarch64-unknown-linux-gnu","attempted":157,"completed":157,"fail_input":0,"fail_invoke":0,"fail_output":0,"mean_us":15588.21,"max_us":38354.54,"last_us":12423.58,"out0":-34.88327,"out_elems":640,"out_sha256":"7377a66196d10b8f9095f1ec25df57b5b033488734ef3539915fd05471edb2fc","out_head":[-34.883270,-19.245007,-10.683949,-6.043216,-3.147524,1.497201],"out_tail":[-19.598969,-18.188969,-18.763275,-20.377392,-29.048273,-42.496120],"out_full_file":"/cf/last_out.json","out_full_file_bytes":7046,"out_full_file_reason":"ok","out_record_truncates":false}
{"app":"AI_LEARNER","stage":"mem","model":"b3_deepae","target":"aarch64-unknown-linux-gnu","completed":157,"hal_peak":1069632,"peak_within_bounded":true,"admitted_budget_bytes":1069632,"peak_within_admitted_budget":true,"admission_mode":"unconditional","hal_bytes_per_call_amortized":11227.7,"process_rss_kb":8144,"process_rss_delta_init_kb":1660,"max_active_calls":1,"active_calls_now":0,"call_counter_balanced":true}
.EVS Port1 1980-012-14:28:46.68667 66/1/AI_LEARNER 4: AI_LEARNER completed=158/158 mean=15605.7us max=38354.5us hal_peak=1069632 within_bounded=1
{"app":"AI_LEARNER","stage":"run","model":"b3_deepae","target":"aarch64-unknown-linux-gnu","attempted":158,"completed":158,"fail_input":0,"fail_invoke":0,"fail_output":0,"mean_us":15605.70,"max_us":38354.54,"last_us":18351.41,"out0":-34.88327,"out_elems":640,"out_sha256":"7377a66196d10b8f9095f1ec25df57b5b033488734ef3539915fd05471edb2fc","out_head":[-34.883270,-19.245007,-10.683949,-6.043216,-3.147524,1.497201],"out_tail":[-19.598969,-18.188969,-18.763275,-20.377392,-29.048273,-42.496120],"out_full_file":"/cf/last_out.json","out_full_file_bytes":7046,"out_full_file_reason":"ok","out_record_truncates":false}
{"app":"AI_LEARNER","stage":"mem","model":"b3_deepae","target":"aarch64-unknown-linux-gnu","completed":158,"hal_peak":1069632,"peak_within_bounded":true,"admitted_budget_bytes":1069632,"peak_within_admitted_budget":true,"admission_mode":"unconditional","hal_bytes_per_call_amortized":11179.7,"process_rss_kb":8144,"process_rss_delta_init_kb":1660,"max_active_calls":1,"active_calls_now":0,"call_counter_balanced":true}
{"app":"AI_LEARNER","stage":"run","model":"b3_deepae","target":"aarch64-unknown-linux-gnu","attempted":159,"completed":159,"fail_input":0,"fail_invoke":0,"fail_output":0,"mean_us":15562.41,"max_us":38354.54,"last_us":8722.10,"out0":-34.88327,"out_elems":640,"out_sha256":"7377a66196d10b8f9095f1ec25df57b5b033488734ef3539915fd05471edb2fc","out_head":[-34.883270,-19.245007,-10.683949,-6.043216,-3.147524,1.497201],"out_tail":[-19.598969,-18.188969,-18.763275,-20.377392,-29.048273,-42.496120],"out_full_file":"/cf/last_out.json","out_full_file_bytes":7046,"out_full_file_reason":"ok","out_record_truncates":false}
EVS Port1 1980-012-14:28:50.68048 66/1/AI_LEARNER 4: AI_LEARNER completed=159/159 mean=15562.4us max=38354.5us hal_peak=1069632 within_bounded=1
{"app":"AI_LEARNER","stage":"mem","model":"b3_deepae","target":"aarch64-unknown-linux-gnu","completed":159,"hal_peak":1069632,"peak_within_bounded":true,"admitted_budget_bytes":1069632,"peak_within_admitted_budget":true,"admission_mode":"unconditional","hal_bytes_per_call_amortized":11132.4,"process_rss_kb":8144,"process_rss_delta_init_kb":1660,"max_active_calls":1,"active_calls_now":0,"call_counter_balanced":true}
.EVS Port1 1980-012-14:28:54.67997 66/1/AI_LEARNER 4: AI_LEARNER completed=160/160 mean=15524.7us max=38354.5us hal_peak=1069632 within_bounded=1
{"app":"AI_LEARNER","stage":"run","model":"b3_deepae","target":"aarch64-unknown-linux-gnu","attempted":160,"completed":160,"fail_input":0,"fail_invoke":0,"fail_output":0,"mean_us":15524.67,"max_us":38354.54,"last_us":9523.68,"out0":-34.88327,"out_elems":640,"out_sha256":"7377a66196d10b8f9095f1ec25df57b5b033488734ef3539915fd05471edb2fc","out_head":[-34.883270,-19.245007,-10.683949,-6.043216,-3.147524,1.497201],"out_tail":[-19.598969,-18.188969,-18.763275,-20.377392,-29.048273,-42.496120],"out_full_file":"/cf/last_out.json","out_full_file_bytes":7046,"out_full_file_reason":"ok","out_record_truncates":false}
{"app":"AI_LEARNER","stage":"mem","model":"b3_deepae","target":"aarch64-unknown-linux-gnu","completed":160,"hal_peak":1069632,"peak_within_bounded":true,"admitted_budget_bytes":1069632,"peak_within_admitted_budget":true,"admission_mode":"unconditional","hal_bytes_per_call_amortized":11085.6,"process_rss_kb":8144,"process_rss_delta_init_kb":1660,"max_active_calls":1,"active_calls_now":0,"call_counter_balanced":true}
.EVS Port1 1980-012-14:28:58.00311 66/1/CFE_TIME 21: Stop FLYWHEEL
EVS Port1 1980-012-14:28:58.74008 66/1/AI_LEARNER 4: AI_LEARNER completed=161/161 mean=15627.1us max=38354.5us hal_peak=1069632 within_bounded=1
{"app":"AI_LEARNER","stage":"run","model":"b3_deepae","target":"aarch64-unknown-linux-gnu","attempted":161,"completed":161,"fail_input":0,"fail_invoke":0,"fail_output":0,"mean_us":15627.15,"max_us":38354.54,"last_us":32024.13,"out0":-34.88327,"out_elems":640,"out_sha256":"7377a66196d10b8f9095f1ec25df57b5b033488734ef3539915fd05471edb2fc","out_head":[-34.883270,-19.245007,-10.683949,-6.043216,-3.147524,1.497201],"out_tail":[-19.598969,-18.188969,-18.763275,-20.377392,-29.048273,-42.496120],"out_full_file":"/cf/last_out.json","out_full_file_bytes":7046,"out_full_file_reason":"ok","out_record_truncates":false}
{"app":"AI_LEARNER","stage":"mem","model":"b3_deepae","target":"aarch64-unknown-linux-gnu","completed":161,"hal_peak":1069632,"peak_within_bounded":true,"admitted_budget_bytes":1069632,"peak_within_admitted_budget":true,"admission_mode":"unconditional","hal_bytes_per_call_amortized":11039.4,"process_rss_kb":8144,"process_rss_delta_init_kb":1660,"max_active_calls":1,"active_calls_now":0,"call_counter_balanced":true}
EVS Port1 1980-012-14:28:59.01329 66/1/CFE_TIME 20: Start FLYWHEEL
EVS Port1 1980-012-14:29:00.00509 66/1/CFE_TIME 21: Stop FLYWHEEL
EVS Port1 1980-012-14:29:00.99893 66/1/CFE_TIME 20: Start FLYWHEEL
EVS Port1 1980-012-14:29:02.67439 66/1/AI_LEARNER 4: AI_LEARNER completed=162/162 mean=15648.5us max=38354.5us hal_peak=1069632 within_bounded=1
{"app":"AI_LEARNER","stage":"run","model":"b3_deepae","target":"aarch64-unknown-linux-gnu","attempted":162,"completed":162,"fail_input":0,"fail_invoke":0,"fail_output":0,"mean_us":15648.52,"max_us":38354.54,"last_us":19089.36,"out0":-34.88327,"out_elems":640,"out_sha256":"7377a66196d10b8f9095f1ec25df57b5b033488734ef3539915fd05471edb2fc","out_head":[-34.883270,-19.245007,-10.683949,-6.043216,-3.147524,1.497201],"out_tail":[-19.598969,-18.188969,-18.763275,-20.377392,-29.048273,-42.496120],"out_full_file":"/cf/last_out.json","out_full_file_bytes":7046,"out_full_file_reason":"ok","out_record_truncates":false}
{"app":"AI_LEARNER","stage":"mem","model":"b3_deepae","target":"aarch64-unknown-linux-gnu","completed":162,"hal_peak":1069632,"peak_within_bounded":true,"admitted_budget_bytes":1069632,"peak_within_admitted_budget":true,"admission_mode":"unconditional","hal_bytes_per_call_amortized":10993.8,"process_rss_kb":8144,"process_rss_delta_init_kb":1660,"max_active_calls":1,"active_calls_now":0,"call_counter_balanced":true}
.EVS Port1 1980-012-14:29:06.69812 66/1/AI_LEARNER 4: AI_LEARNER completed=163/163 mean=15715.6us max=38354.5us hal_peak=1069632 within_bounded=1
{"app":"AI_LEARNER","stage":"run","model":"b3_deepae","target":"aarch64-unknown-linux-gnu","attempted":163,"completed":163,"fail_input":0,"fail_invoke":0,"fail_output":0,"mean_us":15715.63,"max_us":38354.54,"last_us":26587.79,"out0":-34.88327,"out_elems":640,"out_sha256":"7377a66196d10b8f9095f1ec25df57b5b033488734ef3539915fd05471edb2fc","out_head":[-34.883270,-19.245007,-10.683949,-6.043216,-3.147524,1.497201],"out_tail":[-19.598969,-18.188969,-18.763275,-20.377392,-29.048273,-42.496120],"out_full_file":"/cf/last_out.json","out_full_file_bytes":7046,"out_full_file_reason":"ok","out_record_truncates":false}
{"app":"AI_LEARNER","stage":"mem","model":"b3_deepae","target":"aarch64-unknown-linux-gnu","completed":163,"hal_peak":1069632,"peak_within_bounded":true,"admitted_budget_bytes":1069632,"peak_within_admitted_budget":true,"admission_mode":"unconditional","hal_bytes_per_call_amortized":10948.7,"process_rss_kb":8144,"process_rss_delta_init_kb":1660,"max_active_calls":1,"active_calls_now":0,"call_counter_balanced":true}
.EVS Port1 1980-012-14:29:10.67584 66/1/AI_LEARNER 4: AI_LEARNER completed=164/164 mean=15687.7us max=38354.5us hal_peak=1069632 within_bounded=1
{"app":"AI_LEARNER","stage":"run","model":"b3_deepae","target":"aarch64-unknown-linux-gnu","attempted":164,"completed":164,"fail_input":0,"fail_invoke":0,"fail_output":0,"mean_us":15687.71,"max_us":38354.54,"last_us":11135.86,"out0":-34.88327,"out_elems":640,"out_sha256":"7377a66196d10b8f9095f1ec25df57b5b033488734ef3539915fd05471edb2fc","out_head":[-34.883270,-19.245007,-10.683949,-6.043216,-3.147524,1.497201],"out_tail":[-19.598969,-18.188969,-18.763275,-20.377392,-29.048273,-42.496120],"out_full_file":"/cf/last_out.json","out_full_file_bytes":7046,"out_full_file_reason":"ok","out_record_truncates":false}
{"app":"AI_LEARNER","stage":"mem","model":"b3_deepae","target":"aarch64-unknown-linux-gnu","completed":164,"hal_peak":1069632,"peak_within_bounded":true,"admitted_budget_bytes":1069632,"peak_within_admitted_budget":true,"admission_mode":"unconditional","hal_bytes_per_call_amortized":10904.2,"process_rss_kb":8144,"process_rss_delta_init_kb":1660,"max_active_calls":1,"active_calls_now":0,"call_counter_balanced":true}
EVS Port1 1980-012-14:29:14.69958 66/1/AI_LEARNER 4: AI_LEARNER completed=165/165 mean=15768.5us max=38354.5us hal_peak=1069632 within_bounded=1
{"app":"AI_LEARNER","stage":"run","model":"b3_deepae","target":"aarch64-unknown-linux-gnu","attempted":165,"completed":165,"fail_input":0,"fail_invoke":0,"fail_output":0,"mean_us":15768.49,"max_us":38354.54,"last_us":29016.93,"out0":-34.88327,"out_elems":640,"out_sha256":"7377a66196d10b8f9095f1ec25df57b5b033488734ef3539915fd05471edb2fc","out_head":[-34.883270,-19.245007,-10.683949,-6.043216,-3.147524,1.497201],"out_tail":[-19.598969,-18.188969,-18.763275,-20.377392,-29.048273,-42.496120],"out_full_file":"/cf/last_out.json","out_full_file_bytes":7046,"out_full_file_reason":"ok","out_record_truncates":false}
{"app":"AI_LEARNER","stage":"mem","model":"b3_deepae","target":"aarch64-unknown-linux-gnu","completed":165,"hal_peak":1069632,"peak_within_bounded":true,"admitted_budget_bytes":1069632,"peak_within_admitted_budget":true,"admission_mode":"unconditional","hal_bytes_per_call_amortized":10860.2,"process_rss_kb":8144,"process_rss_delta_init_kb":1660,"max_active_calls":1,"active_calls_now":0,"call_counter_balanced":true}
.EVS Port1 1980-012-14:29:18.67678 66/1/AI_LEARNER 4: AI_LEARNER completed=166/166 mean=15751.8us max=38354.5us hal_peak=1069632 within_bounded=1
{"app":"AI_LEARNER","stage":"run","model":"b3_deepae","target":"aarch64-unknown-linux-gnu","attempted":166,"completed":166,"fail_input":0,"fail_invoke":0,"fail_output":0,"mean_us":15751.79,"max_us":38354.54,"last_us":12995.94,"out0":-34.88327,"out_elems":640,"out_sha256":"7377a66196d10b8f9095f1ec25df57b5b033488734ef3539915fd05471edb2fc","out_head":[-34.883270,-19.245007,-10.683949,-6.043216,-3.147524,1.497201],"out_tail":[-19.598969,-18.188969,-18.763275,-20.377392,-29.048273,-42.496120],"out_full_file":"/cf/last_out.json","out_full_file_bytes":7046,"out_full_file_reason":"ok","out_record_truncates":false}
{"app":"AI_LEARNER","stage":"mem","model":"b3_deepae","target":"aarch64-unknown-linux-gnu","completed":166,"hal_peak":1069632,"peak_within_bounded":true,"admitted_budget_bytes":1069632,"peak_within_admitted_budget":true,"admission_mode":"unconditional","hal_bytes_per_call_amortized":10816.8,"process_rss_kb":8144,"process_rss_delta_init_kb":1660,"max_active_calls":1,"active_calls_now":0,"call_counter_balanced":true}
.EVS Port1 1980-012-14:29:22.68016 66/1/AI_LEARNER 4: AI_LEARNER completed=167/167 mean=15729.2us max=38354.5us hal_peak=1069632 within_bounded=1
{"app":"AI_LEARNER","stage":"run","model":"b3_deepae","target":"aarch64-unknown-linux-gnu","attempted":167,"completed":167,"fail_input":0,"fail_invoke":0,"fail_output":0,"mean_us":15729.22,"max_us":38354.54,"last_us":11983.49,"out0":-34.88327,"out_elems":640,"out_sha256":"7377a66196d10b8f9095f1ec25df57b5b033488734ef3539915fd05471edb2fc","out_head":[-34.883270,-19.245007,-10.683949,-6.043216,-3.147524,1.497201],"out_tail":[-19.598969,-18.188969,-18.763275,-20.377392,-29.048273,-42.496120],"out_full_file":"/cf/last_out.json","out_full_file_bytes":7046,"out_full_file_reason":"ok","out_record_truncates":false}
{"app":"AI_LEARNER","stage":"mem","model":"b3_deepae","target":"aarch64-unknown-linux-gnu","completed":167,"hal_peak":1069632,"peak_within_bounded":true,"admitted_budget_bytes":1069632,"peak_within_admitted_budget":true,"admission_mode":"unconditional","hal_bytes_per_call_amortized":10773.8,"process_rss_kb":8144,"process_rss_delta_init_kb":1660,"max_active_calls":1,"active_calls_now":0,"call_counter_balanced":true}
EVS Port1 1980-012-14:29:26.69520 66/1/AI_LEARNER 4: AI_LEARNER completed=168/168 mean=15791.9us max=38354.5us hal_peak=1069632 within_bounded=1
{"app":"AI_LEARNER","stage":"run","model":"b3_deepae","target":"aarch64-unknown-linux-gnu","attempted":168,"completed":168,"fail_input":0,"fail_invoke":0,"fail_output":0,"mean_us":15791.90,"max_us":38354.54,"last_us":26258.10,"out0":-34.88327,"out_elems":640,"out_sha256":"7377a66196d10b8f9095f1ec25df57b5b033488734ef3539915fd05471edb2fc","out_head":[-34.883270,-19.245007,-10.683949,-6.043216,-3.147524,1.497201],"out_tail":[-19.598969,-18.188969,-18.763275,-20.377392,-29.048273,-42.496120],"out_full_file":"/cf/last_out.json","out_full_file_bytes":7046,"out_full_file_reason":"ok","out_record_truncates":false}
{"app":"AI_LEARNER","stage":"mem","model":"b3_deepae","target":"aarch64-unknown-linux-gnu","completed":168,"hal_peak":1069632,"peak_within_bounded":true,"admitted_budget_bytes":1069632,"peak_within_admitted_budget":true,"admission_mode":"unconditional","hal_bytes_per_call_amortized":10731.4,"process_rss_kb":8144,"process_rss_delta_init_kb":1660,"max_active_calls":1,"active_calls_now":0,"call_counter_balanced":true}
.EVS Port1 1980-012-14:29:30.67137 66/1/AI_LEARNER 4: AI_LEARNER completed=169/169 mean=15757.1us max=38354.5us hal_peak=1069632 within_bounded=1
{"app":"AI_LEARNER","stage":"run","model":"b3_deepae","target":"aarch64-unknown-linux-gnu","attempted":169,"completed":169,"fail_input":0,"fail_invoke":0,"fail_output":0,"mean_us":15757.11,"max_us":38354.54,"last_us":9912.69,"out0":-34.88327,"out_elems":640,"out_sha256":"7377a66196d10b8f9095f1ec25df57b5b033488734ef3539915fd05471edb2fc","out_head":[-34.883270,-19.245007,-10.683949,-6.043216,-3.147524,1.497201],"out_tail":[-19.598969,-18.188969,-18.763275,-20.377392,-29.048273,-42.496120],"out_full_file":"/cf/last_out.json","out_full_file_bytes":7046,"out_full_file_reason":"ok","out_record_truncates":false}
{"app":"AI_LEARNER","stage":"mem","model":"b3_deepae","target":"aarch64-unknown-linux-gnu","completed":169,"hal_peak":1069632,"peak_within_bounded":true,"admitted_budget_bytes":1069632,"peak_within_admitted_budget":true,"admission_mode":"unconditional","hal_bytes_per_call_amortized":10689.5,"process_rss_kb":8144,"process_rss_delta_init_kb":1660,"max_active_calls":1,"active_calls_now":0,"call_counter_balanced":true}
.EVS Port1 1980-012-14:29:34.67161 66/1/AI_LEARNER 4: AI_LEARNER completed=170/170 mean=15725.9us max=38354.5us hal_peak=1069632 within_bounded=1
{"app":"AI_LEARNER","stage":"run","model":"b3_deepae","target":"aarch64-unknown-linux-gnu","attempted":170,"completed":170,"fail_input":0,"fail_invoke":0,"fail_output":0,"mean_us":15725.88,"max_us":38354.54,"last_us":10448.90,"out0":-34.88327,"out_elems":640,"out_sha256":"7377a66196d10b8f9095f1ec25df57b5b033488734ef3539915fd05471edb2fc","out_head":[-34.883270,-19.245007,-10.683949,-6.043216,-3.147524,1.497201],"out_tail":[-19.598969,-18.188969,-18.763275,-20.377392,-29.048273,-42.496120],"out_full_file":"/cf/last_out.json","out_full_file_bytes":7046,"out_full_file_reason":"ok","out_record_truncates":false}
{"app":"AI_LEARNER","stage":"mem","model":"b3_deepae","target":"aarch64-unknown-linux-gnu","completed":170,"hal_peak":1069632,"peak_within_bounded":true,"admitted_budget_bytes":1069632,"peak_within_admitted_budget":true,"admission_mode":"unconditional","hal_bytes_per_call_amortized":10648.1,"process_rss_kb":8144,"process_rss_delta_init_kb":1660,"max_active_calls":1,"active_calls_now":0,"call_counter_balanced":true}
EVS Port1 1980-012-14:29:38.70068 66/1/AI_LEARNER 4: AI_LEARNER completed=171/171 mean=15708.7us max=38354.5us hal_peak=1069632 within_bounded=1
{"app":"AI_LEARNER","stage":"run","model":"b3_deepae","target":"aarch64-unknown-linux-gnu","attempted":171,"completed":171,"fail_input":0,"fail_invoke":0,"fail_output":0,"mean_us":15708.68,"max_us":38354.54,"last_us":12784.64,"out0":-34.88327,"out_elems":640,"out_sha256":"7377a66196d10b8f9095f1ec25df57b5b033488734ef3539915fd05471edb2fc","out_head":[-34.883270,-19.245007,-10.683949,-6.043216,-3.147524,1.497201],"out_tail":[-19.598969,-18.188969,-18.763275,-20.377392,-29.048273,-42.496120],"out_full_file":"/cf/last_out.json","out_full_file_bytes":7046,"out_full_file_reason":"ok","out_record_truncates":false}
{"app":"AI_LEARNER","stage":"mem","model":"b3_deepae","target":"aarch64-unknown-linux-gnu","completed":171,"hal_peak":1069632,"peak_within_bounded":true,"admitted_budget_bytes":1069632,"peak_within_admitted_budget":true,"admission_mode":"unconditional","hal_bytes_per_call_amortized":10607.2,"process_rss_kb":8144,"process_rss_delta_init_kb":1660,"max_active_calls":1,"active_calls_now":0,"call_counter_balanced":true}
.EVS Port1 1980-012-14:29:42.68101 66/1/AI_LEARNER 4: AI_LEARNER completed=172/172 mean=15698.8us max=38354.5us hal_peak=1069632 within_bounded=1
{"app":"AI_LEARNER","stage":"run","model":"b3_deepae","target":"aarch64-unknown-linux-gnu","attempted":172,"completed":172,"fail_input":0,"fail_invoke":0,"fail_output":0,"mean_us":15698.79,"max_us":38354.54,"last_us":14007.25,"out0":-34.88327,"out_elems":640,"out_sha256":"7377a66196d10b8f9095f1ec25df57b5b033488734ef3539915fd05471edb2fc","out_head":[-34.883270,-19.245007,-10.683949,-6.043216,-3.147524,1.497201],"out_tail":[-19.598969,-18.188969,-18.763275,-20.377392,-29.048273,-42.496120],"out_full_file":"/cf/last_out.json","out_full_file_bytes":7046,"out_full_file_reason":"ok","out_record_truncates":false}
{"app":"AI_LEARNER","stage":"mem","model":"b3_deepae","target":"aarch64-unknown-linux-gnu","completed":172,"hal_peak":1069632,"peak_within_bounded":true,"admitted_budget_bytes":1069632,"peak_within_admitted_budget":true,"admission_mode":"unconditional","hal_bytes_per_call_amortized":10566.7,"process_rss_kb":8144,"process_rss_delta_init_kb":1660,"max_active_calls":1,"active_calls_now":0,"call_counter_balanced":true}
.EVS Port1 1980-012-14:29:46.67897 66/1/AI_LEARNER 4: AI_LEARNER completed=173/173 mean=15674.5us max=38354.5us hal_peak=1069632 within_bounded=1
{"app":"AI_LEARNER","stage":"run","model":"b3_deepae","target":"aarch64-unknown-linux-gnu","attempted":173,"completed":173,"fail_input":0,"fail_invoke":0,"fail_output":0,"mean_us":15674.48,"max_us":38354.54,"last_us":11493.44,"out0":-34.88327,"out_elems":640,"out_sha256":"7377a66196d10b8f9095f1ec25df57b5b033488734ef3539915fd05471edb2fc","out_head":[-34.883270,-19.245007,-10.683949,-6.043216,-3.147524,1.497201],"out_tail":[-19.598969,-18.188969,-18.763275,-20.377392,-29.048273,-42.496120],"out_full_file":"/cf/last_out.json","out_full_file_bytes":7046,"out_full_file_reason":"ok","out_record_truncates":false}
{"app":"AI_LEARNER","stage":"mem","model":"b3_deepae","target":"aarch64-unknown-linux-gnu","completed":173,"hal_peak":1069632,"peak_within_bounded":true,"admitted_budget_bytes":1069632,"peak_within_admitted_budget":true,"admission_mode":"unconditional","hal_bytes_per_call_amortized":10526.7,"process_rss_kb":8144,"process_rss_delta_init_kb":1660,"max_active_calls":1,"active_calls_now":0,"call_counter_balanced":true}
EVS Port1 1980-012-14:29:50.68281 66/1/AI_LEARNER 4: AI_LEARNER completed=174/174 mean=15665.3us max=38354.5us hal_peak=1069632 within_bounded=1
{"app":"AI_LEARNER","stage":"run","model":"b3_deepae","target":"aarch64-unknown-linux-gnu","attempted":174,"completed":174,"fail_input":0,"fail_invoke":0,"fail_output":0,"mean_us":15665.27,"max_us":38354.54,"last_us":14071.50,"out0":-34.88327,"out_elems":640,"out_sha256":"7377a66196d10b8f9095f1ec25df57b5b033488734ef3539915fd05471edb2fc","out_head":[-34.883270,-19.245007,-10.683949,-6.043216,-3.147524,1.497201],"out_tail":[-19.598969,-18.188969,-18.763275,-20.377392,-29.048273,-42.496120],"out_full_file":"/cf/last_out.json","out_full_file_bytes":7046,"out_full_file_reason":"ok","out_record_truncates":false}
{"app":"AI_LEARNER","stage":"mem","model":"b3_deepae","target":"aarch64-unknown-linux-gnu","completed":174,"hal_peak":1069632,"peak_within_bounded":true,"admitted_budget_bytes":1069632,"peak_within_admitted_budget":true,"admission_mode":"unconditional","hal_bytes_per_call_amortized":10487.2,"process_rss_kb":8144,"process_rss_delta_init_kb":1660,"max_active_calls":1,"active_calls_now":0,"call_counter_balanced":true}
.EVS Port1 1980-012-14:29:54.70675 66/1/AI_LEARNER 4: AI_LEARNER completed=175/175 mean=15765.3us max=38354.5us hal_peak=1069632 within_bounded=1
{"app":"AI_LEARNER","stage":"run","model":"b3_deepae","target":"aarch64-unknown-linux-gnu","attempted":175,"completed":175,"fail_input":0,"fail_invoke":0,"fail_output":0,"mean_us":15765.32,"max_us":38354.54,"last_us":33173.81,"out0":-34.88327,"out_elems":640,"out_sha256":"7377a66196d10b8f9095f1ec25df57b5b033488734ef3539915fd05471edb2fc","out_head":[-34.883270,-19.245007,-10.683949,-6.043216,-3.147524,1.497201],"out_tail":[-19.598969,-18.188969,-18.763275,-20.377392,-29.048273,-42.496120],"out_full_file":"/cf/last_out.json","out_full_file_bytes":7046,"out_full_file_reason":"ok","out_record_truncates":false}
{"app":"AI_LEARNER","stage":"mem","model":"b3_deepae","target":"aarch64-unknown-linux-gnu","completed":175,"hal_peak":1069632,"peak_within_bounded":true,"admitted_budget_bytes":1069632,"peak_within_admitted_budget":true,"admission_mode":"unconditional","hal_bytes_per_call_amortized":10448.1,"process_rss_kb":8144,"process_rss_delta_init_kb":1660,"max_active_calls":1,"active_calls_now":0,"call_counter_balanced":true}
.EVS Port1 1980-012-14:29:58.70486 66/1/AI_LEARNER 4: AI_LEARNER completed=176/176 mean=15816.4us max=38354.5us hal_peak=1069632 within_bounded=1
{"app":"AI_LEARNER","stage":"run","model":"b3_deepae","target":"aarch64-unknown-linux-gnu","attempted":176,"completed":176,"fail_input":0,"fail_invoke":0,"fail_output":0,"mean_us":15816.43,"max_us":38354.54,"last_us":24761.25,"out0":-34.88327,"out_elems":640,"out_sha256":"7377a66196d10b8f9095f1ec25df57b5b033488734ef3539915fd05471edb2fc","out_head":[-34.883270,-19.245007,-10.683949,-6.043216,-3.147524,1.497201],"out_tail":[-19.598969,-18.188969,-18.763275,-20.377392,-29.048273,-42.496120],"out_full_file":"/cf/last_out.json","out_full_file_bytes":7046,"out_full_file_reason":"ok","out_record_truncates":false}
{"app":"AI_LEARNER","stage":"mem","model":"b3_deepae","target":"aarch64-unknown-linux-gnu","completed":176,"hal_peak":1069632,"peak_within_bounded":true,"admitted_budget_bytes":1069632,"peak_within_admitted_budget":true,"admission_mode":"unconditional","hal_bytes_per_call_amortized":10409.5,"process_rss_kb":8144,"process_rss_delta_init_kb":1660,"max_active_calls":1,"active_calls_now":0,"call_counter_balanced":true}
EVS Port1 1980-012-14:30:02.68066 66/1/AI_LEARNER 4: AI_LEARNER completed=177/177 mean=15783.4us max=38354.5us hal_peak=1069632 within_bounded=1
{"app":"AI_LEARNER","stage":"run","model":"b3_deepae","target":"aarch64-unknown-linux-gnu","attempted":177,"completed":177,"fail_input":0,"fail_invoke":0,"fail_output":0,"mean_us":15783.43,"max_us":38354.54,"last_us":9974.70,"out0":-34.88327,"out_elems":640,"out_sha256":"7377a66196d10b8f9095f1ec25df57b5b033488734ef3539915fd05471edb2fc","out_head":[-34.883270,-19.245007,-10.683949,-6.043216,-3.147524,1.497201],"out_tail":[-19.598969,-18.188969,-18.763275,-20.377392,-29.048273,-42.496120],"out_full_file":"/cf/last_out.json","out_full_file_bytes":7046,"out_full_file_reason":"ok","out_record_truncates":false}
{"app":"AI_LEARNER","stage":"mem","model":"b3_deepae","target":"aarch64-unknown-linux-gnu","completed":177,"hal_peak":1069632,"peak_within_bounded":true,"admitted_budget_bytes":1069632,"peak_within_admitted_budget":true,"admission_mode":"unconditional","hal_bytes_per_call_amortized":10371.3,"process_rss_kb":8144,"process_rss_delta_init_kb":1660,"max_active_calls":1,"active_calls_now":0,"call_counter_balanced":true}
.EVS Port1 1980-012-14:30:06.67626 66/1/AI_LEARNER 4: AI_LEARNER completed=178/178 mean=15749.9us max=38354.5us hal_peak=1069632 within_bounded=1
{"app":"AI_LEARNER","stage":"run","model":"b3_deepae","target":"aarch64-unknown-linux-gnu","attempted":178,"completed":178,"fail_input":0,"fail_invoke":0,"fail_output":0,"mean_us":15749.94,"max_us":38354.54,"last_us":9822.75,"out0":-34.88327,"out_elems":640,"out_sha256":"7377a66196d10b8f9095f1ec25df57b5b033488734ef3539915fd05471edb2fc","out_head":[-34.883270,-19.245007,-10.683949,-6.043216,-3.147524,1.497201],"out_tail":[-19.598969,-18.188969,-18.763275,-20.377392,-29.048273,-42.496120],"out_full_file":"/cf/last_out.json","out_full_file_bytes":7046,"out_full_file_reason":"ok","out_record_truncates":false}
{"app":"AI_LEARNER","stage":"mem","model":"b3_deepae","target":"aarch64-unknown-linux-gnu","completed":178,"hal_peak":1069632,"peak_within_bounded":true,"admitted_budget_bytes":1069632,"peak_within_admitted_budget":true,"admission_mode":"unconditional","hal_bytes_per_call_amortized":10333.5,"process_rss_kb":8144,"process_rss_delta_init_kb":1660,"max_active_calls":1,"active_calls_now":0,"call_counter_balanced":true}
.EVS Port1 1980-012-14:30:10.67854 66/1/AI_LEARNER 4: AI_LEARNER completed=179/179 mean=15723.4us max=38354.5us hal_peak=1069632 within_bounded=1
{"app":"AI_LEARNER","stage":"run","model":"b3_deepae","target":"aarch64-unknown-linux-gnu","attempted":179,"completed":179,"fail_input":0,"fail_invoke":0,"fail_output":0,"mean_us":15723.41,"max_us":38354.54,"last_us":11000.43,"out0":-34.88327,"out_elems":640,"out_sha256":"7377a66196d10b8f9095f1ec25df57b5b033488734ef3539915fd05471edb2fc","out_head":[-34.883270,-19.245007,-10.683949,-6.043216,-3.147524,1.497201],"out_tail":[-19.598969,-18.188969,-18.763275,-20.377392,-29.048273,-42.496120],"out_full_file":"/cf/last_out.json","out_full_file_bytes":7046,"out_full_file_reason":"ok","out_record_truncates":false}
{"app":"AI_LEARNER","stage":"mem","model":"b3_deepae","target":"aarch64-unknown-linux-gnu","completed":179,"hal_peak":1069632,"peak_within_bounded":true,"admitted_budget_bytes":1069632,"peak_within_admitted_budget":true,"admission_mode":"unconditional","hal_bytes_per_call_amortized":10296.1,"process_rss_kb":8144,"process_rss_delta_init_kb":1660,"max_active_calls":1,"active_calls_now":0,"call_counter_balanced":true}
EVS Port1 1980-012-14:30:14.68641 66/1/AI_LEARNER 4: AI_LEARNER completed=180/180 mean=15738.3us max=38354.5us hal_peak=1069632 within_bounded=1
{"app":"AI_LEARNER","stage":"run","model":"b3_deepae","target":"aarch64-unknown-linux-gnu","attempted":180,"completed":180,"fail_input":0,"fail_invoke":0,"fail_output":0,"mean_us":15738.29,"max_us":38354.54,"last_us":18403.31,"out0":-34.88327,"out_elems":640,"out_sha256":"7377a66196d10b8f9095f1ec25df57b5b033488734ef3539915fd05471edb2fc","out_head":[-34.883270,-19.245007,-10.683949,-6.043216,-3.147524,1.497201],"out_tail":[-19.598969,-18.188969,-18.763275,-20.377392,-29.048273,-42.496120],"out_full_file":"/cf/last_out.json","out_full_file_bytes":7046,"out_full_file_reason":"ok","out_record_truncates":false}
{"app":"AI_LEARNER","stage":"mem","model":"b3_deepae","target":"aarch64-unknown-linux-gnu","completed":180,"hal_peak":1069632,"peak_within_bounded":true,"admitted_budget_bytes":1069632,"peak_within_admitted_budget":true,"admission_mode":"unconditional","hal_bytes_per_call_amortized":10259.2,"process_rss_kb":8144,"process_rss_delta_init_kb":1660,"max_active_calls":1,"active_calls_now":0,"call_counter_balanced":true}
.EVS Port1 1980-012-14:30:18.68112 66/1/AI_LEARNER 4: AI_LEARNER completed=181/181 mean=15698.3us max=38354.5us hal_peak=1069632 within_bounded=1
{"app":"AI_LEARNER","stage":"run","model":"b3_deepae","target":"aarch64-unknown-linux-gnu","attempted":181,"completed":181,"fail_input":0,"fail_invoke":0,"fail_output":0,"mean_us":15698.27,"max_us":38354.54,"last_us":8494.54,"out0":-34.88327,"out_elems":640,"out_sha256":"7377a66196d10b8f9095f1ec25df57b5b033488734ef3539915fd05471edb2fc","out_head":[-34.883270,-19.245007,-10.683949,-6.043216,-3.147524,1.497201],"out_tail":[-19.598969,-18.188969,-18.763275,-20.377392,-29.048273,-42.496120],"out_full_file":"/cf/last_out.json","out_full_file_bytes":7046,"out_full_file_reason":"ok","out_record_truncates":false}
{"app":"AI_LEARNER","stage":"mem","model":"b3_deepae","target":"aarch64-unknown-linux-gnu","completed":181,"hal_peak":1069632,"peak_within_bounded":true,"admitted_budget_bytes":1069632,"peak_within_admitted_budget":true,"admission_mode":"unconditional","hal_bytes_per_call_amortized":10222.7,"process_rss_kb":8144,"process_rss_delta_init_kb":1660,"max_active_calls":1,"active_calls_now":0,"call_counter_balanced":true}
.EVS Port1 1980-012-14:30:22.70159 66/1/AI_LEARNER 4: AI_LEARNER completed=182/182 mean=15784.1us max=38354.5us hal_peak=1069632 within_bounded=1
{"app":"AI_LEARNER","stage":"run","model":"b3_deepae","target":"aarch64-unknown-linux-gnu","attempted":182,"completed":182,"fail_input":0,"fail_invoke":0,"fail_output":0,"mean_us":15784.09,"max_us":38354.54,"last_us":31316.02,"out0":-34.88327,"out_elems":640,"out_sha256":"7377a66196d10b8f9095f1ec25df57b5b033488734ef3539915fd05471edb2fc","out_head":[-34.883270,-19.245007,-10.683949,-6.043216,-3.147524,1.497201],"out_tail":[-19.598969,-18.188969,-18.763275,-20.377392,-29.048273,-42.496120],"out_full_file":"/cf/last_out.json","out_full_file_bytes":7046,"out_full_file_reason":"ok","out_record_truncates":false}
{"app":"AI_LEARNER","stage":"mem","model":"b3_deepae","target":"aarch64-unknown-linux-gnu","completed":182,"hal_peak":1069632,"peak_within_bounded":true,"admitted_budget_bytes":1069632,"peak_within_admitted_budget":true,"admission_mode":"unconditional","hal_bytes_per_call_amortized":10186.5,"process_rss_kb":8144,"process_rss_delta_init_kb":1660,"max_active_calls":1,"active_calls_now":0,"call_counter_balanced":true}
EVS Port1 1980-012-14:30:26.66929 66/1/AI_LEARNER 4: AI_LEARNER completed=183/183 mean=15763.8us max=38354.5us hal_peak=1069632 within_bounded=1
{"app":"AI_LEARNER","stage":"run","model":"b3_deepae","target":"aarch64-unknown-linux-gnu","attempted":183,"completed":183,"fail_input":0,"fail_invoke":0,"fail_output":0,"mean_us":15763.79,"max_us":38354.54,"last_us":12069.68,"out0":-34.88327,"out_elems":640,"out_sha256":"7377a66196d10b8f9095f1ec25df57b5b033488734ef3539915fd05471edb2fc","out_head":[-34.883270,-19.245007,-10.683949,-6.043216,-3.147524,1.497201],"out_tail":[-19.598969,-18.188969,-18.763275,-20.377392,-29.048273,-42.496120],"out_full_file":"/cf/last_out.json","out_full_file_bytes":7046,"out_full_file_reason":"ok","out_record_truncates":false}
{"app":"AI_LEARNER","stage":"mem","model":"b3_deepae","target":"aarch64-unknown-linux-gnu","completed":183,"hal_peak":1069632,"peak_within_bounded":true,"admitted_budget_bytes":1069632,"peak_within_admitted_budget":true,"admission_mode":"unconditional","hal_bytes_per_call_amortized":10150.8,"process_rss_kb":8144,"process_rss_delta_init_kb":1660,"max_active_calls":1,"active_calls_now":0,"call_counter_balanced":true}
.EVS Port1 1980-012-14:30:30.68373 66/1/AI_LEARNER 4: AI_LEARNER completed=184/184 mean=15719.1us max=38354.5us hal_peak=1069632 within_bounded=1
{"app":"AI_LEARNER","stage":"run","model":"b3_deepae","target":"aarch64-unknown-linux-gnu","attempted":184,"completed":184,"fail_input":0,"fail_invoke":0,"fail_output":0,"mean_us":15719.13,"max_us":38354.54,"last_us":7546.61,"out0":-34.88327,"out_elems":640,"out_sha256":"7377a66196d10b8f9095f1ec25df57b5b033488734ef3539915fd05471edb2fc","out_head":[-34.883270,-19.245007,-10.683949,-6.043216,-3.147524,1.497201],"out_tail":[-19.598969,-18.188969,-18.763275,-20.377392,-29.048273,-42.496120],"out_full_file":"/cf/last_out.json","out_full_file_bytes":7046,"out_full_file_reason":"ok","out_record_truncates":false}
{"app":"AI_LEARNER","stage":"mem","model":"b3_deepae","target":"aarch64-unknown-linux-gnu","completed":184,"hal_peak":1069632,"peak_within_bounded":true,"admitted_budget_bytes":1069632,"peak_within_admitted_budget":true,"admission_mode":"unconditional","hal_bytes_per_call_amortized":10115.5,"process_rss_kb":8144,"process_rss_delta_init_kb":1660,"max_active_calls":1,"active_calls_now":0,"call_counter_balanced":true}
.EVS Port1 1980-012-14:30:34.70213 66/1/AI_LEARNER 4: AI_LEARNER completed=185/185 mean=15777.0us max=38354.5us hal_peak=1069632 within_bounded=1
{"app":"AI_LEARNER","stage":"run","model":"b3_deepae","target":"aarch64-unknown-linux-gnu","attempted":185,"completed":185,"fail_input":0,"fail_invoke":0,"fail_output":0,"mean_us":15777.04,"max_us":38354.54,"last_us":26432.26,"out0":-34.88327,"out_elems":640,"out_sha256":"7377a66196d10b8f9095f1ec25df57b5b033488734ef3539915fd05471edb2fc","out_head":[-34.883270,-19.245007,-10.683949,-6.043216,-3.147524,1.497201],"out_tail":[-19.598969,-18.188969,-18.763275,-20.377392,-29.048273,-42.496120],"out_full_file":"/cf/last_out.json","out_full_file_bytes":7046,"out_full_file_reason":"ok","out_record_truncates":false}
{"app":"AI_LEARNER","stage":"mem","model":"b3_deepae","target":"aarch64-unknown-linux-gnu","completed":185,"hal_peak":1069632,"peak_within_bounded":true,"admitted_budget_bytes":1069632,"peak_within_admitted_budget":true,"admission_mode":"unconditional","hal_bytes_per_call_amortized":10080.5,"process_rss_kb":8144,"process_rss_delta_init_kb":1660,"max_active_calls":1,"active_calls_now":0,"call_counter_balanced":true}
EVS Port1 1980-012-14:30:38.69380 66/1/AI_LEARNER 4: AI_LEARNER completed=186/186 mean=15778.1us max=38354.5us hal_peak=1069632 within_bounded=1
{"app":"AI_LEARNER","stage":"run","model":"b3_deepae","target":"aarch64-unknown-linux-gnu","attempted":186,"completed":186,"fail_input":0,"fail_invoke":0,"fail_output":0,"mean_us":15778.14,"max_us":38354.54,"last_us":15981.98,"out0":-34.88327,"out_elems":640,"out_sha256":"7377a66196d10b8f9095f1ec25df57b5b033488734ef3539915fd05471edb2fc","out_head":[-34.883270,-19.245007,-10.683949,-6.043216,-3.147524,1.497201],"out_tail":[-19.598969,-18.188969,-18.763275,-20.377392,-29.048273,-42.496120],"out_full_file":"/cf/last_out.json","out_full_file_bytes":7046,"out_full_file_reason":"ok","out_record_truncates":false}
{"app":"AI_LEARNER","stage":"mem","model":"b3_deepae","target":"aarch64-unknown-linux-gnu","completed":186,"hal_peak":1069632,"peak_within_bounded":true,"admitted_budget_bytes":1069632,"peak_within_admitted_budget":true,"admission_mode":"unconditional","hal_bytes_per_call_amortized":10045.9,"process_rss_kb":8144,"process_rss_delta_init_kb":1660,"max_active_calls":1,"active_calls_now":0,"call_counter_balanced":true}
.EVS Port1 1980-012-14:30:42.69902 66/1/AI_LEARNER 4: AI_LEARNER completed=187/187 mean=15807.4us max=38354.5us hal_peak=1069632 within_bounded=1
{"app":"AI_LEARNER","stage":"run","model":"b3_deepae","target":"aarch64-unknown-linux-gnu","attempted":187,"completed":187,"fail_input":0,"fail_invoke":0,"fail_output":0,"mean_us":15807.45,"max_us":38354.54,"last_us":21258.91,"out0":-34.88327,"out_elems":640,"out_sha256":"7377a66196d10b8f9095f1ec25df57b5b033488734ef3539915fd05471edb2fc","out_head":[-34.883270,-19.245007,-10.683949,-6.043216,-3.147524,1.497201],"out_tail":[-19.598969,-18.188969,-18.763275,-20.377392,-29.048273,-42.496120],"out_full_file":"/cf/last_out.json","out_full_file_bytes":7046,"out_full_file_reason":"ok","out_record_truncates":false}
{"app":"AI_LEARNER","stage":"mem","model":"b3_deepae","target":"aarch64-unknown-linux-gnu","completed":187,"hal_peak":1069632,"peak_within_bounded":true,"admitted_budget_bytes":1069632,"peak_within_admitted_budget":true,"admission_mode":"unconditional","hal_bytes_per_call_amortized":10011.7,"process_rss_kb":8144,"process_rss_delta_init_kb":1660,"max_active_calls":1,"active_calls_now":0,"call_counter_balanced":true}
.EVS Port1 1980-012-14:30:46.68016 66/1/AI_LEARNER 4: AI_LEARNER completed=188/188 mean=15792.7us max=38354.5us hal_peak=1069632 within_bounded=1
{"app":"AI_LEARNER","stage":"run","model":"b3_deepae","target":"aarch64-unknown-linux-gnu","attempted":188,"completed":188,"fail_input":0,"fail_invoke":0,"fail_output":0,"mean_us":15792.65,"max_us":38354.54,"last_us":13025.62,"out0":-34.88327,"out_elems":640,"out_sha256":"7377a66196d10b8f9095f1ec25df57b5b033488734ef3539915fd05471edb2fc","out_head":[-34.883270,-19.245007,-10.683949,-6.043216,-3.147524,1.497201],"out_tail":[-19.598969,-18.188969,-18.763275,-20.377392,-29.048273,-42.496120],"out_full_file":"/cf/last_out.json","out_full_file_bytes":7046,"out_full_file_reason":"ok","out_record_truncates":false}
{"app":"AI_LEARNER","stage":"mem","model":"b3_deepae","target":"aarch64-unknown-linux-gnu","completed":188,"hal_peak":1069632,"peak_within_bounded":true,"admitted_budget_bytes":1069632,"peak_within_admitted_budget":true,"admission_mode":"unconditional","hal_bytes_per_call_amortized":9977.9,"process_rss_kb":8144,"process_rss_delta_init_kb":1660,"max_active_calls":1,"active_calls_now":0,"call_counter_balanced":true}
EVS Port1 1980-012-14:30:50.69265 66/1/AI_LEARNER 4: AI_LEARNER completed=189/189 mean=15811.4us max=38354.5us hal_peak=1069632 within_bounded=1
{"app":"AI_LEARNER","stage":"run","model":"b3_deepae","target":"aarch64-unknown-linux-gnu","attempted":189,"completed":189,"fail_input":0,"fail_invoke":0,"fail_output":0,"mean_us":15811.44,"max_us":38354.54,"last_us":19343.25,"out0":-34.88327,"out_elems":640,"out_sha256":"7377a66196d10b8f9095f1ec25df57b5b033488734ef3539915fd05471edb2fc","out_head":[-34.883270,-19.245007,-10.683949,-6.043216,-3.147524,1.497201],"out_tail":[-19.598969,-18.188969,-18.763275,-20.377392,-29.048273,-42.496120],"out_full_file":"/cf/last_out.json","out_full_file_bytes":7046,"out_full_file_reason":"ok","out_record_truncates":false}
{"app":"AI_LEARNER","stage":"mem","model":"b3_deepae","target":"aarch64-unknown-linux-gnu","completed":189,"hal_peak":1069632,"peak_within_bounded":true,"admitted_budget_bytes":1069632,"peak_within_admitted_budget":true,"admission_mode":"unconditional","hal_bytes_per_call_amortized":9944.4,"process_rss_kb":8144,"process_rss_delta_init_kb":1660,"max_active_calls":1,"active_calls_now":0,"call_counter_balanced":true}
.EVS Port1 1980-012-14:30:54.68487 66/1/AI_LEARNER 4: AI_LEARNER completed=190/190 mean=15813.7us max=38354.5us hal_peak=1069632 within_bounded=1
{"app":"AI_LEARNER","stage":"run","model":"b3_deepae","target":"aarch64-unknown-linux-gnu","attempted":190,"completed":190,"fail_input":0,"fail_invoke":0,"fail_output":0,"mean_us":15813.72,"max_us":38354.54,"last_us":16243.90,"out0":-34.88327,"out_elems":640,"out_sha256":"7377a66196d10b8f9095f1ec25df57b5b033488734ef3539915fd05471edb2fc","out_head":[-34.883270,-19.245007,-10.683949,-6.043216,-3.147524,1.497201],"out_tail":[-19.598969,-18.188969,-18.763275,-20.377392,-29.048273,-42.496120],"out_full_file":"/cf/last_out.json","out_full_file_bytes":7046,"out_full_file_reason":"ok","out_record_truncates":false}
{"app":"AI_LEARNER","stage":"mem","model":"b3_deepae","target":"aarch64-unknown-linux-gnu","completed":190,"hal_peak":1069632,"peak_within_bounded":true,"admitted_budget_bytes":1069632,"peak_within_admitted_budget":true,"admission_mode":"unconditional","hal_bytes_per_call_amortized":9911.2,"process_rss_kb":8144,"process_rss_delta_init_kb":1660,"max_active_calls":1,"active_calls_now":0,"call_counter_balanced":true}
.EVS Port1 1980-012-14:30:58.69361 66/1/AI_LEARNER 4: AI_LEARNER completed=191/191 mean=15789.3us max=38354.5us hal_peak=1069632 within_bounded=1
{"app":"AI_LEARNER","stage":"run","model":"b3_deepae","target":"aarch64-unknown-linux-gnu","attempted":191,"completed":191,"fail_input":0,"fail_invoke":0,"fail_output":0,"mean_us":15789.28,"max_us":38354.54,"last_us":11146.88,"out0":-34.88327,"out_elems":640,"out_sha256":"7377a66196d10b8f9095f1ec25df57b5b033488734ef3539915fd05471edb2fc","out_head":[-34.883270,-19.245007,-10.683949,-6.043216,-3.147524,1.497201],"out_tail":[-19.598969,-18.188969,-18.763275,-20.377392,-29.048273,-42.496120],"out_full_file":"/cf/last_out.json","out_full_file_bytes":7046,"out_full_file_reason":"ok","out_record_truncates":false}
{"app":"AI_LEARNER","stage":"mem","model":"b3_deepae","target":"aarch64-unknown-linux-gnu","completed":191,"hal_peak":1069632,"peak_within_bounded":true,"admitted_budget_bytes":1069632,"peak_within_admitted_budget":true,"admission_mode":"unconditional","hal_bytes_per_call_amortized":9878.5,"process_rss_kb":8144,"process_rss_delta_init_kb":1660,"max_active_calls":1,"active_calls_now":0,"call_counter_balanced":true}
EVS Port1 1980-012-14:31:02.68101 66/1/AI_LEARNER 4: AI_LEARNER completed=192/192 mean=15776.9us max=38354.5us hal_peak=1069632 within_bounded=1
{"app":"AI_LEARNER","stage":"run","model":"b3_deepae","target":"aarch64-unknown-linux-gnu","attempted":192,"completed":192,"fail_input":0,"fail_invoke":0,"fail_output":0,"mean_us":15776.90,"max_us":38354.54,"last_us":13412.34,"out0":-34.88327,"out_elems":640,"out_sha256":"7377a66196d10b8f9095f1ec25df57b5b033488734ef3539915fd05471edb2fc","out_head":[-34.883270,-19.245007,-10.683949,-6.043216,-3.147524,1.497201],"out_tail":[-19.598969,-18.188969,-18.763275,-20.377392,-29.048273,-42.496120],"out_full_file":"/cf/last_out.json","out_full_file_bytes":7046,"out_full_file_reason":"ok","out_record_truncates":false}
{"app":"AI_LEARNER","stage":"mem","model":"b3_deepae","target":"aarch64-unknown-linux-gnu","completed":192,"hal_peak":1069632,"peak_within_bounded":true,"admitted_budget_bytes":1069632,"peak_within_admitted_budget":true,"admission_mode":"unconditional","hal_bytes_per_call_amortized":9846.0,"process_rss_kb":8144,"process_rss_delta_init_kb":1660,"max_active_calls":1,"active_calls_now":0,"call_counter_balanced":true}
.EVS Port1 1980-012-14:31:06.69601 66/1/AI_LEARNER 4: AI_LEARNER completed=193/193 mean=15742.7us max=38354.5us hal_peak=1069632 within_bounded=1
{"app":"AI_LEARNER","stage":"run","model":"b3_deepae","target":"aarch64-unknown-linux-gnu","attempted":193,"completed":193,"fail_input":0,"fail_invoke":0,"fail_output":0,"mean_us":15742.68,"max_us":38354.54,"last_us":9173.01,"out0":-34.88327,"out_elems":640,"out_sha256":"7377a66196d10b8f9095f1ec25df57b5b033488734ef3539915fd05471edb2fc","out_head":[-34.883270,-19.245007,-10.683949,-6.043216,-3.147524,1.497201],"out_tail":[-19.598969,-18.188969,-18.763275,-20.377392,-29.048273,-42.496120],"out_full_file":"/cf/last_out.json","out_full_file_bytes":7046,"out_full_file_reason":"ok","out_record_truncates":false}
{"app":"AI_LEARNER","stage":"mem","model":"b3_deepae","target":"aarch64-unknown-linux-gnu","completed":193,"hal_peak":1069632,"peak_within_bounded":true,"admitted_budget_bytes":1069632,"peak_within_admitted_budget":true,"admission_mode":"unconditional","hal_bytes_per_call_amortized":9813.9,"process_rss_kb":8144,"process_rss_delta_init_kb":1660,"max_active_calls":1,"active_calls_now":0,"call_counter_balanced":true}
.EVS Port1 1980-012-14:31:10.67620 66/1/AI_LEARNER 4: AI_LEARNER completed=194/194 mean=15722.0us max=38354.5us hal_peak=1069632 within_bounded=1
{"app":"AI_LEARNER","stage":"run","model":"b3_deepae","target":"aarch64-unknown-linux-gnu","attempted":194,"completed":194,"fail_input":0,"fail_invoke":0,"fail_output":0,"mean_us":15721.96,"max_us":38354.54,"last_us":11722.35,"out0":-34.88327,"out_elems":640,"out_sha256":"7377a66196d10b8f9095f1ec25df57b5b033488734ef3539915fd05471edb2fc","out_head":[-34.883270,-19.245007,-10.683949,-6.043216,-3.147524,1.497201],"out_tail":[-19.598969,-18.188969,-18.763275,-20.377392,-29.048273,-42.496120],"out_full_file":"/cf/last_out.json","out_full_file_bytes":7046,"out_full_file_reason":"ok","out_record_truncates":false}
{"app":"AI_LEARNER","stage":"mem","model":"b3_deepae","target":"aarch64-unknown-linux-gnu","completed":194,"hal_peak":1069632,"peak_within_bounded":true,"admitted_budget_bytes":1069632,"peak_within_admitted_budget":true,"admission_mode":"unconditional","hal_bytes_per_call_amortized":9782.1,"process_rss_kb":8144,"process_rss_delta_init_kb":1660,"max_active_calls":1,"active_calls_now":0,"call_counter_balanced":true}
EVS Port1 1980-012-14:31:14.68038 66/1/AI_LEARNER 4: AI_LEARNER completed=195/195 mean=15692.5us max=38354.5us hal_peak=1069632 within_bounded=1
{"app":"AI_LEARNER","stage":"run","model":"b3_deepae","target":"aarch64-unknown-linux-gnu","attempted":195,"completed":195,"fail_input":0,"fail_invoke":0,"fail_output":0,"mean_us":15692.47,"max_us":38354.54,"last_us":9970.78,"out0":-34.88327,"out_elems":640,"out_sha256":"7377a66196d10b8f9095f1ec25df57b5b033488734ef3539915fd05471edb2fc","out_head":[-34.883270,-19.245007,-10.683949,-6.043216,-3.147524,1.497201],"out_tail":[-19.598969,-18.188969,-18.763275,-20.377392,-29.048273,-42.496120],"out_full_file":"/cf/last_out.json","out_full_file_bytes":7046,"out_full_file_reason":"ok","out_record_truncates":false}
{"app":"AI_LEARNER","stage":"mem","model":"b3_deepae","target":"aarch64-unknown-linux-gnu","completed":195,"hal_peak":1069632,"peak_within_bounded":true,"admitted_budget_bytes":1069632,"peak_within_admitted_budget":true,"admission_mode":"unconditional","hal_bytes_per_call_amortized":9750.6,"process_rss_kb":8144,"process_rss_delta_init_kb":1660,"max_active_calls":1,"active_calls_now":0,"call_counter_balanced":true}
.EVS Port1 1980-012-14:31:18.68304 66/1/AI_LEARNER 4: AI_LEARNER completed=196/196 mean=15692.5us max=38354.5us hal_peak=1069632 within_bounded=1
{"app":"AI_LEARNER","stage":"run","model":"b3_deepae","target":"aarch64-unknown-linux-gnu","attempted":196,"completed":196,"fail_input":0,"fail_invoke":0,"fail_output":0,"mean_us":15692.48,"max_us":38354.54,"last_us":15695.78,"out0":-34.88327,"out_elems":640,"out_sha256":"7377a66196d10b8f9095f1ec25df57b5b033488734ef3539915fd05471edb2fc","out_head":[-34.883270,-19.245007,-10.683949,-6.043216,-3.147524,1.497201],"out_tail":[-19.598969,-18.188969,-18.763275,-20.377392,-29.048273,-42.496120],"out_full_file":"/cf/last_out.json","out_full_file_bytes":7046,"out_full_file_reason":"ok","out_record_truncates":false}
{"app":"AI_LEARNER","stage":"mem","model":"b3_deepae","target":"aarch64-unknown-linux-gnu","completed":196,"hal_peak":1069632,"peak_within_bounded":true,"admitted_budget_bytes":1069632,"peak_within_admitted_budget":true,"admission_mode":"unconditional","hal_bytes_per_call_amortized":9719.5,"process_rss_kb":8144,"process_rss_delta_init_kb":1660,"max_active_calls":1,"active_calls_now":0,"call_counter_balanced":true}
.EVS Port1 1980-012-14:31:22.67813 66/1/AI_LEARNER 4: AI_LEARNER completed=197/197 mean=15679.3us max=38354.5us hal_peak=1069632 within_bounded=1
{"app":"AI_LEARNER","stage":"run","model":"b3_deepae","target":"aarch64-unknown-linux-gnu","attempted":197,"completed":197,"fail_input":0,"fail_invoke":0,"fail_output":0,"mean_us":15679.26,"max_us":38354.54,"last_us":13086.77,"out0":-34.88327,"out_elems":640,"out_sha256":"7377a66196d10b8f9095f1ec25df57b5b033488734ef3539915fd05471edb2fc","out_head":[-34.883270,-19.245007,-10.683949,-6.043216,-3.147524,1.497201],"out_tail":[-19.598969,-18.188969,-18.763275,-20.377392,-29.048273,-42.496120],"out_full_file":"/cf/last_out.json","out_full_file_bytes":7046,"out_full_file_reason":"ok","out_record_truncates":false}
{"app":"AI_LEARNER","stage":"mem","model":"b3_deepae","target":"aarch64-unknown-linux-gnu","completed":197,"hal_peak":1069632,"peak_within_bounded":true,"admitted_budget_bytes":1069632,"peak_within_admitted_budget":true,"admission_mode":"unconditional","hal_bytes_per_call_amortized":9688.7,"process_rss_kb":8144,"process_rss_delta_init_kb":1660,"max_active_calls":1,"active_calls_now":0,"call_counter_balanced":true}
EVS Port1 1980-012-14:31:26.69091 66/1/AI_LEARNER 4: AI_LEARNER completed=198/198 mean=15706.4us max=38354.5us hal_peak=1069632 within_bounded=1
{"app":"AI_LEARNER","stage":"run","model":"b3_deepae","target":"aarch64-unknown-linux-gnu","attempted":198,"completed":198,"fail_input":0,"fail_invoke":0,"fail_output":0,"mean_us":15706.40,"max_us":38354.54,"last_us":21053.74,"out0":-34.88327,"out_elems":640,"out_sha256":"7377a66196d10b8f9095f1ec25df57b5b033488734ef3539915fd05471edb2fc","out_head":[-34.883270,-19.245007,-10.683949,-6.043216,-3.147524,1.497201],"out_tail":[-19.598969,-18.188969,-18.763275,-20.377392,-29.048273,-42.496120],"out_full_file":"/cf/last_out.json","out_full_file_bytes":7046,"out_full_file_reason":"ok","out_record_truncates":false}
{"app":"AI_LEARNER","stage":"mem","model":"b3_deepae","target":"aarch64-unknown-linux-gnu","completed":198,"hal_peak":1069632,"peak_within_bounded":true,"admitted_budget_bytes":1069632,"peak_within_admitted_budget":true,"admission_mode":"unconditional","hal_bytes_per_call_amortized":9658.2,"process_rss_kb":8144,"process_rss_delta_init_kb":1660,"max_active_calls":1,"active_calls_now":0,"call_counter_balanced":true}
.EVS Port1 1980-012-14:31:30.67193 66/1/AI_LEARNER 4: AI_LEARNER completed=199/199 mean=15693.0us max=38354.5us hal_peak=1069632 within_bounded=1
{"app":"AI_LEARNER","stage":"run","model":"b3_deepae","target":"aarch64-unknown-linux-gnu","attempted":199,"completed":199,"fail_input":0,"fail_invoke":0,"fail_output":0,"mean_us":15692.98,"max_us":38354.54,"last_us":13035.09,"out0":-34.88327,"out_elems":640,"out_sha256":"7377a66196d10b8f9095f1ec25df57b5b033488734ef3539915fd05471edb2fc","out_head":[-34.883270,-19.245007,-10.683949,-6.043216,-3.147524,1.497201],"out_tail":[-19.598969,-18.188969,-18.763275,-20.377392,-29.048273,-42.496120],"out_full_file":"/cf/last_out.json","out_full_file_bytes":7046,"out_full_file_reason":"ok","out_record_truncates":false}
{"app":"AI_LEARNER","stage":"mem","model":"b3_deepae","target":"aarch64-unknown-linux-gnu","completed":199,"hal_peak":1069632,"peak_within_bounded":true,"admitted_budget_bytes":1069632,"peak_within_admitted_budget":true,"admission_mode":"unconditional","hal_bytes_per_call_amortized":9628.0,"process_rss_kb":8144,"process_rss_delta_init_kb":1660,"max_active_calls":1,"active_calls_now":0,"call_counter_balanced":true}
.EVS Port1 1980-012-14:31:34.68771 66/1/AI_LEARNER 4: AI_LEARNER completed=200/200 mean=15687.7us max=38354.5us hal_peak=1069632 within_bounded=1
{"app":"AI_LEARNER","stage":"run","model":"b3_deepae","target":"aarch64-unknown-linux-gnu","attempted":200,"completed":200,"fail_input":0,"fail_invoke":0,"fail_output":0,"mean_us":15687.66,"max_us":38354.54,"last_us":14630.13,"out0":-34.88327,"out_elems":640,"out_sha256":"7377a66196d10b8f9095f1ec25df57b5b033488734ef3539915fd05471edb2fc","out_head":[-34.883270,-19.245007,-10.683949,-6.043216,-3.147524,1.497201],"out_tail":[-19.598969,-18.188969,-18.763275,-20.377392,-29.048273,-42.496120],"out_full_file":"/cf/last_out.json","out_full_file_bytes":7046,"out_full_file_reason":"ok","out_record_truncates":false}
{"app":"AI_LEARNER","stage":"mem","model":"b3_deepae","target":"aarch64-unknown-linux-gnu","completed":200,"hal_peak":1069632,"peak_within_bounded":true,"admitted_budget_bytes":1069632,"peak_within_admitted_budget":true,"admission_mode":"unconditional","hal_bytes_per_call_amortized":9598.1,"process_rss_kb":8144,"process_rss_delta_init_kb":1660,"max_active_calls":1,"active_calls_now":0,"call_counter_balanced":true}
EVS Port1 1980-012-14:31:38.71562 66/1/AI_LEARNER 4: AI_LEARNER completed=201/201 mean=15720.6us max=38354.5us hal_peak=1069632 within_bounded=1
{"app":"AI_LEARNER","stage":"run","model":"b3_deepae","target":"aarch64-unknown-linux-gnu","attempted":201,"completed":201,"fail_input":0,"fail_invoke":0,"fail_output":0,"mean_us":15720.64,"max_us":38354.54,"last_us":22316.19,"out0":-34.88327,"out_elems":640,"out_sha256":"7377a66196d10b8f9095f1ec25df57b5b033488734ef3539915fd05471edb2fc","out_head":[-34.883270,-19.245007,-10.683949,-6.043216,-3.147524,1.497201],"out_tail":[-19.598969,-18.188969,-18.763275,-20.377392,-29.048273,-42.496120],"out_full_file":"/cf/last_out.json","out_full_file_bytes":7046,"out_full_file_reason":"ok","out_record_truncates":false}
{"app":"AI_LEARNER","stage":"mem","model":"b3_deepae","target":"aarch64-unknown-linux-gnu","completed":201,"hal_peak":1069632,"peak_within_bounded":true,"admitted_budget_bytes":1069632,"peak_within_admitted_budget":true,"admission_mode":"unconditional","hal_bytes_per_call_amortized":9568.5,"process_rss_kb":8144,"process_rss_delta_init_kb":1660,"max_active_calls":1,"active_calls_now":0,"call_counter_balanced":true}
.EVS Port1 1980-012-14:31:42.67791 66/1/AI_LEARNER 4: AI_LEARNER completed=202/202 mean=15691.3us max=38354.5us hal_peak=1069632 within_bounded=1
{"app":"AI_LEARNER","stage":"run","model":"b3_deepae","target":"aarch64-unknown-linux-gnu","attempted":202,"completed":202,"fail_input":0,"fail_invoke":0,"fail_output":0,"mean_us":15691.26,"max_us":38354.54,"last_us":9785.70,"out0":-34.88327,"out_elems":640,"out_sha256":"7377a66196d10b8f9095f1ec25df57b5b033488734ef3539915fd05471edb2fc","out_head":[-34.883270,-19.245007,-10.683949,-6.043216,-3.147524,1.497201],"out_tail":[-19.598969,-18.188969,-18.763275,-20.377392,-29.048273,-42.496120],"out_full_file":"/cf/last_out.json","out_full_file_bytes":7046,"out_full_file_reason":"ok","out_record_truncates":false}
{"app":"AI_LEARNER","stage":"mem","model":"b3_deepae","target":"aarch64-unknown-linux-gnu","completed":202,"hal_peak":1069632,"peak_within_bounded":true,"admitted_budget_bytes":1069632,"peak_within_admitted_budget":true,"admission_mode":"unconditional","hal_bytes_per_call_amortized":9539.2,"process_rss_kb":8144,"process_rss_delta_init_kb":1660,"max_active_calls":1,"active_calls_now":0,"call_counter_balanced":true}
.EVS Port1 1980-012-14:31:46.69517 66/1/AI_LEARNER 4: AI_LEARNER completed=203/203 mean=15698.9us max=38354.5us hal_peak=1069632 within_bounded=1
{"app":"AI_LEARNER","stage":"run","model":"b3_deepae","target":"aarch64-unknown-linux-gnu","attempted":203,"completed":203,"fail_input":0,"fail_invoke":0,"fail_output":0,"mean_us":15698.87,"max_us":38354.54,"last_us":17236.56,"out0":-34.88327,"out_elems":640,"out_sha256":"7377a66196d10b8f9095f1ec25df57b5b033488734ef3539915fd05471edb2fc","out_head":[-34.883270,-19.245007,-10.683949,-6.043216,-3.147524,1.497201],"out_tail":[-19.598969,-18.188969,-18.763275,-20.377392,-29.048273,-42.496120],"out_full_file":"/cf/last_out.json","out_full_file_bytes":7046,"out_full_file_reason":"ok","out_record_truncates":false}
{"app":"AI_LEARNER","stage":"mem","model":"b3_deepae","target":"aarch64-unknown-linux-gnu","completed":203,"hal_peak":1069632,"peak_within_bounded":true,"admitted_budget_bytes":1069632,"peak_within_admitted_budget":true,"admission_mode":"unconditional","hal_bytes_per_call_amortized":9510.1,"process_rss_kb":8144,"process_rss_delta_init_kb":1660,"max_active_calls":1,"active_calls_now":0,"call_counter_balanced":true}
EVS Port1 1980-012-14:31:48.00753 66/1/CFE_TIME 21: Stop FLYWHEEL
EVS Port1 1980-012-14:31:48.99645 66/1/CFE_TIME 20: Start FLYWHEEL
EVS Port1 1980-012-14:31:50.69154 66/1/AI_LEARNER 4: AI_LEARNER completed=204/204 mean=15705.7us max=38354.5us hal_peak=1069632 within_bounded=1
{"app":"AI_LEARNER","stage":"run","model":"b3_deepae","target":"aarch64-unknown-linux-gnu","attempted":204,"completed":204,"fail_input":0,"fail_invoke":0,"fail_output":0,"mean_us":15705.67,"max_us":38354.54,"last_us":17084.75,"out0":-34.88327,"out_elems":640,"out_sha256":"7377a66196d10b8f9095f1ec25df57b5b033488734ef3539915fd05471edb2fc","out_head":[-34.883270,-19.245007,-10.683949,-6.043216,-3.147524,1.497201],"out_tail":[-19.598969,-18.188969,-18.763275,-20.377392,-29.048273,-42.496120],"out_full_file":"/cf/last_out.json","out_full_file_bytes":7046,"out_full_file_reason":"ok","out_record_truncates":false}
{"app":"AI_LEARNER","stage":"mem","model":"b3_deepae","target":"aarch64-unknown-linux-gnu","completed":204,"hal_peak":1069632,"peak_within_bounded":true,"admitted_budget_bytes":1069632,"peak_within_admitted_budget":true,"admission_mode":"unconditional","hal_bytes_per_call_amortized":9481.4,"process_rss_kb":8144,"process_rss_delta_init_kb":1660,"max_active_calls":1,"active_calls_now":0,"call_counter_balanced":true}
.EVS Port1 1980-012-14:31:54.71083 66/1/AI_LEARNER 4: AI_LEARNER completed=205/205 mean=15706.6us max=38354.5us hal_peak=1069632 within_bounded=1
{"app":"AI_LEARNER","stage":"run","model":"b3_deepae","target":"aarch64-unknown-linux-gnu","attempted":205,"completed":205,"fail_input":0,"fail_invoke":0,"fail_output":0,"mean_us":15706.63,"max_us":38354.54,"last_us":15903.17,"out0":-34.88327,"out_elems":640,"out_sha256":"7377a66196d10b8f9095f1ec25df57b5b033488734ef3539915fd05471edb2fc","out_head":[-34.883270,-19.245007,-10.683949,-6.043216,-3.147524,1.497201],"out_tail":[-19.598969,-18.188969,-18.763275,-20.377392,-29.048273,-42.496120],"out_full_file":"/cf/last_out.json","out_full_file_bytes":7046,"out_full_file_reason":"ok","out_record_truncates":false}
{"app":"AI_LEARNER","stage":"mem","model":"b3_deepae","target":"aarch64-unknown-linux-gnu","completed":205,"hal_peak":1069632,"peak_within_bounded":true,"admitted_budget_bytes":1069632,"peak_within_admitted_budget":true,"admission_mode":"unconditional","hal_bytes_per_call_amortized":9453.0,"process_rss_kb":8144,"process_rss_delta_init_kb":1660,"max_active_calls":1,"active_calls_now":0,"call_counter_balanced":true}
.EVS Port1 1980-012-14:31:58.67669 66/1/AI_LEARNER 4: AI_LEARNER completed=206/206 mean=15667.8us max=38354.5us hal_peak=1069632 within_bounded=1
{"app":"AI_LEARNER","stage":"run","model":"b3_deepae","target":"aarch64-unknown-linux-gnu","attempted":206,"completed":206,"fail_input":0,"fail_invoke":0,"fail_output":0,"mean_us":15667.83,"max_us":38354.54,"last_us":7712.98,"out0":-34.88327,"out_elems":640,"out_sha256":"7377a66196d10b8f9095f1ec25df57b5b033488734ef3539915fd05471edb2fc","out_head":[-34.883270,-19.245007,-10.683949,-6.043216,-3.147524,1.497201],"out_tail":[-19.598969,-18.188969,-18.763275,-20.377392,-29.048273,-42.496120],"out_full_file":"/cf/last_out.json","out_full_file_bytes":7046,"out_full_file_reason":"ok","out_record_truncates":false}
{"app":"AI_LEARNER","stage":"mem","model":"b3_deepae","target":"aarch64-unknown-linux-gnu","completed":206,"hal_peak":1069632,"peak_within_bounded":true,"admitted_budget_bytes":1069632,"peak_within_admitted_budget":true,"admission_mode":"unconditional","hal_bytes_per_call_amortized":9424.8,"process_rss_kb":8144,"process_rss_delta_init_kb":1660,"max_active_calls":1,"active_calls_now":0,"call_counter_balanced":true}
EVS Port1 1980-012-14:32:02.70352 66/1/AI_LEARNER 4: AI_LEARNER completed=207/207 mean=15684.1us max=38354.5us hal_peak=1069632 within_bounded=1
{"app":"AI_LEARNER","stage":"run","model":"b3_deepae","target":"aarch64-unknown-linux-gnu","attempted":207,"completed":207,"fail_input":0,"fail_invoke":0,"fail_output":0,"mean_us":15684.13,"max_us":38354.54,"last_us":19042.00,"out0":-34.88327,"out_elems":640,"out_sha256":"7377a66196d10b8f9095f1ec25df57b5b033488734ef3539915fd05471edb2fc","out_head":[-34.883270,-19.245007,-10.683949,-6.043216,-3.147524,1.497201],"out_tail":[-19.598969,-18.188969,-18.763275,-20.377392,-29.048273,-42.496120],"out_full_file":"/cf/last_out.json","out_full_file_bytes":7046,"out_full_file_reason":"ok","out_record_truncates":false}
{"app":"AI_LEARNER","stage":"mem","model":"b3_deepae","target":"aarch64-unknown-linux-gnu","completed":207,"hal_peak":1069632,"peak_within_bounded":true,"admitted_budget_bytes":1069632,"peak_within_admitted_budget":true,"admission_mode":"unconditional","hal_bytes_per_call_amortized":9396.9,"process_rss_kb":8144,"process_rss_delta_init_kb":1660,"max_active_calls":1,"active_calls_now":0,"call_counter_balanced":true}
.EVS Port1 1980-012-14:32:06.69084 66/1/AI_LEARNER 4: AI_LEARNER completed=208/208 mean=15687.5us max=38354.5us hal_peak=1069632 within_bounded=1
{"app":"AI_LEARNER","stage":"run","model":"b3_deepae","target":"aarch64-unknown-linux-gnu","attempted":208,"completed":208,"fail_input":0,"fail_invoke":0,"fail_output":0,"mean_us":15687.53,"max_us":38354.54,"last_us":16391.65,"out0":-34.88327,"out_elems":640,"out_sha256":"7377a66196d10b8f9095f1ec25df57b5b033488734ef3539915fd05471edb2fc","out_head":[-34.883270,-19.245007,-10.683949,-6.043216,-3.147524,1.497201],"out_tail":[-19.598969,-18.188969,-18.763275,-20.377392,-29.048273,-42.496120],"out_full_file":"/cf/last_out.json","out_full_file_bytes":7046,"out_full_file_reason":"ok","out_record_truncates":false}
{"app":"AI_LEARNER","stage":"mem","model":"b3_deepae","target":"aarch64-unknown-linux-gnu","completed":208,"hal_peak":1069632,"peak_within_bounded":true,"admitted_budget_bytes":1069632,"peak_within_admitted_budget":true,"admission_mode":"unconditional","hal_bytes_per_call_amortized":9369.2,"process_rss_kb":8144,"process_rss_delta_init_kb":1660,"max_active_calls":1,"active_calls_now":0,"call_counter_balanced":true}
.EVS Port1 1980-012-14:32:10.68350 66/1/AI_LEARNER 4: AI_LEARNER completed=209/209 mean=15687.3us max=38354.5us hal_peak=1069632 within_bounded=1
{"app":"AI_LEARNER","stage":"run","model":"b3_deepae","target":"aarch64-unknown-linux-gnu","attempted":209,"completed":209,"fail_input":0,"fail_invoke":0,"fail_output":0,"mean_us":15687.33,"max_us":38354.54,"last_us":15646.72,"out0":-34.88327,"out_elems":640,"out_sha256":"7377a66196d10b8f9095f1ec25df57b5b033488734ef3539915fd05471edb2fc","out_head":[-34.883270,-19.245007,-10.683949,-6.043216,-3.147524,1.497201],"out_tail":[-19.598969,-18.188969,-18.763275,-20.377392,-29.048273,-42.496120],"out_full_file":"/cf/last_out.json","out_full_file_bytes":7046,"out_full_file_reason":"ok","out_record_truncates":false}
{"app":"AI_LEARNER","stage":"mem","model":"b3_deepae","target":"aarch64-unknown-linux-gnu","completed":209,"hal_peak":1069632,"peak_within_bounded":true,"admitted_budget_bytes":1069632,"peak_within_admitted_budget":true,"admission_mode":"unconditional","hal_bytes_per_call_amortized":9341.9,"process_rss_kb":8144,"process_rss_delta_init_kb":1660,"max_active_calls":1,"active_calls_now":0,"call_counter_balanced":true}
EVS Port1 1980-012-14:32:14.69132 66/1/AI_LEARNER 4: AI_LEARNER completed=210/210 mean=15726.0us max=38354.5us hal_peak=1069632 within_bounded=1
{"app":"AI_LEARNER","stage":"run","model":"b3_deepae","target":"aarch64-unknown-linux-gnu","attempted":210,"completed":210,"fail_input":0,"fail_invoke":0,"fail_output":0,"mean_us":15726.00,"max_us":38354.54,"last_us":23808.46,"out0":-34.88327,"out_elems":640,"out_sha256":"7377a66196d10b8f9095f1ec25df57b5b033488734ef3539915fd05471edb2fc","out_head":[-34.883270,-19.245007,-10.683949,-6.043216,-3.147524,1.497201],"out_tail":[-19.598969,-18.188969,-18.763275,-20.377392,-29.048273,-42.496120],"out_full_file":"/cf/last_out.json","out_full_file_bytes":7046,"out_full_file_reason":"ok","out_record_truncates":false}
{"app":"AI_LEARNER","stage":"mem","model":"b3_deepae","target":"aarch64-unknown-linux-gnu","completed":210,"hal_peak":1069632,"peak_within_bounded":true,"admitted_budget_bytes":1069632,"peak_within_admitted_budget":true,"admission_mode":"unconditional","hal_bytes_per_call_amortized":9314.7,"process_rss_kb":8144,"process_rss_delta_init_kb":1660,"max_active_calls":1,"active_calls_now":0,"call_counter_balanced":true}
.EVS Port1 1980-012-14:32:18.68055 66/1/AI_LEARNER 4: AI_LEARNER completed=211/211 mean=15684.5us max=38354.5us hal_peak=1069632 within_bounded=1
{"app":"AI_LEARNER","stage":"run","model":"b3_deepae","target":"aarch64-unknown-linux-gnu","attempted":211,"completed":211,"fail_input":0,"fail_invoke":0,"fail_output":0,"mean_us":15684.53,"max_us":38354.54,"last_us":6974.91,"out0":-34.88327,"out_elems":640,"out_sha256":"7377a66196d10b8f9095f1ec25df57b5b033488734ef3539915fd05471edb2fc","out_head":[-34.883270,-19.245007,-10.683949,-6.043216,-3.147524,1.497201],"out_tail":[-19.598969,-18.188969,-18.763275,-20.377392,-29.048273,-42.496120],"out_full_file":"/cf/last_out.json","out_full_file_bytes":7046,"out_full_file_reason":"ok","out_record_truncates":false}
{"app":"AI_LEARNER","stage":"mem","model":"b3_deepae","target":"aarch64-unknown-linux-gnu","completed":211,"hal_peak":1069632,"peak_within_bounded":true,"admitted_budget_bytes":1069632,"peak_within_admitted_budget":true,"admission_mode":"unconditional","hal_bytes_per_call_amortized":9287.9,"process_rss_kb":8144,"process_rss_delta_init_kb":1660,"max_active_calls":1,"active_calls_now":0,"call_counter_balanced":true}
.EVS Port1 1980-012-14:32:22.68406 66/1/AI_LEARNER 4: AI_LEARNER completed=212/212 mean=15667.5us max=38354.5us hal_peak=1069632 within_bounded=1
{"app":"AI_LEARNER","stage":"run","model":"b3_deepae","target":"aarch64-unknown-linux-gnu","attempted":212,"completed":212,"fail_input":0,"fail_invoke":0,"fail_output":0,"mean_us":15667.55,"max_us":38354.54,"last_us":12083.78,"out0":-34.88327,"out_elems":640,"out_sha256":"7377a66196d10b8f9095f1ec25df57b5b033488734ef3539915fd05471edb2fc","out_head":[-34.883270,-19.245007,-10.683949,-6.043216,-3.147524,1.497201],"out_tail":[-19.598969,-18.188969,-18.763275,-20.377392,-29.048273,-42.496120],"out_full_file":"/cf/last_out.json","out_full_file_bytes":7046,"out_full_file_reason":"ok","out_record_truncates":false}
{"app":"AI_LEARNER","stage":"mem","model":"b3_deepae","target":"aarch64-unknown-linux-gnu","completed":212,"hal_peak":1069632,"peak_within_bounded":true,"admitted_budget_bytes":1069632,"peak_within_admitted_budget":true,"admission_mode":"unconditional","hal_bytes_per_call_amortized":9261.3,"process_rss_kb":8144,"process_rss_delta_init_kb":1660,"max_active_calls":1,"active_calls_now":0,"call_counter_balanced":true}
EVS Port1 1980-012-14:32:26.67434 66/1/AI_LEARNER 4: AI_LEARNER completed=213/213 mean=15654.0us max=38354.5us hal_peak=1069632 within_bounded=1
{"app":"AI_LEARNER","stage":"run","model":"b3_deepae","target":"aarch64-unknown-linux-gnu","attempted":213,"completed":213,"fail_input":0,"fail_invoke":0,"fail_output":0,"mean_us":15653.97,"max_us":38354.54,"last_us":12775.58,"out0":-34.88327,"out_elems":640,"out_sha256":"7377a66196d10b8f9095f1ec25df57b5b033488734ef3539915fd05471edb2fc","out_head":[-34.883270,-19.245007,-10.683949,-6.043216,-3.147524,1.497201],"out_tail":[-19.598969,-18.188969,-18.763275,-20.377392,-29.048273,-42.496120],"out_full_file":"/cf/last_out.json","out_full_file_bytes":7046,"out_full_file_reason":"ok","out_record_truncates":false}
{"app":"AI_LEARNER","stage":"mem","model":"b3_deepae","target":"aarch64-unknown-linux-gnu","completed":213,"hal_peak":1069632,"peak_within_bounded":true,"admitted_budget_bytes":1069632,"peak_within_admitted_budget":true,"admission_mode":"unconditional","hal_bytes_per_call_amortized":9234.9,"process_rss_kb":8144,"process_rss_delta_init_kb":1660,"max_active_calls":1,"active_calls_now":0,"call_counter_balanced":true}
.EVS Port1 1980-012-14:32:30.68403 66/1/AI_LEARNER 4: AI_LEARNER completed=214/214 mean=15633.4us max=38354.5us hal_peak=1069632 within_bounded=1
{"app":"AI_LEARNER","stage":"run","model":"b3_deepae","target":"aarch64-unknown-linux-gnu","attempted":214,"completed":214,"fail_input":0,"fail_invoke":0,"fail_output":0,"mean_us":15633.41,"max_us":38354.54,"last_us":11253.60,"out0":-34.88327,"out_elems":640,"out_sha256":"7377a66196d10b8f9095f1ec25df57b5b033488734ef3539915fd05471edb2fc","out_head":[-34.883270,-19.245007,-10.683949,-6.043216,-3.147524,1.497201],"out_tail":[-19.598969,-18.188969,-18.763275,-20.377392,-29.048273,-42.496120],"out_full_file":"/cf/last_out.json","out_full_file_bytes":7046,"out_full_file_reason":"ok","out_record_truncates":false}
{"app":"AI_LEARNER","stage":"mem","model":"b3_deepae","target":"aarch64-unknown-linux-gnu","completed":214,"hal_peak":1069632,"peak_within_bounded":true,"admitted_budget_bytes":1069632,"peak_within_admitted_budget":true,"admission_mode":"unconditional","hal_bytes_per_call_amortized":9208.8,"process_rss_kb":8144,"process_rss_delta_init_kb":1660,"max_active_calls":1,"active_calls_now":0,"call_counter_balanced":true}
.EVS Port1 1980-012-14:32:34.67800 66/1/AI_LEARNER 4: AI_LEARNER completed=215/215 mean=15621.5us max=38354.5us hal_peak=1069632 within_bounded=1
{"app":"AI_LEARNER","stage":"run","model":"b3_deepae","target":"aarch64-unknown-linux-gnu","attempted":215,"completed":215,"fail_input":0,"fail_invoke":0,"fail_output":0,"mean_us":15621.48,"max_us":38354.54,"last_us":13068.70,"out0":-34.88327,"out_elems":640,"out_sha256":"7377a66196d10b8f9095f1ec25df57b5b033488734ef3539915fd05471edb2fc","out_head":[-34.883270,-19.245007,-10.683949,-6.043216,-3.147524,1.497201],"out_tail":[-19.598969,-18.188969,-18.763275,-20.377392,-29.048273,-42.496120],"out_full_file":"/cf/last_out.json","out_full_file_bytes":7046,"out_full_file_reason":"ok","out_record_truncates":false}
{"app":"AI_LEARNER","stage":"mem","model":"b3_deepae","target":"aarch64-unknown-linux-gnu","completed":215,"hal_peak":1069632,"peak_within_bounded":true,"admitted_budget_bytes":1069632,"peak_within_admitted_budget":true,"admission_mode":"unconditional","hal_bytes_per_call_amortized":9183.0,"process_rss_kb":8144,"process_rss_delta_init_kb":1660,"max_active_calls":1,"active_calls_now":0,"call_counter_balanced":true}
EVS Port1 1980-012-14:32:38.70211 66/1/AI_LEARNER 4: AI_LEARNER completed=216/216 mean=15650.7us max=38354.5us hal_peak=1069632 within_bounded=1
{"app":"AI_LEARNER","stage":"run","model":"b3_deepae","target":"aarch64-unknown-linux-gnu","attempted":216,"completed":216,"fail_input":0,"fail_invoke":0,"fail_output":0,"mean_us":15650.67,"max_us":38354.54,"last_us":21926.27,"out0":-34.88327,"out_elems":640,"out_sha256":"7377a66196d10b8f9095f1ec25df57b5b033488734ef3539915fd05471edb2fc","out_head":[-34.883270,-19.245007,-10.683949,-6.043216,-3.147524,1.497201],"out_tail":[-19.598969,-18.188969,-18.763275,-20.377392,-29.048273,-42.496120],"out_full_file":"/cf/last_out.json","out_full_file_bytes":7046,"out_full_file_reason":"ok","out_record_truncates":false}
{"app":"AI_LEARNER","stage":"mem","model":"b3_deepae","target":"aarch64-unknown-linux-gnu","completed":216,"hal_peak":1069632,"peak_within_bounded":true,"admitted_budget_bytes":1069632,"peak_within_admitted_budget":true,"admission_mode":"unconditional","hal_bytes_per_call_amortized":9157.3,"process_rss_kb":8144,"process_rss_delta_init_kb":1660,"max_active_calls":1,"active_calls_now":0,"call_counter_balanced":true}
.EVS Port1 1980-012-14:32:42.68922 66/1/AI_LEARNER 4: AI_LEARNER completed=217/217 mean=15655.2us max=38354.5us hal_peak=1069632 within_bounded=1
{"app":"AI_LEARNER","stage":"run","model":"b3_deepae","target":"aarch64-unknown-linux-gnu","attempted":217,"completed":217,"fail_input":0,"fail_invoke":0,"fail_output":0,"mean_us":15655.22,"max_us":38354.54,"last_us":16638.75,"out0":-34.88327,"out_elems":640,"out_sha256":"7377a66196d10b8f9095f1ec25df57b5b033488734ef3539915fd05471edb2fc","out_head":[-34.883270,-19.245007,-10.683949,-6.043216,-3.147524,1.497201],"out_tail":[-19.598969,-18.188969,-18.763275,-20.377392,-29.048273,-42.496120],"out_full_file":"/cf/last_out.json","out_full_file_bytes":7046,"out_full_file_reason":"ok","out_record_truncates":false}
{"app":"AI_LEARNER","stage":"mem","model":"b3_deepae","target":"aarch64-unknown-linux-gnu","completed":217,"hal_peak":1069632,"peak_within_bounded":true,"admitted_budget_bytes":1069632,"peak_within_admitted_budget":true,"admission_mode":"unconditional","hal_bytes_per_call_amortized":9131.9,"process_rss_kb":8144,"process_rss_delta_init_kb":1660,"max_active_calls":1,"active_calls_now":0,"call_counter_balanced":true}
.EVS Port1 1980-012-14:32:46.67630 66/1/AI_LEARNER 4: AI_LEARNER completed=218/218 mean=15633.0us max=38354.5us hal_peak=1069632 within_bounded=1
{"app":"AI_LEARNER","stage":"run","model":"b3_deepae","target":"aarch64-unknown-linux-gnu","attempted":218,"completed":218,"fail_input":0,"fail_invoke":0,"fail_output":0,"mean_us":15632.99,"max_us":38354.54,"last_us":10810.02,"out0":-34.88327,"out_elems":640,"out_sha256":"7377a66196d10b8f9095f1ec25df57b5b033488734ef3539915fd05471edb2fc","out_head":[-34.883270,-19.245007,-10.683949,-6.043216,-3.147524,1.497201],"out_tail":[-19.598969,-18.188969,-18.763275,-20.377392,-29.048273,-42.496120],"out_full_file":"/cf/last_out.json","out_full_file_bytes":7046,"out_full_file_reason":"ok","out_record_truncates":false}
{"app":"AI_LEARNER","stage":"mem","model":"b3_deepae","target":"aarch64-unknown-linux-gnu","completed":218,"hal_peak":1069632,"peak_within_bounded":true,"admitted_budget_bytes":1069632,"peak_within_admitted_budget":true,"admission_mode":"unconditional","hal_bytes_per_call_amortized":9106.8,"process_rss_kb":8144,"process_rss_delta_init_kb":1660,"max_active_calls":1,"active_calls_now":0,"call_counter_balanced":true}
EVS Port1 1980-012-14:32:50.69427 66/1/AI_LEARNER 4: AI_LEARNER completed=219/219 mean=15601.4us max=38354.5us hal_peak=1069632 within_bounded=1
{"app":"AI_LEARNER","stage":"run","model":"b3_deepae","target":"aarch64-unknown-linux-gnu","attempted":219,"completed":219,"fail_input":0,"fail_invoke":0,"fail_output":0,"mean_us":15601.40,"max_us":38354.54,"last_us":8714.91,"out0":-34.88327,"out_elems":640,"out_sha256":"7377a66196d10b8f9095f1ec25df57b5b033488734ef3539915fd05471edb2fc","out_head":[-34.883270,-19.245007,-10.683949,-6.043216,-3.147524,1.497201],"out_tail":[-19.598969,-18.188969,-18.763275,-20.377392,-29.048273,-42.496120],"out_full_file":"/cf/last_out.json","out_full_file_bytes":7046,"out_full_file_reason":"ok","out_record_truncates":false}
{"app":"AI_LEARNER","stage":"mem","model":"b3_deepae","target":"aarch64-unknown-linux-gnu","completed":219,"hal_peak":1069632,"peak_within_bounded":true,"admitted_budget_bytes":1069632,"peak_within_admitted_budget":true,"admission_mode":"unconditional","hal_bytes_per_call_amortized":9081.9,"process_rss_kb":8144,"process_rss_delta_init_kb":1660,"max_active_calls":1,"active_calls_now":0,"call_counter_balanced":true}
.EVS Port1 1980-012-14:32:54.72360 66/1/AI_LEARNER 4: AI_LEARNER completed=220/220 mean=15637.6us max=38354.5us hal_peak=1069632 within_bounded=1
{"app":"AI_LEARNER","stage":"run","model":"b3_deepae","target":"aarch64-unknown-linux-gnu","attempted":220,"completed":220,"fail_input":0,"fail_invoke":0,"fail_output":0,"mean_us":15637.63,"max_us":38354.54,"last_us":23571.98,"out0":-34.88327,"out_elems":640,"out_sha256":"7377a66196d10b8f9095f1ec25df57b5b033488734ef3539915fd05471edb2fc","out_head":[-34.883270,-19.245007,-10.683949,-6.043216,-3.147524,1.497201],"out_tail":[-19.598969,-18.188969,-18.763275,-20.377392,-29.048273,-42.496120],"out_full_file":"/cf/last_out.json","out_full_file_bytes":7046,"out_full_file_reason":"ok","out_record_truncates":false}
{"app":"AI_LEARNER","stage":"mem","model":"b3_deepae","target":"aarch64-unknown-linux-gnu","completed":220,"hal_peak":1069632,"peak_within_bounded":true,"admitted_budget_bytes":1069632,"peak_within_admitted_budget":true,"admission_mode":"unconditional","hal_bytes_per_call_amortized":9057.2,"process_rss_kb":8144,"process_rss_delta_init_kb":1660,"max_active_calls":1,"active_calls_now":0,"call_counter_balanced":true}
EVS Port1 1980-012-14:32:55.00367 66/1/CFE_TIME 21: Stop FLYWHEEL
EVS Port1 1980-012-14:32:56.00013 66/1/CFE_TIME 20: Start FLYWHEEL
.EVS Port1 1980-012-14:32:58.68287 66/1/AI_LEARNER 4: AI_LEARNER completed=221/221 mean=15590.3us max=38354.5us hal_peak=1069632 within_bounded=1
{"app":"AI_LEARNER","stage":"run","model":"b3_deepae","target":"aarch64-unknown-linux-gnu","attempted":221,"completed":221,"fail_input":0,"fail_invoke":0,"fail_output":0,"mean_us":15590.33,"max_us":38354.54,"last_us":5182.94,"out0":-34.88327,"out_elems":640,"out_sha256":"7377a66196d10b8f9095f1ec25df57b5b033488734ef3539915fd05471edb2fc","out_head":[-34.883270,-19.245007,-10.683949,-6.043216,-3.147524,1.497201],"out_tail":[-19.598969,-18.188969,-18.763275,-20.377392,-29.048273,-42.496120],"out_full_file":"/cf/last_out.json","out_full_file_bytes":7046,"out_full_file_reason":"ok","out_record_truncates":false}
{"app":"AI_LEARNER","stage":"mem","model":"b3_deepae","target":"aarch64-unknown-linux-gnu","completed":221,"hal_peak":1069632,"peak_within_bounded":true,"admitted_budget_bytes":1069632,"peak_within_admitted_budget":true,"admission_mode":"unconditional","hal_bytes_per_call_amortized":9032.7,"process_rss_kb":8144,"process_rss_delta_init_kb":1660,"max_active_calls":1,"active_calls_now":0,"call_counter_balanced":true}
EVS Port1 1980-012-14:33:02.68856 66/1/AI_LEARNER 4: AI_LEARNER completed=222/222 mean=15587.2us max=38354.5us hal_peak=1069632 within_bounded=1
{"app":"AI_LEARNER","stage":"run","model":"b3_deepae","target":"aarch64-unknown-linux-gnu","attempted":222,"completed":222,"fail_input":0,"fail_invoke":0,"fail_output":0,"mean_us":15587.16,"max_us":38354.54,"last_us":14886.11,"out0":-34.88327,"out_elems":640,"out_sha256":"7377a66196d10b8f9095f1ec25df57b5b033488734ef3539915fd05471edb2fc","out_head":[-34.883270,-19.245007,-10.683949,-6.043216,-3.147524,1.497201],"out_tail":[-19.598969,-18.188969,-18.763275,-20.377392,-29.048273,-42.496120],"out_full_file":"/cf/last_out.json","out_full_file_bytes":7046,"out_full_file_reason":"ok","out_record_truncates":false}
{"app":"AI_LEARNER","stage":"mem","model":"b3_deepae","target":"aarch64-unknown-linux-gnu","completed":222,"hal_peak":1069632,"peak_within_bounded":true,"admitted_budget_bytes":1069632,"peak_within_admitted_budget":true,"admission_mode":"unconditional","hal_bytes_per_call_amortized":9008.4,"process_rss_kb":8144,"process_rss_delta_init_kb":1660,"max_active_calls":1,"active_calls_now":0,"call_counter_balanced":true}
.EVS Port1 1980-012-14:33:06.69454 66/1/AI_LEARNER 4: AI_LEARNER completed=223/223 mean=15569.2us max=38354.5us hal_peak=1069632 within_bounded=1
{"app":"AI_LEARNER","stage":"run","model":"b3_deepae","target":"aarch64-unknown-linux-gnu","attempted":223,"completed":223,"fail_input":0,"fail_invoke":0,"fail_output":0,"mean_us":15569.21,"max_us":38354.54,"last_us":11584.93,"out0":-34.88327,"out_elems":640,"out_sha256":"7377a66196d10b8f9095f1ec25df57b5b033488734ef3539915fd05471edb2fc","out_head":[-34.883270,-19.245007,-10.683949,-6.043216,-3.147524,1.497201],"out_tail":[-19.598969,-18.188969,-18.763275,-20.377392,-29.048273,-42.496120],"out_full_file":"/cf/last_out.json","out_full_file_bytes":7046,"out_full_file_reason":"ok","out_record_truncates":false}
{"app":"AI_LEARNER","stage":"mem","model":"b3_deepae","target":"aarch64-unknown-linux-gnu","completed":223,"hal_peak":1069632,"peak_within_bounded":true,"admitted_budget_bytes":1069632,"peak_within_admitted_budget":true,"admission_mode":"unconditional","hal_bytes_per_call_amortized":8984.4,"process_rss_kb":8144,"process_rss_delta_init_kb":1660,"max_active_calls":1,"active_calls_now":0,"call_counter_balanced":true}
.EVS Port1 1980-012-14:33:10.68295 66/1/AI_LEARNER 4: AI_LEARNER completed=224/224 mean=15569.4us max=38354.5us hal_peak=1069632 within_bounded=1
{"app":"AI_LEARNER","stage":"run","model":"b3_deepae","target":"aarch64-unknown-linux-gnu","attempted":224,"completed":224,"fail_input":0,"fail_invoke":0,"fail_output":0,"mean_us":15569.40,"max_us":38354.54,"last_us":15612.53,"out0":-34.88327,"out_elems":640,"out_sha256":"7377a66196d10b8f9095f1ec25df57b5b033488734ef3539915fd05471edb2fc","out_head":[-34.883270,-19.245007,-10.683949,-6.043216,-3.147524,1.497201],"out_tail":[-19.598969,-18.188969,-18.763275,-20.377392,-29.048273,-42.496120],"out_full_file":"/cf/last_out.json","out_full_file_bytes":7046,"out_full_file_reason":"ok","out_record_truncates":false}
{"app":"AI_LEARNER","stage":"mem","model":"b3_deepae","target":"aarch64-unknown-linux-gnu","completed":224,"hal_peak":1069632,"peak_within_bounded":true,"admitted_budget_bytes":1069632,"peak_within_admitted_budget":true,"admission_mode":"unconditional","hal_bytes_per_call_amortized":8960.6,"process_rss_kb":8144,"process_rss_delta_init_kb":1660,"max_active_calls":1,"active_calls_now":0,"call_counter_balanced":true}
1980-012-14:33:11.23130 CFE_ES_RunExceptionScan: ExceptionID 0x1110001 in TaskID 0: Caught SIGINT
1980-012-14:33:11.23194 CFE_ES_RunExceptionScan: Processor Reset count not reached (1/2)
CFE_PSP: Exiting cFE with PROCESSOR Reset status.

CFE_PSP: Shutdown initiated - Exiting cFE
CI delete callback -- Closing CI Network socket.
TO delete callback -- Closing TO Network socket.
EXIT=124
