OS_BSP_Initialize():Maximum user msg queue depth = 512
CFE_PSP: Default Reset SubType = 1
CFE_PSP: Default CPU ID = 1
CFE_PSP: Default Spacecraft ID = 66
CFE_PSP: Default CPU Name: cpu1
OS_Posix_GetSchedulerParams():208:Policy 1: available, min-max: 1-99
OS_Posix_GetSchedulerParams():208:Policy 2: available, min-max: 1-99
OS_Posix_TaskAPI_Impl_Init():401:Selected policy 2 for RT tasks, root task = 99
OS_Posix_TaskAPI_Impl_Init():419:Could not setschedparam in main thread: Operation not permitted (1)
CFE_PSP: initializing module 'soft_timebase' with ID 0110ff00
CFE_PSP: Instantiated software timebase 'cFS-Master' running at 10000 usec
CFE_PSP: initializing module 'timebase_posix_clock' with ID 0110ff01
CFE_PSP: Using POSIX monotonic clock as CFE timebase
CFE_PSP: initializing module 'eeprom_mmap_file' with ID 0110ff02
CFE_PSP: Using MMAP simulated EEPROM implementation
CFE_PSP: initializing module 'port_notimpl' with ID 0110ff03
CFE_PSP: I/O Port access not implemented
CFE_PSP: initializing module 'iodriver' with ID 0110ff04
CFE_PSP: EEPROM Range (2) created: Start Address = F5665966E000, Size = 00080000 Status = 0
CFE_PSP: initializing module 'linux_sysmon' with ID 0110ff05
CFE_PSP: initializing module 'endian_api' with ID 0110ff06
CFE_PSP: Host CPU Endian=LITTLE
CFE_PSP: initializing module 'ram_notimpl' with ID 0110ff07
CFE_PSP: Physical RAM access not implemented
CFE_PSP: Normal exit from previous cFE instance
CFE_PSP: Starting the cFE with a PROCESSOR reset.
1980-001-03:29:36.35191 CFE_ES_Main: CFE_ES_Main in EARLY_INIT state
1980-001-03:29:36.36448 CFE_ES_InitializeFileSystems: Volatile Disk has 100 Percent free space.
Number of addresses returned by backtrace = 1
CFE_PSP: CFE_PSP_AttachExceptions called
1980-001-03:29:36.39348 CFE_ES_Main: CFE_ES_Main entering CORE_STARTUP state
1980-001-03:29:36.39389 CFE_ES_CreateObjects: Starting Object Creation calls.
1980-001-03:29:36.39443 CFE_ES_CreateObjects: Calling EarlyInit for CFE_CONFIG
1980-001-03:29:36.40102 CFE_ES_CreateObjects: Calling EarlyInit for CFE_ES
1980-001-03:29:36.41002 CFE_ES_CreateObjects: Calling EarlyInit for CFE_EVS
1980-001-03:29:36.41452 CFE_EVS_EarlyInit: Event Log restored, n=0, c=20, f=1, m=1, o=608
1980-001-03:29:36.41492 CFE_ES_CreateObjects: Calling EarlyInit for CFE_FS
1980-001-03:29:36.41794 CFE_ES_CreateObjects: Calling EarlyInit for CFE_SB
1980-001-03:29:36.44395 CFE_ES_CreateObjects: Calling EarlyInit for CFE_TBL
1980-001-03:29:36.47050 CFE_ES_CreateObjects: Calling EarlyInit for CFE_TIME
EVS Port1 1980-012-14:33:07.93768 66/1/CFE_ES 1: cFE ES Initialized: CFE_ES v7.0.1+dev1 (Draco) DEV BUILD, based on v7.0.1, EDS disabled
EVS Port1 1980-012-14:33:07.94288 66/1/CFE_ES 2: cFS Versions: cfe v7.0.1+dev1, osal v7.0.1+dev1, psp v7.0.1+dev1. cFE chksm 31659
EVS Port1 1980-012-14:33:07.94369 66/1/CFE_ES 91: Version Info: Mission SampleMission, version git:v7.0.1-90-g78c23b0-dirty
EVS Port1 1980-012-14:33:07.94409 66/1/CFE_ES 91: Version Info: Module CORE_API, version git:2612eb0
EVS Port1 1980-012-14:33:07.94667 66/1/CFE_ES 91: Version Info: Module CONFIG, version git:2612eb0
EVS Port1 1980-012-14:33:07.94696 66/1/CFE_ES 91: Version Info: Module ES, version git:2612eb0
EVS Port1 1980-012-14:33:07.94738 66/1/CFE_ES 91: Version Info: Module EVS, version git:2612eb0
EVS Port1 1980-012-14:33:07.94763 66/1/CFE_ES 91: Version Info: Module FS, version git:2612eb0
EVS Port1 1980-012-14:33:07.94783 66/1/CFE_ES 91: Version Info: Module SB, version git:2612eb0
EVS Port1 1980-012-14:33:07.94801 66/1/CFE_ES 91: Version Info: Module TBL, version git:2612eb0
EVS Port1 1980-012-14:33:07.94908 66/1/CFE_ES 91: Version Info: Module TIME, version git:2612eb0
EVS Port1 1980-012-14:33:07.95050 66/1/CFE_ES 91: Version Info: Module OSAL, version git:8111e4a
EVS Port1 1980-012-14:33:07.95158 66/1/CFE_ES 91: Version Info: Module PSP, version git:d1da809
EVS Port1 1980-012-14:33:07.95185 66/1/CFE_ES 91: Version Info: Module MSG, version git:2612eb0
EVS Port1 1980-012-14:33:07.95204 66/1/CFE_ES 91: Version Info: Module SBR, version git:2612eb0
EVS Port1 1980-012-14:33:07.95306 66/1/CFE_ES 91: Version Info: Module RESOURCEID, version git:2612eb0
EVS Port1 1980-012-14:33:07.95364 66/1/CFE_ES 92: Build 202609140214 by root@vm, config aarch64
EVS Port1 1980-012-14:33:08.03155 66/1/CFE_EVS 1: cFE EVS Initialized: CFE_EVS v7.0.1+dev1 (Draco) DEV BUILD, based on v7.0.1, EDS disabled
1980-012-14:33:08.13397 CFE_SB_AppInit: Registered 4 events for filtering
EVS Port1 1980-012-14:33:08.13870 66/1/CFE_SB 1: cFE SB Initialized: CFE_SB v7.0.1+dev1 (Draco) DEV BUILD, based on v7.0.1, EDS disabled
EVS Port1 1980-012-14:33:08.13941 66/1/CFE_SB 14: No subscribers for MsgId 0x808,sender CFE_SB
EVS Port1 1980-012-14:33:08.24189 66/1/CFE_TBL 1: cFE TBL Initialized: CFE_TBL v7.0.1+dev1 (Draco) DEV BUILD, based on v7.0.1, EDS disabled
EVS Port1 1980-012-14:33:08.24356 66/1/CFE_SB 14: No subscribers for MsgId 0x808,sender CFE_TBL
EVS Port1 1980-012-14:33:08.35748 66/1/CFE_TIME 1: cFE TIME Initialized: CFE_TIME v7.0.1+dev1 (Draco) DEV BUILD, based on v7.0.1, EDS disabled
EVS Port1 1980-012-14:33:08.35787 66/1/CFE_SB 14: No subscribers for MsgId 0x808,sender CFE_TIME
1980-012-14:33:08.39295 CFE_ES_CreateObjects: Finished ES CreateObject table entries.
1980-012-14:33:08.39758 CFE_ES_Main: CFE_ES_Main entering CORE_READY state
OS_FileOpen_Impl():110:open(/dev/shm/osal:RAM/cfe_es_startup.scr): No such file or directory
1980-012-14:33:08.40354 CFE_ES_OpenStartupScript: Cannot Open Volatile Startup file: /ram/cfe_es_startup.scr, Trying Nonvolatile.
1980-012-14:33:08.40565 CFE_ES_OpenStartupScript: Opened ES App Startup file: /cf/cfe_es_startup.scr
1980-012-14:33:08.43697 CFE_ES_ParseFileEntry: Loading shared library: /cf/cfe_assert.so
1980-012-14:33:08.45160 [BEGIN] CFE FUNCTIONAL TEST
1980-012-14:33:08.45305 [BEGIN] 01 CFE-STARTUP
1980-012-14:33:08.47793 CFE_ES_ParseFileEntry: Loading shared library: /cf/sample_lib.so
SAMPLE Lib Initialized.Sample Lib v7.0.0+dev1 (Draco) DEV BUILD, based on v7.0.1, EDS disabled
1980-012-14:33:08.51100 CFE_ES_ParseFileEntry: Loading file: /cf/sch_lab.so, APP: SCH_LAB
1980-012-14:33:08.54676 CFE_ES_ParseFileEntry: Loading file: /cf/ci_lab.so, APP: CI_LAB
1980-012-14:33:08.58708 CFE_ES_ParseFileEntry: Loading file: /cf/to_lab.so, APP: TO_LAB
SCH Lab Initialized.SCH Lab v7.0.1+dev1 (Draco) DEV BUILD, based on v7.0.1, EDS disabled
1980-012-14:33:08.67757 CFE_ES_ParseFileEntry: Loading file: /cf/sample_app.so, APP: SAMPLE_APP
EVS Port1 1980-012-14:33:08.68084 66/1/TO_LAB 1: TO Lab Initialized.TO Lab v7.0.1+dev1 (Draco) DEV BUILD, based on v7.0.1, EDS disabled, Awaiting enable command.
EVS Port1 1980-012-14:33:08.68475 66/1/CFE_SB 14: No subscribers for MsgId 0x808,sender TO_LAB
1980-012-14:33:08.77003 CI_LAB listening on UDP port: 1234
EVS Port1 1980-012-14:33:08.77354 66/1/CI_LAB 3: CI Lab Initialized.CI Lab App v7.0.1+dev1 (Draco) DEV BUILD, based on v7.0.1, EDS disabled
EVS Port1 1980-012-14:33:08.77865 66/1/SAMPLE_APP 1: Sample App Initialized.Sample App v7.0.0+dev1 (Draco) DEV BUILD, based on v7.0.1, EDS disabled
1980-012-14:33:08.78272 CFE_ES_ParseFileEntry: Loading file: /cf/ai_learner.so, APP: AI_LEARNER
1980-012-14:33:08.81752 CFE_ES_ParseFileEntry: Loading file: /cf/lc.so, APP: LC
1980-012-14:33:08.84238 CFE_ES_ParseFileEntry: Loading file: /cf/cf.so, APP: CF
{"app":"AI_LEARNER","stage":"build_config","model":"smartcam","allow_conditional_map":0,"contract_bounded_bytes":18222796,"contract_per_call_bytes":9382092,"contract_const_bytes":8840704,"contract_bound_known":true,"contract_artifact_sha256":"ecffe6e0bcbadf51c8482c73ab147e91fa857927d1183955e03a3257041c78f1"}
{"app":"AI_LEARNER","stage":"stack","es_stack_size":264063,"stack_base_bytes":262144,"contract_kernel_stack_bytes":1919,"kernel_stack_accounted":true}
{"app":"AI_LEARNER","stage":"admission","verdict":"ADMIT","model":"smartcam","target":"aarch64-unknown-linux-gnu","bounded":18222796,"budget":18222796,"budget_source":"override","per_call":9382092,"constants":8840704,"kernel_stack_bytes":1919,"bound_known":true,"scope":"per_app_local_budget"}
EVS Port1 1980-012-14:33:08.86787 66/1/AI_LEARNER 8: AI_LEARNER stack: es=264063 base=262144 kernel=1919 accounted=1
{"app":"AI_LEARNER","stage":"blob_align","requested_offset":8,"state":"applied","module_ptr_mod64":8}
EVS Port1 1980-012-14:33:08.89747 66/1/LC 56: WDT verify results: good = 0, bad = 0, unused = 176
1980-012-14:33:08.90954 CFE_ES_ParseFileEntry: Loading file: /cf/ds.so, APP: DS
EVS Port1 1980-012-14:33:08.92008 66/1/LC 66: ADT verify results: good = 0, bad = 0, unused = 176
EVS Port1 1980-012-14:33:08.92610 66/1/LC 23: LC use of Critical Data Store disabled, activity mask = 0x00991990
EVS Port1 1980-012-14:33:08.92872 66/1/LC 2: LC Initialized. Version 7.0.1.255
EVS Port1 1980-012-14:33:08.98989 66/1/CF 20: CF Initialized. Version 7.0.1.255
1980-012-14:33:09.02278 CFE_ES_ParseFileEntry: Loading file: /cf/fm.so, APP: FM
EVS Port1 1980-012-14:33:09.04875 66/1/DS 10: Destination file table verify results: good entries = 6, bad = 0, unused = 10
EVS Port1 1980-012-14:33:09.06806 66/1/DS 12: Filter table verify results: good entries = 14, bad = 0, unused = 242
EVS Port1 1980-012-14:33:09.08061 66/1/DS 1: Application initialized, version 7.0.1.255, data at 0xf566585c0460
1980-012-14:33:09.11095 CFE_ES_ParseFileEntry: Loading file: /cf/hk.so, APP: HK
EVS Port1 1980-012-14:33:09.13566 66/1/FM 80: Free Space Table verify results: good entries = 3, bad = 0, unused = 5
EVS Port1 1980-012-14:33:09.16680 66/1/FM 1: Initialization complete: version 7.0.1.255
EVS Port1 1980-012-14:33:09.22079 66/1/FM 72: Child Task initialization complete
EVS Port1 1980-012-14:33:09.23098 66/1/HK 1: HK Initialized.  Version 7.0.1.255
1980-012-14:33:09.23744 CFE_ES_ParseFileEntry: Loading file: /cf/hs.so, APP: HS
1980-012-14:33:09.32885 CFE_ES_ParseFileEntry: Loading file: /cf/mm.so, APP: MM
EVS Port1 1980-012-14:33:09.36083 66/1/HS 54: ExeCount verify results: good = 5, bad = 0, unused = 27
EVS Port1 1980-012-14:33:09.38088 66/1/HS 50: AppMon verify results: good = 0, bad = 0, unused = 32
EVS Port1 1980-012-14:33:09.39102 66/1/HS 52: EventMon verify results: good = 0, bad = 0, unused = 16
EVS Port1 1980-012-14:33:09.40678 66/1/HS 56: MsgActs verify results: good = 2, bad = 0, unused = 6
1980-012-14:33:09.41686 HS_SysMonInit(): System Monitor using PSP device ID 0110ff05
EVS Port1 1980-012-14:33:09.42402 66/1/MM 1: MM Initialized. Version 7.0.1.255
1980-012-14:33:09.42887 CFE_ES_ParseFileEntry: Loading file: /cf/sc.so, APP: SC
CFE_PSP(Linux_SysMon): Started CPU utilization monitoring on 1 CPU(s)
EVS Port1 1980-012-14:33:09.47792 66/1/HS 1: HS Initialized.  Version 7.0.1.255
1980-012-14:33:09.51110 CFE_ES_ParseFileEntry: Loading file: /cf/md.so, APP: MD
EVS Port1 1980-012-14:33:09.58099 66/1/SC 21: RTS table files not loaded at initialization = 0 of 4
EVS Port1 1980-012-14:33:09.59098 66/1/SC 9: SC Initialized. Version 7.0.1.255
EVS Port1 1980-012-14:33:09.60617 66/1/MD 52: MD Dwell Tbl verify results: good = 0, bad = 0, unused = 25
1980-012-14:33:09.61140 CFE_ES_ParseFileEntry: Loading file: /cf/cs.so, APP: CS
EVS Port1 1980-012-14:33:09.61679 66/1/MD 3: Recovered Dwell Table #1 is valid and has been copied to the MD App
EVS Port1 1980-012-14:33:09.62686 66/1/MD 52: MD Dwell Tbl verify results: good = 0, bad = 0, unused = 25
EVS Port1 1980-012-14:33:09.62780 66/1/MD 3: Recovered Dwell Table #2 is valid and has been copied to the MD App
EVS Port1 1980-012-14:33:09.63264 66/1/MD 52: MD Dwell Tbl verify results: good = 0, bad = 0, unused = 25
EVS Port1 1980-012-14:33:09.63996 66/1/MD 3: Recovered Dwell Table #3 is valid and has been copied to the MD App
EVS Port1 1980-012-14:33:09.64489 66/1/MD 52: MD Dwell Tbl verify results: good = 0, bad = 0, unused = 25
EVS Port1 1980-012-14:33:09.64787 66/1/MD 3: Recovered Dwell Table #4 is valid and has been copied to the MD App
EVS Port1 1980-012-14:33:09.65379 66/1/MD 7: Dwell Tables Recovered: 4, Dwell Tables Initialized: 0
EVS Port1 1980-012-14:33:09.66897 66/1/MD 1: MD Initialized.  Version 7.0.1.255
EVS Port1 1980-012-14:33:09.74081 66/1/CS 144: CS EEPROM Table verification results: good = 0, bad = 0, unused = 16
EVS Port1 1980-012-14:33:09.74737 66/1/CS 107: CS EEPROM Table: No valid entries in the table
EVS Port1 1980-012-14:33:09.75698 66/1/CS 143: CS Memory Table verification results: good = 0, bad = 0, unused = 16
EVS Port1 1980-012-14:33:09.76359 66/1/CS 107: CS Memory Table: No valid entries in the table
EVS Port1 1980-012-14:33:09.77592 66/1/CS 139: CS Tables Table verification results: good = 1, bad = 0, unused = 23
EVS Port1 1980-012-14:33:09.78797 66/1/CS 142: CS Apps Table verification results: good = 0, bad = 0, unused = 24
EVS Port1 1980-012-14:33:09.79371 66/1/CS 108: CS Apps Table: No valid entries in the table
EVS Port1 1980-012-14:33:09.79792 66/1/CS 127: OS Text Segment disabled due to platform
EVS Port1 1980-012-14:33:09.80091 66/1/CS 1: CS Initialized. Version 7.0.1.255
EVS Port1 1980-012-14:33:09.00727 66/1/CFE_TIME 21: Stop FLYWHEEL
1980-012-14:33:09.83232 CFE_ES_Main: Startup Sync failed - Applications may not have all initialized
1980-012-14:33:09.83463 CFE_ES_Main: CFE_ES_Main entering APPS_INIT state
{"app":"AI_LEARNER","stage":"binding","verdict":"MATCH","artifact_bytes":8991281,"artifact_sha256":"ecffe6e0bcbadf51","contract_sha256":"ecffe6e0bcbadf51"}
{"app":"AI_LEARNER","stage":"map_branch","model":"smartcam","module_ptr_mod64":8,"hal_peak_after_append":8840704,"contract_const_bytes":8840704,"contract_per_call_bytes":9382092,"arm":"copy","admission_mode":"unconditional"}
{"app":"AI_LEARNER","stage":"mem_init","model":"smartcam","target":"aarch64-unknown-linux-gnu","hal_peak":9442816,"hal_allocated":9442816,"bounded":18222796,"peak_within_bounded":true,"inferences_so_far":0,"process_rss_kb":24580,"rss_kb_before_runtime":14208,"rss_kb_after_session":14496,"rss_kb_after_init":24580}
1980-012-14:33:10.86109 CFE_ES_Main: Startup Sync failed - Applications may not have all started
1980-012-14:33:10.86199 CFE_ES_Main: CFE_ES_Main entering OPERATIONAL state
EVS Port1 1980-012-14:33:10.92124 66/1/TO_LAB 19: L550 TO Lab subscribed to 32 messages from the table
...EVS Port1 1980-012-14:33:34.00691 66/1/CFE_TIME 21: Stop FLYWHEEL
.EVS Port1 1980-012-14:33:34.99609 66/1/CFE_TIME 20: Start FLYWHEEL
..{"app":"AI_LEARNER","stage":"e25_equivalence","inputs":5,"completed":5,"model":"smartcam","target":"aarch64-unknown-linux-gnu","artifact_sha256":"ecffe6e0bcbadf51..."}
EVS Port1 1980-012-14:33:52.80886 66/1/AI_LEARNER 4: AI_LEARNER: E25 equivalence 5/5 inferences written
{"app":"AI_LEARNER","stage":"e25_mode","active":true,"inputs_path":"/cf/e25_inputs.bin"}
EVS Port1 1980-012-14:33:52.81472 66/1/AI_LEARNER 3: AI_LEARNER initialized: model smartcam (8991281 B), rss_delta_init=10372 KB
..EVS Port1 1980-012-14:34:04.75132 66/1/AI_LEARNER 4: AI_LEARNER completed=1/1 mean=8059082.0us max=8059082.0us hal_peak=18222796 within_bounded=1
{"app":"AI_LEARNER","stage":"run","model":"smartcam","target":"aarch64-unknown-linux-gnu","attempted":1,"completed":1,"fail_input":0,"fail_invoke":0,"fail_output":0,"mean_us":8059082.05,"max_us":8059082.05,"last_us":8059082.05,"out0":0.85892,"out_elems":3,"out_sha256":"989d0c885c469a1267e327d7f6eaaa990ed94dab35f064968afaff7105ad4b34","out_head":[0.858921,0.111592,0.029487],"out_tail":[0.858921,0.111592,0.029487],"out_full_file":"/cf/last_out.json","out_full_file_bytes":117,"out_full_file_reason":"ok","out_record_truncates":false}
{"app":"AI_LEARNER","stage":"mem","model":"smartcam","target":"aarch64-unknown-linux-gnu","completed":1,"hal_peak":18222796,"peak_within_bounded":true,"admitted_budget_bytes":18222796,"peak_within_admitted_budget":true,"admission_mode":"unconditional","hal_bytes_per_call_amortized":62122696.0,"process_rss_kb":45304,"process_rss_delta_init_kb":10372,"max_active_calls":1,"active_calls_now":0,"call_counter_balanced":true}
..EVS Port1 1980-012-14:34:12.68467 66/1/AI_LEARNER 4: AI_LEARNER completed=2/2 mean=7983537.2us max=8059082.0us hal_peak=18222796 within_bounded=1
{"app":"AI_LEARNER","stage":"run","model":"smartcam","target":"aarch64-unknown-linux-gnu","attempted":2,"completed":2,"fail_input":0,"fail_invoke":0,"fail_output":0,"mean_us":7983537.17,"max_us":8059082.05,"last_us":7907992.29,"out0":0.85892,"out_elems":3,"out_sha256":"989d0c885c469a1267e327d7f6eaaa990ed94dab35f064968afaff7105ad4b34","out_head":[0.858921,0.111592,0.029487],"out_tail":[0.858921,0.111592,0.029487],"out_full_file":"/cf/last_out.json","out_full_file_bytes":117,"out_full_file_reason":"ok","out_record_truncates":false}
{"app":"AI_LEARNER","stage":"mem","model":"smartcam","target":"aarch64-unknown-linux-gnu","completed":2,"hal_peak":18222796,"peak_within_bounded":true,"admitted_budget_bytes":18222796,"peak_within_admitted_budget":true,"admission_mode":"unconditional","hal_bytes_per_call_amortized":35451338.0,"process_rss_kb":45304,"process_rss_delta_init_kb":10372,"max_active_calls":1,"active_calls_now":0,"call_counter_balanced":true}
.EVS Port1 1980-012-14:34:20.83831 66/1/AI_LEARNER 4: AI_LEARNER completed=3/3 mean=8035228.0us max=8138609.5us hal_peak=18222796 within_bounded=1
{"app":"AI_LEARNER","stage":"run","model":"smartcam","target":"aarch64-unknown-linux-gnu","attempted":3,"completed":3,"fail_input":0,"fail_invoke":0,"fail_output":0,"mean_us":8035227.95,"max_us":8138609.52,"last_us":8138609.52,"out0":0.85892,"out_elems":3,"out_sha256":"989d0c885c469a1267e327d7f6eaaa990ed94dab35f064968afaff7105ad4b34","out_head":[0.858921,0.111592,0.029487],"out_tail":[0.858921,0.111592,0.029487],"out_full_file":"/cf/last_out.json","out_full_file_bytes":117,"out_full_file_reason":"ok","out_record_truncates":false}
{"app":"AI_LEARNER","stage":"mem","model":"smartcam","target":"aarch64-unknown-linux-gnu","completed":3,"hal_peak":18222796,"peak_within_bounded":true,"admitted_budget_bytes":18222796,"peak_within_admitted_budget":true,"admission_mode":"unconditional","hal_bytes_per_call_amortized":26560885.3,"process_rss_kb":45304,"process_rss_delta_init_kb":10372,"max_active_calls":1,"active_calls_now":0,"call_counter_balanced":true}
.EVS Port1 1980-012-14:34:28.66339 66/1/CFE_SB 17: Msg Limit Err,MsgId 0x800,pipe AI_LEARNER_PIPE,sender CFE_ES
EVS Port1 1980-012-14:34:28.71342 66/1/AI_LEARNER 4: AI_LEARNER completed=4/4 mean=7993696.6us max=8138609.5us hal_peak=18222796 within_bounded=1
{"app":"AI_LEARNER","stage":"run","model":"smartcam","target":"aarch64-unknown-linux-gnu","attempted":4,"completed":4,"fail_input":0,"fail_invoke":0,"fail_output":0,"mean_us":7993696.62,"max_us":8138609.52,"last_us":7869102.61,"out0":0.85892,"out_elems":3,"out_sha256":"989d0c885c469a1267e327d7f6eaaa990ed94dab35f064968afaff7105ad4b34","out_head":[0.858921,0.111592,0.029487],"out_tail":[0.858921,0.111592,0.029487],"out_full_file":"/cf/last_out.json","out_full_file_bytes":117,"out_full_file_reason":"ok","out_record_truncates":false}
{"app":"AI_LEARNER","stage":"mem","model":"smartcam","target":"aarch64-unknown-linux-gnu","completed":4,"hal_peak":18222796,"peak_within_bounded":true,"admitted_budget_bytes":18222796,"peak_within_admitted_budget":true,"admission_mode":"unconditional","hal_bytes_per_call_amortized":22115659.0,"process_rss_kb":45304,"process_rss_delta_init_kb":10372,"max_active_calls":1,"active_calls_now":0,"call_counter_balanced":true}
..EVS Port1 1980-012-14:34:36.50794 66/1/AI_LEARNER 4: AI_LEARNER completed=5/5 mean=7950522.0us max=8138609.5us hal_peak=18222796 within_bounded=1
{"app":"AI_LEARNER","stage":"run","model":"smartcam","target":"aarch64-unknown-linux-gnu","attempted":5,"completed":5,"fail_input":0,"fail_invoke":0,"fail_output":0,"mean_us":7950522.04,"max_us":8138609.52,"last_us":7777823.76,"out0":0.85892,"out_elems":3,"out_sha256":"989d0c885c469a1267e327d7f6eaaa990ed94dab35f064968afaff7105ad4b34","out_head":[0.858921,0.111592,0.029487],"out_tail":[0.858921,0.111592,0.029487],"out_full_file":"/cf/last_out.json","out_full_file_bytes":117,"out_full_file_reason":"ok","out_record_truncates":false}
{"app":"AI_LEARNER","stage":"mem","model":"smartcam","target":"aarch64-unknown-linux-gnu","completed":5,"hal_peak":18222796,"peak_within_bounded":true,"admitted_budget_bytes":18222796,"peak_within_admitted_budget":true,"admission_mode":"unconditional","hal_bytes_per_call_amortized":19448523.2,"process_rss_kb":45308,"process_rss_delta_init_kb":10372,"max_active_calls":1,"active_calls_now":0,"call_counter_balanced":true}
EVS Port1 1980-012-14:34:40.69696 66/1/CFE_SB 17: Msg Limit Err,MsgId 0x800,pipe AI_LEARNER_PIPE,sender CFE_ES
.EVS Port1 1980-012-14:34:44.32630 66/1/AI_LEARNER 4: AI_LEARNER completed=6/6 mean=7924182.3us max=8138609.5us hal_peak=18222796 within_bounded=1
{"app":"AI_LEARNER","stage":"run","model":"smartcam","target":"aarch64-unknown-linux-gnu","attempted":6,"completed":6,"fail_input":0,"fail_invoke":0,"fail_output":0,"mean_us":7924182.31,"max_us":8138609.52,"last_us":7792483.65,"out0":0.85892,"out_elems":3,"out_sha256":"989d0c885c469a1267e327d7f6eaaa990ed94dab35f064968afaff7105ad4b34","out_head":[0.858921,0.111592,0.029487],"out_tail":[0.858921,0.111592,0.029487],"out_full_file":"/cf/last_out.json","out_full_file_bytes":117,"out_full_file_reason":"ok","out_record_truncates":false}
{"app":"AI_LEARNER","stage":"mem","model":"smartcam","target":"aarch64-unknown-linux-gnu","completed":6,"hal_peak":18222796,"peak_within_bounded":true,"admitted_budget_bytes":18222796,"peak_within_admitted_budget":true,"admission_mode":"unconditional","hal_bytes_per_call_amortized":17670432.7,"process_rss_kb":45308,"process_rss_delta_init_kb":10372,"max_active_calls":1,"active_calls_now":0,"call_counter_balanced":true}
.EVS Port1 1980-012-14:34:48.68197 66/1/CFE_SB 17: Msg Limit Err,MsgId 0x800,pipe AI_LEARNER_PIPE,sender CFE_ES
EVS Port1 1980-012-14:34:52.55813 66/1/AI_LEARNER 4: AI_LEARNER completed=7/7 mean=7965008.0us max=8209962.5us hal_peak=18222796 within_bounded=1
{"app":"AI_LEARNER","stage":"run","model":"smartcam","target":"aarch64-unknown-linux-gnu","attempted":7,"completed":7,"fail_input":0,"fail_invoke":0,"fail_output":0,"mean_us":7965008.05,"max_us":8209962.46,"last_us":8209962.46,"out0":0.85892,"out_elems":3,"out_sha256":"989d0c885c469a1267e327d7f6eaaa990ed94dab35f064968afaff7105ad4b34","out_head":[0.858921,0.111592,0.029487],"out_tail":[0.858921,0.111592,0.029487],"out_full_file":"/cf/last_out.json","out_full_file_bytes":117,"out_full_file_reason":"ok","out_record_truncates":false}
{"app":"AI_LEARNER","stage":"mem","model":"smartcam","target":"aarch64-unknown-linux-gnu","completed":7,"hal_peak":18222796,"peak_within_bounded":true,"admitted_budget_bytes":18222796,"peak_within_admitted_budget":true,"admission_mode":"unconditional","hal_bytes_per_call_amortized":16400368.0,"process_rss_kb":45308,"process_rss_delta_init_kb":10372,"max_active_calls":1,"active_calls_now":0,"call_counter_balanced":true}
.EVS Port1 1980-012-14:34:53.00506 66/1/CFE_TIME 21: Stop FLYWHEEL
EVS Port1 1980-012-14:34:53.99606 66/1/CFE_TIME 20: Start FLYWHEEL
EVS Port1 1980-012-14:34:56.67033 66/1/CFE_SB 17: Msg Limit Err,MsgId 0x800,pipe AI_LEARNER_PIPE,sender CFE_ES
.EVS Port1 1980-012-14:35:00.47898 66/1/AI_LEARNER 4: AI_LEARNER completed=8/8 mean=7961251.9us max=8209962.5us hal_peak=18222796 within_bounded=1
{"app":"AI_LEARNER","stage":"run","model":"smartcam","target":"aarch64-unknown-linux-gnu","attempted":8,"completed":8,"fail_input":0,"fail_invoke":0,"fail_output":0,"mean_us":7961251.89,"max_us":8209962.46,"last_us":7934958.80,"out0":0.85892,"out_elems":3,"out_sha256":"989d0c885c469a1267e327d7f6eaaa990ed94dab35f064968afaff7105ad4b34","out_head":[0.858921,0.111592,0.029487],"out_tail":[0.858921,0.111592,0.029487],"out_full_file":"/cf/last_out.json","out_full_file_bytes":117,"out_full_file_reason":"ok","out_record_truncates":false}
{"app":"AI_LEARNER","stage":"mem","model":"smartcam","target":"aarch64-unknown-linux-gnu","completed":8,"hal_peak":18222796,"peak_within_bounded":true,"admitted_budget_bytes":18222796,"peak_within_admitted_budget":true,"admission_mode":"unconditional","hal_bytes_per_call_amortized":15447819.5,"process_rss_kb":45308,"process_rss_delta_init_kb":10372,"max_active_calls":1,"active_calls_now":0,"call_counter_balanced":true}
EVS Port1 1980-012-14:35:04.66165 66/1/CFE_SB 17: Msg Limit Err,MsgId 0x800,pipe AI_LEARNER_PIPE,sender CFE_ES
.EVS Port1 1980-012-14:35:08.22085 66/1/AI_LEARNER 4: AI_LEARNER completed=9/9 mean=7934916.4us max=8209962.5us hal_peak=18222796 within_bounded=1
{"app":"AI_LEARNER","stage":"run","model":"smartcam","target":"aarch64-unknown-linux-gnu","attempted":9,"completed":9,"fail_input":0,"fail_invoke":0,"fail_output":0,"mean_us":7934916.42,"max_us":8209962.46,"last_us":7724232.64,"out0":0.85892,"out_elems":3,"out_sha256":"989d0c885c469a1267e327d7f6eaaa990ed94dab35f064968afaff7105ad4b34","out_head":[0.858921,0.111592,0.029487],"out_tail":[0.858921,0.111592,0.029487],"out_full_file":"/cf/last_out.json","out_full_file_bytes":117,"out_full_file_reason":"ok","out_record_truncates":false}
{"app":"AI_LEARNER","stage":"mem","model":"smartcam","target":"aarch64-unknown-linux-gnu","completed":9,"hal_peak":18222796,"peak_within_bounded":true,"admitted_budget_bytes":18222796,"peak_within_admitted_budget":true,"admission_mode":"unconditional","hal_bytes_per_call_amortized":14706948.4,"process_rss_kb":45308,"process_rss_delta_init_kb":10372,"max_active_calls":1,"active_calls_now":0,"call_counter_balanced":true}
.EVS Port1 1980-012-14:35:12.66267 66/1/CFE_SB 17: Msg Limit Err,MsgId 0x800,pipe AI_LEARNER_PIPE,sender CFE_ES
EVS Port1 1980-012-14:35:16.00837 66/1/AI_LEARNER 4: AI_LEARNER completed=10/10 mean=7918616.9us max=8209962.5us hal_peak=18222796 within_bounded=1
{"app":"AI_LEARNER","stage":"run","model":"smartcam","target":"aarch64-unknown-linux-gnu","attempted":10,"completed":10,"fail_input":0,"fail_invoke":0,"fail_output":0,"mean_us":7918616.92,"max_us":8209962.46,"last_us":7771921.38,"out0":0.85892,"out_elems":3,"out_sha256":"989d0c885c469a1267e327d7f6eaaa990ed94dab35f064968afaff7105ad4b34","out_head":[0.858921,0.111592,0.029487],"out_tail":[0.858921,0.111592,0.029487],"out_full_file":"/cf/last_out.json","out_full_file_bytes":118,"out_full_file_reason":"ok","out_record_truncates":false}
{"app":"AI_LEARNER","stage":"mem","model":"smartcam","target":"aarch64-unknown-linux-gnu","completed":10,"hal_peak":18222796,"peak_within_bounded":true,"admitted_budget_bytes":18222796,"peak_within_admitted_budget":true,"admission_mode":"unconditional","hal_bytes_per_call_amortized":14114251.6,"process_rss_kb":45308,"process_rss_delta_init_kb":10372,"max_active_calls":1,"active_calls_now":0,"call_counter_balanced":true}
.EVS Port1 1980-012-14:35:20.66203 66/1/CFE_SB 17: Msg Limit Err,MsgId 0x800,pipe AI_LEARNER_PIPE,sender CFE_ES
.EVS Port1 1980-012-14:35:23.00885 66/1/CFE_TIME 21: Stop FLYWHEEL
EVS Port1 1980-012-14:35:23.99882 66/1/CFE_TIME 20: Start FLYWHEEL
EVS Port1 1980-012-14:35:24.26756 66/1/AI_LEARNER 4: AI_LEARNER completed=11/11 mean=7950321.1us max=8267362.5us hal_peak=18222796 within_bounded=1
{"app":"AI_LEARNER","stage":"run","model":"smartcam","target":"aarch64-unknown-linux-gnu","attempted":11,"completed":11,"fail_input":0,"fail_invoke":0,"fail_output":0,"mean_us":7950321.06,"max_us":8267362.51,"last_us":8267362.51,"out0":0.85892,"out_elems":3,"out_sha256":"989d0c885c469a1267e327d7f6eaaa990ed94dab35f064968afaff7105ad4b34","out_head":[0.858921,0.111592,0.029487],"out_tail":[0.858921,0.111592,0.029487],"out_full_file":"/cf/last_out.json","out_full_file_bytes":118,"out_full_file_reason":"ok","out_record_truncates":false}
{"app":"AI_LEARNER","stage":"mem","model":"smartcam","target":"aarch64-unknown-linux-gnu","completed":11,"hal_peak":18222796,"peak_within_bounded":true,"admitted_budget_bytes":18222796,"peak_within_admitted_budget":true,"admission_mode":"unconditional","hal_bytes_per_call_amortized":13629317.8,"process_rss_kb":45308,"process_rss_delta_init_kb":10372,"max_active_calls":1,"active_calls_now":0,"call_counter_balanced":true}
EVS Port1 1980-012-14:35:28.67286 66/1/CFE_SB 17: Msg Limit Err,MsgId 0x800,pipe AI_LEARNER_PIPE,sender CFE_ES
.EVS Port1 1980-012-14:35:32.01876 66/1/AI_LEARNER 4: AI_LEARNER completed=12/12 mean=7932279.4us max=8267362.5us hal_peak=18222796 within_bounded=1
{"app":"AI_LEARNER","stage":"run","model":"smartcam","target":"aarch64-unknown-linux-gnu","attempted":12,"completed":12,"fail_input":0,"fail_invoke":0,"fail_output":0,"mean_us":7932279.37,"max_us":8267362.51,"last_us":7733820.75,"out0":0.85892,"out_elems":3,"out_sha256":"989d0c885c469a1267e327d7f6eaaa990ed94dab35f064968afaff7105ad4b34","out_head":[0.858921,0.111592,0.029487],"out_tail":[0.858921,0.111592,0.029487],"out_full_file":"/cf/last_out.json","out_full_file_bytes":118,"out_full_file_reason":"ok","out_record_truncates":false}
{"app":"AI_LEARNER","stage":"mem","model":"smartcam","target":"aarch64-unknown-linux-gnu","completed":12,"hal_peak":18222796,"peak_within_bounded":true,"admitted_budget_bytes":18222796,"peak_within_admitted_budget":true,"admission_mode":"unconditional","hal_bytes_per_call_amortized":13225206.3,"process_rss_kb":45308,"process_rss_delta_init_kb":10372,"max_active_calls":1,"active_calls_now":0,"call_counter_balanced":true}
.EVS Port1 1980-012-14:35:36.22998 66/1/HS 61: CPU Hogging Detected
1980-012-14:35:36.23303 HS App: CPU Hogging Detected
EVS Port1 1980-012-14:35:36.66291 66/1/CFE_SB 17: Msg Limit Err,MsgId 0x800,pipe AI_LEARNER_PIPE,sender CFE_ES
EVS Port1 1980-012-14:35:39.62057 66/1/AI_LEARNER 4: AI_LEARNER completed=13/13 mean=7905684.4us max=8267362.5us hal_peak=18222796 within_bounded=1
{"app":"AI_LEARNER","stage":"run","model":"smartcam","target":"aarch64-unknown-linux-gnu","attempted":13,"completed":13,"fail_input":0,"fail_invoke":0,"fail_output":0,"mean_us":7905684.40,"max_us":8267362.51,"last_us":7586544.83,"out0":0.85892,"out_elems":3,"out_sha256":"989d0c885c469a1267e327d7f6eaaa990ed94dab35f064968afaff7105ad4b34","out_head":[0.858921,0.111592,0.029487],"out_tail":[0.858921,0.111592,0.029487],"out_full_file":"/cf/last_out.json","out_full_file_bytes":118,"out_full_file_reason":"ok","out_record_truncates":false}
{"app":"AI_LEARNER","stage":"mem","model":"smartcam","target":"aarch64-unknown-linux-gnu","completed":13,"hal_peak":18222796,"peak_within_bounded":true,"admitted_budget_bytes":18222796,"peak_within_admitted_budget":true,"admission_mode":"unconditional","hal_bytes_per_call_amortized":12883265.8,"process_rss_kb":45308,"process_rss_delta_init_kb":10372,"max_active_calls":1,"active_calls_now":0,"call_counter_balanced":true}
.EVS Port1 1980-012-14:35:44.66737 66/1/CFE_SB 17: Msg Limit Err,MsgId 0x800,pipe AI_LEARNER_PIPE,sender CFE_ES
.EVS Port1 1980-012-14:35:47.59222 66/1/AI_LEARNER 4: AI_LEARNER completed=14/14 mean=7909610.9us max=8267362.5us hal_peak=18222796 within_bounded=1
{"app":"AI_LEARNER","stage":"run","model":"smartcam","target":"aarch64-unknown-linux-gnu","attempted":14,"completed":14,"fail_input":0,"fail_invoke":0,"fail_output":0,"mean_us":7909610.86,"max_us":8267362.51,"last_us":7960654.74,"out0":0.85892,"out_elems":3,"out_sha256":"989d0c885c469a1267e327d7f6eaaa990ed94dab35f064968afaff7105ad4b34","out_head":[0.858921,0.111592,0.029487],"out_tail":[0.858921,0.111592,0.029487],"out_full_file":"/cf/last_out.json","out_full_file_bytes":118,"out_full_file_reason":"ok","out_record_truncates":false}
{"app":"AI_LEARNER","stage":"mem","model":"smartcam","target":"aarch64-unknown-linux-gnu","completed":14,"hal_peak":18222796,"peak_within_bounded":true,"admitted_budget_bytes":18222796,"peak_within_admitted_budget":true,"admission_mode":"unconditional","hal_bytes_per_call_amortized":12590174.0,"process_rss_kb":45308,"process_rss_delta_init_kb":10372,"max_active_calls":1,"active_calls_now":0,"call_counter_balanced":true}
EVS Port1 1980-012-14:35:52.66839 66/1/CFE_SB 17: Msg Limit Err,MsgId 0x800,pipe AI_LEARNER_PIPE,sender CFE_ES
.EVS Port1 1980-012-14:35:55.68766 66/1/AI_LEARNER 4: AI_LEARNER completed=15/15 mean=7921493.1us max=8267362.5us hal_peak=18222796 within_bounded=1
{"app":"AI_LEARNER","stage":"run","model":"smartcam","target":"aarch64-unknown-linux-gnu","attempted":15,"completed":15,"fail_input":0,"fail_invoke":0,"fail_output":0,"mean_us":7921493.07,"max_us":8267362.51,"last_us":8087844.05,"out0":0.85892,"out_elems":3,"out_sha256":"989d0c885c469a1267e327d7f6eaaa990ed94dab35f064968afaff7105ad4b34","out_head":[0.858921,0.111592,0.029487],"out_tail":[0.858921,0.111592,0.029487],"out_full_file":"/cf/last_out.json","out_full_file_bytes":118,"out_full_file_reason":"ok","out_record_truncates":false}
{"app":"AI_LEARNER","stage":"mem","model":"smartcam","target":"aarch64-unknown-linux-gnu","completed":15,"hal_peak":18222796,"peak_within_bounded":true,"admitted_budget_bytes":18222796,"peak_within_admitted_budget":true,"admission_mode":"unconditional","hal_bytes_per_call_amortized":12336161.1,"process_rss_kb":45308,"process_rss_delta_init_kb":10372,"max_active_calls":1,"active_calls_now":0,"call_counter_balanced":true}
.EVS Port1 1980-012-14:36:00.66590 66/1/CFE_SB 17: Msg Limit Err,MsgId 0x800,pipe AI_LEARNER_PIPE,sender CFE_ES
EVS Port1 1980-012-14:36:03.68409 66/1/AI_LEARNER 4: AI_LEARNER completed=16/16 mean=7925139.6us max=8267362.5us hal_peak=18222796 within_bounded=1
{"app":"AI_LEARNER","stage":"run","model":"smartcam","target":"aarch64-unknown-linux-gnu","attempted":16,"completed":16,"fail_input":0,"fail_invoke":0,"fail_output":0,"mean_us":7925139.60,"max_us":8267362.51,"last_us":7979837.50,"out0":0.85892,"out_elems":3,"out_sha256":"989d0c885c469a1267e327d7f6eaaa990ed94dab35f064968afaff7105ad4b34","out_head":[0.858921,0.111592,0.029487],"out_tail":[0.858921,0.111592,0.029487],"out_full_file":"/cf/last_out.json","out_full_file_bytes":118,"out_full_file_reason":"ok","out_record_truncates":false}
{"app":"AI_LEARNER","stage":"mem","model":"smartcam","target":"aarch64-unknown-linux-gnu","completed":16,"hal_peak":18222796,"peak_within_bounded":true,"admitted_budget_bytes":18222796,"peak_within_admitted_budget":true,"admission_mode":"unconditional","hal_bytes_per_call_amortized":12113899.8,"process_rss_kb":45308,"process_rss_delta_init_kb":10372,"max_active_calls":1,"active_calls_now":0,"call_counter_balanced":true}
.EVS Port1 1980-012-14:36:08.66716 66/1/CFE_SB 17: Msg Limit Err,MsgId 0x800,pipe AI_LEARNER_PIPE,sender CFE_ES
.EVS Port1 1980-012-14:36:11.55491 66/1/AI_LEARNER 4: AI_LEARNER completed=17/17 mean=7920878.4us max=8267362.5us hal_peak=18222796 within_bounded=1
{"app":"AI_LEARNER","stage":"run","model":"smartcam","target":"aarch64-unknown-linux-gnu","attempted":17,"completed":17,"fail_input":0,"fail_invoke":0,"fail_output":0,"mean_us":7920878.39,"max_us":8267362.51,"last_us":7852699.17,"out0":0.85892,"out_elems":3,"out_sha256":"989d0c885c469a1267e327d7f6eaaa990ed94dab35f064968afaff7105ad4b34","out_head":[0.858921,0.111592,0.029487],"out_tail":[0.858921,0.111592,0.029487],"out_full_file":"/cf/last_out.json","out_full_file_bytes":118,"out_full_file_reason":"ok","out_record_truncates":false}
{"app":"AI_LEARNER","stage":"mem","model":"smartcam","target":"aarch64-unknown-linux-gnu","completed":17,"hal_peak":18222796,"peak_within_bounded":true,"admitted_budget_bytes":18222796,"peak_within_admitted_budget":true,"admission_mode":"unconditional","hal_bytes_per_call_amortized":11917786.8,"process_rss_kb":45308,"process_rss_delta_init_kb":10372,"max_active_calls":1,"active_calls_now":0,"call_counter_balanced":true}
EVS Port1 1980-012-14:36:16.66595 66/1/CFE_SB 17: Msg Limit Err,MsgId 0x800,pipe AI_LEARNER_PIPE,sender CFE_ES
.EVS Port1 1980-012-14:36:19.62149 66/1/AI_LEARNER 4: AI_LEARNER completed=18/18 mean=7928016.9us max=8267362.5us hal_peak=18222796 within_bounded=1
{"app":"AI_LEARNER","stage":"run","model":"smartcam","target":"aarch64-unknown-linux-gnu","attempted":18,"completed":18,"fail_input":0,"fail_invoke":0,"fail_output":0,"mean_us":7928016.89,"max_us":8267362.51,"last_us":8049371.26,"out0":0.85892,"out_elems":3,"out_sha256":"989d0c885c469a1267e327d7f6eaaa990ed94dab35f064968afaff7105ad4b34","out_head":[0.858921,0.111592,0.029487],"out_tail":[0.858921,0.111592,0.029487],"out_full_file":"/cf/last_out.json","out_full_file_bytes":118,"out_full_file_reason":"ok","out_record_truncates":false}
{"app":"AI_LEARNER","stage":"mem","model":"smartcam","target":"aarch64-unknown-linux-gnu","completed":18,"hal_peak":18222796,"peak_within_bounded":true,"admitted_budget_bytes":18222796,"peak_within_admitted_budget":true,"admission_mode":"unconditional","hal_bytes_per_call_amortized":11743464.2,"process_rss_kb":45308,"process_rss_delta_init_kb":10372,"max_active_calls":1,"active_calls_now":0,"call_counter_balanced":true}
EVS Port1 1980-012-14:36:23.00549 66/1/CFE_TIME 21: Stop FLYWHEEL
.EVS Port1 1980-012-14:36:23.99319 66/1/CFE_TIME 20: Start FLYWHEEL
EVS Port1 1980-012-14:36:24.66755 66/1/CFE_SB 17: Msg Limit Err,MsgId 0x800,pipe AI_LEARNER_PIPE,sender CFE_ES
EVS Port1 1980-012-14:36:27.44805 66/1/AI_LEARNER 4: AI_LEARNER completed=19/19 mean=7923983.8us max=8267362.5us hal_peak=18222796 within_bounded=1
{"app":"AI_LEARNER","stage":"run","model":"smartcam","target":"aarch64-unknown-linux-gnu","attempted":19,"completed":19,"fail_input":0,"fail_invoke":0,"fail_output":0,"mean_us":7923983.76,"max_us":8267362.51,"last_us":7851387.42,"out0":0.85892,"out_elems":3,"out_sha256":"989d0c885c469a1267e327d7f6eaaa990ed94dab35f064968afaff7105ad4b34","out_head":[0.858921,0.111592,0.029487],"out_tail":[0.858921,0.111592,0.029487],"out_full_file":"/cf/last_out.json","out_full_file_bytes":118,"out_full_file_reason":"ok","out_record_truncates":false}
{"app":"AI_LEARNER","stage":"mem","model":"smartcam","target":"aarch64-unknown-linux-gnu","completed":19,"hal_peak":18222796,"peak_within_bounded":true,"admitted_budget_bytes":18222796,"peak_within_admitted_budget":true,"admission_mode":"unconditional","hal_bytes_per_call_amortized":11587491.4,"process_rss_kb":45308,"process_rss_delta_init_kb":10372,"max_active_calls":1,"active_calls_now":0,"call_counter_balanced":true}
.EVS Port1 1980-012-14:36:32.65626 66/1/CFE_SB 17: Msg Limit Err,MsgId 0x800,pipe AI_LEARNER_PIPE,sender CFE_ES
.EVS Port1 1980-012-14:36:35.48167 66/1/AI_LEARNER 4: AI_LEARNER completed=20/20 mean=7927909.2us max=8267362.5us hal_peak=18222796 within_bounded=1
{"app":"AI_LEARNER","stage":"run","model":"smartcam","target":"aarch64-unknown-linux-gnu","attempted":20,"completed":20,"fail_input":0,"fail_invoke":0,"fail_output":0,"mean_us":7927909.21,"max_us":8267362.51,"last_us":8002492.77,"out0":0.85892,"out_elems":3,"out_sha256":"989d0c885c469a1267e327d7f6eaaa990ed94dab35f064968afaff7105ad4b34","out_head":[0.858921,0.111592,0.029487],"out_tail":[0.858921,0.111592,0.029487],"out_full_file":"/cf/last_out.json","out_full_file_bytes":118,"out_full_file_reason":"ok","out_record_truncates":false}
{"app":"AI_LEARNER","stage":"mem","model":"smartcam","target":"aarch64-unknown-linux-gnu","completed":20,"hal_peak":18222796,"peak_within_bounded":true,"admitted_budget_bytes":18222796,"peak_within_admitted_budget":true,"admission_mode":"unconditional","hal_bytes_per_call_amortized":11447115.8,"process_rss_kb":45308,"process_rss_delta_init_kb":10372,"max_active_calls":1,"active_calls_now":0,"call_counter_balanced":true}
.EVS Port1 1980-012-14:36:43.49314 66/1/AI_LEARNER 4: AI_LEARNER completed=21/21 mean=7931148.3us max=8267362.5us hal_peak=18222796 within_bounded=1
{"app":"AI_LEARNER","stage":"run","model":"smartcam","target":"aarch64-unknown-linux-gnu","attempted":21,"completed":21,"fail_input":0,"fail_invoke":0,"fail_output":0,"mean_us":7931148.27,"max_us":8267362.51,"last_us":7995929.57,"out0":0.85892,"out_elems":3,"out_sha256":"989d0c885c469a1267e327d7f6eaaa990ed94dab35f064968afaff7105ad4b34","out_head":[0.858921,0.111592,0.029487],"out_tail":[0.858921,0.111592,0.029487],"out_full_file":"/cf/last_out.json","out_full_file_bytes":118,"out_full_file_reason":"ok","out_record_truncates":false}
{"app":"AI_LEARNER","stage":"mem","model":"smartcam","target":"aarch64-unknown-linux-gnu","completed":21,"hal_peak":18222796,"peak_within_bounded":true,"admitted_budget_bytes":18222796,"peak_within_admitted_budget":true,"admission_mode":"unconditional","hal_bytes_per_call_amortized":11320109.3,"process_rss_kb":45308,"process_rss_delta_init_kb":10372,"max_active_calls":1,"active_calls_now":0,"call_counter_balanced":true}
.EVS Port1 1980-012-14:36:51.60177 66/1/AI_LEARNER 4: AI_LEARNER completed=22/22 mean=7938401.1us max=8267362.5us hal_peak=18222796 within_bounded=1
{"app":"AI_LEARNER","stage":"run","model":"smartcam","target":"aarch64-unknown-linux-gnu","attempted":22,"completed":22,"fail_input":0,"fail_invoke":0,"fail_output":0,"mean_us":7938401.13,"max_us":8267362.51,"last_us":8090711.14,"out0":0.85892,"out_elems":3,"out_sha256":"989d0c885c469a1267e327d7f6eaaa990ed94dab35f064968afaff7105ad4b34","out_head":[0.858921,0.111592,0.029487],"out_tail":[0.858921,0.111592,0.029487],"out_full_file":"/cf/last_out.json","out_full_file_bytes":118,"out_full_file_reason":"ok","out_record_truncates":false}
{"app":"AI_LEARNER","stage":"mem","model":"smartcam","target":"aarch64-unknown-linux-gnu","completed":22,"hal_peak":18222796,"peak_within_bounded":true,"admitted_budget_bytes":18222796,"peak_within_admitted_budget":true,"admission_mode":"unconditional","hal_bytes_per_call_amortized":11204648.9,"process_rss_kb":45308,"process_rss_delta_init_kb":10372,"max_active_calls":1,"active_calls_now":0,"call_counter_balanced":true}
EVS Port1 1980-012-14:36:53.00407 66/1/CFE_TIME 21: Stop FLYWHEEL
.EVS Port1 1980-012-14:36:53.99896 66/1/CFE_TIME 20: Start FLYWHEEL
.EVS Port1 1980-012-14:36:59.39123 66/1/AI_LEARNER 4: AI_LEARNER completed=23/23 mean=7932045.8us max=8267362.5us hal_peak=18222796 within_bounded=1
{"app":"AI_LEARNER","stage":"run","model":"smartcam","target":"aarch64-unknown-linux-gnu","attempted":23,"completed":23,"fail_input":0,"fail_invoke":0,"fail_output":0,"mean_us":7932045.80,"max_us":8267362.51,"last_us":7792228.53,"out0":0.85892,"out_elems":3,"out_sha256":"989d0c885c469a1267e327d7f6eaaa990ed94dab35f064968afaff7105ad4b34","out_head":[0.858921,0.111592,0.029487],"out_tail":[0.858921,0.111592,0.029487],"out_full_file":"/cf/last_out.json","out_full_file_bytes":118,"out_full_file_reason":"ok","out_record_truncates":false}
{"app":"AI_LEARNER","stage":"mem","model":"smartcam","target":"aarch64-unknown-linux-gnu","completed":23,"hal_peak":18222796,"peak_within_bounded":true,"admitted_budget_bytes":18222796,"peak_within_admitted_budget":true,"admission_mode":"unconditional","hal_bytes_per_call_amortized":11099228.5,"process_rss_kb":45308,"process_rss_delta_init_kb":10372,"max_active_calls":1,"active_calls_now":0,"call_counter_balanced":true}
.EVS Port1 1980-012-14:37:07.04203 66/1/AI_LEARNER 4: AI_LEARNER completed=24/24 mean=7919865.7us max=8267362.5us hal_peak=18222796 within_bounded=1
{"app":"AI_LEARNER","stage":"run","model":"smartcam","target":"aarch64-unknown-linux-gnu","attempted":24,"completed":24,"fail_input":0,"fail_invoke":0,"fail_output":0,"mean_us":7919865.72,"max_us":8267362.51,"last_us":7639723.84,"out0":0.85892,"out_elems":3,"out_sha256":"989d0c885c469a1267e327d7f6eaaa990ed94dab35f064968afaff7105ad4b34","out_head":[0.858921,0.111592,0.029487],"out_tail":[0.858921,0.111592,0.029487],"out_full_file":"/cf/last_out.json","out_full_file_bytes":118,"out_full_file_reason":"ok","out_record_truncates":false}
{"app":"AI_LEARNER","stage":"mem","model":"smartcam","target":"aarch64-unknown-linux-gnu","completed":24,"hal_peak":18222796,"peak_within_bounded":true,"admitted_budget_bytes":18222796,"peak_within_admitted_budget":true,"admission_mode":"unconditional","hal_bytes_per_call_amortized":11002593.2,"process_rss_kb":45308,"process_rss_delta_init_kb":10372,"max_active_calls":1,"active_calls_now":0,"call_counter_balanced":true}
.EVS Port1 1980-012-14:37:14.91598 66/1/AI_LEARNER 4: AI_LEARNER completed=25/25 mean=7917160.8us max=8267362.5us hal_peak=18222796 within_bounded=1
{"app":"AI_LEARNER","stage":"run","model":"smartcam","target":"aarch64-unknown-linux-gnu","attempted":25,"completed":25,"fail_input":0,"fail_invoke":0,"fail_output":0,"mean_us":7917160.82,"max_us":8267362.51,"last_us":7852243.25,"out0":0.85892,"out_elems":3,"out_sha256":"989d0c885c469a1267e327d7f6eaaa990ed94dab35f064968afaff7105ad4b34","out_head":[0.858921,0.111592,0.029487],"out_tail":[0.858921,0.111592,0.029487],"out_full_file":"/cf/last_out.json","out_full_file_bytes":118,"out_full_file_reason":"ok","out_record_truncates":false}
{"app":"AI_LEARNER","stage":"mem","model":"smartcam","target":"aarch64-unknown-linux-gnu","completed":25,"hal_peak":18222796,"peak_within_bounded":true,"admitted_budget_bytes":18222796,"peak_within_admitted_budget":true,"admission_mode":"unconditional","hal_bytes_per_call_amortized":10913688.6,"process_rss_kb":45308,"process_rss_delta_init_kb":10372,"max_active_calls":1,"active_calls_now":0,"call_counter_balanced":true}
.EVS Port1 1980-012-14:37:22.87651 66/1/AI_LEARNER 4: AI_LEARNER completed=26/26 mean=7918309.2us max=8267362.5us hal_peak=18222796 within_bounded=1
{"app":"AI_LEARNER","stage":"run","model":"smartcam","target":"aarch64-unknown-linux-gnu","attempted":26,"completed":26,"fail_input":0,"fail_invoke":0,"fail_output":0,"mean_us":7918309.18,"max_us":8267362.51,"last_us":7947018.21,"out0":0.85892,"out_elems":3,"out_sha256":"989d0c885c469a1267e327d7f6eaaa990ed94dab35f064968afaff7105ad4b34","out_head":[0.858921,0.111592,0.029487],"out_tail":[0.858921,0.111592,0.029487],"out_full_file":"/cf/last_out.json","out_full_file_bytes":118,"out_full_file_reason":"ok","out_record_truncates":false}
{"app":"AI_LEARNER","stage":"mem","model":"smartcam","target":"aarch64-unknown-linux-gnu","completed":26,"hal_peak":18222796,"peak_within_bounded":true,"admitted_budget_bytes":18222796,"peak_within_admitted_budget":true,"admission_mode":"unconditional","hal_bytes_per_call_amortized":10831622.9,"process_rss_kb":45308,"process_rss_delta_init_kb":10372,"max_active_calls":1,"active_calls_now":0,"call_counter_balanced":true}
..EVS Port1 1980-012-14:37:30.95918 66/1/AI_LEARNER 4: AI_LEARNER completed=27/27 mean=7924143.2us max=8267362.5us hal_peak=18222796 within_bounded=1
{"app":"AI_LEARNER","stage":"run","model":"smartcam","target":"aarch64-unknown-linux-gnu","attempted":27,"completed":27,"fail_input":0,"fail_invoke":0,"fail_output":0,"mean_us":7924143.22,"max_us":8267362.51,"last_us":8075828.34,"out0":0.85892,"out_elems":3,"out_sha256":"989d0c885c469a1267e327d7f6eaaa990ed94dab35f064968afaff7105ad4b34","out_head":[0.858921,0.111592,0.029487],"out_tail":[0.858921,0.111592,0.029487],"out_full_file":"/cf/last_out.json","out_full_file_bytes":118,"out_full_file_reason":"ok","out_record_truncates":false}
{"app":"AI_LEARNER","stage":"mem","model":"smartcam","target":"aarch64-unknown-linux-gnu","completed":27,"hal_peak":18222796,"peak_within_bounded":true,"admitted_budget_bytes":18222796,"peak_within_admitted_budget":true,"admission_mode":"unconditional","hal_bytes_per_call_amortized":10755636.1,"process_rss_kb":45308,"process_rss_delta_init_kb":10372,"max_active_calls":1,"active_calls_now":0,"call_counter_balanced":true}
.EVS Port1 1980-012-14:37:39.01805 66/1/AI_LEARNER 4: AI_LEARNER completed=28/28 mean=7928142.5us max=8267362.5us hal_peak=18222796 within_bounded=1
{"app":"AI_LEARNER","stage":"run","model":"smartcam","target":"aarch64-unknown-linux-gnu","attempted":28,"completed":28,"fail_input":0,"fail_invoke":0,"fail_output":0,"mean_us":7928142.54,"max_us":8267362.51,"last_us":8036124.00,"out0":0.85892,"out_elems":3,"out_sha256":"989d0c885c469a1267e327d7f6eaaa990ed94dab35f064968afaff7105ad4b34","out_head":[0.858921,0.111592,0.029487],"out_tail":[0.858921,0.111592,0.029487],"out_full_file":"/cf/last_out.json","out_full_file_bytes":118,"out_full_file_reason":"ok","out_record_truncates":false}
{"app":"AI_LEARNER","stage":"mem","model":"smartcam","target":"aarch64-unknown-linux-gnu","completed":28,"hal_peak":18222796,"peak_within_bounded":true,"admitted_budget_bytes":18222796,"peak_within_admitted_budget":true,"admission_mode":"unconditional","hal_bytes_per_call_amortized":10685077.0,"process_rss_kb":45308,"process_rss_delta_init_kb":10372,"max_active_calls":1,"active_calls_now":0,"call_counter_balanced":true}
.EVS Port1 1980-012-14:37:46.98402 66/1/AI_LEARNER 4: AI_LEARNER completed=29/29 mean=7928830.7us max=8267362.5us hal_peak=18222796 within_bounded=1
{"app":"AI_LEARNER","stage":"run","model":"smartcam","target":"aarch64-unknown-linux-gnu","attempted":29,"completed":29,"fail_input":0,"fail_invoke":0,"fail_output":0,"mean_us":7928830.67,"max_us":8267362.51,"last_us":7948098.37,"out0":0.85892,"out_elems":3,"out_sha256":"989d0c885c469a1267e327d7f6eaaa990ed94dab35f064968afaff7105ad4b34","out_head":[0.858921,0.111592,0.029487],"out_tail":[0.858921,0.111592,0.029487],"out_full_file":"/cf/last_out.json","out_full_file_bytes":118,"out_full_file_reason":"ok","out_record_truncates":false}
{"app":"AI_LEARNER","stage":"mem","model":"smartcam","target":"aarch64-unknown-linux-gnu","completed":29,"hal_peak":18222796,"peak_within_bounded":true,"admitted_budget_bytes":18222796,"peak_within_admitted_budget":true,"admission_mode":"unconditional","hal_bytes_per_call_amortized":10619384.0,"process_rss_kb":45308,"process_rss_delta_init_kb":10372,"max_active_calls":1,"active_calls_now":0,"call_counter_balanced":true}
..EVS Port1 1980-012-14:37:54.95692 66/1/AI_LEARNER 4: AI_LEARNER completed=30/30 mean=7929622.9us max=8267362.5us hal_peak=18222796 within_bounded=1
{"app":"AI_LEARNER","stage":"run","model":"smartcam","target":"aarch64-unknown-linux-gnu","attempted":30,"completed":30,"fail_input":0,"fail_invoke":0,"fail_output":0,"mean_us":7929622.93,"max_us":8267362.51,"last_us":7952598.45,"out0":0.85892,"out_elems":3,"out_sha256":"989d0c885c469a1267e327d7f6eaaa990ed94dab35f064968afaff7105ad4b34","out_head":[0.858921,0.111592,0.029487],"out_tail":[0.858921,0.111592,0.029487],"out_full_file":"/cf/last_out.json","out_full_file_bytes":118,"out_full_file_reason":"ok","out_record_truncates":false}
{"app":"AI_LEARNER","stage":"mem","model":"smartcam","target":"aarch64-unknown-linux-gnu","completed":30,"hal_peak":18222796,"peak_within_bounded":true,"admitted_budget_bytes":18222796,"peak_within_admitted_budget":true,"admission_mode":"unconditional","hal_bytes_per_call_amortized":10558070.5,"process_rss_kb":45308,"process_rss_delta_init_kb":10372,"max_active_calls":1,"active_calls_now":0,"call_counter_balanced":true}
.EVS Port1 1980-012-14:38:02.78999 66/1/AI_LEARNER 4: AI_LEARNER completed=31/31 mean=7926171.7us max=8267362.5us hal_peak=18222796 within_bounded=1
{"app":"AI_LEARNER","stage":"run","model":"smartcam","target":"aarch64-unknown-linux-gnu","attempted":31,"completed":31,"fail_input":0,"fail_invoke":0,"fail_output":0,"mean_us":7926171.69,"max_us":8267362.51,"last_us":7822634.70,"out0":0.85892,"out_elems":3,"out_sha256":"989d0c885c469a1267e327d7f6eaaa990ed94dab35f064968afaff7105ad4b34","out_head":[0.858921,0.111592,0.029487],"out_tail":[0.858921,0.111592,0.029487],"out_full_file":"/cf/last_out.json","out_full_file_bytes":118,"out_full_file_reason":"ok","out_record_truncates":false}
{"app":"AI_LEARNER","stage":"mem","model":"smartcam","target":"aarch64-unknown-linux-gnu","completed":31,"hal_peak":18222796,"peak_within_bounded":true,"admitted_budget_bytes":18222796,"peak_within_admitted_budget":true,"admission_mode":"unconditional","hal_bytes_per_call_amortized":10500712.8,"process_rss_kb":45308,"process_rss_delta_init_kb":10372,"max_active_calls":1,"active_calls_now":0,"call_counter_balanced":true}
.EVS Port1 1980-012-14:38:10.73982 66/1/AI_LEARNER 4: AI_LEARNER completed=32/32 mean=7924620.1us max=8267362.5us hal_peak=18222796 within_bounded=1
{"app":"AI_LEARNER","stage":"run","model":"smartcam","target":"aarch64-unknown-linux-gnu","attempted":32,"completed":32,"fail_input":0,"fail_invoke":0,"fail_output":0,"mean_us":7924620.10,"max_us":8267362.51,"last_us":7876520.70,"out0":0.85892,"out_elems":3,"out_sha256":"989d0c885c469a1267e327d7f6eaaa990ed94dab35f064968afaff7105ad4b34","out_head":[0.858921,0.111592,0.029487],"out_tail":[0.858921,0.111592,0.029487],"out_full_file":"/cf/last_out.json","out_full_file_bytes":118,"out_full_file_reason":"ok","out_record_truncates":false}
{"app":"AI_LEARNER","stage":"mem","model":"smartcam","target":"aarch64-unknown-linux-gnu","completed":32,"hal_peak":18222796,"peak_within_bounded":true,"admitted_budget_bytes":18222796,"peak_within_admitted_budget":true,"admission_mode":"unconditional","hal_bytes_per_call_amortized":10446939.9,"process_rss_kb":45308,"process_rss_delta_init_kb":10372,"max_active_calls":1,"active_calls_now":0,"call_counter_balanced":true}
..EVS Port1 1980-012-14:38:18.66648 66/1/AI_LEARNER 4: AI_LEARNER completed=33/33 mean=7924177.2us max=8267362.5us hal_peak=18222796 within_bounded=1
{"app":"AI_LEARNER","stage":"run","model":"smartcam","target":"aarch64-unknown-linux-gnu","attempted":33,"completed":33,"fail_input":0,"fail_invoke":0,"fail_output":0,"mean_us":7924177.21,"max_us":8267362.51,"last_us":7910004.83,"out0":0.85892,"out_elems":3,"out_sha256":"989d0c885c469a1267e327d7f6eaaa990ed94dab35f064968afaff7105ad4b34","out_head":[0.858921,0.111592,0.029487],"out_tail":[0.858921,0.111592,0.029487],"out_full_file":"/cf/last_out.json","out_full_file_bytes":118,"out_full_file_reason":"ok","out_record_truncates":false}
{"app":"AI_LEARNER","stage":"mem","model":"smartcam","target":"aarch64-unknown-linux-gnu","completed":33,"hal_peak":18222796,"peak_within_bounded":true,"admitted_budget_bytes":18222796,"peak_within_admitted_budget":true,"admission_mode":"unconditional","hal_bytes_per_call_amortized":10396425.9,"process_rss_kb":45308,"process_rss_delta_init_kb":10372,"max_active_calls":1,"active_calls_now":0,"call_counter_balanced":true}
.EVS Port1 1980-012-14:38:26.61280 66/1/AI_LEARNER 4: AI_LEARNER completed=34/34 mean=7924244.3us max=8267362.5us hal_peak=18222796 within_bounded=1
{"app":"AI_LEARNER","stage":"run","model":"smartcam","target":"aarch64-unknown-linux-gnu","attempted":34,"completed":34,"fail_input":0,"fail_invoke":0,"fail_output":0,"mean_us":7924244.27,"max_us":8267362.51,"last_us":7926457.26,"out0":0.85892,"out_elems":3,"out_sha256":"989d0c885c469a1267e327d7f6eaaa990ed94dab35f064968afaff7105ad4b34","out_head":[0.858921,0.111592,0.029487],"out_tail":[0.858921,0.111592,0.029487],"out_full_file":"/cf/last_out.json","out_full_file_bytes":118,"out_full_file_reason":"ok","out_record_truncates":false}
{"app":"AI_LEARNER","stage":"mem","model":"smartcam","target":"aarch64-unknown-linux-gnu","completed":34,"hal_peak":18222796,"peak_within_bounded":true,"admitted_budget_bytes":18222796,"peak_within_admitted_budget":true,"admission_mode":"unconditional","hal_bytes_per_call_amortized":10348883.4,"process_rss_kb":45308,"process_rss_delta_init_kb":10372,"max_active_calls":1,"active_calls_now":0,"call_counter_balanced":true}
.EVS Port1 1980-012-14:38:34.44812 66/1/AI_LEARNER 4: AI_LEARNER completed=35/35 mean=7921297.0us max=8267362.5us hal_peak=18222796 within_bounded=1
{"app":"AI_LEARNER","stage":"run","model":"smartcam","target":"aarch64-unknown-linux-gnu","attempted":35,"completed":35,"fail_input":0,"fail_invoke":0,"fail_output":0,"mean_us":7921297.00,"max_us":8267362.51,"last_us":7821089.57,"out0":0.85892,"out_elems":3,"out_sha256":"989d0c885c469a1267e327d7f6eaaa990ed94dab35f064968afaff7105ad4b34","out_head":[0.858921,0.111592,0.029487],"out_tail":[0.858921,0.111592,0.029487],"out_full_file":"/cf/last_out.json","out_full_file_bytes":118,"out_full_file_reason":"ok","out_record_truncates":false}
{"app":"AI_LEARNER","stage":"mem","model":"smartcam","target":"aarch64-unknown-linux-gnu","completed":35,"hal_peak":18222796,"peak_within_bounded":true,"admitted_budget_bytes":18222796,"peak_within_admitted_budget":true,"admission_mode":"unconditional","hal_bytes_per_call_amortized":10304057.6,"process_rss_kb":45308,"process_rss_delta_init_kb":10372,"max_active_calls":1,"active_calls_now":0,"call_counter_balanced":true}
..EVS Port1 1980-012-14:38:42.82067 66/1/AI_LEARNER 4: AI_LEARNER completed=36/36 mean=7933379.3us max=8356261.0us hal_peak=18222796 within_bounded=1
{"app":"AI_LEARNER","stage":"run","model":"smartcam","target":"aarch64-unknown-linux-gnu","attempted":36,"completed":36,"fail_input":0,"fail_invoke":0,"fail_output":0,"mean_us":7933379.33,"max_us":8356260.98,"last_us":8356260.98,"out0":0.85892,"out_elems":3,"out_sha256":"989d0c885c469a1267e327d7f6eaaa990ed94dab35f064968afaff7105ad4b34","out_head":[0.858921,0.111592,0.029487],"out_tail":[0.858921,0.111592,0.029487],"out_full_file":"/cf/last_out.json","out_full_file_bytes":118,"out_full_file_reason":"ok","out_record_truncates":false}
{"app":"AI_LEARNER","stage":"mem","model":"smartcam","target":"aarch64-unknown-linux-gnu","completed":36,"hal_peak":18222796,"peak_within_bounded":true,"admitted_budget_bytes":18222796,"peak_within_admitted_budget":true,"admission_mode":"unconditional","hal_bytes_per_call_amortized":10261722.1,"process_rss_kb":45308,"process_rss_delta_init_kb":10372,"max_active_calls":1,"active_calls_now":0,"call_counter_balanced":true}
.EVS Port1 1980-012-14:38:52.75898 66/1/AI_LEARNER 4: AI_LEARNER completed=37/37 mean=7987038.7us max=9918777.3us hal_peak=18222796 within_bounded=1
{"app":"AI_LEARNER","stage":"run","model":"smartcam","target":"aarch64-unknown-linux-gnu","attempted":37,"completed":37,"fail_input":0,"fail_invoke":0,"fail_output":0,"mean_us":7987038.73,"max_us":9918777.30,"last_us":9918777.30,"out0":0.85892,"out_elems":3,"out_sha256":"989d0c885c469a1267e327d7f6eaaa990ed94dab35f064968afaff7105ad4b34","out_head":[0.858921,0.111592,0.029487],"out_tail":[0.858921,0.111592,0.029487],"out_full_file":"/cf/last_out.json","out_full_file_bytes":118,"out_full_file_reason":"ok","out_record_truncates":false}
{"app":"AI_LEARNER","stage":"mem","model":"smartcam","target":"aarch64-unknown-linux-gnu","completed":37,"hal_peak":18222796,"peak_within_bounded":true,"admitted_budget_bytes":18222796,"peak_within_admitted_budget":true,"admission_mode":"unconditional","hal_bytes_per_call_amortized":10221675.0,"process_rss_kb":45308,"process_rss_delta_init_kb":10372,"max_active_calls":1,"active_calls_now":0,"call_counter_balanced":true}
..EVS Port1 1980-012-14:39:00.95425 66/1/AI_LEARNER 4: AI_LEARNER completed=38/38 mean=7992121.6us max=9918777.3us hal_peak=18222796 within_bounded=1
{"app":"AI_LEARNER","stage":"run","model":"smartcam","target":"aarch64-unknown-linux-gnu","attempted":38,"completed":38,"fail_input":0,"fail_invoke":0,"fail_output":0,"mean_us":7992121.57,"max_us":9918777.30,"last_us":8180186.62,"out0":0.85892,"out_elems":3,"out_sha256":"989d0c885c469a1267e327d7f6eaaa990ed94dab35f064968afaff7105ad4b34","out_head":[0.858921,0.111592,0.029487],"out_tail":[0.858921,0.111592,0.029487],"out_full_file":"/cf/last_out.json","out_full_file_bytes":118,"out_full_file_reason":"ok","out_record_truncates":false}
{"app":"AI_LEARNER","stage":"mem","model":"smartcam","target":"aarch64-unknown-linux-gnu","completed":38,"hal_peak":18222796,"peak_within_bounded":true,"admitted_budget_bytes":18222796,"peak_within_admitted_budget":true,"admission_mode":"unconditional","hal_bytes_per_call_amortized":10183735.7,"process_rss_kb":45308,"process_rss_delta_init_kb":10372,"max_active_calls":1,"active_calls_now":0,"call_counter_balanced":true}
.EVS Port1 1980-012-14:39:08.89227 66/1/AI_LEARNER 4: AI_LEARNER completed=39/39 mean=7989962.1us max=9918777.3us hal_peak=18222796 within_bounded=1
{"app":"AI_LEARNER","stage":"run","model":"smartcam","target":"aarch64-unknown-linux-gnu","attempted":39,"completed":39,"fail_input":0,"fail_invoke":0,"fail_output":0,"mean_us":7989962.10,"max_us":9918777.30,"last_us":7907902.10,"out0":0.85892,"out_elems":3,"out_sha256":"989d0c885c469a1267e327d7f6eaaa990ed94dab35f064968afaff7105ad4b34","out_head":[0.858921,0.111592,0.029487],"out_tail":[0.858921,0.111592,0.029487],"out_full_file":"/cf/last_out.json","out_full_file_bytes":118,"out_full_file_reason":"ok","out_record_truncates":false}
{"app":"AI_LEARNER","stage":"mem","model":"smartcam","target":"aarch64-unknown-linux-gnu","completed":39,"hal_peak":18222796,"peak_within_bounded":true,"admitted_budget_bytes":18222796,"peak_within_admitted_budget":true,"admission_mode":"unconditional","hal_bytes_per_call_amortized":10147741.9,"process_rss_kb":45308,"process_rss_delta_init_kb":10372,"max_active_calls":1,"active_calls_now":0,"call_counter_balanced":true}
.EVS Port1 1980-012-14:39:16.90794 66/1/AI_LEARNER 4: AI_LEARNER completed=40/40 mean=7990154.9us max=9918777.3us hal_peak=18222796 within_bounded=1
{"app":"AI_LEARNER","stage":"run","model":"smartcam","target":"aarch64-unknown-linux-gnu","attempted":40,"completed":40,"fail_input":0,"fail_invoke":0,"fail_output":0,"mean_us":7990154.85,"max_us":9918777.30,"last_us":7997672.19,"out0":0.85892,"out_elems":3,"out_sha256":"989d0c885c469a1267e327d7f6eaaa990ed94dab35f064968afaff7105ad4b34","out_head":[0.858921,0.111592,0.029487],"out_tail":[0.858921,0.111592,0.029487],"out_full_file":"/cf/last_out.json","out_full_file_bytes":118,"out_full_file_reason":"ok","out_record_truncates":false}
{"app":"AI_LEARNER","stage":"mem","model":"smartcam","target":"aarch64-unknown-linux-gnu","completed":40,"hal_peak":18222796,"peak_within_bounded":true,"admitted_budget_bytes":18222796,"peak_within_admitted_budget":true,"admission_mode":"unconditional","hal_bytes_per_call_amortized":10113547.9,"process_rss_kb":45308,"process_rss_delta_init_kb":10372,"max_active_calls":1,"active_calls_now":0,"call_counter_balanced":true}
..EVS Port1 1980-012-14:39:25.06793 66/1/AI_LEARNER 4: AI_LEARNER completed=41/41 mean=7994218.5us max=9918777.3us hal_peak=18222796 within_bounded=1
{"app":"AI_LEARNER","stage":"run","model":"smartcam","target":"aarch64-unknown-linux-gnu","attempted":41,"completed":41,"fail_input":0,"fail_invoke":0,"fail_output":0,"mean_us":7994218.49,"max_us":9918777.30,"last_us":8156763.84,"out0":0.85892,"out_elems":3,"out_sha256":"989d0c885c469a1267e327d7f6eaaa990ed94dab35f064968afaff7105ad4b34","out_head":[0.858921,0.111592,0.029487],"out_tail":[0.858921,0.111592,0.029487],"out_full_file":"/cf/last_out.json","out_full_file_bytes":118,"out_full_file_reason":"ok","out_record_truncates":false}
{"app":"AI_LEARNER","stage":"mem","model":"smartcam","target":"aarch64-unknown-linux-gnu","completed":41,"hal_peak":18222796,"peak_within_bounded":true,"admitted_budget_bytes":18222796,"peak_within_admitted_budget":true,"admission_mode":"unconditional","hal_bytes_per_call_amortized":10081021.9,"process_rss_kb":45308,"process_rss_delta_init_kb":10372,"max_active_calls":1,"active_calls_now":0,"call_counter_balanced":true}
.EVS Port1 1980-012-14:39:32.85858 66/1/AI_LEARNER 4: AI_LEARNER completed=42/42 mean=7988551.8us max=9918777.3us hal_peak=18222796 within_bounded=1
{"app":"AI_LEARNER","stage":"run","model":"smartcam","target":"aarch64-unknown-linux-gnu","attempted":42,"completed":42,"fail_input":0,"fail_invoke":0,"fail_output":0,"mean_us":7988551.76,"max_us":9918777.30,"last_us":7756216.00,"out0":0.85892,"out_elems":3,"out_sha256":"989d0c885c469a1267e327d7f6eaaa990ed94dab35f064968afaff7105ad4b34","out_head":[0.858921,0.111592,0.029487],"out_tail":[0.858921,0.111592,0.029487],"out_full_file":"/cf/last_out.json","out_full_file_bytes":118,"out_full_file_reason":"ok","out_record_truncates":false}
{"app":"AI_LEARNER","stage":"mem","model":"smartcam","target":"aarch64-unknown-linux-gnu","completed":42,"hal_peak":18222796,"peak_within_bounded":true,"admitted_budget_bytes":18222796,"peak_within_admitted_budget":true,"admission_mode":"unconditional","hal_bytes_per_call_amortized":10050044.7,"process_rss_kb":45308,"process_rss_delta_init_kb":10372,"max_active_calls":1,"active_calls_now":0,"call_counter_balanced":true}
.EVS Port1 1980-012-14:39:40.65345 66/1/AI_LEARNER 4: AI_LEARNER completed=43/43 mean=7983606.9us max=9918777.3us hal_peak=18222796 within_bounded=1
{"app":"AI_LEARNER","stage":"run","model":"smartcam","target":"aarch64-unknown-linux-gnu","attempted":43,"completed":43,"fail_input":0,"fail_invoke":0,"fail_output":0,"mean_us":7983606.86,"max_us":9918777.30,"last_us":7775921.22,"out0":0.85892,"out_elems":3,"out_sha256":"989d0c885c469a1267e327d7f6eaaa990ed94dab35f064968afaff7105ad4b34","out_head":[0.858921,0.111592,0.029487],"out_tail":[0.858921,0.111592,0.029487],"out_full_file":"/cf/last_out.json","out_full_file_bytes":118,"out_full_file_reason":"ok","out_record_truncates":false}
{"app":"AI_LEARNER","stage":"mem","model":"smartcam","target":"aarch64-unknown-linux-gnu","completed":43,"hal_peak":18222796,"peak_within_bounded":true,"admitted_budget_bytes":18222796,"peak_within_admitted_budget":true,"admission_mode":"unconditional","hal_bytes_per_call_amortized":10020508.3,"process_rss_kb":45308,"process_rss_delta_init_kb":10372,"max_active_calls":1,"active_calls_now":0,"call_counter_balanced":true}
..EVS Port1 1980-012-14:39:48.32710 66/1/AI_LEARNER 4: AI_LEARNER completed=44/44 mean=7975935.7us max=9918777.3us hal_peak=18222796 within_bounded=1
{"app":"AI_LEARNER","stage":"run","model":"smartcam","target":"aarch64-unknown-linux-gnu","attempted":44,"completed":44,"fail_input":0,"fail_invoke":0,"fail_output":0,"mean_us":7975935.68,"max_us":9918777.30,"last_us":7646074.61,"out0":0.85892,"out_elems":3,"out_sha256":"989d0c885c469a1267e327d7f6eaaa990ed94dab35f064968afaff7105ad4b34","out_head":[0.858921,0.111592,0.029487],"out_tail":[0.858921,0.111592,0.029487],"out_full_file":"/cf/last_out.json","out_full_file_bytes":118,"out_full_file_reason":"ok","out_record_truncates":false}
{"app":"AI_LEARNER","stage":"mem","model":"smartcam","target":"aarch64-unknown-linux-gnu","completed":44,"hal_peak":18222796,"peak_within_bounded":true,"admitted_budget_bytes":18222796,"peak_within_admitted_budget":true,"admission_mode":"unconditional","hal_bytes_per_call_amortized":9992314.5,"process_rss_kb":45308,"process_rss_delta_init_kb":10372,"max_active_calls":1,"active_calls_now":0,"call_counter_balanced":true}
.EVS Port1 1980-012-14:39:56.30693 66/1/AI_LEARNER 4: AI_LEARNER completed=45/45 mean=7975889.6us max=9918777.3us hal_peak=18222796 within_bounded=1
{"app":"AI_LEARNER","stage":"run","model":"smartcam","target":"aarch64-unknown-linux-gnu","attempted":45,"completed":45,"fail_input":0,"fail_invoke":0,"fail_output":0,"mean_us":7975889.56,"max_us":9918777.30,"last_us":7973860.34,"out0":0.85892,"out_elems":3,"out_sha256":"989d0c885c469a1267e327d7f6eaaa990ed94dab35f064968afaff7105ad4b34","out_head":[0.858921,0.111592,0.029487],"out_tail":[0.858921,0.111592,0.029487],"out_full_file":"/cf/last_out.json","out_full_file_bytes":118,"out_full_file_reason":"ok","out_record_truncates":false}
{"app":"AI_LEARNER","stage":"mem","model":"smartcam","target":"aarch64-unknown-linux-gnu","completed":45,"hal_peak":18222796,"peak_within_bounded":true,"admitted_budget_bytes":18222796,"peak_within_admitted_budget":true,"admission_mode":"unconditional","hal_bytes_per_call_amortized":9965373.7,"process_rss_kb":45308,"process_rss_delta_init_kb":10372,"max_active_calls":1,"active_calls_now":0,"call_counter_balanced":true}
.EVS Port1 1980-012-14:40:03.94027 66/1/AI_LEARNER 4: AI_LEARNER completed=46/46 mean=7968106.2us max=9918777.3us hal_peak=18222796 within_bounded=1
{"app":"AI_LEARNER","stage":"run","model":"smartcam","target":"aarch64-unknown-linux-gnu","attempted":46,"completed":46,"fail_input":0,"fail_invoke":0,"fail_output":0,"mean_us":7968106.21,"max_us":9918777.30,"last_us":7617855.74,"out0":0.85892,"out_elems":3,"out_sha256":"989d0c885c469a1267e327d7f6eaaa990ed94dab35f064968afaff7105ad4b34","out_head":[0.858921,0.111592,0.029487],"out_tail":[0.858921,0.111592,0.029487],"out_full_file":"/cf/last_out.json","out_full_file_bytes":118,"out_full_file_reason":"ok","out_record_truncates":false}
{"app":"AI_LEARNER","stage":"mem","model":"smartcam","target":"aarch64-unknown-linux-gnu","completed":46,"hal_peak":18222796,"peak_within_bounded":true,"admitted_budget_bytes":18222796,"peak_within_admitted_budget":true,"admission_mode":"unconditional","hal_bytes_per_call_amortized":9939604.3,"process_rss_kb":45308,"process_rss_delta_init_kb":10372,"max_active_calls":1,"active_calls_now":0,"call_counter_balanced":true}
..EVS Port1 1980-012-14:40:11.64479 66/1/AI_LEARNER 4: AI_LEARNER completed=47/47 mean=7961813.7us max=9918777.3us hal_peak=18222796 within_bounded=1
{"app":"AI_LEARNER","stage":"run","model":"smartcam","target":"aarch64-unknown-linux-gnu","attempted":47,"completed":47,"fail_input":0,"fail_invoke":0,"fail_output":0,"mean_us":7961813.70,"max_us":9918777.30,"last_us":7672357.89,"out0":0.85892,"out_elems":3,"out_sha256":"989d0c885c469a1267e327d7f6eaaa990ed94dab35f064968afaff7105ad4b34","out_head":[0.858921,0.111592,0.029487],"out_tail":[0.858921,0.111592,0.029487],"out_full_file":"/cf/last_out.json","out_full_file_bytes":118,"out_full_file_reason":"ok","out_record_truncates":false}
{"app":"AI_LEARNER","stage":"mem","model":"smartcam","target":"aarch64-unknown-linux-gnu","completed":47,"hal_peak":18222796,"peak_within_bounded":true,"admitted_budget_bytes":18222796,"peak_within_admitted_budget":true,"admission_mode":"unconditional","hal_bytes_per_call_amortized":9914931.4,"process_rss_kb":45308,"process_rss_delta_init_kb":10372,"max_active_calls":1,"active_calls_now":0,"call_counter_balanced":true}
EVS Port1 1980-012-14:40:13.00881 66/1/CFE_TIME 21: Stop FLYWHEEL
EVS Port1 1980-012-14:40:13.99664 66/1/CFE_TIME 20: Start FLYWHEEL
.EVS Port1 1980-012-14:40:19.34918 66/1/AI_LEARNER 4: AI_LEARNER completed=48/48 mean=7956975.6us max=9918777.3us hal_peak=18222796 within_bounded=1
{"app":"AI_LEARNER","stage":"run","model":"smartcam","target":"aarch64-unknown-linux-gnu","attempted":48,"completed":48,"fail_input":0,"fail_invoke":0,"fail_output":0,"mean_us":7956975.65,"max_us":9918777.30,"last_us":7729587.30,"out0":0.85892,"out_elems":3,"out_sha256":"989d0c885c469a1267e327d7f6eaaa990ed94dab35f064968afaff7105ad4b34","out_head":[0.858921,0.111592,0.029487],"out_tail":[0.858921,0.111592,0.029487],"out_full_file":"/cf/last_out.json","out_full_file_bytes":118,"out_full_file_reason":"ok","out_record_truncates":false}
{"app":"AI_LEARNER","stage":"mem","model":"smartcam","target":"aarch64-unknown-linux-gnu","completed":48,"hal_peak":18222796,"peak_within_bounded":true,"admitted_budget_bytes":18222796,"peak_within_admitted_budget":true,"admission_mode":"unconditional","hal_bytes_per_call_amortized":9891286.6,"process_rss_kb":45308,"process_rss_delta_init_kb":10372,"max_active_calls":1,"active_calls_now":0,"call_counter_balanced":true}
.EVS Port1 1980-012-14:40:27.32945 66/1/AI_LEARNER 4: AI_LEARNER completed=49/49 mean=7957147.9us max=9918777.3us hal_peak=18222796 within_bounded=1
{"app":"AI_LEARNER","stage":"run","model":"smartcam","target":"aarch64-unknown-linux-gnu","attempted":49,"completed":49,"fail_input":0,"fail_invoke":0,"fail_output":0,"mean_us":7957147.86,"max_us":9918777.30,"last_us":7965414.05,"out0":0.85892,"out_elems":3,"out_sha256":"989d0c885c469a1267e327d7f6eaaa990ed94dab35f064968afaff7105ad4b34","out_head":[0.858921,0.111592,0.029487],"out_tail":[0.858921,0.111592,0.029487],"out_full_file":"/cf/last_out.json","out_full_file_bytes":118,"out_full_file_reason":"ok","out_record_truncates":false}
{"app":"AI_LEARNER","stage":"mem","model":"smartcam","target":"aarch64-unknown-linux-gnu","completed":49,"hal_peak":18222796,"peak_within_bounded":true,"admitted_budget_bytes":18222796,"peak_within_admitted_budget":true,"admission_mode":"unconditional","hal_bytes_per_call_amortized":9868606.9,"process_rss_kb":45308,"process_rss_delta_init_kb":10372,"max_active_calls":1,"active_calls_now":0,"call_counter_balanced":true}
.EVS Port1 1980-012-14:40:35.46536 66/1/AI_LEARNER 4: AI_LEARNER completed=50/50 mean=7960306.4us max=9918777.3us hal_peak=18222796 within_bounded=1
{"app":"AI_LEARNER","stage":"run","model":"smartcam","target":"aarch64-unknown-linux-gnu","attempted":50,"completed":50,"fail_input":0,"fail_invoke":0,"fail_output":0,"mean_us":7960306.38,"max_us":9918777.30,"last_us":8115074.18,"out0":0.85892,"out_elems":3,"out_sha256":"989d0c885c469a1267e327d7f6eaaa990ed94dab35f064968afaff7105ad4b34","out_head":[0.858921,0.111592,0.029487],"out_tail":[0.858921,0.111592,0.029487],"out_full_file":"/cf/last_out.json","out_full_file_bytes":118,"out_full_file_reason":"ok","out_record_truncates":false}
{"app":"AI_LEARNER","stage":"mem","model":"smartcam","target":"aarch64-unknown-linux-gnu","completed":50,"hal_peak":18222796,"peak_within_bounded":true,"admitted_budget_bytes":18222796,"peak_within_admitted_budget":true,"admission_mode":"unconditional","hal_bytes_per_call_amortized":9846834.3,"process_rss_kb":45308,"process_rss_delta_init_kb":10372,"max_active_calls":1,"active_calls_now":0,"call_counter_balanced":true}
..EVS Port1 1980-012-14:40:43.49551 66/1/AI_LEARNER 4: AI_LEARNER completed=51/51 mean=7961341.5us max=9918777.3us hal_peak=18222796 within_bounded=1
{"app":"AI_LEARNER","stage":"run","model":"smartcam","target":"aarch64-unknown-linux-gnu","attempted":51,"completed":51,"fail_input":0,"fail_invoke":0,"fail_output":0,"mean_us":7961341.48,"max_us":9918777.30,"last_us":8013096.05,"out0":0.85892,"out_elems":3,"out_sha256":"989d0c885c469a1267e327d7f6eaaa990ed94dab35f064968afaff7105ad4b34","out_head":[0.858921,0.111592,0.029487],"out_tail":[0.858921,0.111592,0.029487],"out_full_file":"/cf/last_out.json","out_full_file_bytes":118,"out_full_file_reason":"ok","out_record_truncates":false}
{"app":"AI_LEARNER","stage":"mem","model":"smartcam","target":"aarch64-unknown-linux-gnu","completed":51,"hal_peak":18222796,"peak_within_bounded":true,"admitted_budget_bytes":18222796,"peak_within_admitted_budget":true,"admission_mode":"unconditional","hal_bytes_per_call_amortized":9825915.6,"process_rss_kb":45308,"process_rss_delta_init_kb":10372,"max_active_calls":1,"active_calls_now":0,"call_counter_balanced":true}
.EVS Port1 1980-012-14:40:51.43025 66/1/AI_LEARNER 4: AI_LEARNER completed=52/52 mean=7960490.4us max=9918777.3us hal_peak=18222796 within_bounded=1
{"app":"AI_LEARNER","stage":"run","model":"smartcam","target":"aarch64-unknown-linux-gnu","attempted":52,"completed":52,"fail_input":0,"fail_invoke":0,"fail_output":0,"mean_us":7960490.41,"max_us":9918777.30,"last_us":7917086.02,"out0":0.85892,"out_elems":3,"out_sha256":"989d0c885c469a1267e327d7f6eaaa990ed94dab35f064968afaff7105ad4b34","out_head":[0.858921,0.111592,0.029487],"out_tail":[0.858921,0.111592,0.029487],"out_full_file":"/cf/last_out.json","out_full_file_bytes":118,"out_full_file_reason":"ok","out_record_truncates":false}
{"app":"AI_LEARNER","stage":"mem","model":"smartcam","target":"aarch64-unknown-linux-gnu","completed":52,"hal_peak":18222796,"peak_within_bounded":true,"admitted_budget_bytes":18222796,"peak_within_admitted_budget":true,"admission_mode":"unconditional","hal_bytes_per_call_amortized":9805801.5,"process_rss_kb":45308,"process_rss_delta_init_kb":10372,"max_active_calls":1,"active_calls_now":0,"call_counter_balanced":true}
.EVS Port1 1980-012-14:40:59.31056 66/1/AI_LEARNER 4: AI_LEARNER completed=53/53 mean=7958716.0us max=9918777.3us hal_peak=18222796 within_bounded=1
{"app":"AI_LEARNER","stage":"run","model":"smartcam","target":"aarch64-unknown-linux-gnu","attempted":53,"completed":53,"fail_input":0,"fail_invoke":0,"fail_output":0,"mean_us":7958716.00,"max_us":9918777.30,"last_us":7866446.64,"out0":0.85892,"out_elems":3,"out_sha256":"989d0c885c469a1267e327d7f6eaaa990ed94dab35f064968afaff7105ad4b34","out_head":[0.858921,0.111592,0.029487],"out_tail":[0.858921,0.111592,0.029487],"out_full_file":"/cf/last_out.json","out_full_file_bytes":118,"out_full_file_reason":"ok","out_record_truncates":false}
{"app":"AI_LEARNER","stage":"mem","model":"smartcam","target":"aarch64-unknown-linux-gnu","completed":53,"hal_peak":18222796,"peak_within_bounded":true,"admitted_budget_bytes":18222796,"peak_within_admitted_budget":true,"admission_mode":"unconditional","hal_bytes_per_call_amortized":9786446.3,"process_rss_kb":45308,"process_rss_delta_init_kb":10372,"max_active_calls":1,"active_calls_now":0,"call_counter_balanced":true}
..EVS Port1 1980-012-14:41:07.29942 66/1/AI_LEARNER 4: AI_LEARNER completed=54/54 mean=7959045.5us max=9918777.3us hal_peak=18222796 within_bounded=1
{"app":"AI_LEARNER","stage":"run","model":"smartcam","target":"aarch64-unknown-linux-gnu","attempted":54,"completed":54,"fail_input":0,"fail_invoke":0,"fail_output":0,"mean_us":7959045.50,"max_us":9918777.30,"last_us":7976508.78,"out0":0.85892,"out_elems":3,"out_sha256":"989d0c885c469a1267e327d7f6eaaa990ed94dab35f064968afaff7105ad4b34","out_head":[0.858921,0.111592,0.029487],"out_tail":[0.858921,0.111592,0.029487],"out_full_file":"/cf/last_out.json","out_full_file_bytes":118,"out_full_file_reason":"ok","out_record_truncates":false}
{"app":"AI_LEARNER","stage":"mem","model":"smartcam","target":"aarch64-unknown-linux-gnu","completed":54,"hal_peak":18222796,"peak_within_bounded":true,"admitted_budget_bytes":18222796,"peak_within_admitted_budget":true,"admission_mode":"unconditional","hal_bytes_per_call_amortized":9767808.1,"process_rss_kb":45308,"process_rss_delta_init_kb":10372,"max_active_calls":1,"active_calls_now":0,"call_counter_balanced":true}
.EVS Port1 1980-012-14:41:13.00367 66/1/CFE_TIME 21: Stop FLYWHEEL
EVS Port1 1980-012-14:41:13.99899 66/1/CFE_TIME 20: Start FLYWHEEL
EVS Port1 1980-012-14:41:15.41989 66/1/AI_LEARNER 4: AI_LEARNER completed=55/55 mean=7961932.9us max=9918777.3us hal_peak=18222796 within_bounded=1
{"app":"AI_LEARNER","stage":"run","model":"smartcam","target":"aarch64-unknown-linux-gnu","attempted":55,"completed":55,"fail_input":0,"fail_invoke":0,"fail_output":0,"mean_us":7961932.86,"max_us":9918777.30,"last_us":8117850.64,"out0":0.85892,"out_elems":3,"out_sha256":"989d0c885c469a1267e327d7f6eaaa990ed94dab35f064968afaff7105ad4b34","out_head":[0.858921,0.111592,0.029487],"out_tail":[0.858921,0.111592,0.029487],"out_full_file":"/cf/last_out.json","out_full_file_bytes":118,"out_full_file_reason":"ok","out_record_truncates":false}
{"app":"AI_LEARNER","stage":"mem","model":"smartcam","target":"aarch64-unknown-linux-gnu","completed":55,"hal_peak":18222796,"peak_within_bounded":true,"admitted_budget_bytes":18222796,"peak_within_admitted_budget":true,"admission_mode":"unconditional","hal_bytes_per_call_amortized":9749847.6,"process_rss_kb":45308,"process_rss_delta_init_kb":10372,"max_active_calls":1,"active_calls_now":0,"call_counter_balanced":true}
..EVS Port1 1980-012-14:41:23.65209 66/1/AI_LEARNER 4: AI_LEARNER completed=56/56 mean=7966368.4us max=9918777.3us hal_peak=18222796 within_bounded=1
{"app":"AI_LEARNER","stage":"run","model":"smartcam","target":"aarch64-unknown-linux-gnu","attempted":56,"completed":56,"fail_input":0,"fail_invoke":0,"fail_output":0,"mean_us":7966368.35,"max_us":9918777.30,"last_us":8210320.34,"out0":0.85892,"out_elems":3,"out_sha256":"989d0c885c469a1267e327d7f6eaaa990ed94dab35f064968afaff7105ad4b34","out_head":[0.858921,0.111592,0.029487],"out_tail":[0.858921,0.111592,0.029487],"out_full_file":"/cf/last_out.json","out_full_file_bytes":118,"out_full_file_reason":"ok","out_record_truncates":false}
{"app":"AI_LEARNER","stage":"mem","model":"smartcam","target":"aarch64-unknown-linux-gnu","completed":56,"hal_peak":18222796,"peak_within_bounded":true,"admitted_budget_bytes":18222796,"peak_within_admitted_budget":true,"admission_mode":"unconditional","hal_bytes_per_call_amortized":9732528.5,"process_rss_kb":45308,"process_rss_delta_init_kb":10372,"max_active_calls":1,"active_calls_now":0,"call_counter_balanced":true}
.EVS Port1 1980-012-14:41:31.86776 66/1/AI_LEARNER 4: AI_LEARNER completed=57/57 mean=7970016.3us max=9918777.3us hal_peak=18222796 within_bounded=1
{"app":"AI_LEARNER","stage":"run","model":"smartcam","target":"aarch64-unknown-linux-gnu","attempted":57,"completed":57,"fail_input":0,"fail_invoke":0,"fail_output":0,"mean_us":7970016.28,"max_us":9918777.30,"last_us":8174300.51,"out0":0.85892,"out_elems":3,"out_sha256":"989d0c885c469a1267e327d7f6eaaa990ed94dab35f064968afaff7105ad4b34","out_head":[0.858921,0.111592,0.029487],"out_tail":[0.858921,0.111592,0.029487],"out_full_file":"/cf/last_out.json","out_full_file_bytes":118,"out_full_file_reason":"ok","out_record_truncates":false}
{"app":"AI_LEARNER","stage":"mem","model":"smartcam","target":"aarch64-unknown-linux-gnu","completed":57,"hal_peak":18222796,"peak_within_bounded":true,"admitted_budget_bytes":18222796,"peak_within_admitted_budget":true,"admission_mode":"unconditional","hal_bytes_per_call_amortized":9715817.1,"process_rss_kb":45308,"process_rss_delta_init_kb":10372,"max_active_calls":1,"active_calls_now":0,"call_counter_balanced":true}
.EVS Port1 1980-012-14:41:40.10829 66/1/AI_LEARNER 4: AI_LEARNER completed=58/58 mean=7974324.5us max=9918777.3us hal_peak=18222796 within_bounded=1
{"app":"AI_LEARNER","stage":"run","model":"smartcam","target":"aarch64-unknown-linux-gnu","attempted":58,"completed":58,"fail_input":0,"fail_invoke":0,"fail_output":0,"mean_us":7974324.53,"max_us":9918777.30,"last_us":8219894.24,"out0":0.85892,"out_elems":3,"out_sha256":"989d0c885c469a1267e327d7f6eaaa990ed94dab35f064968afaff7105ad4b34","out_head":[0.858921,0.111592,0.029487],"out_tail":[0.858921,0.111592,0.029487],"out_full_file":"/cf/last_out.json","out_full_file_bytes":118,"out_full_file_reason":"ok","out_record_truncates":false}
{"app":"AI_LEARNER","stage":"mem","model":"smartcam","target":"aarch64-unknown-linux-gnu","completed":58,"hal_peak":18222796,"peak_within_bounded":true,"admitted_budget_bytes":18222796,"peak_within_admitted_budget":true,"admission_mode":"unconditional","hal_bytes_per_call_amortized":9699682.0,"process_rss_kb":45308,"process_rss_delta_init_kb":10372,"max_active_calls":1,"active_calls_now":0,"call_counter_balanced":true}
..EVS Port1 1980-012-14:41:48.52325 66/1/AI_LEARNER 4: AI_LEARNER completed=59/59 mean=7981546.3us max=9918777.3us hal_peak=18222796 within_bounded=1
{"app":"AI_LEARNER","stage":"run","model":"smartcam","target":"aarch64-unknown-linux-gnu","attempted":59,"completed":59,"fail_input":0,"fail_invoke":0,"fail_output":0,"mean_us":7981546.33,"max_us":9918777.30,"last_us":8400410.98,"out0":0.85892,"out_elems":3,"out_sha256":"989d0c885c469a1267e327d7f6eaaa990ed94dab35f064968afaff7105ad4b34","out_head":[0.858921,0.111592,0.029487],"out_tail":[0.858921,0.111592,0.029487],"out_full_file":"/cf/last_out.json","out_full_file_bytes":118,"out_full_file_reason":"ok","out_record_truncates":false}
{"app":"AI_LEARNER","stage":"mem","model":"smartcam","target":"aarch64-unknown-linux-gnu","completed":59,"hal_peak":18222796,"peak_within_bounded":true,"admitted_budget_bytes":18222796,"peak_within_admitted_budget":true,"admission_mode":"unconditional","hal_bytes_per_call_amortized":9684093.8,"process_rss_kb":45308,"process_rss_delta_init_kb":10372,"max_active_calls":1,"active_calls_now":0,"call_counter_balanced":true}
.EVS Port1 1980-012-14:41:56.63200 66/1/AI_LEARNER 4: AI_LEARNER completed=60/60 mean=7983198.9us max=9918777.3us hal_peak=18222796 within_bounded=1
{"app":"AI_LEARNER","stage":"run","model":"smartcam","target":"aarch64-unknown-linux-gnu","attempted":60,"completed":60,"fail_input":0,"fail_invoke":0,"fail_output":0,"mean_us":7983198.93,"max_us":9918777.30,"last_us":8080702.34,"out0":0.85892,"out_elems":3,"out_sha256":"989d0c885c469a1267e327d7f6eaaa990ed94dab35f064968afaff7105ad4b34","out_head":[0.858921,0.111592,0.029487],"out_tail":[0.858921,0.111592,0.029487],"out_full_file":"/cf/last_out.json","out_full_file_bytes":118,"out_full_file_reason":"ok","out_record_truncates":false}
{"app":"AI_LEARNER","stage":"mem","model":"smartcam","target":"aarch64-unknown-linux-gnu","completed":60,"hal_peak":18222796,"peak_within_bounded":true,"admitted_budget_bytes":18222796,"peak_within_admitted_budget":true,"admission_mode":"unconditional","hal_bytes_per_call_amortized":9669025.3,"process_rss_kb":45308,"process_rss_delta_init_kb":10372,"max_active_calls":1,"active_calls_now":0,"call_counter_balanced":true}
.EVS Port1 1980-012-14:42:04.51742 66/1/AI_LEARNER 4: AI_LEARNER completed=61/61 mean=7981365.9us max=9918777.3us hal_peak=18222796 within_bounded=1
{"app":"AI_LEARNER","stage":"run","model":"smartcam","target":"aarch64-unknown-linux-gnu","attempted":61,"completed":61,"fail_input":0,"fail_invoke":0,"fail_output":0,"mean_us":7981365.89,"max_us":9918777.30,"last_us":7871383.79,"out0":0.85892,"out_elems":3,"out_sha256":"989d0c885c469a1267e327d7f6eaaa990ed94dab35f064968afaff7105ad4b34","out_head":[0.858921,0.111592,0.029487],"out_tail":[0.858921,0.111592,0.029487],"out_full_file":"/cf/last_out.json","out_full_file_bytes":118,"out_full_file_reason":"ok","out_record_truncates":false}
{"app":"AI_LEARNER","stage":"mem","model":"smartcam","target":"aarch64-unknown-linux-gnu","completed":61,"hal_peak":18222796,"peak_within_bounded":true,"admitted_budget_bytes":18222796,"peak_within_admitted_budget":true,"admission_mode":"unconditional","hal_bytes_per_call_amortized":9654450.8,"process_rss_kb":45308,"process_rss_delta_init_kb":10372,"max_active_calls":1,"active_calls_now":0,"call_counter_balanced":true}
..EVS Port1 1980-012-14:42:12.42304 66/1/AI_LEARNER 4: AI_LEARNER completed=62/62 mean=7979905.7us max=9918777.3us hal_peak=18222796 within_bounded=1
{"app":"AI_LEARNER","stage":"run","model":"smartcam","target":"aarch64-unknown-linux-gnu","attempted":62,"completed":62,"fail_input":0,"fail_invoke":0,"fail_output":0,"mean_us":7979905.67,"max_us":9918777.30,"last_us":7890831.71,"out0":0.85892,"out_elems":3,"out_sha256":"989d0c885c469a1267e327d7f6eaaa990ed94dab35f064968afaff7105ad4b34","out_head":[0.858921,0.111592,0.029487],"out_tail":[0.858921,0.111592,0.029487],"out_full_file":"/cf/last_out.json","out_full_file_bytes":118,"out_full_file_reason":"ok","out_record_truncates":false}
{"app":"AI_LEARNER","stage":"mem","model":"smartcam","target":"aarch64-unknown-linux-gnu","completed":62,"hal_peak":18222796,"peak_within_bounded":true,"admitted_budget_bytes":18222796,"peak_within_admitted_budget":true,"admission_mode":"unconditional","hal_bytes_per_call_amortized":9640346.4,"process_rss_kb":45308,"process_rss_delta_init_kb":10372,"max_active_calls":1,"active_calls_now":0,"call_counter_balanced":true}
.EVS Port1 1980-012-14:42:20.44818 66/1/AI_LEARNER 4: AI_LEARNER completed=63/63 mean=7980366.5us max=9918777.3us hal_peak=18222796 within_bounded=1
{"app":"AI_LEARNER","stage":"run","model":"smartcam","target":"aarch64-unknown-linux-gnu","attempted":63,"completed":63,"fail_input":0,"fail_invoke":0,"fail_output":0,"mean_us":7980366.55,"max_us":9918777.30,"last_us":8008941.10,"out0":0.85892,"out_elems":3,"out_sha256":"989d0c885c469a1267e327d7f6eaaa990ed94dab35f064968afaff7105ad4b34","out_head":[0.858921,0.111592,0.029487],"out_tail":[0.858921,0.111592,0.029487],"out_full_file":"/cf/last_out.json","out_full_file_bytes":118,"out_full_file_reason":"ok","out_record_truncates":false}
{"app":"AI_LEARNER","stage":"mem","model":"smartcam","target":"aarch64-unknown-linux-gnu","completed":63,"hal_peak":18222796,"peak_within_bounded":true,"admitted_budget_bytes":18222796,"peak_within_admitted_budget":true,"admission_mode":"unconditional","hal_bytes_per_call_amortized":9626689.8,"process_rss_kb":45308,"process_rss_delta_init_kb":10372,"max_active_calls":1,"active_calls_now":0,"call_counter_balanced":true}
.EVS Port1 1980-012-14:42:28.93775 66/1/AI_LEARNER 4: AI_LEARNER completed=64/64 mean=7988219.3us max=9918777.3us hal_peak=18222796 within_bounded=1
{"app":"AI_LEARNER","stage":"run","model":"smartcam","target":"aarch64-unknown-linux-gnu","attempted":64,"completed":64,"fail_input":0,"fail_invoke":0,"fail_output":0,"mean_us":7988219.34,"max_us":9918777.30,"last_us":8482945.66,"out0":0.85892,"out_elems":3,"out_sha256":"989d0c885c469a1267e327d7f6eaaa990ed94dab35f064968afaff7105ad4b34","out_head":[0.858921,0.111592,0.029487],"out_tail":[0.858921,0.111592,0.029487],"out_full_file":"/cf/last_out.json","out_full_file_bytes":118,"out_full_file_reason":"ok","out_record_truncates":false}
{"app":"AI_LEARNER","stage":"mem","model":"smartcam","target":"aarch64-unknown-linux-gnu","completed":64,"hal_peak":18222796,"peak_within_bounded":true,"admitted_budget_bytes":18222796,"peak_within_admitted_budget":true,"admission_mode":"unconditional","hal_bytes_per_call_amortized":9613459.9,"process_rss_kb":45308,"process_rss_delta_init_kb":10372,"max_active_calls":1,"active_calls_now":0,"call_counter_balanced":true}
..EVS Port1 1980-012-14:42:37.39106 66/1/AI_LEARNER 4: AI_LEARNER completed=65/65 mean=7995031.8us max=9918777.3us hal_peak=18222796 within_bounded=1
{"app":"AI_LEARNER","stage":"run","model":"smartcam","target":"aarch64-unknown-linux-gnu","attempted":65,"completed":65,"fail_input":0,"fail_invoke":0,"fail_output":0,"mean_us":7995031.82,"max_us":9918777.30,"last_us":8431030.21,"out0":0.85892,"out_elems":3,"out_sha256":"989d0c885c469a1267e327d7f6eaaa990ed94dab35f064968afaff7105ad4b34","out_head":[0.858921,0.111592,0.029487],"out_tail":[0.858921,0.111592,0.029487],"out_full_file":"/cf/last_out.json","out_full_file_bytes":118,"out_full_file_reason":"ok","out_record_truncates":false}
{"app":"AI_LEARNER","stage":"mem","model":"smartcam","target":"aarch64-unknown-linux-gnu","completed":65,"hal_peak":18222796,"peak_within_bounded":true,"admitted_budget_bytes":18222796,"peak_within_admitted_budget":true,"admission_mode":"unconditional","hal_bytes_per_call_amortized":9600637.2,"process_rss_kb":45308,"process_rss_delta_init_kb":10372,"max_active_calls":1,"active_calls_now":0,"call_counter_balanced":true}
.EVS Port1 1980-012-14:42:45.31791 66/1/AI_LEARNER 4: AI_LEARNER completed=66/66 mean=7993777.0us max=9918777.3us hal_peak=18222796 within_bounded=1
{"app":"AI_LEARNER","stage":"run","model":"smartcam","target":"aarch64-unknown-linux-gnu","attempted":66,"completed":66,"fail_input":0,"fail_invoke":0,"fail_output":0,"mean_us":7993776.97,"max_us":9918777.30,"last_us":7912211.89,"out0":0.85892,"out_elems":3,"out_sha256":"989d0c885c469a1267e327d7f6eaaa990ed94dab35f064968afaff7105ad4b34","out_head":[0.858921,0.111592,0.029487],"out_tail":[0.858921,0.111592,0.029487],"out_full_file":"/cf/last_out.json","out_full_file_bytes":118,"out_full_file_reason":"ok","out_record_truncates":false}
{"app":"AI_LEARNER","stage":"mem","model":"smartcam","target":"aarch64-unknown-linux-gnu","completed":66,"hal_peak":18222796,"peak_within_bounded":true,"admitted_budget_bytes":18222796,"peak_within_admitted_budget":true,"admission_mode":"unconditional","hal_bytes_per_call_amortized":9588203.0,"process_rss_kb":45308,"process_rss_delta_init_kb":10372,"max_active_calls":1,"active_calls_now":0,"call_counter_balanced":true}
.EVS Port1 1980-012-14:42:53.36050 66/1/AI_LEARNER 4: AI_LEARNER completed=67/67 mean=7994483.7us max=9918777.3us hal_peak=18222796 within_bounded=1
{"app":"AI_LEARNER","stage":"run","model":"smartcam","target":"aarch64-unknown-linux-gnu","attempted":67,"completed":67,"fail_input":0,"fail_invoke":0,"fail_output":0,"mean_us":7994483.65,"max_us":9918777.30,"last_us":8041124.66,"out0":0.85892,"out_elems":3,"out_sha256":"989d0c885c469a1267e327d7f6eaaa990ed94dab35f064968afaff7105ad4b34","out_head":[0.858921,0.111592,0.029487],"out_tail":[0.858921,0.111592,0.029487],"out_full_file":"/cf/last_out.json","out_full_file_bytes":118,"out_full_file_reason":"ok","out_record_truncates":false}
{"app":"AI_LEARNER","stage":"mem","model":"smartcam","target":"aarch64-unknown-linux-gnu","completed":67,"hal_peak":18222796,"peak_within_bounded":true,"admitted_budget_bytes":18222796,"peak_within_admitted_budget":true,"admission_mode":"unconditional","hal_bytes_per_call_amortized":9576139.9,"process_rss_kb":45308,"process_rss_delta_init_kb":10372,"max_active_calls":1,"active_calls_now":0,"call_counter_balanced":true}
..EVS Port1 1980-012-14:43:01.34233 66/1/AI_LEARNER 4: AI_LEARNER completed=68/68 mean=7994076.5us max=9918777.3us hal_peak=18222796 within_bounded=1
{"app":"AI_LEARNER","stage":"run","model":"smartcam","target":"aarch64-unknown-linux-gnu","attempted":68,"completed":68,"fail_input":0,"fail_invoke":0,"fail_output":0,"mean_us":7994076.50,"max_us":9918777.30,"last_us":7966797.39,"out0":0.85892,"out_elems":3,"out_sha256":"989d0c885c469a1267e327d7f6eaaa990ed94dab35f064968afaff7105ad4b34","out_head":[0.858921,0.111592,0.029487],"out_tail":[0.858921,0.111592,0.029487],"out_full_file":"/cf/last_out.json","out_full_file_bytes":118,"out_full_file_reason":"ok","out_record_truncates":false}
{"app":"AI_LEARNER","stage":"mem","model":"smartcam","target":"aarch64-unknown-linux-gnu","completed":68,"hal_peak":18222796,"peak_within_bounded":true,"admitted_budget_bytes":18222796,"peak_within_admitted_budget":true,"admission_mode":"unconditional","hal_bytes_per_call_amortized":9564431.7,"process_rss_kb":45308,"process_rss_delta_init_kb":10372,"max_active_calls":1,"active_calls_now":0,"call_counter_balanced":true}
.EVS Port1 1980-012-14:43:09.59825 66/1/AI_LEARNER 4: AI_LEARNER completed=69/69 mean=7997619.8us max=9918777.3us hal_peak=18222796 within_bounded=1
{"app":"AI_LEARNER","stage":"run","model":"smartcam","target":"aarch64-unknown-linux-gnu","attempted":69,"completed":69,"fail_input":0,"fail_invoke":0,"fail_output":0,"mean_us":7997619.83,"max_us":9918777.30,"last_us":8238566.38,"out0":0.85892,"out_elems":3,"out_sha256":"989d0c885c469a1267e327d7f6eaaa990ed94dab35f064968afaff7105ad4b34","out_head":[0.858921,0.111592,0.029487],"out_tail":[0.858921,0.111592,0.029487],"out_full_file":"/cf/last_out.json","out_full_file_bytes":118,"out_full_file_reason":"ok","out_record_truncates":false}
{"app":"AI_LEARNER","stage":"mem","model":"smartcam","target":"aarch64-unknown-linux-gnu","completed":69,"hal_peak":18222796,"peak_within_bounded":true,"admitted_budget_bytes":18222796,"peak_within_admitted_budget":true,"admission_mode":"unconditional","hal_bytes_per_call_amortized":9553062.8,"process_rss_kb":45308,"process_rss_delta_init_kb":10372,"max_active_calls":1,"active_calls_now":0,"call_counter_balanced":true}
.EVS Port1 1980-012-14:43:17.67507 66/1/AI_LEARNER 4: AI_LEARNER completed=70/70 mean=7998554.7us max=9918777.3us hal_peak=18222796 within_bounded=1
{"app":"AI_LEARNER","stage":"run","model":"smartcam","target":"aarch64-unknown-linux-gnu","attempted":70,"completed":70,"fail_input":0,"fail_invoke":0,"fail_output":0,"mean_us":7998554.70,"max_us":9918777.30,"last_us":8063060.30,"out0":0.85892,"out_elems":3,"out_sha256":"989d0c885c469a1267e327d7f6eaaa990ed94dab35f064968afaff7105ad4b34","out_head":[0.858921,0.111592,0.029487],"out_tail":[0.858921,0.111592,0.029487],"out_full_file":"/cf/last_out.json","out_full_file_bytes":118,"out_full_file_reason":"ok","out_record_truncates":false}
{"app":"AI_LEARNER","stage":"mem","model":"smartcam","target":"aarch64-unknown-linux-gnu","completed":70,"hal_peak":18222796,"peak_within_bounded":true,"admitted_budget_bytes":18222796,"peak_within_admitted_budget":true,"admission_mode":"unconditional","hal_bytes_per_call_amortized":9542018.8,"process_rss_kb":45308,"process_rss_delta_init_kb":10372,"max_active_calls":1,"active_calls_now":0,"call_counter_balanced":true}
..EVS Port1 1980-012-14:43:26.11915 66/1/AI_LEARNER 4: AI_LEARNER completed=71/71 mean=8004758.9us max=9918777.3us hal_peak=18222796 within_bounded=1
{"app":"AI_LEARNER","stage":"run","model":"smartcam","target":"aarch64-unknown-linux-gnu","attempted":71,"completed":71,"fail_input":0,"fail_invoke":0,"fail_output":0,"mean_us":8004758.90,"max_us":9918777.30,"last_us":8439053.06,"out0":0.85892,"out_elems":3,"out_sha256":"989d0c885c469a1267e327d7f6eaaa990ed94dab35f064968afaff7105ad4b34","out_head":[0.858921,0.111592,0.029487],"out_tail":[0.858921,0.111592,0.029487],"out_full_file":"/cf/last_out.json","out_full_file_bytes":118,"out_full_file_reason":"ok","out_record_truncates":false}
{"app":"AI_LEARNER","stage":"mem","model":"smartcam","target":"aarch64-unknown-linux-gnu","completed":71,"hal_peak":18222796,"peak_within_bounded":true,"admitted_budget_bytes":18222796,"peak_within_admitted_budget":true,"admission_mode":"unconditional","hal_bytes_per_call_amortized":9531285.9,"process_rss_kb":45308,"process_rss_delta_init_kb":10372,"max_active_calls":1,"active_calls_now":0,"call_counter_balanced":true}
.EVS Port1 1980-012-14:43:35.53129 66/1/AI_LEARNER 4: AI_LEARNER completed=72/72 mean=8023903.3us max=9918777.3us hal_peak=18222796 within_bounded=1
{"app":"AI_LEARNER","stage":"run","model":"smartcam","target":"aarch64-unknown-linux-gnu","attempted":72,"completed":72,"fail_input":0,"fail_invoke":0,"fail_output":0,"mean_us":8023903.29,"max_us":9918777.30,"last_us":9383154.64,"out0":0.85892,"out_elems":3,"out_sha256":"989d0c885c469a1267e327d7f6eaaa990ed94dab35f064968afaff7105ad4b34","out_head":[0.858921,0.111592,0.029487],"out_tail":[0.858921,0.111592,0.029487],"out_full_file":"/cf/last_out.json","out_full_file_bytes":118,"out_full_file_reason":"ok","out_record_truncates":false}
{"app":"AI_LEARNER","stage":"mem","model":"smartcam","target":"aarch64-unknown-linux-gnu","completed":72,"hal_peak":18222796,"peak_within_bounded":true,"admitted_budget_bytes":18222796,"peak_within_admitted_budget":true,"admission_mode":"unconditional","hal_bytes_per_call_amortized":9520851.1,"process_rss_kb":45308,"process_rss_delta_init_kb":10372,"max_active_calls":1,"active_calls_now":0,"call_counter_balanced":true}
..EVS Port1 1980-012-14:43:43.83921 66/1/AI_LEARNER 4: AI_LEARNER completed=73/73 mean=8027477.3us max=9918777.3us hal_peak=18222796 within_bounded=1
{"app":"AI_LEARNER","stage":"run","model":"smartcam","target":"aarch64-unknown-linux-gnu","attempted":73,"completed":73,"fail_input":0,"fail_invoke":0,"fail_output":0,"mean_us":8027477.34,"max_us":9918777.30,"last_us":8284809.17,"out0":0.85892,"out_elems":3,"out_sha256":"989d0c885c469a1267e327d7f6eaaa990ed94dab35f064968afaff7105ad4b34","out_head":[0.858921,0.111592,0.029487],"out_tail":[0.858921,0.111592,0.029487],"out_full_file":"/cf/last_out.json","out_full_file_bytes":118,"out_full_file_reason":"ok","out_record_truncates":false}
{"app":"AI_LEARNER","stage":"mem","model":"smartcam","target":"aarch64-unknown-linux-gnu","completed":73,"hal_peak":18222796,"peak_within_bounded":true,"admitted_budget_bytes":18222796,"peak_within_admitted_budget":true,"admission_mode":"unconditional","hal_bytes_per_call_amortized":9510702.1,"process_rss_kb":45308,"process_rss_delta_init_kb":10372,"max_active_calls":1,"active_calls_now":0,"call_counter_balanced":true}
.EVS Port1 1980-012-14:43:51.91322 66/1/AI_LEARNER 4: AI_LEARNER completed=74/74 mean=8027851.3us max=9918777.3us hal_peak=18222796 within_bounded=1
{"app":"AI_LEARNER","stage":"run","model":"smartcam","target":"aarch64-unknown-linux-gnu","attempted":74,"completed":74,"fail_input":0,"fail_invoke":0,"fail_output":0,"mean_us":8027851.26,"max_us":9918777.30,"last_us":8055147.41,"out0":0.85892,"out_elems":3,"out_sha256":"989d0c885c469a1267e327d7f6eaaa990ed94dab35f064968afaff7105ad4b34","out_head":[0.858921,0.111592,0.029487],"out_tail":[0.858921,0.111592,0.029487],"out_full_file":"/cf/last_out.json","out_full_file_bytes":118,"out_full_file_reason":"ok","out_record_truncates":false}
{"app":"AI_LEARNER","stage":"mem","model":"smartcam","target":"aarch64-unknown-linux-gnu","completed":74,"hal_peak":18222796,"peak_within_bounded":true,"admitted_budget_bytes":18222796,"peak_within_admitted_budget":true,"admission_mode":"unconditional","hal_bytes_per_call_amortized":9500827.5,"process_rss_kb":45308,"process_rss_delta_init_kb":10372,"max_active_calls":1,"active_calls_now":0,"call_counter_balanced":true}
..EVS Port1 1980-012-14:43:59.96412 66/1/AI_LEARNER 4: AI_LEARNER completed=75/75 mean=8027946.1us max=9918777.3us hal_peak=18222796 within_bounded=1
{"app":"AI_LEARNER","stage":"run","model":"smartcam","target":"aarch64-unknown-linux-gnu","attempted":75,"completed":75,"fail_input":0,"fail_invoke":0,"fail_output":0,"mean_us":8027946.09,"max_us":9918777.30,"last_us":8034963.90,"out0":0.85892,"out_elems":3,"out_sha256":"989d0c885c469a1267e327d7f6eaaa990ed94dab35f064968afaff7105ad4b34","out_head":[0.858921,0.111592,0.029487],"out_tail":[0.858921,0.111592,0.029487],"out_full_file":"/cf/last_out.json","out_full_file_bytes":118,"out_full_file_reason":"ok","out_record_truncates":false}
{"app":"AI_LEARNER","stage":"mem","model":"smartcam","target":"aarch64-unknown-linux-gnu","completed":75,"hal_peak":18222796,"peak_within_bounded":true,"admitted_budget_bytes":18222796,"peak_within_admitted_budget":true,"admission_mode":"unconditional","hal_bytes_per_call_amortized":9491216.2,"process_rss_kb":45308,"process_rss_delta_init_kb":10372,"max_active_calls":1,"active_calls_now":0,"call_counter_balanced":true}
.EVS Port1 1980-012-14:44:07.80072 66/1/AI_LEARNER 4: AI_LEARNER completed=76/76 mean=8025203.9us max=9918777.3us hal_peak=18222796 within_bounded=1
{"app":"AI_LEARNER","stage":"run","model":"smartcam","target":"aarch64-unknown-linux-gnu","attempted":76,"completed":76,"fail_input":0,"fail_invoke":0,"fail_output":0,"mean_us":8025203.95,"max_us":9918777.30,"last_us":7819543.12,"out0":0.85892,"out_elems":3,"out_sha256":"989d0c885c469a1267e327d7f6eaaa990ed94dab35f064968afaff7105ad4b34","out_head":[0.858921,0.111592,0.029487],"out_tail":[0.858921,0.111592,0.029487],"out_full_file":"/cf/last_out.json","out_full_file_bytes":118,"out_full_file_reason":"ok","out_record_truncates":false}
{"app":"AI_LEARNER","stage":"mem","model":"smartcam","target":"aarch64-unknown-linux-gnu","completed":76,"hal_peak":18222796,"peak_within_bounded":true,"admitted_budget_bytes":18222796,"peak_within_admitted_budget":true,"admission_mode":"unconditional","hal_bytes_per_call_amortized":9481857.8,"process_rss_kb":45308,"process_rss_delta_init_kb":10372,"max_active_calls":1,"active_calls_now":0,"call_counter_balanced":true}
.EVS Port1 1980-012-14:44:16.19151 66/1/AI_LEARNER 4: AI_LEARNER completed=77/77 mean=8029787.7us max=9918777.3us hal_peak=18222796 within_bounded=1
{"app":"AI_LEARNER","stage":"run","model":"smartcam","target":"aarch64-unknown-linux-gnu","attempted":77,"completed":77,"fail_input":0,"fail_invoke":0,"fail_output":0,"mean_us":8029787.74,"max_us":9918777.30,"last_us":8378155.92,"out0":0.85892,"out_elems":3,"out_sha256":"989d0c885c469a1267e327d7f6eaaa990ed94dab35f064968afaff7105ad4b34","out_head":[0.858921,0.111592,0.029487],"out_tail":[0.858921,0.111592,0.029487],"out_full_file":"/cf/last_out.json","out_full_file_bytes":118,"out_full_file_reason":"ok","out_record_truncates":false}
{"app":"AI_LEARNER","stage":"mem","model":"smartcam","target":"aarch64-unknown-linux-gnu","completed":77,"hal_peak":18222796,"peak_within_bounded":true,"admitted_budget_bytes":18222796,"peak_within_admitted_budget":true,"admission_mode":"unconditional","hal_bytes_per_call_amortized":9472742.5,"process_rss_kb":45308,"process_rss_delta_init_kb":10372,"max_active_calls":1,"active_calls_now":0,"call_counter_balanced":true}
..EVS Port1 1980-012-14:44:24.78840 66/1/AI_LEARNER 4: AI_LEARNER completed=78/78 mean=8036824.4us max=9918777.3us hal_peak=18222796 within_bounded=1
{"app":"AI_LEARNER","stage":"run","model":"smartcam","target":"aarch64-unknown-linux-gnu","attempted":78,"completed":78,"fail_input":0,"fail_invoke":0,"fail_output":0,"mean_us":8036824.43,"max_us":9918777.30,"last_us":8578649.34,"out0":0.85892,"out_elems":3,"out_sha256":"989d0c885c469a1267e327d7f6eaaa990ed94dab35f064968afaff7105ad4b34","out_head":[0.858921,0.111592,0.029487],"out_tail":[0.858921,0.111592,0.029487],"out_full_file":"/cf/last_out.json","out_full_file_bytes":118,"out_full_file_reason":"ok","out_record_truncates":false}
{"app":"AI_LEARNER","stage":"mem","model":"smartcam","target":"aarch64-unknown-linux-gnu","completed":78,"hal_peak":18222796,"peak_within_bounded":true,"admitted_budget_bytes":18222796,"peak_within_admitted_budget":true,"admission_mode":"unconditional","hal_bytes_per_call_amortized":9463861.0,"process_rss_kb":45308,"process_rss_delta_init_kb":10372,"max_active_calls":1,"active_calls_now":0,"call_counter_balanced":true}
.EVS Port1 1980-012-14:44:33.17845 66/1/AI_LEARNER 4: AI_LEARNER completed=79/79 mean=8040869.5us max=9918777.3us hal_peak=18222796 within_bounded=1
{"app":"AI_LEARNER","stage":"run","model":"smartcam","target":"aarch64-unknown-linux-gnu","attempted":79,"completed":79,"fail_input":0,"fail_invoke":0,"fail_output":0,"mean_us":8040869.48,"max_us":9918777.30,"last_us":8356383.81,"out0":0.85892,"out_elems":3,"out_sha256":"989d0c885c469a1267e327d7f6eaaa990ed94dab35f064968afaff7105ad4b34","out_head":[0.858921,0.111592,0.029487],"out_tail":[0.858921,0.111592,0.029487],"out_full_file":"/cf/last_out.json","out_full_file_bytes":118,"out_full_file_reason":"ok","out_record_truncates":false}
{"app":"AI_LEARNER","stage":"mem","model":"smartcam","target":"aarch64-unknown-linux-gnu","completed":79,"hal_peak":18222796,"peak_within_bounded":true,"admitted_budget_bytes":18222796,"peak_within_admitted_budget":true,"admission_mode":"unconditional","hal_bytes_per_call_amortized":9455204.3,"process_rss_kb":45308,"process_rss_delta_init_kb":10372,"max_active_calls":1,"active_calls_now":0,"call_counter_balanced":true}
.EVS Port1 1980-012-14:44:41.22085 66/1/AI_LEARNER 4: AI_LEARNER completed=80/80 mean=8040808.9us max=9918777.3us hal_peak=18222796 within_bounded=1
{"app":"AI_LEARNER","stage":"run","model":"smartcam","target":"aarch64-unknown-linux-gnu","attempted":80,"completed":80,"fail_input":0,"fail_invoke":0,"fail_output":0,"mean_us":8040808.90,"max_us":9918777.30,"last_us":8036022.72,"out0":0.85892,"out_elems":3,"out_sha256":"989d0c885c469a1267e327d7f6eaaa990ed94dab35f064968afaff7105ad4b34","out_head":[0.858921,0.111592,0.029487],"out_tail":[0.858921,0.111592,0.029487],"out_full_file":"/cf/last_out.json","out_full_file_bytes":118,"out_full_file_reason":"ok","out_record_truncates":false}
{"app":"AI_LEARNER","stage":"mem","model":"smartcam","target":"aarch64-unknown-linux-gnu","completed":80,"hal_peak":18222796,"peak_within_bounded":true,"admitted_budget_bytes":18222796,"peak_within_admitted_budget":true,"admission_mode":"unconditional","hal_bytes_per_call_amortized":9446763.9,"process_rss_kb":45308,"process_rss_delta_init_kb":10372,"max_active_calls":1,"active_calls_now":0,"call_counter_balanced":true}
..EVS Port1 1980-012-14:44:49.07463 66/1/AI_LEARNER 4: AI_LEARNER completed=81/81 mean=8038301.3us max=9918777.3us hal_peak=18222796 within_bounded=1
{"app":"AI_LEARNER","stage":"run","model":"smartcam","target":"aarch64-unknown-linux-gnu","attempted":81,"completed":81,"fail_input":0,"fail_invoke":0,"fail_output":0,"mean_us":8038301.31,"max_us":9918777.30,"last_us":7837694.00,"out0":0.85892,"out_elems":3,"out_sha256":"989d0c885c469a1267e327d7f6eaaa990ed94dab35f064968afaff7105ad4b34","out_head":[0.858921,0.111592,0.029487],"out_tail":[0.858921,0.111592,0.029487],"out_full_file":"/cf/last_out.json","out_full_file_bytes":118,"out_full_file_reason":"ok","out_record_truncates":false}
{"app":"AI_LEARNER","stage":"mem","model":"smartcam","target":"aarch64-unknown-linux-gnu","completed":81,"hal_peak":18222796,"peak_within_bounded":true,"admitted_budget_bytes":18222796,"peak_within_admitted_budget":true,"admission_mode":"unconditional","hal_bytes_per_call_amortized":9438532.0,"process_rss_kb":45308,"process_rss_delta_init_kb":10372,"max_active_calls":1,"active_calls_now":0,"call_counter_balanced":true}
.EVS Port1 1980-012-14:44:57.14668 66/1/AI_LEARNER 4: AI_LEARNER completed=82/82 mean=8038507.2us max=9918777.3us hal_peak=18222796 within_bounded=1
{"app":"AI_LEARNER","stage":"run","model":"smartcam","target":"aarch64-unknown-linux-gnu","attempted":82,"completed":82,"fail_input":0,"fail_invoke":0,"fail_output":0,"mean_us":8038507.21,"max_us":9918777.30,"last_us":8055185.23,"out0":0.85892,"out_elems":3,"out_sha256":"989d0c885c469a1267e327d7f6eaaa990ed94dab35f064968afaff7105ad4b34","out_head":[0.858921,0.111592,0.029487],"out_tail":[0.858921,0.111592,0.029487],"out_full_file":"/cf/last_out.json","out_full_file_bytes":118,"out_full_file_reason":"ok","out_record_truncates":false}
{"app":"AI_LEARNER","stage":"mem","model":"smartcam","target":"aarch64-unknown-linux-gnu","completed":82,"hal_peak":18222796,"peak_within_bounded":true,"admitted_budget_bytes":18222796,"peak_within_admitted_budget":true,"admission_mode":"unconditional","hal_bytes_per_call_amortized":9430500.9,"process_rss_kb":45308,"process_rss_delta_init_kb":10372,"max_active_calls":1,"active_calls_now":0,"call_counter_balanced":true}
.EVS Port1 1980-012-14:45:05.59671 66/1/AI_LEARNER 4: AI_LEARNER completed=83/83 mean=8043219.9us max=9918777.3us hal_peak=18222796 within_bounded=1
{"app":"AI_LEARNER","stage":"run","model":"smartcam","target":"aarch64-unknown-linux-gnu","attempted":83,"completed":83,"fail_input":0,"fail_invoke":0,"fail_output":0,"mean_us":8043219.90,"max_us":9918777.30,"last_us":8429660.64,"out0":0.85892,"out_elems":3,"out_sha256":"989d0c885c469a1267e327d7f6eaaa990ed94dab35f064968afaff7105ad4b34","out_head":[0.858921,0.111592,0.029487],"out_tail":[0.858921,0.111592,0.029487],"out_full_file":"/cf/last_out.json","out_full_file_bytes":118,"out_full_file_reason":"ok","out_record_truncates":false}
{"app":"AI_LEARNER","stage":"mem","model":"smartcam","target":"aarch64-unknown-linux-gnu","completed":83,"hal_peak":18222796,"peak_within_bounded":true,"admitted_budget_bytes":18222796,"peak_within_admitted_budget":true,"admission_mode":"unconditional","hal_bytes_per_call_amortized":9422663.3,"process_rss_kb":45308,"process_rss_delta_init_kb":10372,"max_active_calls":1,"active_calls_now":0,"call_counter_balanced":true}
..EVS Port1 1980-012-14:45:13.49021 66/1/AI_LEARNER 4: AI_LEARNER completed=84/84 mean=8041246.4us max=9918777.3us hal_peak=18222796 within_bounded=1
{"app":"AI_LEARNER","stage":"run","model":"smartcam","target":"aarch64-unknown-linux-gnu","attempted":84,"completed":84,"fail_input":0,"fail_invoke":0,"fail_output":0,"mean_us":8041246.39,"max_us":9918777.30,"last_us":7877445.10,"out0":0.85892,"out_elems":3,"out_sha256":"989d0c885c469a1267e327d7f6eaaa990ed94dab35f064968afaff7105ad4b34","out_head":[0.858921,0.111592,0.029487],"out_tail":[0.858921,0.111592,0.029487],"out_full_file":"/cf/last_out.json","out_full_file_bytes":118,"out_full_file_reason":"ok","out_record_truncates":false}
{"app":"AI_LEARNER","stage":"mem","model":"smartcam","target":"aarch64-unknown-linux-gnu","completed":84,"hal_peak":18222796,"peak_within_bounded":true,"admitted_budget_bytes":18222796,"peak_within_admitted_budget":true,"admission_mode":"unconditional","hal_bytes_per_call_amortized":9415012.3,"process_rss_kb":45308,"process_rss_delta_init_kb":10372,"max_active_calls":1,"active_calls_now":0,"call_counter_balanced":true}
.EVS Port1 1980-012-14:45:21.37297 66/1/AI_LEARNER 4: AI_LEARNER completed=85/85 mean=8039132.3us max=9918777.3us hal_peak=18222796 within_bounded=1
{"app":"AI_LEARNER","stage":"run","model":"smartcam","target":"aarch64-unknown-linux-gnu","attempted":85,"completed":85,"fail_input":0,"fail_invoke":0,"fail_output":0,"mean_us":8039132.25,"max_us":9918777.30,"last_us":7861544.66,"out0":0.85892,"out_elems":3,"out_sha256":"989d0c885c469a1267e327d7f6eaaa990ed94dab35f064968afaff7105ad4b34","out_head":[0.858921,0.111592,0.029487],"out_tail":[0.858921,0.111592,0.029487],"out_full_file":"/cf/last_out.json","out_full_file_bytes":118,"out_full_file_reason":"ok","out_record_truncates":false}
{"app":"AI_LEARNER","stage":"mem","model":"smartcam","target":"aarch64-unknown-linux-gnu","completed":85,"hal_peak":18222796,"peak_within_bounded":true,"admitted_budget_bytes":18222796,"peak_within_admitted_budget":true,"admission_mode":"unconditional","hal_bytes_per_call_amortized":9407541.4,"process_rss_kb":45308,"process_rss_delta_init_kb":10372,"max_active_calls":1,"active_calls_now":0,"call_counter_balanced":true}
.EVS Port1 1980-012-14:45:29.43959 66/1/AI_LEARNER 4: AI_LEARNER completed=86/86 mean=8039228.4us max=9918777.3us hal_peak=18222796 within_bounded=1
{"app":"AI_LEARNER","stage":"run","model":"smartcam","target":"aarch64-unknown-linux-gnu","attempted":86,"completed":86,"fail_input":0,"fail_invoke":0,"fail_output":0,"mean_us":8039228.35,"max_us":9918777.30,"last_us":8047396.93,"out0":0.85892,"out_elems":3,"out_sha256":"989d0c885c469a1267e327d7f6eaaa990ed94dab35f064968afaff7105ad4b34","out_head":[0.858921,0.111592,0.029487],"out_tail":[0.858921,0.111592,0.029487],"out_full_file":"/cf/last_out.json","out_full_file_bytes":118,"out_full_file_reason":"ok","out_record_truncates":false}
{"app":"AI_LEARNER","stage":"mem","model":"smartcam","target":"aarch64-unknown-linux-gnu","completed":86,"hal_peak":18222796,"peak_within_bounded":true,"admitted_budget_bytes":18222796,"peak_within_admitted_budget":true,"admission_mode":"unconditional","hal_bytes_per_call_amortized":9400244.1,"process_rss_kb":45308,"process_rss_delta_init_kb":10372,"max_active_calls":1,"active_calls_now":0,"call_counter_balanced":true}
..EVS Port1 1980-012-14:45:37.48106 66/1/AI_LEARNER 4: AI_LEARNER completed=87/87 mean=8039064.5us max=9918777.3us hal_peak=18222796 within_bounded=1
{"app":"AI_LEARNER","stage":"run","model":"smartcam","target":"aarch64-unknown-linux-gnu","attempted":87,"completed":87,"fail_input":0,"fail_invoke":0,"fail_output":0,"mean_us":8039064.49,"max_us":9918777.30,"last_us":8024972.06,"out0":0.85892,"out_elems":3,"out_sha256":"989d0c885c469a1267e327d7f6eaaa990ed94dab35f064968afaff7105ad4b34","out_head":[0.858921,0.111592,0.029487],"out_tail":[0.858921,0.111592,0.029487],"out_full_file":"/cf/last_out.json","out_full_file_bytes":118,"out_full_file_reason":"ok","out_record_truncates":false}
{"app":"AI_LEARNER","stage":"mem","model":"smartcam","target":"aarch64-unknown-linux-gnu","completed":87,"hal_peak":18222796,"peak_within_bounded":true,"admitted_budget_bytes":18222796,"peak_within_admitted_budget":true,"admission_mode":"unconditional","hal_bytes_per_call_amortized":9393114.7,"process_rss_kb":45308,"process_rss_delta_init_kb":10372,"max_active_calls":1,"active_calls_now":0,"call_counter_balanced":true}
.EVS Port1 1980-012-14:45:45.09648 66/1/AI_LEARNER 4: AI_LEARNER completed=88/88 mean=8034014.3us max=9918777.3us hal_peak=18222796 within_bounded=1
{"app":"AI_LEARNER","stage":"run","model":"smartcam","target":"aarch64-unknown-linux-gnu","attempted":88,"completed":88,"fail_input":0,"fail_invoke":0,"fail_output":0,"mean_us":8034014.29,"max_us":9918777.30,"last_us":7594646.61,"out0":0.85892,"out_elems":3,"out_sha256":"989d0c885c469a1267e327d7f6eaaa990ed94dab35f064968afaff7105ad4b34","out_head":[0.858921,0.111592,0.029487],"out_tail":[0.858921,0.111592,0.029487],"out_full_file":"/cf/last_out.json","out_full_file_bytes":118,"out_full_file_reason":"ok","out_record_truncates":false}
{"app":"AI_LEARNER","stage":"mem","model":"smartcam","target":"aarch64-unknown-linux-gnu","completed":88,"hal_peak":18222796,"peak_within_bounded":true,"admitted_budget_bytes":18222796,"peak_within_admitted_budget":true,"admission_mode":"unconditional","hal_bytes_per_call_amortized":9386147.2,"process_rss_kb":45308,"process_rss_delta_init_kb":10372,"max_active_calls":1,"active_calls_now":0,"call_counter_balanced":true}
.EVS Port1 1980-012-14:45:52.97674 66/1/AI_LEARNER 4: AI_LEARNER completed=89/89 mean=8032356.3us max=9918777.3us hal_peak=18222796 within_bounded=1
{"app":"AI_LEARNER","stage":"run","model":"smartcam","target":"aarch64-unknown-linux-gnu","attempted":89,"completed":89,"fail_input":0,"fail_invoke":0,"fail_output":0,"mean_us":8032356.30,"max_us":9918777.30,"last_us":7886453.07,"out0":0.85892,"out_elems":3,"out_sha256":"989d0c885c469a1267e327d7f6eaaa990ed94dab35f064968afaff7105ad4b34","out_head":[0.858921,0.111592,0.029487],"out_tail":[0.858921,0.111592,0.029487],"out_full_file":"/cf/last_out.json","out_full_file_bytes":118,"out_full_file_reason":"ok","out_record_truncates":false}
{"app":"AI_LEARNER","stage":"mem","model":"smartcam","target":"aarch64-unknown-linux-gnu","completed":89,"hal_peak":18222796,"peak_within_bounded":true,"admitted_budget_bytes":18222796,"peak_within_admitted_budget":true,"admission_mode":"unconditional","hal_bytes_per_call_amortized":9379336.4,"process_rss_kb":45308,"process_rss_delta_init_kb":10372,"max_active_calls":1,"active_calls_now":0,"call_counter_balanced":true}
..EVS Port1 1980-012-14:46:01.04846 66/1/AI_LEARNER 4: AI_LEARNER completed=90/90 mean=8032638.1us max=9918777.3us hal_peak=18222796 within_bounded=1
{"app":"AI_LEARNER","stage":"run","model":"smartcam","target":"aarch64-unknown-linux-gnu","attempted":90,"completed":90,"fail_input":0,"fail_invoke":0,"fail_output":0,"mean_us":8032638.06,"max_us":9918777.30,"last_us":8057714.96,"out0":0.85892,"out_elems":3,"out_sha256":"989d0c885c469a1267e327d7f6eaaa990ed94dab35f064968afaff7105ad4b34","out_head":[0.858921,0.111592,0.029487],"out_tail":[0.858921,0.111592,0.029487],"out_full_file":"/cf/last_out.json","out_full_file_bytes":118,"out_full_file_reason":"ok","out_record_truncates":false}
{"app":"AI_LEARNER","stage":"mem","model":"smartcam","target":"aarch64-unknown-linux-gnu","completed":90,"hal_peak":18222796,"peak_within_bounded":true,"admitted_budget_bytes":18222796,"peak_within_admitted_budget":true,"admission_mode":"unconditional","hal_bytes_per_call_amortized":9372676.8,"process_rss_kb":45308,"process_rss_delta_init_kb":10372,"max_active_calls":1,"active_calls_now":0,"call_counter_balanced":true}
.EVS Port1 1980-012-14:46:08.94531 66/1/AI_LEARNER 4: AI_LEARNER completed=91/91 mean=8031025.8us max=9918777.3us hal_peak=18222796 within_bounded=1
{"app":"AI_LEARNER","stage":"run","model":"smartcam","target":"aarch64-unknown-linux-gnu","attempted":91,"completed":91,"fail_input":0,"fail_invoke":0,"fail_output":0,"mean_us":8031025.81,"max_us":9918777.30,"last_us":7885923.25,"out0":0.85892,"out_elems":3,"out_sha256":"989d0c885c469a1267e327d7f6eaaa990ed94dab35f064968afaff7105ad4b34","out_head":[0.858921,0.111592,0.029487],"out_tail":[0.858921,0.111592,0.029487],"out_full_file":"/cf/last_out.json","out_full_file_bytes":118,"out_full_file_reason":"ok","out_record_truncates":false}
{"app":"AI_LEARNER","stage":"mem","model":"smartcam","target":"aarch64-unknown-linux-gnu","completed":91,"hal_peak":18222796,"peak_within_bounded":true,"admitted_budget_bytes":18222796,"peak_within_admitted_budget":true,"admission_mode":"unconditional","hal_bytes_per_call_amortized":9366163.7,"process_rss_kb":45308,"process_rss_delta_init_kb":10372,"max_active_calls":1,"active_calls_now":0,"call_counter_balanced":true}
.EVS Port1 1980-012-14:46:17.10945 66/1/AI_LEARNER 4: AI_LEARNER completed=92/92 mean=8032244.1us max=9918777.3us hal_peak=18222796 within_bounded=1
{"app":"AI_LEARNER","stage":"run","model":"smartcam","target":"aarch64-unknown-linux-gnu","attempted":92,"completed":92,"fail_input":0,"fail_invoke":0,"fail_output":0,"mean_us":8032244.10,"max_us":9918777.30,"last_us":8143108.45,"out0":0.85892,"out_elems":3,"out_sha256":"989d0c885c469a1267e327d7f6eaaa990ed94dab35f064968afaff7105ad4b34","out_head":[0.858921,0.111592,0.029487],"out_tail":[0.858921,0.111592,0.029487],"out_full_file":"/cf/last_out.json","out_full_file_bytes":118,"out_full_file_reason":"ok","out_record_truncates":false}
{"app":"AI_LEARNER","stage":"mem","model":"smartcam","target":"aarch64-unknown-linux-gnu","completed":92,"hal_peak":18222796,"peak_within_bounded":true,"admitted_budget_bytes":18222796,"peak_within_admitted_budget":true,"admission_mode":"unconditional","hal_bytes_per_call_amortized":9359792.1,"process_rss_kb":45308,"process_rss_delta_init_kb":10372,"max_active_calls":1,"active_calls_now":0,"call_counter_balanced":true}
..EVS Port1 1980-012-14:46:25.06616 66/1/AI_LEARNER 4: AI_LEARNER completed=93/93 mean=8031236.3us max=9918777.3us hal_peak=18222796 within_bounded=1
{"app":"AI_LEARNER","stage":"run","model":"smartcam","target":"aarch64-unknown-linux-gnu","attempted":93,"completed":93,"fail_input":0,"fail_invoke":0,"fail_output":0,"mean_us":8031236.29,"max_us":9918777.30,"last_us":7938518.32,"out0":0.85892,"out_elems":3,"out_sha256":"989d0c885c469a1267e327d7f6eaaa990ed94dab35f064968afaff7105ad4b34","out_head":[0.858921,0.111592,0.029487],"out_tail":[0.858921,0.111592,0.029487],"out_full_file":"/cf/last_out.json","out_full_file_bytes":118,"out_full_file_reason":"ok","out_record_truncates":false}
{"app":"AI_LEARNER","stage":"mem","model":"smartcam","target":"aarch64-unknown-linux-gnu","completed":93,"hal_peak":18222796,"peak_within_bounded":true,"admitted_budget_bytes":18222796,"peak_within_admitted_budget":true,"admission_mode":"unconditional","hal_bytes_per_call_amortized":9353557.6,"process_rss_kb":45308,"process_rss_delta_init_kb":10372,"max_active_calls":1,"active_calls_now":0,"call_counter_balanced":true}
.EVS Port1 1980-012-14:46:33.08680 66/1/AI_LEARNER 4: AI_LEARNER completed=94/94 mean=8030963.0us max=9918777.3us hal_peak=18222796 within_bounded=1
{"app":"AI_LEARNER","stage":"run","model":"smartcam","target":"aarch64-unknown-linux-gnu","attempted":94,"completed":94,"fail_input":0,"fail_invoke":0,"fail_output":0,"mean_us":8030963.00,"max_us":9918777.30,"last_us":8005546.45,"out0":0.85892,"out_elems":3,"out_sha256":"989d0c885c469a1267e327d7f6eaaa990ed94dab35f064968afaff7105ad4b34","out_head":[0.858921,0.111592,0.029487],"out_tail":[0.858921,0.111592,0.029487],"out_full_file":"/cf/last_out.json","out_full_file_bytes":118,"out_full_file_reason":"ok","out_record_truncates":false}
{"app":"AI_LEARNER","stage":"mem","model":"smartcam","target":"aarch64-unknown-linux-gnu","completed":94,"hal_peak":18222796,"peak_within_bounded":true,"admitted_budget_bytes":18222796,"peak_within_admitted_budget":true,"admission_mode":"unconditional","hal_bytes_per_call_amortized":9347455.7,"process_rss_kb":45308,"process_rss_delta_init_kb":10372,"max_active_calls":1,"active_calls_now":0,"call_counter_balanced":true}
.EVS Port1 1980-012-14:46:41.02032 66/1/AI_LEARNER 4: AI_LEARNER completed=95/95 mean=8029813.5us max=9918777.3us hal_peak=18222796 within_bounded=1
{"app":"AI_LEARNER","stage":"run","model":"smartcam","target":"aarch64-unknown-linux-gnu","attempted":95,"completed":95,"fail_input":0,"fail_invoke":0,"fail_output":0,"mean_us":8029813.52,"max_us":9918777.30,"last_us":7921762.50,"out0":0.85892,"out_elems":3,"out_sha256":"989d0c885c469a1267e327d7f6eaaa990ed94dab35f064968afaff7105ad4b34","out_head":[0.858921,0.111592,0.029487],"out_tail":[0.858921,0.111592,0.029487],"out_full_file":"/cf/last_out.json","out_full_file_bytes":118,"out_full_file_reason":"ok","out_record_truncates":false}
{"app":"AI_LEARNER","stage":"mem","model":"smartcam","target":"aarch64-unknown-linux-gnu","completed":95,"hal_peak":18222796,"peak_within_bounded":true,"admitted_budget_bytes":18222796,"peak_within_admitted_budget":true,"admission_mode":"unconditional","hal_bytes_per_call_amortized":9341482.3,"process_rss_kb":45308,"process_rss_delta_init_kb":10372,"max_active_calls":1,"active_calls_now":0,"call_counter_balanced":true}
..EVS Port1 1980-012-14:46:49.02867 66/1/AI_LEARNER 4: AI_LEARNER completed=96/96 mean=8029382.3us max=9918777.3us hal_peak=18222796 within_bounded=1
{"app":"AI_LEARNER","stage":"run","model":"smartcam","target":"aarch64-unknown-linux-gnu","attempted":96,"completed":96,"fail_input":0,"fail_invoke":0,"fail_output":0,"mean_us":8029382.26,"max_us":9918777.30,"last_us":7988412.69,"out0":0.85892,"out_elems":3,"out_sha256":"989d0c885c469a1267e327d7f6eaaa990ed94dab35f064968afaff7105ad4b34","out_head":[0.858921,0.111592,0.029487],"out_tail":[0.858921,0.111592,0.029487],"out_full_file":"/cf/last_out.json","out_full_file_bytes":118,"out_full_file_reason":"ok","out_record_truncates":false}
{"app":"AI_LEARNER","stage":"mem","model":"smartcam","target":"aarch64-unknown-linux-gnu","completed":96,"hal_peak":18222796,"peak_within_bounded":true,"admitted_budget_bytes":18222796,"peak_within_admitted_budget":true,"admission_mode":"unconditional","hal_bytes_per_call_amortized":9335633.3,"process_rss_kb":45308,"process_rss_delta_init_kb":10372,"max_active_calls":1,"active_calls_now":0,"call_counter_balanced":true}
.EVS Port1 1980-012-14:46:57.04780 66/1/AI_LEARNER 4: AI_LEARNER completed=97/97 mean=8029166.1us max=9918777.3us hal_peak=18222796 within_bounded=1
{"app":"AI_LEARNER","stage":"run","model":"smartcam","target":"aarch64-unknown-linux-gnu","attempted":97,"completed":97,"fail_input":0,"fail_invoke":0,"fail_output":0,"mean_us":8029166.09,"max_us":9918777.30,"last_us":8008414.13,"out0":0.85892,"out_elems":3,"out_sha256":"989d0c885c469a1267e327d7f6eaaa990ed94dab35f064968afaff7105ad4b34","out_head":[0.858921,0.111592,0.029487],"out_tail":[0.858921,0.111592,0.029487],"out_full_file":"/cf/last_out.json","out_full_file_bytes":118,"out_full_file_reason":"ok","out_record_truncates":false}
{"app":"AI_LEARNER","stage":"mem","model":"smartcam","target":"aarch64-unknown-linux-gnu","completed":97,"hal_peak":18222796,"peak_within_bounded":true,"admitted_budget_bytes":18222796,"peak_within_admitted_budget":true,"admission_mode":"unconditional","hal_bytes_per_call_amortized":9329904.9,"process_rss_kb":45308,"process_rss_delta_init_kb":10372,"max_active_calls":1,"active_calls_now":0,"call_counter_balanced":true}
.EVS Port1 1980-012-14:47:05.39743 66/1/AI_LEARNER 4: AI_LEARNER completed=98/98 mean=8032193.4us max=9918777.3us hal_peak=18222796 within_bounded=1
{"app":"AI_LEARNER","stage":"run","model":"smartcam","target":"aarch64-unknown-linux-gnu","attempted":98,"completed":98,"fail_input":0,"fail_invoke":0,"fail_output":0,"mean_us":8032193.39,"max_us":9918777.30,"last_us":8325841.17,"out0":0.85892,"out_elems":3,"out_sha256":"989d0c885c469a1267e327d7f6eaaa990ed94dab35f064968afaff7105ad4b34","out_head":[0.858921,0.111592,0.029487],"out_tail":[0.858921,0.111592,0.029487],"out_full_file":"/cf/last_out.json","out_full_file_bytes":118,"out_full_file_reason":"ok","out_record_truncates":false}
{"app":"AI_LEARNER","stage":"mem","model":"smartcam","target":"aarch64-unknown-linux-gnu","completed":98,"hal_peak":18222796,"peak_within_bounded":true,"admitted_budget_bytes":18222796,"peak_within_admitted_budget":true,"admission_mode":"unconditional","hal_bytes_per_call_amortized":9324293.4,"process_rss_kb":45308,"process_rss_delta_init_kb":10372,"max_active_calls":1,"active_calls_now":0,"call_counter_balanced":true}
..EVS Port1 1980-012-14:47:13.49748 66/1/AI_LEARNER 4: AI_LEARNER completed=99/99 mean=8032725.8us max=9918777.3us hal_peak=18222796 within_bounded=1
{"app":"AI_LEARNER","stage":"run","model":"smartcam","target":"aarch64-unknown-linux-gnu","attempted":99,"completed":99,"fail_input":0,"fail_invoke":0,"fail_output":0,"mean_us":8032725.79,"max_us":9918777.30,"last_us":8084901.07,"out0":0.85892,"out_elems":3,"out_sha256":"989d0c885c469a1267e327d7f6eaaa990ed94dab35f064968afaff7105ad4b34","out_head":[0.858921,0.111592,0.029487],"out_tail":[0.858921,0.111592,0.029487],"out_full_file":"/cf/last_out.json","out_full_file_bytes":118,"out_full_file_reason":"ok","out_record_truncates":false}
{"app":"AI_LEARNER","stage":"mem","model":"smartcam","target":"aarch64-unknown-linux-gnu","completed":99,"hal_peak":18222796,"peak_within_bounded":true,"admitted_budget_bytes":18222796,"peak_within_admitted_budget":true,"admission_mode":"unconditional","hal_bytes_per_call_amortized":9318795.3,"process_rss_kb":45308,"process_rss_delta_init_kb":10372,"max_active_calls":1,"active_calls_now":0,"call_counter_balanced":true}
.EVS Port1 1980-012-14:47:21.36920 66/1/AI_LEARNER 4: AI_LEARNER completed=100/100 mean=8031028.6us max=9918777.3us hal_peak=18222796 within_bounded=1
{"app":"AI_LEARNER","stage":"run","model":"smartcam","target":"aarch64-unknown-linux-gnu","attempted":100,"completed":100,"fail_input":0,"fail_invoke":0,"fail_output":0,"mean_us":8031028.63,"max_us":9918777.30,"last_us":7863010.00,"out0":0.85892,"out_elems":3,"out_sha256":"989d0c885c469a1267e327d7f6eaaa990ed94dab35f064968afaff7105ad4b34","out_head":[0.858921,0.111592,0.029487],"out_tail":[0.858921,0.111592,0.029487],"out_full_file":"/cf/last_out.json","out_full_file_bytes":119,"out_full_file_reason":"ok","out_record_truncates":false}
{"app":"AI_LEARNER","stage":"mem","model":"smartcam","target":"aarch64-unknown-linux-gnu","completed":100,"hal_peak":18222796,"peak_within_bounded":true,"admitted_budget_bytes":18222796,"peak_within_admitted_budget":true,"admission_mode":"unconditional","hal_bytes_per_call_amortized":9313407.2,"process_rss_kb":45308,"process_rss_delta_init_kb":10372,"max_active_calls":1,"active_calls_now":0,"call_counter_balanced":true}
.EVS Port1 1980-012-14:47:28.90911 66/1/AI_LEARNER 4: AI_LEARNER completed=101/101 mean=8026047.8us max=9918777.3us hal_peak=18222796 within_bounded=1
{"app":"AI_LEARNER","stage":"run","model":"smartcam","target":"aarch64-unknown-linux-gnu","attempted":101,"completed":101,"fail_input":0,"fail_invoke":0,"fail_output":0,"mean_us":8026047.75,"max_us":9918777.30,"last_us":7527959.66,"out0":0.85892,"out_elems":3,"out_sha256":"989d0c885c469a1267e327d7f6eaaa990ed94dab35f064968afaff7105ad4b34","out_head":[0.858921,0.111592,0.029487],"out_tail":[0.858921,0.111592,0.029487],"out_full_file":"/cf/last_out.json","out_full_file_bytes":119,"out_full_file_reason":"ok","out_record_truncates":false}
{"app":"AI_LEARNER","stage":"mem","model":"smartcam","target":"aarch64-unknown-linux-gnu","completed":101,"hal_peak":18222796,"peak_within_bounded":true,"admitted_budget_bytes":18222796,"peak_within_admitted_budget":true,"admission_mode":"unconditional","hal_bytes_per_call_amortized":9308125.7,"process_rss_kb":45308,"process_rss_delta_init_kb":10372,"max_active_calls":1,"active_calls_now":0,"call_counter_balanced":true}
..EVS Port1 1980-012-14:47:36.48165 66/1/AI_LEARNER 4: AI_LEARNER completed=102/102 mean=8021462.2us max=9918777.3us hal_peak=18222796 within_bounded=1
{"app":"AI_LEARNER","stage":"run","model":"smartcam","target":"aarch64-unknown-linux-gnu","attempted":102,"completed":102,"fail_input":0,"fail_invoke":0,"fail_output":0,"mean_us":8021462.22,"max_us":9918777.30,"last_us":7558323.81,"out0":0.85892,"out_elems":3,"out_sha256":"989d0c885c469a1267e327d7f6eaaa990ed94dab35f064968afaff7105ad4b34","out_head":[0.858921,0.111592,0.029487],"out_tail":[0.858921,0.111592,0.029487],"out_full_file":"/cf/last_out.json","out_full_file_bytes":119,"out_full_file_reason":"ok","out_record_truncates":false}
{"app":"AI_LEARNER","stage":"mem","model":"smartcam","target":"aarch64-unknown-linux-gnu","completed":102,"hal_peak":18222796,"peak_within_bounded":true,"admitted_budget_bytes":18222796,"peak_within_admitted_budget":true,"admission_mode":"unconditional","hal_bytes_per_call_amortized":9302947.8,"process_rss_kb":45308,"process_rss_delta_init_kb":10372,"max_active_calls":1,"active_calls_now":0,"call_counter_balanced":true}
.EVS Port1 1980-012-14:47:44.29290 66/1/AI_LEARNER 4: AI_LEARNER completed=103/103 mean=8019367.3us max=9918777.3us hal_peak=18222796 within_bounded=1
{"app":"AI_LEARNER","stage":"run","model":"smartcam","target":"aarch64-unknown-linux-gnu","attempted":103,"completed":103,"fail_input":0,"fail_invoke":0,"fail_output":0,"mean_us":8019367.34,"max_us":9918777.30,"last_us":7805689.42,"out0":0.85892,"out_elems":3,"out_sha256":"989d0c885c469a1267e327d7f6eaaa990ed94dab35f064968afaff7105ad4b34","out_head":[0.858921,0.111592,0.029487],"out_tail":[0.858921,0.111592,0.029487],"out_full_file":"/cf/last_out.json","out_full_file_bytes":119,"out_full_file_reason":"ok","out_record_truncates":false}
{"app":"AI_LEARNER","stage":"mem","model":"smartcam","target":"aarch64-unknown-linux-gnu","completed":103,"hal_peak":18222796,"peak_within_bounded":true,"admitted_budget_bytes":18222796,"peak_within_admitted_budget":true,"admission_mode":"unconditional","hal_bytes_per_call_amortized":9297870.4,"process_rss_kb":45308,"process_rss_delta_init_kb":10372,"max_active_calls":1,"active_calls_now":0,"call_counter_balanced":true}
.EVS Port1 1980-012-14:47:52.31504 66/1/AI_LEARNER 4: AI_LEARNER completed=104/104 mean=8019318.9us max=9918777.3us hal_peak=18222796 within_bounded=1
{"app":"AI_LEARNER","stage":"run","model":"smartcam","target":"aarch64-unknown-linux-gnu","attempted":104,"completed":104,"fail_input":0,"fail_invoke":0,"fail_output":0,"mean_us":8019318.94,"max_us":9918777.30,"last_us":8014334.05,"out0":0.85892,"out_elems":3,"out_sha256":"989d0c885c469a1267e327d7f6eaaa990ed94dab35f064968afaff7105ad4b34","out_head":[0.858921,0.111592,0.029487],"out_tail":[0.858921,0.111592,0.029487],"out_full_file":"/cf/last_out.json","out_full_file_bytes":119,"out_full_file_reason":"ok","out_record_truncates":false}
{"app":"AI_LEARNER","stage":"mem","model":"smartcam","target":"aarch64-unknown-linux-gnu","completed":104,"hal_peak":18222796,"peak_within_bounded":true,"admitted_budget_bytes":18222796,"peak_within_admitted_budget":true,"admission_mode":"unconditional","hal_bytes_per_call_amortized":9292890.7,"process_rss_kb":45308,"process_rss_delta_init_kb":10372,"max_active_calls":1,"active_calls_now":0,"call_counter_balanced":true}
.EVS Port1 1980-012-14:48:00.20040 66/1/AI_LEARNER 4: AI_LEARNER completed=105/105 mean=8017903.7us max=9918777.3us hal_peak=18222796 within_bounded=1
{"app":"AI_LEARNER","stage":"run","model":"smartcam","target":"aarch64-unknown-linux-gnu","attempted":105,"completed":105,"fail_input":0,"fail_invoke":0,"fail_output":0,"mean_us":8017903.70,"max_us":9918777.30,"last_us":7870717.82,"out0":0.85892,"out_elems":3,"out_sha256":"989d0c885c469a1267e327d7f6eaaa990ed94dab35f064968afaff7105ad4b34","out_head":[0.858921,0.111592,0.029487],"out_tail":[0.858921,0.111592,0.029487],"out_full_file":"/cf/last_out.json","out_full_file_bytes":119,"out_full_file_reason":"ok","out_record_truncates":false}
{"app":"AI_LEARNER","stage":"mem","model":"smartcam","target":"aarch64-unknown-linux-gnu","completed":105,"hal_peak":18222796,"peak_within_bounded":true,"admitted_budget_bytes":18222796,"peak_within_admitted_budget":true,"admission_mode":"unconditional","hal_bytes_per_call_amortized":9288005.9,"process_rss_kb":45308,"process_rss_delta_init_kb":10372,"max_active_calls":1,"active_calls_now":0,"call_counter_balanced":true}
.1980-012-14:48:05.38088 CFE_ES_RunExceptionScan: ExceptionID 0x1110003 in TaskID 0: Caught SIGINT
1980-012-14:48:05.38553 CFE_ES_RunExceptionScan: Maximum Processor Reset count reached (2)
CFE_PSP: Exiting cFE with POWERON Reset status.
CFE_PSP: Critical Data Store Shared memory segment removed
Reset Area Shared memory segment removed
User Reserved Area Shared memory segment removed

CFE_PSP: Shutdown initiated - Exiting cFE
CI delete callback -- Closing CI Network socket.
TO delete callback -- Closing TO Network socket.
.EVS Port1 1980-012-14:48:07.39862 66/1/AI_LEARNER 4: AI_LEARNER completed=106/106 mean=8009993.9us max=9918777.3us hal_peak=18222796 within_bounded=1
EXIT=124
