OS_BSP_Initialize():Maximum user msg queue depth = 512
CFE_PSP: Default Reset SubType = 1
CFE_PSP: Default CPU ID = 1
CFE_PSP: Default Spacecraft ID = 66
CFE_PSP: Default CPU Name: cpu1
OS_Posix_GetSchedulerParams():208:Policy 1: available, min-max: 1-99
OS_Posix_GetSchedulerParams():208:Policy 2: available, min-max: 1-99
OS_Posix_TaskAPI_Impl_Init():401:Selected policy 2 for RT tasks, root task = 99
OS_Posix_TaskAPI_Impl_Init():419:Could not setschedparam in main thread: Operation not permitted (1)
CFE_PSP: initializing module 'soft_timebase' with ID 0110ff00
CFE_PSP: Instantiated software timebase 'cFS-Master' running at 10000 usec
CFE_PSP: initializing module 'timebase_posix_clock' with ID 0110ff01
CFE_PSP: Using POSIX monotonic clock as CFE timebase
CFE_PSP: initializing module 'eeprom_mmap_file' with ID 0110ff02
CFE_PSP: Using MMAP simulated EEPROM implementation
CFE_PSP: initializing module 'port_notimpl' with ID 0110ff03
CFE_PSP: EEPROM Range (2) created: Start Address = E07CAC4FE000, Size = 00080000 Status = 0
CFE_PSP: I/O Port access not implemented
CFE_PSP: initializing module 'iodriver' with ID 0110ff04
CFE_PSP: initializing module 'linux_sysmon' with ID 0110ff05
CFE_PSP: initializing module 'endian_api' with ID 0110ff06
CFE_PSP: Host CPU Endian=LITTLE
CFE_PSP: initializing module 'ram_notimpl' with ID 0110ff07
CFE_PSP: Physical RAM access not implemented
CFE_PSP: Normal exit from previous cFE instance
CFE_PSP: Starting the cFE with a PROCESSOR reset.
1980-001-00:56:47.34401 CFE_ES_Main: CFE_ES_Main in EARLY_INIT state
1980-001-00:56:47.35633 CFE_ES_InitializeFileSystems: Volatile Disk has 100 Percent free space.
Number of addresses returned by backtrace = 1
CFE_PSP: CFE_PSP_AttachExceptions called
1980-001-00:56:47.37469 CFE_ES_Main: CFE_ES_Main entering CORE_STARTUP state
1980-001-00:56:47.37492 CFE_ES_CreateObjects: Starting Object Creation calls.
1980-001-00:56:47.37650 CFE_ES_CreateObjects: Calling EarlyInit for CFE_CONFIG
1980-001-00:56:47.37935 CFE_ES_CreateObjects: Calling EarlyInit for CFE_ES
1980-001-00:56:47.38402 CFE_ES_CreateObjects: Calling EarlyInit for CFE_EVS
1980-001-00:56:47.38702 CFE_EVS_EarlyInit: Event Log restored, n=0, c=20, f=1, m=1, o=198
1980-001-00:56:47.38745 CFE_ES_CreateObjects: Calling EarlyInit for CFE_FS
1980-001-00:56:47.38767 CFE_ES_CreateObjects: Calling EarlyInit for CFE_SB
1980-001-00:56:47.40584 CFE_ES_CreateObjects: Calling EarlyInit for CFE_TBL
1980-001-00:56:47.42785 CFE_ES_CreateObjects: Calling EarlyInit for CFE_TIME
EVS Port1 1980-012-14:11:13.73338 66/1/CFE_ES 1: cFE ES Initialized: CFE_ES v7.0.1+dev1 (Draco) DEV BUILD, based on v7.0.1, EDS disabled
EVS Port1 1980-012-14:11:13.74031 66/1/CFE_ES 2: cFS Versions: cfe v7.0.1+dev1, osal v7.0.1+dev1, psp v7.0.1+dev1. cFE chksm 31659
EVS Port1 1980-012-14:11:13.74119 66/1/CFE_ES 91: Version Info: Mission SampleMission, version git:v7.0.1-90-g78c23b0-dirty
EVS Port1 1980-012-14:11:13.74279 66/1/CFE_ES 91: Version Info: Module CORE_API, version git:2612eb0
EVS Port1 1980-012-14:11:13.74424 66/1/CFE_ES 91: Version Info: Module CONFIG, version git:2612eb0
EVS Port1 1980-012-14:11:13.74523 66/1/CFE_ES 91: Version Info: Module ES, version git:2612eb0
EVS Port1 1980-012-14:11:13.74566 66/1/CFE_ES 91: Version Info: Module EVS, version git:2612eb0
EVS Port1 1980-012-14:11:13.74589 66/1/CFE_ES 91: Version Info: Module FS, version git:2612eb0
EVS Port1 1980-012-14:11:13.74612 66/1/CFE_ES 91: Version Info: Module SB, version git:2612eb0
EVS Port1 1980-012-14:11:13.74632 66/1/CFE_ES 91: Version Info: Module TBL, version git:2612eb0
EVS Port1 1980-012-14:11:13.74765 66/1/CFE_ES 91: Version Info: Module TIME, version git:2612eb0
EVS Port1 1980-012-14:11:13.74873 66/1/CFE_ES 91: Version Info: Module OSAL, version git:8111e4a
EVS Port1 1980-012-14:11:13.74977 66/1/CFE_ES 91: Version Info: Module PSP, version git:d1da809
EVS Port1 1980-012-14:11:13.75080 66/1/CFE_ES 91: Version Info: Module MSG, version git:2612eb0
EVS Port1 1980-012-14:11:13.75111 66/1/CFE_ES 91: Version Info: Module SBR, version git:2612eb0
EVS Port1 1980-012-14:11:13.75137 66/1/CFE_ES 91: Version Info: Module RESOURCEID, version git:2612eb0
EVS Port1 1980-012-14:11:13.75184 66/1/CFE_ES 92: Build 202609140214 by root@vm, config aarch64
EVS Port1 1980-012-14:11:13.82637 66/1/CFE_EVS 1: cFE EVS Initialized: CFE_EVS v7.0.1+dev1 (Draco) DEV BUILD, based on v7.0.1, EDS disabled
1980-012-14:11:13.93090 CFE_SB_AppInit: Registered 4 events for filtering
EVS Port1 1980-012-14:11:13.93513 66/1/CFE_SB 1: cFE SB Initialized: CFE_SB v7.0.1+dev1 (Draco) DEV BUILD, based on v7.0.1, EDS disabled
EVS Port1 1980-012-14:11:13.93603 66/1/CFE_SB 14: No subscribers for MsgId 0x808,sender CFE_SB
EVS Port1 1980-012-14:11:14.03776 66/1/CFE_TBL 1: cFE TBL Initialized: CFE_TBL v7.0.1+dev1 (Draco) DEV BUILD, based on v7.0.1, EDS disabled
EVS Port1 1980-012-14:11:14.03994 66/1/CFE_SB 14: No subscribers for MsgId 0x808,sender CFE_TBL
EVS Port1 1980-012-14:11:14.15641 66/1/CFE_TIME 1: cFE TIME Initialized: CFE_TIME v7.0.1+dev1 (Draco) DEV BUILD, based on v7.0.1, EDS disabled
EVS Port1 1980-012-14:11:14.15936 66/1/CFE_SB 14: No subscribers for MsgId 0x808,sender CFE_TIME
1980-012-14:11:14.19032 CFE_ES_CreateObjects: Finished ES CreateObject table entries.
1980-012-14:11:14.19202 CFE_ES_Main: CFE_ES_Main entering CORE_READY state
OS_FileOpen_Impl():110:open(/dev/shm/osal:RAM/cfe_es_startup.scr): No such file or directory
1980-012-14:11:14.20018 CFE_ES_OpenStartupScript: Cannot Open Volatile Startup file: /ram/cfe_es_startup.scr, Trying Nonvolatile.
1980-012-14:11:14.20280 CFE_ES_OpenStartupScript: Opened ES App Startup file: /cf/cfe_es_startup.scr
1980-012-14:11:14.23225 CFE_ES_ParseFileEntry: Loading shared library: /cf/cfe_assert.so
1980-012-14:11:14.24726 [BEGIN] CFE FUNCTIONAL TEST
1980-012-14:11:14.24814 [BEGIN] 01 CFE-STARTUP
1980-012-14:11:14.27487 CFE_ES_ParseFileEntry: Loading shared library: /cf/sample_lib.so
SAMPLE Lib Initialized.Sample Lib v7.0.0+dev1 (Draco) DEV BUILD, based on v7.0.1, EDS disabled
1980-012-14:11:14.30840 CFE_ES_ParseFileEntry: Loading file: /cf/sch_lab.so, APP: SCH_LAB
1980-012-14:11:14.34591 CFE_ES_ParseFileEntry: Loading file: /cf/ci_lab.so, APP: CI_LAB
1980-012-14:11:14.39781 CFE_ES_ParseFileEntry: Loading file: /cf/to_lab.so, APP: TO_LAB
SCH Lab Initialized.SCH Lab v7.0.1+dev1 (Draco) DEV BUILD, based on v7.0.1, EDS disabled
1980-012-14:11:14.49602 CFE_ES_ParseFileEntry: Loading file: /cf/sample_app.so, APP: SAMPLE_APP
EVS Port1 1980-012-14:11:14.50305 66/1/TO_LAB 1: TO Lab Initialized.TO Lab v7.0.1+dev1 (Draco) DEV BUILD, based on v7.0.1, EDS disabled, Awaiting enable command.
EVS Port1 1980-012-14:11:14.50782 66/1/CFE_SB 14: No subscribers for MsgId 0x808,sender TO_LAB
1980-012-14:11:14.52132 CI_LAB listening on UDP port: 1234
EVS Port1 1980-012-14:11:14.52276 66/1/CI_LAB 3: CI Lab Initialized.CI Lab App v7.0.1+dev1 (Draco) DEV BUILD, based on v7.0.1, EDS disabled
1980-012-14:11:14.55687 CFE_ES_ParseFileEntry: Loading file: /cf/ai_learner.so, APP: AI_LEARNER
EVS Port1 1980-012-14:11:14.59106 66/1/SAMPLE_APP 1: Sample App Initialized.Sample App v7.0.0+dev1 (Draco) DEV BUILD, based on v7.0.1, EDS disabled
1980-012-14:11:14.60326 CFE_ES_ParseFileEntry: Loading file: /cf/lc.so, APP: LC
{"app":"AI_LEARNER","stage":"build_config","model":"b2_resnet","allow_conditional_map":1,"contract_bounded_bytes":618856,"contract_per_call_bytes":309416,"contract_const_bytes":309440,"contract_bound_known":true,"contract_artifact_sha256":"2e0bc7dc67af80b795ff4847292e51326bf7349a34c434755c365faf4457fabb"}
1980-012-14:11:14.63342 CFE_ES_ParseFileEntry: Loading file: /cf/cf.so, APP: CF
{"app":"AI_LEARNER","stage":"stack","es_stack_size":263376,"stack_base_bytes":262144,"contract_kernel_stack_bytes":1232,"kernel_stack_accounted":true}
EVS Port1 1980-012-14:11:14.64096 66/1/AI_LEARNER 8: AI_LEARNER stack: es=263376 base=262144 kernel=1232 accounted=1
{"app":"AI_LEARNER","stage":"admission","verdict":"ADMIT_CONDITIONAL_MAP","model":"b2_resnet","target":"aarch64-unknown-linux-gnu","bounded":618856,"budget":309416,"budget_source":"override","per_call":309416,"constants":309440,"kernel_stack_bytes":1232,"bound_known":true,"scope":"per_app_local_budget"}
EVS Port1 1980-012-14:11:14.69714 66/1/LC 56: WDT verify results: good = 0, bad = 0, unused = 176
EVS Port1 1980-012-14:11:14.71113 66/1/LC 66: ADT verify results: good = 0, bad = 0, unused = 176
EVS Port1 1980-012-14:11:14.72041 66/1/LC 23: LC use of Critical Data Store disabled, activity mask = 0x00991990
EVS Port1 1980-012-14:11:14.72772 66/1/LC 2: LC Initialized. Version 7.0.1.255
1980-012-14:11:14.74382 CFE_ES_ParseFileEntry: Loading file: /cf/ds.so, APP: DS
EVS Port1 1980-012-14:11:14.82504 66/1/CF 20: CF Initialized. Version 7.0.1.255
1980-012-14:11:14.85489 CFE_ES_ParseFileEntry: Loading file: /cf/fm.so, APP: FM
EVS Port1 1980-012-14:11:14.87690 66/1/DS 10: Destination file table verify results: good entries = 6, bad = 0, unused = 10
{"app":"AI_LEARNER","stage":"binding","verdict":"MATCH","artifact_bytes":343538,"artifact_sha256":"2e0bc7dc67af80b7","contract_sha256":"2e0bc7dc67af80b7"}
EVS Port1 1980-012-14:11:14.89320 66/1/DS 12: Filter table verify results: good entries = 14, bad = 0, unused = 242
EVS Port1 1980-012-14:11:14.90866 66/1/DS 1: Application initialized, version 7.0.1.255, data at 0xe07cac030460
1980-012-14:11:14.94101 CFE_ES_ParseFileEntry: Loading file: /cf/hk.so, APP: HK
EVS Port1 1980-012-14:11:14.95893 66/1/FM 80: Free Space Table verify results: good entries = 3, bad = 0, unused = 5
EVS Port1 1980-012-14:11:14.98541 66/1/FM 1: Initialization complete: version 7.0.1.255
1980-012-14:11:15.02535 CFE_ES_ParseFileEntry: Loading file: /cf/hs.so, APP: HS
EVS Port1 1980-012-14:11:15.06010 66/1/FM 72: Child Task initialization complete
{"app":"AI_LEARNER","stage":"map_branch","model":"b2_resnet","module_ptr_mod64":0,"hal_peak_after_append":0,"contract_const_bytes":309440,"contract_per_call_bytes":309416,"arm":"map","admission_mode":"conditional_map"}
{"app":"AI_LEARNER","stage":"mem_init","model":"b2_resnet","target":"aarch64-unknown-linux-gnu","hal_peak":12288,"hal_allocated":12288,"bounded":618856,"peak_within_bounded":true,"inferences_so_far":0,"process_rss_kb":5928,"rss_kb_before_runtime":5324,"rss_kb_after_session":5612,"rss_kb_after_init":5928}
{"app":"AI_LEARNER","stage":"e25_mode","active":false,"inputs_path":"/cf/e25_inputs.bin"}
EVS Port1 1980-012-14:11:15.10115 66/1/HK 1: HK Initialized.  Version 7.0.1.255
EVS Port1 1980-012-14:11:15.10383 66/1/AI_LEARNER 3: AI_LEARNER initialized: model b2_resnet (343538 B), rss_delta_init=604 KB
1980-012-14:11:15.11492 CFE_ES_ParseFileEntry: Loading file: /cf/mm.so, APP: MM
EVS Port1 1980-012-14:11:15.13699 66/1/HS 54: ExeCount verify results: good = 5, bad = 0, unused = 27
EVS Port1 1980-012-14:11:15.14529 66/1/HS 50: AppMon verify results: good = 0, bad = 0, unused = 32
EVS Port1 1980-012-14:11:15.15440 66/1/HS 52: EventMon verify results: good = 0, bad = 0, unused = 16
EVS Port1 1980-012-14:11:15.16421 66/1/HS 56: MsgActs verify results: good = 2, bad = 0, unused = 6
1980-012-14:11:15.17043 HS_SysMonInit(): System Monitor using PSP device ID 0110ff05
1980-012-14:11:15.18246 CFE_ES_ParseFileEntry: Loading file: /cf/sc.so, APP: SC
EVS Port1 1980-012-14:11:15.19316 66/1/MM 1: MM Initialized. Version 7.0.1.255
CFE_PSP(Linux_SysMon): Started CPU utilization monitoring on 1 CPU(s)
EVS Port1 1980-012-14:11:15.19783 66/1/HS 1: HS Initialized.  Version 7.0.1.255
1980-012-14:11:15.22387 CFE_ES_ParseFileEntry: Loading file: /cf/md.so, APP: MD
1980-012-14:11:15.27321 CFE_ES_ParseFileEntry: Loading file: /cf/cs.so, APP: CS
EVS Port1 1980-012-14:11:15.30717 66/1/MD 52: MD Dwell Tbl verify results: good = 0, bad = 0, unused = 25
EVS Port1 1980-012-14:11:15.31193 66/1/MD 3: Recovered Dwell Table #1 is valid and has been copied to the MD App
EVS Port1 1980-012-14:11:15.31327 66/1/SC 21: RTS table files not loaded at initialization = 0 of 4
EVS Port1 1980-012-14:11:15.31513 66/1/MD 52: MD Dwell Tbl verify results: good = 0, bad = 0, unused = 25
EVS Port1 1980-012-14:11:15.32191 66/1/MD 3: Recovered Dwell Table #2 is valid and has been copied to the MD App
EVS Port1 1980-012-14:11:15.32035 66/1/SC 9: SC Initialized. Version 7.0.1.255
EVS Port1 1980-012-14:11:15.32608 66/1/MD 52: MD Dwell Tbl verify results: good = 0, bad = 0, unused = 25
EVS Port1 1980-012-14:11:15.32928 66/1/MD 3: Recovered Dwell Table #3 is valid and has been copied to the MD App
EVS Port1 1980-012-14:11:15.33024 66/1/MD 52: MD Dwell Tbl verify results: good = 0, bad = 0, unused = 25
EVS Port1 1980-012-14:11:15.33221 66/1/MD 3: Recovered Dwell Table #4 is valid and has been copied to the MD App
EVS Port1 1980-012-14:11:15.33441 66/1/MD 7: Dwell Tables Recovered: 4, Dwell Tables Initialized: 0
EVS Port1 1980-012-14:11:15.33679 66/1/MD 1: MD Initialized.  Version 7.0.1.255
EVS Port1 1980-012-14:11:15.35838 66/1/CS 144: CS EEPROM Table verification results: good = 0, bad = 0, unused = 16
EVS Port1 1980-012-14:11:15.36109 66/1/CS 107: CS EEPROM Table: No valid entries in the table
EVS Port1 1980-012-14:11:15.36712 66/1/CS 143: CS Memory Table verification results: good = 0, bad = 0, unused = 16
EVS Port1 1980-012-14:11:15.36807 66/1/CS 107: CS Memory Table: No valid entries in the table
EVS Port1 1980-012-14:11:15.37500 66/1/CS 139: CS Tables Table verification results: good = 1, bad = 0, unused = 23
EVS Port1 1980-012-14:11:15.38018 66/1/CS 142: CS Apps Table verification results: good = 0, bad = 0, unused = 24
EVS Port1 1980-012-14:11:15.38121 66/1/CS 108: CS Apps Table: No valid entries in the table
EVS Port1 1980-012-14:11:15.38389 66/1/CS 127: OS Text Segment disabled due to platform
EVS Port1 1980-012-14:11:15.38529 66/1/CS 1: CS Initialized. Version 7.0.1.255
1980-012-14:11:15.40266 CFE_ES_Main: CFE_ES_Main entering APPS_INIT state
1980-012-14:11:15.40296 CFE_ES_Main: CFE_ES_Main entering OPERATIONAL state
EVS Port1 1980-012-14:11:15.44236 66/1/TO_LAB 19: L550 TO Lab subscribed to 32 messages from the table
EVS Port1 1980-012-14:11:16.00808 66/1/CFE_TIME 21: Stop FLYWHEEL
EVS Port1 1980-012-14:11:19.02832 66/1/AI_LEARNER 4: AI_LEARNER completed=1/1 mean=358747.1us max=358747.1us hal_peak=309416 within_bounded=1
{"app":"AI_LEARNER","stage":"run","model":"b2_resnet","target":"aarch64-unknown-linux-gnu","attempted":1,"completed":1,"fail_input":0,"fail_invoke":0,"fail_output":0,"mean_us":358747.09,"max_us":358747.09,"last_us":358747.09,"out0":0.35276,"out_elems":10,"out_sha256":"fc0a2dda317902b13ea77e3255b2fc98856639b7665ef3adb2845f62e5009bd2","out_head":[0.352762,0.001089,0.001762,0.063496,0.333236,0.006337],"out_tail":[0.333236,0.006337,0.202586,0.013290,0.019226,0.006216],"out_full_file":"/cf/last_out.json","out_full_file_bytes":182,"out_full_file_reason":"ok","out_record_truncates":false}
{"app":"AI_LEARNER","stage":"mem","model":"b2_resnet","target":"aarch64-unknown-linux-gnu","completed":1,"hal_peak":309416,"peak_within_bounded":true,"admitted_budget_bytes":309416,"peak_within_admitted_budget":true,"admission_mode":"conditional_map","hal_bytes_per_call_amortized":309416.0,"process_rss_kb":6292,"process_rss_delta_init_kb":604,"max_active_calls":1,"active_calls_now":0,"call_counter_balanced":true}
.EVS Port1 1980-012-14:11:23.02404 66/1/AI_LEARNER 4: AI_LEARNER completed=2/2 mean=359065.6us max=359384.0us hal_peak=309416 within_bounded=1
{"app":"AI_LEARNER","stage":"run","model":"b2_resnet","target":"aarch64-unknown-linux-gnu","attempted":2,"completed":2,"fail_input":0,"fail_invoke":0,"fail_output":0,"mean_us":359065.55,"max_us":359384.02,"last_us":359384.02,"out0":0.35276,"out_elems":10,"out_sha256":"fc0a2dda317902b13ea77e3255b2fc98856639b7665ef3adb2845f62e5009bd2","out_head":[0.352762,0.001089,0.001762,0.063496,0.333236,0.006337],"out_tail":[0.333236,0.006337,0.202586,0.013290,0.019226,0.006216],"out_full_file":"/cf/last_out.json","out_full_file_bytes":182,"out_full_file_reason":"ok","out_record_truncates":false}
{"app":"AI_LEARNER","stage":"mem","model":"b2_resnet","target":"aarch64-unknown-linux-gnu","completed":2,"hal_peak":309416,"peak_within_bounded":true,"admitted_budget_bytes":309416,"peak_within_admitted_budget":true,"admission_mode":"conditional_map","hal_bytes_per_call_amortized":303272.0,"process_rss_kb":6580,"process_rss_delta_init_kb":604,"max_active_calls":1,"active_calls_now":0,"call_counter_balanced":true}
.EVS Port1 1980-012-14:11:26.96437 66/1/AI_LEARNER 4: AI_LEARNER completed=3/3 mean=338155.4us max=359384.0us hal_peak=309416 within_bounded=1
{"app":"AI_LEARNER","stage":"run","model":"b2_resnet","target":"aarch64-unknown-linux-gnu","attempted":3,"completed":3,"fail_input":0,"fail_invoke":0,"fail_output":0,"mean_us":338155.39,"max_us":359384.02,"last_us":296335.06,"out0":0.35276,"out_elems":10,"out_sha256":"fc0a2dda317902b13ea77e3255b2fc98856639b7665ef3adb2845f62e5009bd2","out_head":[0.352762,0.001089,0.001762,0.063496,0.333236,0.006337],"out_tail":[0.333236,0.006337,0.202586,0.013290,0.019226,0.006216],"out_full_file":"/cf/last_out.json","out_full_file_bytes":182,"out_full_file_reason":"ok","out_record_truncates":false}
{"app":"AI_LEARNER","stage":"mem","model":"b2_resnet","target":"aarch64-unknown-linux-gnu","completed":3,"hal_peak":309416,"peak_within_bounded":true,"admitted_budget_bytes":309416,"peak_within_admitted_budget":true,"admission_mode":"conditional_map","hal_bytes_per_call_amortized":301224.0,"process_rss_kb":6580,"process_rss_delta_init_kb":604,"max_active_calls":1,"active_calls_now":0,"call_counter_balanced":true}
EVS Port1 1980-012-14:11:30.00427 66/1/CFE_TIME 21: Stop FLYWHEEL
EVS Port1 1980-012-14:11:30.97029 66/1/AI_LEARNER 4: AI_LEARNER completed=4/4 mean=329842.8us max=359384.0us hal_peak=309416 within_bounded=1
{"app":"AI_LEARNER","stage":"run","model":"b2_resnet","target":"aarch64-unknown-linux-gnu","attempted":4,"completed":4,"fail_input":0,"fail_invoke":0,"fail_output":0,"mean_us":329842.76,"max_us":359384.02,"last_us":304904.90,"out0":0.35276,"out_elems":10,"out_sha256":"fc0a2dda317902b13ea77e3255b2fc98856639b7665ef3adb2845f62e5009bd2","out_head":[0.352762,0.001089,0.001762,0.063496,0.333236,0.006337],"out_tail":[0.333236,0.006337,0.202586,0.013290,0.019226,0.006216],"out_full_file":"/cf/last_out.json","out_full_file_bytes":182,"out_full_file_reason":"ok","out_record_truncates":false}
{"app":"AI_LEARNER","stage":"mem","model":"b2_resnet","target":"aarch64-unknown-linux-gnu","completed":4,"hal_peak":309416,"peak_within_bounded":true,"admitted_budget_bytes":309416,"peak_within_admitted_budget":true,"admission_mode":"conditional_map","hal_bytes_per_call_amortized":300200.0,"process_rss_kb":6580,"process_rss_delta_init_kb":604,"max_active_calls":1,"active_calls_now":0,"call_counter_balanced":true}
EVS Port1 1980-012-14:11:30.99554 66/1/CFE_TIME 20: Start FLYWHEEL
.EVS Port1 1980-012-14:11:34.99678 66/1/AI_LEARNER 4: AI_LEARNER completed=5/5 mean=329255.6us max=359384.0us hal_peak=309416 within_bounded=1
{"app":"AI_LEARNER","stage":"run","model":"b2_resnet","target":"aarch64-unknown-linux-gnu","attempted":5,"completed":5,"fail_input":0,"fail_invoke":0,"fail_output":0,"mean_us":329255.59,"max_us":359384.02,"last_us":326906.90,"out0":0.35276,"out_elems":10,"out_sha256":"fc0a2dda317902b13ea77e3255b2fc98856639b7665ef3adb2845f62e5009bd2","out_head":[0.352762,0.001089,0.001762,0.063496,0.333236,0.006337],"out_tail":[0.333236,0.006337,0.202586,0.013290,0.019226,0.006216],"out_full_file":"/cf/last_out.json","out_full_file_bytes":182,"out_full_file_reason":"ok","out_record_truncates":false}
{"app":"AI_LEARNER","stage":"mem","model":"b2_resnet","target":"aarch64-unknown-linux-gnu","completed":5,"hal_peak":309416,"peak_within_bounded":true,"admitted_budget_bytes":309416,"peak_within_admitted_budget":true,"admission_mode":"conditional_map","hal_bytes_per_call_amortized":299585.6,"process_rss_kb":6584,"process_rss_delta_init_kb":604,"max_active_calls":1,"active_calls_now":0,"call_counter_balanced":true}
.EVS Port1 1980-012-14:11:39.02040 66/1/AI_LEARNER 4: AI_LEARNER completed=6/6 mean=332670.2us max=359384.0us hal_peak=309416 within_bounded=1
{"app":"AI_LEARNER","stage":"run","model":"b2_resnet","target":"aarch64-unknown-linux-gnu","attempted":6,"completed":6,"fail_input":0,"fail_invoke":0,"fail_output":0,"mean_us":332670.17,"max_us":359384.02,"last_us":349743.07,"out0":0.35276,"out_elems":10,"out_sha256":"fc0a2dda317902b13ea77e3255b2fc98856639b7665ef3adb2845f62e5009bd2","out_head":[0.352762,0.001089,0.001762,0.063496,0.333236,0.006337],"out_tail":[0.333236,0.006337,0.202586,0.013290,0.019226,0.006216],"out_full_file":"/cf/last_out.json","out_full_file_bytes":182,"out_full_file_reason":"ok","out_record_truncates":false}
{"app":"AI_LEARNER","stage":"mem","model":"b2_resnet","target":"aarch64-unknown-linux-gnu","completed":6,"hal_peak":309416,"peak_within_bounded":true,"admitted_budget_bytes":309416,"peak_within_admitted_budget":true,"admission_mode":"conditional_map","hal_bytes_per_call_amortized":299176.0,"process_rss_kb":6584,"process_rss_delta_init_kb":604,"max_active_calls":1,"active_calls_now":0,"call_counter_balanced":true}
EVS Port1 1980-012-14:11:42.98614 66/1/AI_LEARNER 4: AI_LEARNER completed=7/7 mean=330255.6us max=359384.0us hal_peak=309416 within_bounded=1
{"app":"AI_LEARNER","stage":"run","model":"b2_resnet","target":"aarch64-unknown-linux-gnu","attempted":7,"completed":7,"fail_input":0,"fail_invoke":0,"fail_output":0,"mean_us":330255.64,"max_us":359384.02,"last_us":315768.48,"out0":0.35276,"out_elems":10,"out_sha256":"fc0a2dda317902b13ea77e3255b2fc98856639b7665ef3adb2845f62e5009bd2","out_head":[0.352762,0.001089,0.001762,0.063496,0.333236,0.006337],"out_tail":[0.333236,0.006337,0.202586,0.013290,0.019226,0.006216],"out_full_file":"/cf/last_out.json","out_full_file_bytes":182,"out_full_file_reason":"ok","out_record_truncates":false}
{"app":"AI_LEARNER","stage":"mem","model":"b2_resnet","target":"aarch64-unknown-linux-gnu","completed":7,"hal_peak":309416,"peak_within_bounded":true,"admitted_budget_bytes":309416,"peak_within_admitted_budget":true,"admission_mode":"conditional_map","hal_bytes_per_call_amortized":298883.4,"process_rss_kb":6588,"process_rss_delta_init_kb":604,"max_active_calls":1,"active_calls_now":0,"call_counter_balanced":true}
.EVS Port1 1980-012-14:11:46.97798 66/1/AI_LEARNER 4: AI_LEARNER completed=8/8 mean=327172.5us max=359384.0us hal_peak=309416 within_bounded=1
{"app":"AI_LEARNER","stage":"run","model":"b2_resnet","target":"aarch64-unknown-linux-gnu","attempted":8,"completed":8,"fail_input":0,"fail_invoke":0,"fail_output":0,"mean_us":327172.48,"max_us":359384.02,"last_us":305590.30,"out0":0.35276,"out_elems":10,"out_sha256":"fc0a2dda317902b13ea77e3255b2fc98856639b7665ef3adb2845f62e5009bd2","out_head":[0.352762,0.001089,0.001762,0.063496,0.333236,0.006337],"out_tail":[0.333236,0.006337,0.202586,0.013290,0.019226,0.006216],"out_full_file":"/cf/last_out.json","out_full_file_bytes":182,"out_full_file_reason":"ok","out_record_truncates":false}
{"app":"AI_LEARNER","stage":"mem","model":"b2_resnet","target":"aarch64-unknown-linux-gnu","completed":8,"hal_peak":309416,"peak_within_bounded":true,"admitted_budget_bytes":309416,"peak_within_admitted_budget":true,"admission_mode":"conditional_map","hal_bytes_per_call_amortized":298664.0,"process_rss_kb":6592,"process_rss_delta_init_kb":604,"max_active_calls":1,"active_calls_now":0,"call_counter_balanced":true}
.EVS Port1 1980-012-14:11:50.96279 66/1/AI_LEARNER 4: AI_LEARNER completed=9/9 mean=322842.4us max=359384.0us hal_peak=309416 within_bounded=1
{"app":"AI_LEARNER","stage":"run","model":"b2_resnet","target":"aarch64-unknown-linux-gnu","attempted":9,"completed":9,"fail_input":0,"fail_invoke":0,"fail_output":0,"mean_us":322842.38,"max_us":359384.02,"last_us":288201.65,"out0":0.35276,"out_elems":10,"out_sha256":"fc0a2dda317902b13ea77e3255b2fc98856639b7665ef3adb2845f62e5009bd2","out_head":[0.352762,0.001089,0.001762,0.063496,0.333236,0.006337],"out_tail":[0.333236,0.006337,0.202586,0.013290,0.019226,0.006216],"out_full_file":"/cf/last_out.json","out_full_file_bytes":182,"out_full_file_reason":"ok","out_record_truncates":false}
{"app":"AI_LEARNER","stage":"mem","model":"b2_resnet","target":"aarch64-unknown-linux-gnu","completed":9,"hal_peak":309416,"peak_within_bounded":true,"admitted_budget_bytes":309416,"peak_within_admitted_budget":true,"admission_mode":"conditional_map","hal_bytes_per_call_amortized":298493.3,"process_rss_kb":6592,"process_rss_delta_init_kb":604,"max_active_calls":1,"active_calls_now":0,"call_counter_balanced":true}
EVS Port1 1980-012-14:11:54.98793 66/1/AI_LEARNER 4: AI_LEARNER completed=10/10 mean=322733.6us max=359384.0us hal_peak=309416 within_bounded=1
{"app":"AI_LEARNER","stage":"run","model":"b2_resnet","target":"aarch64-unknown-linux-gnu","attempted":10,"completed":10,"fail_input":0,"fail_invoke":0,"fail_output":0,"mean_us":322733.62,"max_us":359384.02,"last_us":321754.72,"out0":0.35276,"out_elems":10,"out_sha256":"fc0a2dda317902b13ea77e3255b2fc98856639b7665ef3adb2845f62e5009bd2","out_head":[0.352762,0.001089,0.001762,0.063496,0.333236,0.006337],"out_tail":[0.333236,0.006337,0.202586,0.013290,0.019226,0.006216],"out_full_file":"/cf/last_out.json","out_full_file_bytes":183,"out_full_file_reason":"ok","out_record_truncates":false}
{"app":"AI_LEARNER","stage":"mem","model":"b2_resnet","target":"aarch64-unknown-linux-gnu","completed":10,"hal_peak":309416,"peak_within_bounded":true,"admitted_budget_bytes":309416,"peak_within_admitted_budget":true,"admission_mode":"conditional_map","hal_bytes_per_call_amortized":298356.8,"process_rss_kb":6592,"process_rss_delta_init_kb":604,"max_active_calls":1,"active_calls_now":0,"call_counter_balanced":true}
.EVS Port1 1980-012-14:11:58.99632 66/1/AI_LEARNER 4: AI_LEARNER completed=11/11 mean=322065.5us max=359384.0us hal_peak=309416 within_bounded=1
{"app":"AI_LEARNER","stage":"run","model":"b2_resnet","target":"aarch64-unknown-linux-gnu","attempted":11,"completed":11,"fail_input":0,"fail_invoke":0,"fail_output":0,"mean_us":322065.53,"max_us":359384.02,"last_us":315384.64,"out0":0.35276,"out_elems":10,"out_sha256":"fc0a2dda317902b13ea77e3255b2fc98856639b7665ef3adb2845f62e5009bd2","out_head":[0.352762,0.001089,0.001762,0.063496,0.333236,0.006337],"out_tail":[0.333236,0.006337,0.202586,0.013290,0.019226,0.006216],"out_full_file":"/cf/last_out.json","out_full_file_bytes":183,"out_full_file_reason":"ok","out_record_truncates":false}
{"app":"AI_LEARNER","stage":"mem","model":"b2_resnet","target":"aarch64-unknown-linux-gnu","completed":11,"hal_peak":309416,"peak_within_bounded":true,"admitted_budget_bytes":309416,"peak_within_admitted_budget":true,"admission_mode":"conditional_map","hal_bytes_per_call_amortized":298245.1,"process_rss_kb":6592,"process_rss_delta_init_kb":604,"max_active_calls":1,"active_calls_now":0,"call_counter_balanced":true}
.EVS Port1 1980-012-14:12:03.00451 66/1/AI_LEARNER 4: AI_LEARNER completed=12/12 mean=321646.0us max=359384.0us hal_peak=309416 within_bounded=1
{"app":"AI_LEARNER","stage":"run","model":"b2_resnet","target":"aarch64-unknown-linux-gnu","attempted":12,"completed":12,"fail_input":0,"fail_invoke":0,"fail_output":0,"mean_us":321645.96,"max_us":359384.02,"last_us":317030.67,"out0":0.35276,"out_elems":10,"out_sha256":"fc0a2dda317902b13ea77e3255b2fc98856639b7665ef3adb2845f62e5009bd2","out_head":[0.352762,0.001089,0.001762,0.063496,0.333236,0.006337],"out_tail":[0.333236,0.006337,0.202586,0.013290,0.019226,0.006216],"out_full_file":"/cf/last_out.json","out_full_file_bytes":183,"out_full_file_reason":"ok","out_record_truncates":false}
{"app":"AI_LEARNER","stage":"mem","model":"b2_resnet","target":"aarch64-unknown-linux-gnu","completed":12,"hal_peak":309416,"peak_within_bounded":true,"admitted_budget_bytes":309416,"peak_within_admitted_budget":true,"admission_mode":"conditional_map","hal_bytes_per_call_amortized":298152.0,"process_rss_kb":6592,"process_rss_delta_init_kb":604,"max_active_calls":1,"active_calls_now":0,"call_counter_balanced":true}
EVS Port1 1980-012-14:12:04.00581 66/1/CFE_TIME 21: Stop FLYWHEEL
EVS Port1 1980-012-14:12:04.99769 66/1/CFE_TIME 20: Start FLYWHEEL
EVS Port1 1980-012-14:12:07.02816 66/1/AI_LEARNER 4: AI_LEARNER completed=13/13 mean=323720.1us max=359384.0us hal_peak=309416 within_bounded=1
{"app":"AI_LEARNER","stage":"run","model":"b2_resnet","target":"aarch64-unknown-linux-gnu","attempted":13,"completed":13,"fail_input":0,"fail_invoke":0,"fail_output":0,"mean_us":323720.10,"max_us":359384.02,"last_us":348609.84,"out0":0.35276,"out_elems":10,"out_sha256":"fc0a2dda317902b13ea77e3255b2fc98856639b7665ef3adb2845f62e5009bd2","out_head":[0.352762,0.001089,0.001762,0.063496,0.333236,0.006337],"out_tail":[0.333236,0.006337,0.202586,0.013290,0.019226,0.006216],"out_full_file":"/cf/last_out.json","out_full_file_bytes":183,"out_full_file_reason":"ok","out_record_truncates":false}
{"app":"AI_LEARNER","stage":"mem","model":"b2_resnet","target":"aarch64-unknown-linux-gnu","completed":13,"hal_peak":309416,"peak_within_bounded":true,"admitted_budget_bytes":309416,"peak_within_admitted_budget":true,"admission_mode":"conditional_map","hal_bytes_per_call_amortized":298073.2,"process_rss_kb":6592,"process_rss_delta_init_kb":604,"max_active_calls":1,"active_calls_now":0,"call_counter_balanced":true}
.EVS Port1 1980-012-14:12:10.97999 66/1/AI_LEARNER 4: AI_LEARNER completed=14/14 mean=322200.1us max=359384.0us hal_peak=309416 within_bounded=1
{"app":"AI_LEARNER","stage":"run","model":"b2_resnet","target":"aarch64-unknown-linux-gnu","attempted":14,"completed":14,"fail_input":0,"fail_invoke":0,"fail_output":0,"mean_us":322200.10,"max_us":359384.02,"last_us":302440.10,"out0":0.35276,"out_elems":10,"out_sha256":"fc0a2dda317902b13ea77e3255b2fc98856639b7665ef3adb2845f62e5009bd2","out_head":[0.352762,0.001089,0.001762,0.063496,0.333236,0.006337],"out_tail":[0.333236,0.006337,0.202586,0.013290,0.019226,0.006216],"out_full_file":"/cf/last_out.json","out_full_file_bytes":183,"out_full_file_reason":"ok","out_record_truncates":false}
{"app":"AI_LEARNER","stage":"mem","model":"b2_resnet","target":"aarch64-unknown-linux-gnu","completed":14,"hal_peak":309416,"peak_within_bounded":true,"admitted_budget_bytes":309416,"peak_within_admitted_budget":true,"admission_mode":"conditional_map","hal_bytes_per_call_amortized":298005.7,"process_rss_kb":6592,"process_rss_delta_init_kb":604,"max_active_calls":1,"active_calls_now":0,"call_counter_balanced":true}
.EVS Port1 1980-012-14:12:15.02606 66/1/AI_LEARNER 4: AI_LEARNER completed=15/15 mean=323606.9us max=359384.0us hal_peak=309416 within_bounded=1
{"app":"AI_LEARNER","stage":"run","model":"b2_resnet","target":"aarch64-unknown-linux-gnu","attempted":15,"completed":15,"fail_input":0,"fail_invoke":0,"fail_output":0,"mean_us":323606.95,"max_us":359384.02,"last_us":343302.78,"out0":0.35276,"out_elems":10,"out_sha256":"fc0a2dda317902b13ea77e3255b2fc98856639b7665ef3adb2845f62e5009bd2","out_head":[0.352762,0.001089,0.001762,0.063496,0.333236,0.006337],"out_tail":[0.333236,0.006337,0.202586,0.013290,0.019226,0.006216],"out_full_file":"/cf/last_out.json","out_full_file_bytes":183,"out_full_file_reason":"ok","out_record_truncates":false}
{"app":"AI_LEARNER","stage":"mem","model":"b2_resnet","target":"aarch64-unknown-linux-gnu","completed":15,"hal_peak":309416,"peak_within_bounded":true,"admitted_budget_bytes":309416,"peak_within_admitted_budget":true,"admission_mode":"conditional_map","hal_bytes_per_call_amortized":297947.2,"process_rss_kb":6592,"process_rss_delta_init_kb":604,"max_active_calls":1,"active_calls_now":0,"call_counter_balanced":true}
EVS Port1 1980-012-14:12:18.96122 66/1/AI_LEARNER 4: AI_LEARNER completed=16/16 mean=321534.1us max=359384.0us hal_peak=309416 within_bounded=1
{"app":"AI_LEARNER","stage":"run","model":"b2_resnet","target":"aarch64-unknown-linux-gnu","attempted":16,"completed":16,"fail_input":0,"fail_invoke":0,"fail_output":0,"mean_us":321534.15,"max_us":359384.02,"last_us":290442.18,"out0":0.35276,"out_elems":10,"out_sha256":"fc0a2dda317902b13ea77e3255b2fc98856639b7665ef3adb2845f62e5009bd2","out_head":[0.352762,0.001089,0.001762,0.063496,0.333236,0.006337],"out_tail":[0.333236,0.006337,0.202586,0.013290,0.019226,0.006216],"out_full_file":"/cf/last_out.json","out_full_file_bytes":183,"out_full_file_reason":"ok","out_record_truncates":false}
{"app":"AI_LEARNER","stage":"mem","model":"b2_resnet","target":"aarch64-unknown-linux-gnu","completed":16,"hal_peak":309416,"peak_within_bounded":true,"admitted_budget_bytes":309416,"peak_within_admitted_budget":true,"admission_mode":"conditional_map","hal_bytes_per_call_amortized":297896.0,"process_rss_kb":6592,"process_rss_delta_init_kb":604,"max_active_calls":1,"active_calls_now":0,"call_counter_balanced":true}
.EVS Port1 1980-012-14:12:22.96014 66/1/AI_LEARNER 4: AI_LEARNER completed=17/17 mean=319922.3us max=359384.0us hal_peak=309416 within_bounded=1
{"app":"AI_LEARNER","stage":"run","model":"b2_resnet","target":"aarch64-unknown-linux-gnu","attempted":17,"completed":17,"fail_input":0,"fail_invoke":0,"fail_output":0,"mean_us":319922.32,"max_us":359384.02,"last_us":294133.09,"out0":0.35276,"out_elems":10,"out_sha256":"fc0a2dda317902b13ea77e3255b2fc98856639b7665ef3adb2845f62e5009bd2","out_head":[0.352762,0.001089,0.001762,0.063496,0.333236,0.006337],"out_tail":[0.333236,0.006337,0.202586,0.013290,0.019226,0.006216],"out_full_file":"/cf/last_out.json","out_full_file_bytes":183,"out_full_file_reason":"ok","out_record_truncates":false}
{"app":"AI_LEARNER","stage":"mem","model":"b2_resnet","target":"aarch64-unknown-linux-gnu","completed":17,"hal_peak":309416,"peak_within_bounded":true,"admitted_budget_bytes":309416,"peak_within_admitted_budget":true,"admission_mode":"conditional_map","hal_bytes_per_call_amortized":297850.8,"process_rss_kb":6592,"process_rss_delta_init_kb":604,"max_active_calls":1,"active_calls_now":0,"call_counter_balanced":true}
.EVS Port1 1980-012-14:12:26.98385 66/1/AI_LEARNER 4: AI_LEARNER completed=18/18 mean=319808.1us max=359384.0us hal_peak=309416 within_bounded=1
{"app":"AI_LEARNER","stage":"run","model":"b2_resnet","target":"aarch64-unknown-linux-gnu","attempted":18,"completed":18,"fail_input":0,"fail_invoke":0,"fail_output":0,"mean_us":319808.10,"max_us":359384.02,"last_us":317866.32,"out0":0.35276,"out_elems":10,"out_sha256":"fc0a2dda317902b13ea77e3255b2fc98856639b7665ef3adb2845f62e5009bd2","out_head":[0.352762,0.001089,0.001762,0.063496,0.333236,0.006337],"out_tail":[0.333236,0.006337,0.202586,0.013290,0.019226,0.006216],"out_full_file":"/cf/last_out.json","out_full_file_bytes":183,"out_full_file_reason":"ok","out_record_truncates":false}
{"app":"AI_LEARNER","stage":"mem","model":"b2_resnet","target":"aarch64-unknown-linux-gnu","completed":18,"hal_peak":309416,"peak_within_bounded":true,"admitted_budget_bytes":309416,"peak_within_admitted_budget":true,"admission_mode":"conditional_map","hal_bytes_per_call_amortized":297810.7,"process_rss_kb":6592,"process_rss_delta_init_kb":604,"max_active_calls":1,"active_calls_now":0,"call_counter_balanced":true}
EVS Port1 1980-012-14:12:30.95030 66/1/AI_LEARNER 4: AI_LEARNER completed=19/19 mean=318087.5us max=359384.0us hal_peak=309416 within_bounded=1
{"app":"AI_LEARNER","stage":"run","model":"b2_resnet","target":"aarch64-unknown-linux-gnu","attempted":19,"completed":19,"fail_input":0,"fail_invoke":0,"fail_output":0,"mean_us":318087.47,"max_us":359384.02,"last_us":287116.22,"out0":0.35276,"out_elems":10,"out_sha256":"fc0a2dda317902b13ea77e3255b2fc98856639b7665ef3adb2845f62e5009bd2","out_head":[0.352762,0.001089,0.001762,0.063496,0.333236,0.006337],"out_tail":[0.333236,0.006337,0.202586,0.013290,0.019226,0.006216],"out_full_file":"/cf/last_out.json","out_full_file_bytes":183,"out_full_file_reason":"ok","out_record_truncates":false}
{"app":"AI_LEARNER","stage":"mem","model":"b2_resnet","target":"aarch64-unknown-linux-gnu","completed":19,"hal_peak":309416,"peak_within_bounded":true,"admitted_budget_bytes":309416,"peak_within_admitted_budget":true,"admission_mode":"conditional_map","hal_bytes_per_call_amortized":297774.7,"process_rss_kb":6592,"process_rss_delta_init_kb":604,"max_active_calls":1,"active_calls_now":0,"call_counter_balanced":true}
.EVS Port1 1980-012-14:12:35.07899 66/1/AI_LEARNER 4: AI_LEARNER completed=20/20 mean=322787.1us max=412080.8us hal_peak=309416 within_bounded=1
{"app":"AI_LEARNER","stage":"run","model":"b2_resnet","target":"aarch64-unknown-linux-gnu","attempted":20,"completed":20,"fail_input":0,"fail_invoke":0,"fail_output":0,"mean_us":322787.14,"max_us":412080.77,"last_us":412080.77,"out0":0.35276,"out_elems":10,"out_sha256":"fc0a2dda317902b13ea77e3255b2fc98856639b7665ef3adb2845f62e5009bd2","out_head":[0.352762,0.001089,0.001762,0.063496,0.333236,0.006337],"out_tail":[0.333236,0.006337,0.202586,0.013290,0.019226,0.006216],"out_full_file":"/cf/last_out.json","out_full_file_bytes":183,"out_full_file_reason":"ok","out_record_truncates":false}
{"app":"AI_LEARNER","stage":"mem","model":"b2_resnet","target":"aarch64-unknown-linux-gnu","completed":20,"hal_peak":309416,"peak_within_bounded":true,"admitted_budget_bytes":309416,"peak_within_admitted_budget":true,"admission_mode":"conditional_map","hal_bytes_per_call_amortized":297742.4,"process_rss_kb":6592,"process_rss_delta_init_kb":604,"max_active_calls":1,"active_calls_now":0,"call_counter_balanced":true}
.EVS Port1 1980-012-14:12:39.04679 66/1/AI_LEARNER 4: AI_LEARNER completed=21/21 mean=324702.5us max=412080.8us hal_peak=309416 within_bounded=1
{"app":"AI_LEARNER","stage":"run","model":"b2_resnet","target":"aarch64-unknown-linux-gnu","attempted":21,"completed":21,"fail_input":0,"fail_invoke":0,"fail_output":0,"mean_us":324702.48,"max_us":412080.77,"last_us":363009.30,"out0":0.35276,"out_elems":10,"out_sha256":"fc0a2dda317902b13ea77e3255b2fc98856639b7665ef3adb2845f62e5009bd2","out_head":[0.352762,0.001089,0.001762,0.063496,0.333236,0.006337],"out_tail":[0.333236,0.006337,0.202586,0.013290,0.019226,0.006216],"out_full_file":"/cf/last_out.json","out_full_file_bytes":183,"out_full_file_reason":"ok","out_record_truncates":false}
{"app":"AI_LEARNER","stage":"mem","model":"b2_resnet","target":"aarch64-unknown-linux-gnu","completed":21,"hal_peak":309416,"peak_within_bounded":true,"admitted_budget_bytes":309416,"peak_within_admitted_budget":true,"admission_mode":"conditional_map","hal_bytes_per_call_amortized":297713.1,"process_rss_kb":6592,"process_rss_delta_init_kb":604,"max_active_calls":1,"active_calls_now":0,"call_counter_balanced":true}
EVS Port1 1980-012-14:12:43.05070 66/1/AI_LEARNER 4: AI_LEARNER completed=22/22 mean=327160.2us max=412080.8us hal_peak=309416 within_bounded=1
{"app":"AI_LEARNER","stage":"run","model":"b2_resnet","target":"aarch64-unknown-linux-gnu","attempted":22,"completed":22,"fail_input":0,"fail_invoke":0,"fail_output":0,"mean_us":327160.23,"max_us":412080.77,"last_us":378773.09,"out0":0.35276,"out_elems":10,"out_sha256":"fc0a2dda317902b13ea77e3255b2fc98856639b7665ef3adb2845f62e5009bd2","out_head":[0.352762,0.001089,0.001762,0.063496,0.333236,0.006337],"out_tail":[0.333236,0.006337,0.202586,0.013290,0.019226,0.006216],"out_full_file":"/cf/last_out.json","out_full_file_bytes":183,"out_full_file_reason":"ok","out_record_truncates":false}
{"app":"AI_LEARNER","stage":"mem","model":"b2_resnet","target":"aarch64-unknown-linux-gnu","completed":22,"hal_peak":309416,"peak_within_bounded":true,"admitted_budget_bytes":309416,"peak_within_admitted_budget":true,"admission_mode":"conditional_map","hal_bytes_per_call_amortized":297686.5,"process_rss_kb":6592,"process_rss_delta_init_kb":604,"max_active_calls":1,"active_calls_now":0,"call_counter_balanced":true}
.EVS Port1 1980-012-14:12:46.97795 66/1/AI_LEARNER 4: AI_LEARNER completed=23/23 mean=326777.1us max=412080.8us hal_peak=309416 within_bounded=1
{"app":"AI_LEARNER","stage":"run","model":"b2_resnet","target":"aarch64-unknown-linux-gnu","attempted":23,"completed":23,"fail_input":0,"fail_invoke":0,"fail_output":0,"mean_us":326777.06,"max_us":412080.77,"last_us":318347.26,"out0":0.35276,"out_elems":10,"out_sha256":"fc0a2dda317902b13ea77e3255b2fc98856639b7665ef3adb2845f62e5009bd2","out_head":[0.352762,0.001089,0.001762,0.063496,0.333236,0.006337],"out_tail":[0.333236,0.006337,0.202586,0.013290,0.019226,0.006216],"out_full_file":"/cf/last_out.json","out_full_file_bytes":183,"out_full_file_reason":"ok","out_record_truncates":false}
{"app":"AI_LEARNER","stage":"mem","model":"b2_resnet","target":"aarch64-unknown-linux-gnu","completed":23,"hal_peak":309416,"peak_within_bounded":true,"admitted_budget_bytes":309416,"peak_within_admitted_budget":true,"admission_mode":"conditional_map","hal_bytes_per_call_amortized":297662.3,"process_rss_kb":6592,"process_rss_delta_init_kb":604,"max_active_calls":1,"active_calls_now":0,"call_counter_balanced":true}
.EVS Port1 1980-012-14:12:50.97731 66/1/AI_LEARNER 4: AI_LEARNER completed=24/24 mean=326120.1us max=412080.8us hal_peak=309416 within_bounded=1
{"app":"AI_LEARNER","stage":"run","model":"b2_resnet","target":"aarch64-unknown-linux-gnu","attempted":24,"completed":24,"fail_input":0,"fail_invoke":0,"fail_output":0,"mean_us":326120.09,"max_us":412080.77,"last_us":311009.68,"out0":0.35276,"out_elems":10,"out_sha256":"fc0a2dda317902b13ea77e3255b2fc98856639b7665ef3adb2845f62e5009bd2","out_head":[0.352762,0.001089,0.001762,0.063496,0.333236,0.006337],"out_tail":[0.333236,0.006337,0.202586,0.013290,0.019226,0.006216],"out_full_file":"/cf/last_out.json","out_full_file_bytes":183,"out_full_file_reason":"ok","out_record_truncates":false}
{"app":"AI_LEARNER","stage":"mem","model":"b2_resnet","target":"aarch64-unknown-linux-gnu","completed":24,"hal_peak":309416,"peak_within_bounded":true,"admitted_budget_bytes":309416,"peak_within_admitted_budget":true,"admission_mode":"conditional_map","hal_bytes_per_call_amortized":297640.0,"process_rss_kb":6592,"process_rss_delta_init_kb":604,"max_active_calls":1,"active_calls_now":0,"call_counter_balanced":true}
EVS Port1 1980-012-14:12:54.97203 66/1/AI_LEARNER 4: AI_LEARNER completed=25/25 mean=325471.5us max=412080.8us hal_peak=309416 within_bounded=1
{"app":"AI_LEARNER","stage":"run","model":"b2_resnet","target":"aarch64-unknown-linux-gnu","attempted":25,"completed":25,"fail_input":0,"fail_invoke":0,"fail_output":0,"mean_us":325471.52,"max_us":412080.77,"last_us":309905.89,"out0":0.35276,"out_elems":10,"out_sha256":"fc0a2dda317902b13ea77e3255b2fc98856639b7665ef3adb2845f62e5009bd2","out_head":[0.352762,0.001089,0.001762,0.063496,0.333236,0.006337],"out_tail":[0.333236,0.006337,0.202586,0.013290,0.019226,0.006216],"out_full_file":"/cf/last_out.json","out_full_file_bytes":183,"out_full_file_reason":"ok","out_record_truncates":false}
{"app":"AI_LEARNER","stage":"mem","model":"b2_resnet","target":"aarch64-unknown-linux-gnu","completed":25,"hal_peak":309416,"peak_within_bounded":true,"admitted_budget_bytes":309416,"peak_within_admitted_budget":true,"admission_mode":"conditional_map","hal_bytes_per_call_amortized":297619.5,"process_rss_kb":6592,"process_rss_delta_init_kb":604,"max_active_calls":1,"active_calls_now":0,"call_counter_balanced":true}
.EVS Port1 1980-012-14:12:58.98167 66/1/AI_LEARNER 4: AI_LEARNER completed=26/26 mean=325085.6us max=412080.8us hal_peak=309416 within_bounded=1
{"app":"AI_LEARNER","stage":"run","model":"b2_resnet","target":"aarch64-unknown-linux-gnu","attempted":26,"completed":26,"fail_input":0,"fail_invoke":0,"fail_output":0,"mean_us":325085.60,"max_us":412080.77,"last_us":315437.60,"out0":0.35276,"out_elems":10,"out_sha256":"fc0a2dda317902b13ea77e3255b2fc98856639b7665ef3adb2845f62e5009bd2","out_head":[0.352762,0.001089,0.001762,0.063496,0.333236,0.006337],"out_tail":[0.333236,0.006337,0.202586,0.013290,0.019226,0.006216],"out_full_file":"/cf/last_out.json","out_full_file_bytes":183,"out_full_file_reason":"ok","out_record_truncates":false}
{"app":"AI_LEARNER","stage":"mem","model":"b2_resnet","target":"aarch64-unknown-linux-gnu","completed":26,"hal_peak":309416,"peak_within_bounded":true,"admitted_budget_bytes":309416,"peak_within_admitted_budget":true,"admission_mode":"conditional_map","hal_bytes_per_call_amortized":297600.6,"process_rss_kb":6592,"process_rss_delta_init_kb":604,"max_active_calls":1,"active_calls_now":0,"call_counter_balanced":true}
.EVS Port1 1980-012-14:13:02.96394 66/1/AI_LEARNER 4: AI_LEARNER completed=27/27 mean=324045.2us max=412080.8us hal_peak=309416 within_bounded=1
{"app":"AI_LEARNER","stage":"run","model":"b2_resnet","target":"aarch64-unknown-linux-gnu","attempted":27,"completed":27,"fail_input":0,"fail_invoke":0,"fail_output":0,"mean_us":324045.18,"max_us":412080.77,"last_us":296994.35,"out0":0.35276,"out_elems":10,"out_sha256":"fc0a2dda317902b13ea77e3255b2fc98856639b7665ef3adb2845f62e5009bd2","out_head":[0.352762,0.001089,0.001762,0.063496,0.333236,0.006337],"out_tail":[0.333236,0.006337,0.202586,0.013290,0.019226,0.006216],"out_full_file":"/cf/last_out.json","out_full_file_bytes":183,"out_full_file_reason":"ok","out_record_truncates":false}
{"app":"AI_LEARNER","stage":"mem","model":"b2_resnet","target":"aarch64-unknown-linux-gnu","completed":27,"hal_peak":309416,"peak_within_bounded":true,"admitted_budget_bytes":309416,"peak_within_admitted_budget":true,"admission_mode":"conditional_map","hal_bytes_per_call_amortized":297583.1,"process_rss_kb":6592,"process_rss_delta_init_kb":604,"max_active_calls":1,"active_calls_now":0,"call_counter_balanced":true}
EVS Port1 1980-012-14:13:07.03945 66/1/AI_LEARNER 4: AI_LEARNER completed=28/28 mean=325570.6us max=412080.8us hal_peak=309416 within_bounded=1
{"app":"AI_LEARNER","stage":"run","model":"b2_resnet","target":"aarch64-unknown-linux-gnu","attempted":28,"completed":28,"fail_input":0,"fail_invoke":0,"fail_output":0,"mean_us":325570.58,"max_us":412080.77,"last_us":366756.30,"out0":0.35276,"out_elems":10,"out_sha256":"fc0a2dda317902b13ea77e3255b2fc98856639b7665ef3adb2845f62e5009bd2","out_head":[0.352762,0.001089,0.001762,0.063496,0.333236,0.006337],"out_tail":[0.333236,0.006337,0.202586,0.013290,0.019226,0.006216],"out_full_file":"/cf/last_out.json","out_full_file_bytes":183,"out_full_file_reason":"ok","out_record_truncates":false}
{"app":"AI_LEARNER","stage":"mem","model":"b2_resnet","target":"aarch64-unknown-linux-gnu","completed":28,"hal_peak":309416,"peak_within_bounded":true,"admitted_budget_bytes":309416,"peak_within_admitted_budget":true,"admission_mode":"conditional_map","hal_bytes_per_call_amortized":297566.9,"process_rss_kb":6592,"process_rss_delta_init_kb":604,"max_active_calls":1,"active_calls_now":0,"call_counter_balanced":true}
.EVS Port1 1980-012-14:13:10.97364 66/1/AI_LEARNER 4: AI_LEARNER completed=29/29 mean=324999.1us max=412080.8us hal_peak=309416 within_bounded=1
{"app":"AI_LEARNER","stage":"run","model":"b2_resnet","target":"aarch64-unknown-linux-gnu","attempted":29,"completed":29,"fail_input":0,"fail_invoke":0,"fail_output":0,"mean_us":324999.12,"max_us":412080.77,"last_us":308998.27,"out0":0.35276,"out_elems":10,"out_sha256":"fc0a2dda317902b13ea77e3255b2fc98856639b7665ef3adb2845f62e5009bd2","out_head":[0.352762,0.001089,0.001762,0.063496,0.333236,0.006337],"out_tail":[0.333236,0.006337,0.202586,0.013290,0.019226,0.006216],"out_full_file":"/cf/last_out.json","out_full_file_bytes":183,"out_full_file_reason":"ok","out_record_truncates":false}
{"app":"AI_LEARNER","stage":"mem","model":"b2_resnet","target":"aarch64-unknown-linux-gnu","completed":29,"hal_peak":309416,"peak_within_bounded":true,"admitted_budget_bytes":309416,"peak_within_admitted_budget":true,"admission_mode":"conditional_map","hal_bytes_per_call_amortized":297551.7,"process_rss_kb":6592,"process_rss_delta_init_kb":604,"max_active_calls":1,"active_calls_now":0,"call_counter_balanced":true}
.EVS Port1 1980-012-14:13:14.98220 66/1/AI_LEARNER 4: AI_LEARNER completed=30/30 mean=324683.8us max=412080.8us hal_peak=309416 within_bounded=1
{"app":"AI_LEARNER","stage":"run","model":"b2_resnet","target":"aarch64-unknown-linux-gnu","attempted":30,"completed":30,"fail_input":0,"fail_invoke":0,"fail_output":0,"mean_us":324683.77,"max_us":412080.77,"last_us":315538.54,"out0":0.35276,"out_elems":10,"out_sha256":"fc0a2dda317902b13ea77e3255b2fc98856639b7665ef3adb2845f62e5009bd2","out_head":[0.352762,0.001089,0.001762,0.063496,0.333236,0.006337],"out_tail":[0.333236,0.006337,0.202586,0.013290,0.019226,0.006216],"out_full_file":"/cf/last_out.json","out_full_file_bytes":183,"out_full_file_reason":"ok","out_record_truncates":false}
{"app":"AI_LEARNER","stage":"mem","model":"b2_resnet","target":"aarch64-unknown-linux-gnu","completed":30,"hal_peak":309416,"peak_within_bounded":true,"admitted_budget_bytes":309416,"peak_within_admitted_budget":true,"admission_mode":"conditional_map","hal_bytes_per_call_amortized":297537.6,"process_rss_kb":6592,"process_rss_delta_init_kb":604,"max_active_calls":1,"active_calls_now":0,"call_counter_balanced":true}
EVS Port1 1980-012-14:13:18.96984 66/1/AI_LEARNER 4: AI_LEARNER completed=31/31 mean=324012.6us max=412080.8us hal_peak=309416 within_bounded=1
{"app":"AI_LEARNER","stage":"run","model":"b2_resnet","target":"aarch64-unknown-linux-gnu","attempted":31,"completed":31,"fail_input":0,"fail_invoke":0,"fail_output":0,"mean_us":324012.65,"max_us":412080.77,"last_us":303879.02,"out0":0.35276,"out_elems":10,"out_sha256":"fc0a2dda317902b13ea77e3255b2fc98856639b7665ef3adb2845f62e5009bd2","out_head":[0.352762,0.001089,0.001762,0.063496,0.333236,0.006337],"out_tail":[0.333236,0.006337,0.202586,0.013290,0.019226,0.006216],"out_full_file":"/cf/last_out.json","out_full_file_bytes":183,"out_full_file_reason":"ok","out_record_truncates":false}
{"app":"AI_LEARNER","stage":"mem","model":"b2_resnet","target":"aarch64-unknown-linux-gnu","completed":31,"hal_peak":309416,"peak_within_bounded":true,"admitted_budget_bytes":309416,"peak_within_admitted_budget":true,"admission_mode":"conditional_map","hal_bytes_per_call_amortized":297524.4,"process_rss_kb":6592,"process_rss_delta_init_kb":604,"max_active_calls":1,"active_calls_now":0,"call_counter_balanced":true}
.EVS Port1 1980-012-14:13:22.99691 66/1/AI_LEARNER 4: AI_LEARNER completed=32/32 mean=323560.4us max=412080.8us hal_peak=309416 within_bounded=1
{"app":"AI_LEARNER","stage":"run","model":"b2_resnet","target":"aarch64-unknown-linux-gnu","attempted":32,"completed":32,"fail_input":0,"fail_invoke":0,"fail_output":0,"mean_us":323560.36,"max_us":412080.77,"last_us":309539.47,"out0":0.35276,"out_elems":10,"out_sha256":"fc0a2dda317902b13ea77e3255b2fc98856639b7665ef3adb2845f62e5009bd2","out_head":[0.352762,0.001089,0.001762,0.063496,0.333236,0.006337],"out_tail":[0.333236,0.006337,0.202586,0.013290,0.019226,0.006216],"out_full_file":"/cf/last_out.json","out_full_file_bytes":183,"out_full_file_reason":"ok","out_record_truncates":false}
{"app":"AI_LEARNER","stage":"mem","model":"b2_resnet","target":"aarch64-unknown-linux-gnu","completed":32,"hal_peak":309416,"peak_within_bounded":true,"admitted_budget_bytes":309416,"peak_within_admitted_budget":true,"admission_mode":"conditional_map","hal_bytes_per_call_amortized":297512.0,"process_rss_kb":6592,"process_rss_delta_init_kb":604,"max_active_calls":1,"active_calls_now":0,"call_counter_balanced":true}
.EVS Port1 1980-012-14:13:26.95623 66/1/AI_LEARNER 4: AI_LEARNER completed=33/33 mean=322619.8us max=412080.8us hal_peak=309416 within_bounded=1
{"app":"AI_LEARNER","stage":"run","model":"b2_resnet","target":"aarch64-unknown-linux-gnu","attempted":33,"completed":33,"fail_input":0,"fail_invoke":0,"fail_output":0,"mean_us":322619.81,"max_us":412080.77,"last_us":292522.11,"out0":0.35276,"out_elems":10,"out_sha256":"fc0a2dda317902b13ea77e3255b2fc98856639b7665ef3adb2845f62e5009bd2","out_head":[0.352762,0.001089,0.001762,0.063496,0.333236,0.006337],"out_tail":[0.333236,0.006337,0.202586,0.013290,0.019226,0.006216],"out_full_file":"/cf/last_out.json","out_full_file_bytes":183,"out_full_file_reason":"ok","out_record_truncates":false}
{"app":"AI_LEARNER","stage":"mem","model":"b2_resnet","target":"aarch64-unknown-linux-gnu","completed":33,"hal_peak":309416,"peak_within_bounded":true,"admitted_budget_bytes":309416,"peak_within_admitted_budget":true,"admission_mode":"conditional_map","hal_bytes_per_call_amortized":297500.4,"process_rss_kb":6592,"process_rss_delta_init_kb":604,"max_active_calls":1,"active_calls_now":0,"call_counter_balanced":true}
EVS Port1 1980-012-14:13:30.95698 66/1/AI_LEARNER 4: AI_LEARNER completed=34/34 mean=321556.0us max=412080.8us hal_peak=309416 within_bounded=1
{"app":"AI_LEARNER","stage":"run","model":"b2_resnet","target":"aarch64-unknown-linux-gnu","attempted":34,"completed":34,"fail_input":0,"fail_invoke":0,"fail_output":0,"mean_us":321555.96,"max_us":412080.77,"last_us":286448.98,"out0":0.35276,"out_elems":10,"out_sha256":"fc0a2dda317902b13ea77e3255b2fc98856639b7665ef3adb2845f62e5009bd2","out_head":[0.352762,0.001089,0.001762,0.063496,0.333236,0.006337],"out_tail":[0.333236,0.006337,0.202586,0.013290,0.019226,0.006216],"out_full_file":"/cf/last_out.json","out_full_file_bytes":183,"out_full_file_reason":"ok","out_record_truncates":false}
{"app":"AI_LEARNER","stage":"mem","model":"b2_resnet","target":"aarch64-unknown-linux-gnu","completed":34,"hal_peak":309416,"peak_within_bounded":true,"admitted_budget_bytes":309416,"peak_within_admitted_budget":true,"admission_mode":"conditional_map","hal_bytes_per_call_amortized":297489.4,"process_rss_kb":6592,"process_rss_delta_init_kb":604,"max_active_calls":1,"active_calls_now":0,"call_counter_balanced":true}
.EVS Port1 1980-012-14:13:34.98898 66/1/AI_LEARNER 4: AI_LEARNER completed=35/35 mean=321515.6us max=412080.8us hal_peak=309416 within_bounded=1
{"app":"AI_LEARNER","stage":"run","model":"b2_resnet","target":"aarch64-unknown-linux-gnu","attempted":35,"completed":35,"fail_input":0,"fail_invoke":0,"fail_output":0,"mean_us":321515.56,"max_us":412080.77,"last_us":320142.10,"out0":0.35276,"out_elems":10,"out_sha256":"fc0a2dda317902b13ea77e3255b2fc98856639b7665ef3adb2845f62e5009bd2","out_head":[0.352762,0.001089,0.001762,0.063496,0.333236,0.006337],"out_tail":[0.333236,0.006337,0.202586,0.013290,0.019226,0.006216],"out_full_file":"/cf/last_out.json","out_full_file_bytes":183,"out_full_file_reason":"ok","out_record_truncates":false}
{"app":"AI_LEARNER","stage":"mem","model":"b2_resnet","target":"aarch64-unknown-linux-gnu","completed":35,"hal_peak":309416,"peak_within_bounded":true,"admitted_budget_bytes":309416,"peak_within_admitted_budget":true,"admission_mode":"conditional_map","hal_bytes_per_call_amortized":297479.1,"process_rss_kb":6592,"process_rss_delta_init_kb":604,"max_active_calls":1,"active_calls_now":0,"call_counter_balanced":true}
.EVS Port1 1980-012-14:13:38.98011 66/1/AI_LEARNER 4: AI_LEARNER completed=36/36 mean=321100.5us max=412080.8us hal_peak=309416 within_bounded=1
{"app":"AI_LEARNER","stage":"run","model":"b2_resnet","target":"aarch64-unknown-linux-gnu","attempted":36,"completed":36,"fail_input":0,"fail_invoke":0,"fail_output":0,"mean_us":321100.50,"max_us":412080.77,"last_us":306573.38,"out0":0.35276,"out_elems":10,"out_sha256":"fc0a2dda317902b13ea77e3255b2fc98856639b7665ef3adb2845f62e5009bd2","out_head":[0.352762,0.001089,0.001762,0.063496,0.333236,0.006337],"out_tail":[0.333236,0.006337,0.202586,0.013290,0.019226,0.006216],"out_full_file":"/cf/last_out.json","out_full_file_bytes":183,"out_full_file_reason":"ok","out_record_truncates":false}
{"app":"AI_LEARNER","stage":"mem","model":"b2_resnet","target":"aarch64-unknown-linux-gnu","completed":36,"hal_peak":309416,"peak_within_bounded":true,"admitted_budget_bytes":309416,"peak_within_admitted_budget":true,"admission_mode":"conditional_map","hal_bytes_per_call_amortized":297469.3,"process_rss_kb":6592,"process_rss_delta_init_kb":604,"max_active_calls":1,"active_calls_now":0,"call_counter_balanced":true}
EVS Port1 1980-012-14:13:42.97680 66/1/AI_LEARNER 4: AI_LEARNER completed=37/37 mean=320596.4us max=412080.8us hal_peak=309416 within_bounded=1
{"app":"AI_LEARNER","stage":"run","model":"b2_resnet","target":"aarch64-unknown-linux-gnu","attempted":37,"completed":37,"fail_input":0,"fail_invoke":0,"fail_output":0,"mean_us":320596.45,"max_us":412080.77,"last_us":302450.50,"out0":0.35276,"out_elems":10,"out_sha256":"fc0a2dda317902b13ea77e3255b2fc98856639b7665ef3adb2845f62e5009bd2","out_head":[0.352762,0.001089,0.001762,0.063496,0.333236,0.006337],"out_tail":[0.333236,0.006337,0.202586,0.013290,0.019226,0.006216],"out_full_file":"/cf/last_out.json","out_full_file_bytes":183,"out_full_file_reason":"ok","out_record_truncates":false}
{"app":"AI_LEARNER","stage":"mem","model":"b2_resnet","target":"aarch64-unknown-linux-gnu","completed":37,"hal_peak":309416,"peak_within_bounded":true,"admitted_budget_bytes":309416,"peak_within_admitted_budget":true,"admission_mode":"conditional_map","hal_bytes_per_call_amortized":297460.1,"process_rss_kb":6592,"process_rss_delta_init_kb":604,"max_active_calls":1,"active_calls_now":0,"call_counter_balanced":true}
.EVS Port1 1980-012-14:13:47.01538 66/1/AI_LEARNER 4: AI_LEARNER completed=38/38 mean=321349.8us max=412080.8us hal_peak=309416 within_bounded=1
{"app":"AI_LEARNER","stage":"run","model":"b2_resnet","target":"aarch64-unknown-linux-gnu","attempted":38,"completed":38,"fail_input":0,"fail_invoke":0,"fail_output":0,"mean_us":321349.84,"max_us":412080.77,"last_us":349225.42,"out0":0.35276,"out_elems":10,"out_sha256":"fc0a2dda317902b13ea77e3255b2fc98856639b7665ef3adb2845f62e5009bd2","out_head":[0.352762,0.001089,0.001762,0.063496,0.333236,0.006337],"out_tail":[0.333236,0.006337,0.202586,0.013290,0.019226,0.006216],"out_full_file":"/cf/last_out.json","out_full_file_bytes":183,"out_full_file_reason":"ok","out_record_truncates":false}
{"app":"AI_LEARNER","stage":"mem","model":"b2_resnet","target":"aarch64-unknown-linux-gnu","completed":38,"hal_peak":309416,"peak_within_bounded":true,"admitted_budget_bytes":309416,"peak_within_admitted_budget":true,"admission_mode":"conditional_map","hal_bytes_per_call_amortized":297451.4,"process_rss_kb":6592,"process_rss_delta_init_kb":604,"max_active_calls":1,"active_calls_now":0,"call_counter_balanced":true}
.EVS Port1 1980-012-14:13:50.97303 66/1/AI_LEARNER 4: AI_LEARNER completed=39/39 mean=320913.5us max=412080.8us hal_peak=309416 within_bounded=1
{"app":"AI_LEARNER","stage":"run","model":"b2_resnet","target":"aarch64-unknown-linux-gnu","attempted":39,"completed":39,"fail_input":0,"fail_invoke":0,"fail_output":0,"mean_us":320913.50,"max_us":412080.77,"last_us":304332.27,"out0":0.35276,"out_elems":10,"out_sha256":"fc0a2dda317902b13ea77e3255b2fc98856639b7665ef3adb2845f62e5009bd2","out_head":[0.352762,0.001089,0.001762,0.063496,0.333236,0.006337],"out_tail":[0.333236,0.006337,0.202586,0.013290,0.019226,0.006216],"out_full_file":"/cf/last_out.json","out_full_file_bytes":183,"out_full_file_reason":"ok","out_record_truncates":false}
{"app":"AI_LEARNER","stage":"mem","model":"b2_resnet","target":"aarch64-unknown-linux-gnu","completed":39,"hal_peak":309416,"peak_within_bounded":true,"admitted_budget_bytes":309416,"peak_within_admitted_budget":true,"admission_mode":"conditional_map","hal_bytes_per_call_amortized":297443.1,"process_rss_kb":6592,"process_rss_delta_init_kb":604,"max_active_calls":1,"active_calls_now":0,"call_counter_balanced":true}
EVS Port1 1980-012-14:13:54.98280 66/1/AI_LEARNER 4: AI_LEARNER completed=40/40 mean=320774.5us max=412080.8us hal_peak=309416 within_bounded=1
{"app":"AI_LEARNER","stage":"run","model":"b2_resnet","target":"aarch64-unknown-linux-gnu","attempted":40,"completed":40,"fail_input":0,"fail_invoke":0,"fail_output":0,"mean_us":320774.51,"max_us":412080.77,"last_us":315354.10,"out0":0.35276,"out_elems":10,"out_sha256":"fc0a2dda317902b13ea77e3255b2fc98856639b7665ef3adb2845f62e5009bd2","out_head":[0.352762,0.001089,0.001762,0.063496,0.333236,0.006337],"out_tail":[0.333236,0.006337,0.202586,0.013290,0.019226,0.006216],"out_full_file":"/cf/last_out.json","out_full_file_bytes":183,"out_full_file_reason":"ok","out_record_truncates":false}
{"app":"AI_LEARNER","stage":"mem","model":"b2_resnet","target":"aarch64-unknown-linux-gnu","completed":40,"hal_peak":309416,"peak_within_bounded":true,"admitted_budget_bytes":309416,"peak_within_admitted_budget":true,"admission_mode":"conditional_map","hal_bytes_per_call_amortized":297435.2,"process_rss_kb":6592,"process_rss_delta_init_kb":604,"max_active_calls":1,"active_calls_now":0,"call_counter_balanced":true}
.EVS Port1 1980-012-14:13:58.97731 66/1/AI_LEARNER 4: AI_LEARNER completed=41/41 mean=320572.9us max=412080.8us hal_peak=309416 within_bounded=1
{"app":"AI_LEARNER","stage":"run","model":"b2_resnet","target":"aarch64-unknown-linux-gnu","attempted":41,"completed":41,"fail_input":0,"fail_invoke":0,"fail_output":0,"mean_us":320572.90,"max_us":412080.77,"last_us":312508.29,"out0":0.35276,"out_elems":10,"out_sha256":"fc0a2dda317902b13ea77e3255b2fc98856639b7665ef3adb2845f62e5009bd2","out_head":[0.352762,0.001089,0.001762,0.063496,0.333236,0.006337],"out_tail":[0.333236,0.006337,0.202586,0.013290,0.019226,0.006216],"out_full_file":"/cf/last_out.json","out_full_file_bytes":183,"out_full_file_reason":"ok","out_record_truncates":false}
{"app":"AI_LEARNER","stage":"mem","model":"b2_resnet","target":"aarch64-unknown-linux-gnu","completed":41,"hal_peak":309416,"peak_within_bounded":true,"admitted_budget_bytes":309416,"peak_within_admitted_budget":true,"admission_mode":"conditional_map","hal_bytes_per_call_amortized":297427.7,"process_rss_kb":6592,"process_rss_delta_init_kb":604,"max_active_calls":1,"active_calls_now":0,"call_counter_balanced":true}
.EVS Port1 1980-012-14:14:02.97958 66/1/AI_LEARNER 4: AI_LEARNER completed=42/42 mean=320152.9us max=412080.8us hal_peak=309416 within_bounded=1
{"app":"AI_LEARNER","stage":"run","model":"b2_resnet","target":"aarch64-unknown-linux-gnu","attempted":42,"completed":42,"fail_input":0,"fail_invoke":0,"fail_output":0,"mean_us":320152.92,"max_us":412080.77,"last_us":302934.02,"out0":0.35276,"out_elems":10,"out_sha256":"fc0a2dda317902b13ea77e3255b2fc98856639b7665ef3adb2845f62e5009bd2","out_head":[0.352762,0.001089,0.001762,0.063496,0.333236,0.006337],"out_tail":[0.333236,0.006337,0.202586,0.013290,0.019226,0.006216],"out_full_file":"/cf/last_out.json","out_full_file_bytes":183,"out_full_file_reason":"ok","out_record_truncates":false}
{"app":"AI_LEARNER","stage":"mem","model":"b2_resnet","target":"aarch64-unknown-linux-gnu","completed":42,"hal_peak":309416,"peak_within_bounded":true,"admitted_budget_bytes":309416,"peak_within_admitted_budget":true,"admission_mode":"conditional_map","hal_bytes_per_call_amortized":297420.6,"process_rss_kb":6592,"process_rss_delta_init_kb":604,"max_active_calls":1,"active_calls_now":0,"call_counter_balanced":true}
EVS Port1 1980-012-14:14:07.07917 66/1/AI_LEARNER 4: AI_LEARNER completed=43/43 mean=322287.7us max=412080.8us hal_peak=309416 within_bounded=1
{"app":"AI_LEARNER","stage":"run","model":"b2_resnet","target":"aarch64-unknown-linux-gnu","attempted":43,"completed":43,"fail_input":0,"fail_invoke":0,"fail_output":0,"mean_us":322287.67,"max_us":412080.77,"last_us":411946.99,"out0":0.35276,"out_elems":10,"out_sha256":"fc0a2dda317902b13ea77e3255b2fc98856639b7665ef3adb2845f62e5009bd2","out_head":[0.352762,0.001089,0.001762,0.063496,0.333236,0.006337],"out_tail":[0.333236,0.006337,0.202586,0.013290,0.019226,0.006216],"out_full_file":"/cf/last_out.json","out_full_file_bytes":183,"out_full_file_reason":"ok","out_record_truncates":false}
{"app":"AI_LEARNER","stage":"mem","model":"b2_resnet","target":"aarch64-unknown-linux-gnu","completed":43,"hal_peak":309416,"peak_within_bounded":true,"admitted_budget_bytes":309416,"peak_within_admitted_budget":true,"admission_mode":"conditional_map","hal_bytes_per_call_amortized":297413.8,"process_rss_kb":6592,"process_rss_delta_init_kb":604,"max_active_calls":1,"active_calls_now":0,"call_counter_balanced":true}
.EVS Port1 1980-012-14:14:10.98379 66/1/AI_LEARNER 4: AI_LEARNER completed=44/44 mean=322042.4us max=412080.8us hal_peak=309416 within_bounded=1
{"app":"AI_LEARNER","stage":"run","model":"b2_resnet","target":"aarch64-unknown-linux-gnu","attempted":44,"completed":44,"fail_input":0,"fail_invoke":0,"fail_output":0,"mean_us":322042.36,"max_us":412080.77,"last_us":311494.34,"out0":0.35276,"out_elems":10,"out_sha256":"fc0a2dda317902b13ea77e3255b2fc98856639b7665ef3adb2845f62e5009bd2","out_head":[0.352762,0.001089,0.001762,0.063496,0.333236,0.006337],"out_tail":[0.333236,0.006337,0.202586,0.013290,0.019226,0.006216],"out_full_file":"/cf/last_out.json","out_full_file_bytes":183,"out_full_file_reason":"ok","out_record_truncates":false}
{"app":"AI_LEARNER","stage":"mem","model":"b2_resnet","target":"aarch64-unknown-linux-gnu","completed":44,"hal_peak":309416,"peak_within_bounded":true,"admitted_budget_bytes":309416,"peak_within_admitted_budget":true,"admission_mode":"conditional_map","hal_bytes_per_call_amortized":297407.3,"process_rss_kb":6592,"process_rss_delta_init_kb":604,"max_active_calls":1,"active_calls_now":0,"call_counter_balanced":true}
.EVS Port1 1980-012-14:14:14.98309 66/1/AI_LEARNER 4: AI_LEARNER completed=45/45 mean=322036.9us max=412080.8us hal_peak=309416 within_bounded=1
{"app":"AI_LEARNER","stage":"run","model":"b2_resnet","target":"aarch64-unknown-linux-gnu","attempted":45,"completed":45,"fail_input":0,"fail_invoke":0,"fail_output":0,"mean_us":322036.87,"max_us":412080.77,"last_us":321795.09,"out0":0.35276,"out_elems":10,"out_sha256":"fc0a2dda317902b13ea77e3255b2fc98856639b7665ef3adb2845f62e5009bd2","out_head":[0.352762,0.001089,0.001762,0.063496,0.333236,0.006337],"out_tail":[0.333236,0.006337,0.202586,0.013290,0.019226,0.006216],"out_full_file":"/cf/last_out.json","out_full_file_bytes":183,"out_full_file_reason":"ok","out_record_truncates":false}
{"app":"AI_LEARNER","stage":"mem","model":"b2_resnet","target":"aarch64-unknown-linux-gnu","completed":45,"hal_peak":309416,"peak_within_bounded":true,"admitted_budget_bytes":309416,"peak_within_admitted_budget":true,"admission_mode":"conditional_map","hal_bytes_per_call_amortized":297401.1,"process_rss_kb":6592,"process_rss_delta_init_kb":604,"max_active_calls":1,"active_calls_now":0,"call_counter_balanced":true}
EVS Port1 1980-012-14:14:17.00256 66/1/CFE_TIME 21: Stop FLYWHEEL
EVS Port1 1980-012-14:14:17.99714 66/1/CFE_TIME 20: Start FLYWHEEL
EVS Port1 1980-012-14:14:18.99208 66/1/AI_LEARNER 4: AI_LEARNER completed=46/46 mean=321802.1us max=412080.8us hal_peak=309416 within_bounded=1
{"app":"AI_LEARNER","stage":"run","model":"b2_resnet","target":"aarch64-unknown-linux-gnu","attempted":46,"completed":46,"fail_input":0,"fail_invoke":0,"fail_output":0,"mean_us":321802.08,"max_us":412080.77,"last_us":311236.70,"out0":0.35276,"out_elems":10,"out_sha256":"fc0a2dda317902b13ea77e3255b2fc98856639b7665ef3adb2845f62e5009bd2","out_head":[0.352762,0.001089,0.001762,0.063496,0.333236,0.006337],"out_tail":[0.333236,0.006337,0.202586,0.013290,0.019226,0.006216],"out_full_file":"/cf/last_out.json","out_full_file_bytes":183,"out_full_file_reason":"ok","out_record_truncates":false}
{"app":"AI_LEARNER","stage":"mem","model":"b2_resnet","target":"aarch64-unknown-linux-gnu","completed":46,"hal_peak":309416,"peak_within_bounded":true,"admitted_budget_bytes":309416,"peak_within_admitted_budget":true,"admission_mode":"conditional_map","hal_bytes_per_call_amortized":297395.1,"process_rss_kb":6592,"process_rss_delta_init_kb":604,"max_active_calls":1,"active_calls_now":0,"call_counter_balanced":true}
.EVS Port1 1980-012-14:14:22.98960 66/1/AI_LEARNER 4: AI_LEARNER completed=47/47 mean=321882.9us max=412080.8us hal_peak=309416 within_bounded=1
{"app":"AI_LEARNER","stage":"run","model":"b2_resnet","target":"aarch64-unknown-linux-gnu","attempted":47,"completed":47,"fail_input":0,"fail_invoke":0,"fail_output":0,"mean_us":321882.88,"max_us":412080.77,"last_us":325599.52,"out0":0.35276,"out_elems":10,"out_sha256":"fc0a2dda317902b13ea77e3255b2fc98856639b7665ef3adb2845f62e5009bd2","out_head":[0.352762,0.001089,0.001762,0.063496,0.333236,0.006337],"out_tail":[0.333236,0.006337,0.202586,0.013290,0.019226,0.006216],"out_full_file":"/cf/last_out.json","out_full_file_bytes":183,"out_full_file_reason":"ok","out_record_truncates":false}
{"app":"AI_LEARNER","stage":"mem","model":"b2_resnet","target":"aarch64-unknown-linux-gnu","completed":47,"hal_peak":309416,"peak_within_bounded":true,"admitted_budget_bytes":309416,"peak_within_admitted_budget":true,"admission_mode":"conditional_map","hal_bytes_per_call_amortized":297389.4,"process_rss_kb":6592,"process_rss_delta_init_kb":604,"max_active_calls":1,"active_calls_now":0,"call_counter_balanced":true}
.EVS Port1 1980-012-14:14:26.95683 66/1/AI_LEARNER 4: AI_LEARNER completed=48/48 mean=321219.2us max=412080.8us hal_peak=309416 within_bounded=1
{"app":"AI_LEARNER","stage":"run","model":"b2_resnet","target":"aarch64-unknown-linux-gnu","attempted":48,"completed":48,"fail_input":0,"fail_invoke":0,"fail_output":0,"mean_us":321219.24,"max_us":412080.77,"last_us":290028.27,"out0":0.35276,"out_elems":10,"out_sha256":"fc0a2dda317902b13ea77e3255b2fc98856639b7665ef3adb2845f62e5009bd2","out_head":[0.352762,0.001089,0.001762,0.063496,0.333236,0.006337],"out_tail":[0.333236,0.006337,0.202586,0.013290,0.019226,0.006216],"out_full_file":"/cf/last_out.json","out_full_file_bytes":183,"out_full_file_reason":"ok","out_record_truncates":false}
{"app":"AI_LEARNER","stage":"mem","model":"b2_resnet","target":"aarch64-unknown-linux-gnu","completed":48,"hal_peak":309416,"peak_within_bounded":true,"admitted_budget_bytes":309416,"peak_within_admitted_budget":true,"admission_mode":"conditional_map","hal_bytes_per_call_amortized":297384.0,"process_rss_kb":6592,"process_rss_delta_init_kb":604,"max_active_calls":1,"active_calls_now":0,"call_counter_balanced":true}
EVS Port1 1980-012-14:14:30.99145 66/1/AI_LEARNER 4: AI_LEARNER completed=49/49 mean=321297.6us max=412080.8us hal_peak=309416 within_bounded=1
{"app":"AI_LEARNER","stage":"run","model":"b2_resnet","target":"aarch64-unknown-linux-gnu","attempted":49,"completed":49,"fail_input":0,"fail_invoke":0,"fail_output":0,"mean_us":321297.64,"max_us":412080.77,"last_us":325060.80,"out0":0.35276,"out_elems":10,"out_sha256":"fc0a2dda317902b13ea77e3255b2fc98856639b7665ef3adb2845f62e5009bd2","out_head":[0.352762,0.001089,0.001762,0.063496,0.333236,0.006337],"out_tail":[0.333236,0.006337,0.202586,0.013290,0.019226,0.006216],"out_full_file":"/cf/last_out.json","out_full_file_bytes":183,"out_full_file_reason":"ok","out_record_truncates":false}
{"app":"AI_LEARNER","stage":"mem","model":"b2_resnet","target":"aarch64-unknown-linux-gnu","completed":49,"hal_peak":309416,"peak_within_bounded":true,"admitted_budget_bytes":309416,"peak_within_admitted_budget":true,"admission_mode":"conditional_map","hal_bytes_per_call_amortized":297378.8,"process_rss_kb":6592,"process_rss_delta_init_kb":604,"max_active_calls":1,"active_calls_now":0,"call_counter_balanced":true}
.EVS Port1 1980-012-14:14:34.97660 66/1/AI_LEARNER 4: AI_LEARNER completed=50/50 mean=321087.8us max=412080.8us hal_peak=309416 within_bounded=1
{"app":"AI_LEARNER","stage":"run","model":"b2_resnet","target":"aarch64-unknown-linux-gnu","attempted":50,"completed":50,"fail_input":0,"fail_invoke":0,"fail_output":0,"mean_us":321087.84,"max_us":412080.77,"last_us":310807.44,"out0":0.35276,"out_elems":10,"out_sha256":"fc0a2dda317902b13ea77e3255b2fc98856639b7665ef3adb2845f62e5009bd2","out_head":[0.352762,0.001089,0.001762,0.063496,0.333236,0.006337],"out_tail":[0.333236,0.006337,0.202586,0.013290,0.019226,0.006216],"out_full_file":"/cf/last_out.json","out_full_file_bytes":183,"out_full_file_reason":"ok","out_record_truncates":false}
{"app":"AI_LEARNER","stage":"mem","model":"b2_resnet","target":"aarch64-unknown-linux-gnu","completed":50,"hal_peak":309416,"peak_within_bounded":true,"admitted_budget_bytes":309416,"peak_within_admitted_budget":true,"admission_mode":"conditional_map","hal_bytes_per_call_amortized":297373.8,"process_rss_kb":6592,"process_rss_delta_init_kb":604,"max_active_calls":1,"active_calls_now":0,"call_counter_balanced":true}
.EVS Port1 1980-012-14:14:38.98397 66/1/AI_LEARNER 4: AI_LEARNER completed=51/51 mean=320932.4us max=412080.8us hal_peak=309416 within_bounded=1
{"app":"AI_LEARNER","stage":"run","model":"b2_resnet","target":"aarch64-unknown-linux-gnu","attempted":51,"completed":51,"fail_input":0,"fail_invoke":0,"fail_output":0,"mean_us":320932.37,"max_us":412080.77,"last_us":313158.94,"out0":0.35276,"out_elems":10,"out_sha256":"fc0a2dda317902b13ea77e3255b2fc98856639b7665ef3adb2845f62e5009bd2","out_head":[0.352762,0.001089,0.001762,0.063496,0.333236,0.006337],"out_tail":[0.333236,0.006337,0.202586,0.013290,0.019226,0.006216],"out_full_file":"/cf/last_out.json","out_full_file_bytes":183,"out_full_file_reason":"ok","out_record_truncates":false}
{"app":"AI_LEARNER","stage":"mem","model":"b2_resnet","target":"aarch64-unknown-linux-gnu","completed":51,"hal_peak":309416,"peak_within_bounded":true,"admitted_budget_bytes":309416,"peak_within_admitted_budget":true,"admission_mode":"conditional_map","hal_bytes_per_call_amortized":297368.9,"process_rss_kb":6592,"process_rss_delta_init_kb":604,"max_active_calls":1,"active_calls_now":0,"call_counter_balanced":true}
EVS Port1 1980-012-14:14:42.98237 66/1/AI_LEARNER 4: AI_LEARNER completed=52/52 mean=320843.1us max=412080.8us hal_peak=309416 within_bounded=1
{"app":"AI_LEARNER","stage":"run","model":"b2_resnet","target":"aarch64-unknown-linux-gnu","attempted":52,"completed":52,"fail_input":0,"fail_invoke":0,"fail_output":0,"mean_us":320843.08,"max_us":412080.77,"last_us":316289.28,"out0":0.35276,"out_elems":10,"out_sha256":"fc0a2dda317902b13ea77e3255b2fc98856639b7665ef3adb2845f62e5009bd2","out_head":[0.352762,0.001089,0.001762,0.063496,0.333236,0.006337],"out_tail":[0.333236,0.006337,0.202586,0.013290,0.019226,0.006216],"out_full_file":"/cf/last_out.json","out_full_file_bytes":183,"out_full_file_reason":"ok","out_record_truncates":false}
{"app":"AI_LEARNER","stage":"mem","model":"b2_resnet","target":"aarch64-unknown-linux-gnu","completed":52,"hal_peak":309416,"peak_within_bounded":true,"admitted_budget_bytes":309416,"peak_within_admitted_budget":true,"admission_mode":"conditional_map","hal_bytes_per_call_amortized":297364.3,"process_rss_kb":6592,"process_rss_delta_init_kb":604,"max_active_calls":1,"active_calls_now":0,"call_counter_balanced":true}
.EVS Port1 1980-012-14:14:47.02526 66/1/AI_LEARNER 4: AI_LEARNER completed=53/53 mean=321235.2us max=412080.8us hal_peak=309416 within_bounded=1
{"app":"AI_LEARNER","stage":"run","model":"b2_resnet","target":"aarch64-unknown-linux-gnu","attempted":53,"completed":53,"fail_input":0,"fail_invoke":0,"fail_output":0,"mean_us":321235.18,"max_us":412080.77,"last_us":341624.29,"out0":0.35276,"out_elems":10,"out_sha256":"fc0a2dda317902b13ea77e3255b2fc98856639b7665ef3adb2845f62e5009bd2","out_head":[0.352762,0.001089,0.001762,0.063496,0.333236,0.006337],"out_tail":[0.333236,0.006337,0.202586,0.013290,0.019226,0.006216],"out_full_file":"/cf/last_out.json","out_full_file_bytes":183,"out_full_file_reason":"ok","out_record_truncates":false}
{"app":"AI_LEARNER","stage":"mem","model":"b2_resnet","target":"aarch64-unknown-linux-gnu","completed":53,"hal_peak":309416,"peak_within_bounded":true,"admitted_budget_bytes":309416,"peak_within_admitted_budget":true,"admission_mode":"conditional_map","hal_bytes_per_call_amortized":297359.8,"process_rss_kb":6592,"process_rss_delta_init_kb":604,"max_active_calls":1,"active_calls_now":0,"call_counter_balanced":true}
EVS Port1 1980-012-14:14:50.96560 66/1/AI_LEARNER 4: AI_LEARNER completed=54/54 mean=320781.1us max=412080.8us hal_peak=309416 within_bounded=1
.{"app":"AI_LEARNER","stage":"run","model":"b2_resnet","target":"aarch64-unknown-linux-gnu","attempted":54,"completed":54,"fail_input":0,"fail_invoke":0,"fail_output":0,"mean_us":320781.06,"max_us":412080.77,"last_us":296712.70,"out0":0.35276,"out_elems":10,"out_sha256":"fc0a2dda317902b13ea77e3255b2fc98856639b7665ef3adb2845f62e5009bd2","out_head":[0.352762,0.001089,0.001762,0.063496,0.333236,0.006337],"out_tail":[0.333236,0.006337,0.202586,0.013290,0.019226,0.006216],"out_full_file":"/cf/last_out.json","out_full_file_bytes":183,"out_full_file_reason":"ok","out_record_truncates":false}
{"app":"AI_LEARNER","stage":"mem","model":"b2_resnet","target":"aarch64-unknown-linux-gnu","completed":54,"hal_peak":309416,"peak_within_bounded":true,"admitted_budget_bytes":309416,"peak_within_admitted_budget":true,"admission_mode":"conditional_map","hal_bytes_per_call_amortized":297355.6,"process_rss_kb":6592,"process_rss_delta_init_kb":604,"max_active_calls":1,"active_calls_now":0,"call_counter_balanced":true}
EVS Port1 1980-012-14:14:54.96896 66/1/AI_LEARNER 4: AI_LEARNER completed=55/55 mean=320352.3us max=412080.8us hal_peak=309416 within_bounded=1
{"app":"AI_LEARNER","stage":"run","model":"b2_resnet","target":"aarch64-unknown-linux-gnu","attempted":55,"completed":55,"fail_input":0,"fail_invoke":0,"fail_output":0,"mean_us":320352.30,"max_us":412080.77,"last_us":297199.42,"out0":0.35276,"out_elems":10,"out_sha256":"fc0a2dda317902b13ea77e3255b2fc98856639b7665ef3adb2845f62e5009bd2","out_head":[0.352762,0.001089,0.001762,0.063496,0.333236,0.006337],"out_tail":[0.333236,0.006337,0.202586,0.013290,0.019226,0.006216],"out_full_file":"/cf/last_out.json","out_full_file_bytes":183,"out_full_file_reason":"ok","out_record_truncates":false}
{"app":"AI_LEARNER","stage":"mem","model":"b2_resnet","target":"aarch64-unknown-linux-gnu","completed":55,"hal_peak":309416,"peak_within_bounded":true,"admitted_budget_bytes":309416,"peak_within_admitted_budget":true,"admission_mode":"conditional_map","hal_bytes_per_call_amortized":297351.4,"process_rss_kb":6592,"process_rss_delta_init_kb":604,"max_active_calls":1,"active_calls_now":0,"call_counter_balanced":true}
.EVS Port1 1980-012-14:14:58.97590 66/1/AI_LEARNER 4: AI_LEARNER completed=56/56 mean=320049.8us max=412080.8us hal_peak=309416 within_bounded=1
{"app":"AI_LEARNER","stage":"run","model":"b2_resnet","target":"aarch64-unknown-linux-gnu","attempted":56,"completed":56,"fail_input":0,"fail_invoke":0,"fail_output":0,"mean_us":320049.75,"max_us":412080.77,"last_us":303409.65,"out0":0.35276,"out_elems":10,"out_sha256":"fc0a2dda317902b13ea77e3255b2fc98856639b7665ef3adb2845f62e5009bd2","out_head":[0.352762,0.001089,0.001762,0.063496,0.333236,0.006337],"out_tail":[0.333236,0.006337,0.202586,0.013290,0.019226,0.006216],"out_full_file":"/cf/last_out.json","out_full_file_bytes":183,"out_full_file_reason":"ok","out_record_truncates":false}
{"app":"AI_LEARNER","stage":"mem","model":"b2_resnet","target":"aarch64-unknown-linux-gnu","completed":56,"hal_peak":309416,"peak_within_bounded":true,"admitted_budget_bytes":309416,"peak_within_admitted_budget":true,"admission_mode":"conditional_map","hal_bytes_per_call_amortized":297347.4,"process_rss_kb":6592,"process_rss_delta_init_kb":604,"max_active_calls":1,"active_calls_now":0,"call_counter_balanced":true}
EVS Port1 1980-012-14:15:02.95561 66/1/AI_LEARNER 4: AI_LEARNER completed=57/57 mean=319542.1us max=412080.8us hal_peak=309416 within_bounded=1
{"app":"AI_LEARNER","stage":"run","model":"b2_resnet","target":"aarch64-unknown-linux-gnu","attempted":57,"completed":57,"fail_input":0,"fail_invoke":0,"fail_output":0,"mean_us":319542.09,"max_us":412080.77,"last_us":291112.96,"out0":0.35276,"out_elems":10,"out_sha256":"fc0a2dda317902b13ea77e3255b2fc98856639b7665ef3adb2845f62e5009bd2","out_head":[0.352762,0.001089,0.001762,0.063496,0.333236,0.006337],"out_tail":[0.333236,0.006337,0.202586,0.013290,0.019226,0.006216],"out_full_file":"/cf/last_out.json","out_full_file_bytes":183,"out_full_file_reason":"ok","out_record_truncates":false}
{"app":"AI_LEARNER","stage":"mem","model":"b2_resnet","target":"aarch64-unknown-linux-gnu","completed":57,"hal_peak":309416,"peak_within_bounded":true,"admitted_budget_bytes":309416,"peak_within_admitted_budget":true,"admission_mode":"conditional_map","hal_bytes_per_call_amortized":297343.6,"process_rss_kb":6592,"process_rss_delta_init_kb":604,"max_active_calls":1,"active_calls_now":0,"call_counter_balanced":true}
.EVS Port1 1980-012-14:15:06.97167 66/1/AI_LEARNER 4: AI_LEARNER completed=58/58 mean=319296.0us max=412080.8us hal_peak=309416 within_bounded=1
{"app":"AI_LEARNER","stage":"run","model":"b2_resnet","target":"aarch64-unknown-linux-gnu","attempted":58,"completed":58,"fail_input":0,"fail_invoke":0,"fail_output":0,"mean_us":319295.95,"max_us":412080.77,"last_us":305265.98,"out0":0.35276,"out_elems":10,"out_sha256":"fc0a2dda317902b13ea77e3255b2fc98856639b7665ef3adb2845f62e5009bd2","out_head":[0.352762,0.001089,0.001762,0.063496,0.333236,0.006337],"out_tail":[0.333236,0.006337,0.202586,0.013290,0.019226,0.006216],"out_full_file":"/cf/last_out.json","out_full_file_bytes":183,"out_full_file_reason":"ok","out_record_truncates":false}
{"app":"AI_LEARNER","stage":"mem","model":"b2_resnet","target":"aarch64-unknown-linux-gnu","completed":58,"hal_peak":309416,"peak_within_bounded":true,"admitted_budget_bytes":309416,"peak_within_admitted_budget":true,"admission_mode":"conditional_map","hal_bytes_per_call_amortized":297339.9,"process_rss_kb":6592,"process_rss_delta_init_kb":604,"max_active_calls":1,"active_calls_now":0,"call_counter_balanced":true}
.EVS Port1 1980-012-14:15:11.07034 66/1/AI_LEARNER 4: AI_LEARNER completed=59/59 mean=320811.4us max=412080.8us hal_peak=309416 within_bounded=1
{"app":"AI_LEARNER","stage":"run","model":"b2_resnet","target":"aarch64-unknown-linux-gnu","attempted":59,"completed":59,"fail_input":0,"fail_invoke":0,"fail_output":0,"mean_us":320811.41,"max_us":412080.77,"last_us":408707.97,"out0":0.35276,"out_elems":10,"out_sha256":"fc0a2dda317902b13ea77e3255b2fc98856639b7665ef3adb2845f62e5009bd2","out_head":[0.352762,0.001089,0.001762,0.063496,0.333236,0.006337],"out_tail":[0.333236,0.006337,0.202586,0.013290,0.019226,0.006216],"out_full_file":"/cf/last_out.json","out_full_file_bytes":183,"out_full_file_reason":"ok","out_record_truncates":false}
{"app":"AI_LEARNER","stage":"mem","model":"b2_resnet","target":"aarch64-unknown-linux-gnu","completed":59,"hal_peak":309416,"peak_within_bounded":true,"admitted_budget_bytes":309416,"peak_within_admitted_budget":true,"admission_mode":"conditional_map","hal_bytes_per_call_amortized":297336.3,"process_rss_kb":6592,"process_rss_delta_init_kb":604,"max_active_calls":1,"active_calls_now":0,"call_counter_balanced":true}
EVS Port1 1980-012-14:15:14.97891 66/1/AI_LEARNER 4: AI_LEARNER completed=60/60 mean=320713.2us max=412080.8us hal_peak=309416 within_bounded=1
.{"app":"AI_LEARNER","stage":"run","model":"b2_resnet","target":"aarch64-unknown-linux-gnu","attempted":60,"completed":60,"fail_input":0,"fail_invoke":0,"fail_output":0,"mean_us":320713.17,"max_us":412080.77,"last_us":314917.14,"out0":0.35276,"out_elems":10,"out_sha256":"fc0a2dda317902b13ea77e3255b2fc98856639b7665ef3adb2845f62e5009bd2","out_head":[0.352762,0.001089,0.001762,0.063496,0.333236,0.006337],"out_tail":[0.333236,0.006337,0.202586,0.013290,0.019226,0.006216],"out_full_file":"/cf/last_out.json","out_full_file_bytes":183,"out_full_file_reason":"ok","out_record_truncates":false}
{"app":"AI_LEARNER","stage":"mem","model":"b2_resnet","target":"aarch64-unknown-linux-gnu","completed":60,"hal_peak":309416,"peak_within_bounded":true,"admitted_budget_bytes":309416,"peak_within_admitted_budget":true,"admission_mode":"conditional_map","hal_bytes_per_call_amortized":297332.8,"process_rss_kb":6592,"process_rss_delta_init_kb":604,"max_active_calls":1,"active_calls_now":0,"call_counter_balanced":true}
EVS Port1 1980-012-14:15:19.02140 66/1/AI_LEARNER 4: AI_LEARNER completed=61/61 mean=321364.3us max=412080.8us hal_peak=309416 within_bounded=1
{"app":"AI_LEARNER","stage":"run","model":"b2_resnet","target":"aarch64-unknown-linux-gnu","attempted":61,"completed":61,"fail_input":0,"fail_invoke":0,"fail_output":0,"mean_us":321364.33,"max_us":412080.77,"last_us":360433.89,"out0":0.35276,"out_elems":10,"out_sha256":"fc0a2dda317902b13ea77e3255b2fc98856639b7665ef3adb2845f62e5009bd2","out_head":[0.352762,0.001089,0.001762,0.063496,0.333236,0.006337],"out_tail":[0.333236,0.006337,0.202586,0.013290,0.019226,0.006216],"out_full_file":"/cf/last_out.json","out_full_file_bytes":183,"out_full_file_reason":"ok","out_record_truncates":false}
{"app":"AI_LEARNER","stage":"mem","model":"b2_resnet","target":"aarch64-unknown-linux-gnu","completed":61,"hal_peak":309416,"peak_within_bounded":true,"admitted_budget_bytes":309416,"peak_within_admitted_budget":true,"admission_mode":"conditional_map","hal_bytes_per_call_amortized":297329.4,"process_rss_kb":6592,"process_rss_delta_init_kb":604,"max_active_calls":1,"active_calls_now":0,"call_counter_balanced":true}
.EVS Port1 1980-012-14:15:22.97027 66/1/AI_LEARNER 4: AI_LEARNER completed=62/62 mean=321082.2us max=412080.8us hal_peak=309416 within_bounded=1
{"app":"AI_LEARNER","stage":"run","model":"b2_resnet","target":"aarch64-unknown-linux-gnu","attempted":62,"completed":62,"fail_input":0,"fail_invoke":0,"fail_output":0,"mean_us":321082.21,"max_us":412080.77,"last_us":303872.99,"out0":0.35276,"out_elems":10,"out_sha256":"fc0a2dda317902b13ea77e3255b2fc98856639b7665ef3adb2845f62e5009bd2","out_head":[0.352762,0.001089,0.001762,0.063496,0.333236,0.006337],"out_tail":[0.333236,0.006337,0.202586,0.013290,0.019226,0.006216],"out_full_file":"/cf/last_out.json","out_full_file_bytes":183,"out_full_file_reason":"ok","out_record_truncates":false}
{"app":"AI_LEARNER","stage":"mem","model":"b2_resnet","target":"aarch64-unknown-linux-gnu","completed":62,"hal_peak":309416,"peak_within_bounded":true,"admitted_budget_bytes":309416,"peak_within_admitted_budget":true,"admission_mode":"conditional_map","hal_bytes_per_call_amortized":297326.2,"process_rss_kb":6592,"process_rss_delta_init_kb":604,"max_active_calls":1,"active_calls_now":0,"call_counter_balanced":true}
.EVS Port1 1980-012-14:15:27.02014 66/1/AI_LEARNER 4: AI_LEARNER completed=63/63 mean=321306.2us max=412080.8us hal_peak=309416 within_bounded=1
{"app":"AI_LEARNER","stage":"run","model":"b2_resnet","target":"aarch64-unknown-linux-gnu","attempted":63,"completed":63,"fail_input":0,"fail_invoke":0,"fail_output":0,"mean_us":321306.24,"max_us":412080.77,"last_us":335195.81,"out0":0.35276,"out_elems":10,"out_sha256":"fc0a2dda317902b13ea77e3255b2fc98856639b7665ef3adb2845f62e5009bd2","out_head":[0.352762,0.001089,0.001762,0.063496,0.333236,0.006337],"out_tail":[0.333236,0.006337,0.202586,0.013290,0.019226,0.006216],"out_full_file":"/cf/last_out.json","out_full_file_bytes":183,"out_full_file_reason":"ok","out_record_truncates":false}
{"app":"AI_LEARNER","stage":"mem","model":"b2_resnet","target":"aarch64-unknown-linux-gnu","completed":63,"hal_peak":309416,"peak_within_bounded":true,"admitted_budget_bytes":309416,"peak_within_admitted_budget":true,"admission_mode":"conditional_map","hal_bytes_per_call_amortized":297323.0,"process_rss_kb":6592,"process_rss_delta_init_kb":604,"max_active_calls":1,"active_calls_now":0,"call_counter_balanced":true}
EVS Port1 1980-012-14:15:30.97297 66/1/AI_LEARNER 4: AI_LEARNER completed=64/64 mean=320927.8us max=412080.8us hal_peak=309416 within_bounded=1
{"app":"AI_LEARNER","stage":"run","model":"b2_resnet","target":"aarch64-unknown-linux-gnu","attempted":64,"completed":64,"fail_input":0,"fail_invoke":0,"fail_output":0,"mean_us":320927.83,"max_us":412080.77,"last_us":297087.92,"out0":0.35276,"out_elems":10,"out_sha256":"fc0a2dda317902b13ea77e3255b2fc98856639b7665ef3adb2845f62e5009bd2","out_head":[0.352762,0.001089,0.001762,0.063496,0.333236,0.006337],"out_tail":[0.333236,0.006337,0.202586,0.013290,0.019226,0.006216],"out_full_file":"/cf/last_out.json","out_full_file_bytes":183,"out_full_file_reason":"ok","out_record_truncates":false}
{"app":"AI_LEARNER","stage":"mem","model":"b2_resnet","target":"aarch64-unknown-linux-gnu","completed":64,"hal_peak":309416,"peak_within_bounded":true,"admitted_budget_bytes":309416,"peak_within_admitted_budget":true,"admission_mode":"conditional_map","hal_bytes_per_call_amortized":297320.0,"process_rss_kb":6592,"process_rss_delta_init_kb":604,"max_active_calls":1,"active_calls_now":0,"call_counter_balanced":true}
.EVS Port1 1980-012-14:15:35.02218 66/1/AI_LEARNER 4: AI_LEARNER completed=65/65 mean=321460.0us max=412080.8us hal_peak=309416 within_bounded=1
{"app":"AI_LEARNER","stage":"run","model":"b2_resnet","target":"aarch64-unknown-linux-gnu","attempted":65,"completed":65,"fail_input":0,"fail_invoke":0,"fail_output":0,"mean_us":321460.04,"max_us":412080.77,"last_us":355521.95,"out0":0.35276,"out_elems":10,"out_sha256":"fc0a2dda317902b13ea77e3255b2fc98856639b7665ef3adb2845f62e5009bd2","out_head":[0.352762,0.001089,0.001762,0.063496,0.333236,0.006337],"out_tail":[0.333236,0.006337,0.202586,0.013290,0.019226,0.006216],"out_full_file":"/cf/last_out.json","out_full_file_bytes":183,"out_full_file_reason":"ok","out_record_truncates":false}
{"app":"AI_LEARNER","stage":"mem","model":"b2_resnet","target":"aarch64-unknown-linux-gnu","completed":65,"hal_peak":309416,"peak_within_bounded":true,"admitted_budget_bytes":309416,"peak_within_admitted_budget":true,"admission_mode":"conditional_map","hal_bytes_per_call_amortized":297317.0,"process_rss_kb":6592,"process_rss_delta_init_kb":604,"max_active_calls":1,"active_calls_now":0,"call_counter_balanced":true}
EVS Port1 1980-012-14:15:39.00617 66/1/AI_LEARNER 4: AI_LEARNER completed=66/66 mean=321660.4us max=412080.8us hal_peak=309416 within_bounded=1
.{"app":"AI_LEARNER","stage":"run","model":"b2_resnet","target":"aarch64-unknown-linux-gnu","attempted":66,"completed":66,"fail_input":0,"fail_invoke":0,"fail_output":0,"mean_us":321660.44,"max_us":412080.77,"last_us":334686.02,"out0":0.35276,"out_elems":10,"out_sha256":"fc0a2dda317902b13ea77e3255b2fc98856639b7665ef3adb2845f62e5009bd2","out_head":[0.352762,0.001089,0.001762,0.063496,0.333236,0.006337],"out_tail":[0.333236,0.006337,0.202586,0.013290,0.019226,0.006216],"out_full_file":"/cf/last_out.json","out_full_file_bytes":183,"out_full_file_reason":"ok","out_record_truncates":false}
{"app":"AI_LEARNER","stage":"mem","model":"b2_resnet","target":"aarch64-unknown-linux-gnu","completed":66,"hal_peak":309416,"peak_within_bounded":true,"admitted_budget_bytes":309416,"peak_within_admitted_budget":true,"admission_mode":"conditional_map","hal_bytes_per_call_amortized":297314.2,"process_rss_kb":6592,"process_rss_delta_init_kb":604,"max_active_calls":1,"active_calls_now":0,"call_counter_balanced":true}
EVS Port1 1980-012-14:15:42.98297 66/1/AI_LEARNER 4: AI_LEARNER completed=67/67 mean=321601.3us max=412080.8us hal_peak=309416 within_bounded=1
{"app":"AI_LEARNER","stage":"run","model":"b2_resnet","target":"aarch64-unknown-linux-gnu","attempted":67,"completed":67,"fail_input":0,"fail_invoke":0,"fail_output":0,"mean_us":321601.31,"max_us":412080.77,"last_us":317699.22,"out0":0.35276,"out_elems":10,"out_sha256":"fc0a2dda317902b13ea77e3255b2fc98856639b7665ef3adb2845f62e5009bd2","out_head":[0.352762,0.001089,0.001762,0.063496,0.333236,0.006337],"out_tail":[0.333236,0.006337,0.202586,0.013290,0.019226,0.006216],"out_full_file":"/cf/last_out.json","out_full_file_bytes":183,"out_full_file_reason":"ok","out_record_truncates":false}
{"app":"AI_LEARNER","stage":"mem","model":"b2_resnet","target":"aarch64-unknown-linux-gnu","completed":67,"hal_peak":309416,"peak_within_bounded":true,"admitted_budget_bytes":309416,"peak_within_admitted_budget":true,"admission_mode":"conditional_map","hal_bytes_per_call_amortized":297311.4,"process_rss_kb":6592,"process_rss_delta_init_kb":604,"max_active_calls":1,"active_calls_now":0,"call_counter_balanced":true}
.EVS Port1 1980-012-14:15:46.97908 66/1/AI_LEARNER 4: AI_LEARNER completed=68/68 mean=321430.1us max=412080.8us hal_peak=309416 within_bounded=1
{"app":"AI_LEARNER","stage":"run","model":"b2_resnet","target":"aarch64-unknown-linux-gnu","attempted":68,"completed":68,"fail_input":0,"fail_invoke":0,"fail_output":0,"mean_us":321430.10,"max_us":412080.77,"last_us":309959.09,"out0":0.35276,"out_elems":10,"out_sha256":"fc0a2dda317902b13ea77e3255b2fc98856639b7665ef3adb2845f62e5009bd2","out_head":[0.352762,0.001089,0.001762,0.063496,0.333236,0.006337],"out_tail":[0.333236,0.006337,0.202586,0.013290,0.019226,0.006216],"out_full_file":"/cf/last_out.json","out_full_file_bytes":183,"out_full_file_reason":"ok","out_record_truncates":false}
{"app":"AI_LEARNER","stage":"mem","model":"b2_resnet","target":"aarch64-unknown-linux-gnu","completed":68,"hal_peak":309416,"peak_within_bounded":true,"admitted_budget_bytes":309416,"peak_within_admitted_budget":true,"admission_mode":"conditional_map","hal_bytes_per_call_amortized":297308.7,"process_rss_kb":6592,"process_rss_delta_init_kb":604,"max_active_calls":1,"active_calls_now":0,"call_counter_balanced":true}
EVS Port1 1980-012-14:15:50.99085 66/1/AI_LEARNER 4: AI_LEARNER completed=69/69 mean=321439.2us max=412080.8us hal_peak=309416 within_bounded=1
{"app":"AI_LEARNER","stage":"run","model":"b2_resnet","target":"aarch64-unknown-linux-gnu","attempted":69,"completed":69,"fail_input":0,"fail_invoke":0,"fail_output":0,"mean_us":321439.17,"max_us":412080.77,"last_us":322055.46,"out0":0.35276,"out_elems":10,"out_sha256":"fc0a2dda317902b13ea77e3255b2fc98856639b7665ef3adb2845f62e5009bd2","out_head":[0.352762,0.001089,0.001762,0.063496,0.333236,0.006337],"out_tail":[0.333236,0.006337,0.202586,0.013290,0.019226,0.006216],"out_full_file":"/cf/last_out.json","out_full_file_bytes":183,"out_full_file_reason":"ok","out_record_truncates":false}
{"app":"AI_LEARNER","stage":"mem","model":"b2_resnet","target":"aarch64-unknown-linux-gnu","completed":69,"hal_peak":309416,"peak_within_bounded":true,"admitted_budget_bytes":309416,"peak_within_admitted_budget":true,"admission_mode":"conditional_map","hal_bytes_per_call_amortized":297306.1,"process_rss_kb":6592,"process_rss_delta_init_kb":604,"max_active_calls":1,"active_calls_now":0,"call_counter_balanced":true}
.EVS Port1 1980-012-14:15:55.04786 66/1/AI_LEARNER 4: AI_LEARNER completed=70/70 mean=322284.1us max=412080.8us hal_peak=309416 within_bounded=1
{"app":"AI_LEARNER","stage":"run","model":"b2_resnet","target":"aarch64-unknown-linux-gnu","attempted":70,"completed":70,"fail_input":0,"fail_invoke":0,"fail_output":0,"mean_us":322284.15,"max_us":412080.77,"last_us":380587.68,"out0":0.35276,"out_elems":10,"out_sha256":"fc0a2dda317902b13ea77e3255b2fc98856639b7665ef3adb2845f62e5009bd2","out_head":[0.352762,0.001089,0.001762,0.063496,0.333236,0.006337],"out_tail":[0.333236,0.006337,0.202586,0.013290,0.019226,0.006216],"out_full_file":"/cf/last_out.json","out_full_file_bytes":183,"out_full_file_reason":"ok","out_record_truncates":false}
{"app":"AI_LEARNER","stage":"mem","model":"b2_resnet","target":"aarch64-unknown-linux-gnu","completed":70,"hal_peak":309416,"peak_within_bounded":true,"admitted_budget_bytes":309416,"peak_within_admitted_budget":true,"admission_mode":"conditional_map","hal_bytes_per_call_amortized":297303.5,"process_rss_kb":6592,"process_rss_delta_init_kb":604,"max_active_calls":1,"active_calls_now":0,"call_counter_balanced":true}
.EVS Port1 1980-012-14:15:58.96047 66/1/AI_LEARNER 4: AI_LEARNER completed=71/71 mean=321852.1us max=412080.8us hal_peak=309416 within_bounded=1
{"app":"AI_LEARNER","stage":"run","model":"b2_resnet","target":"aarch64-unknown-linux-gnu","attempted":71,"completed":71,"fail_input":0,"fail_invoke":0,"fail_output":0,"mean_us":321852.08,"max_us":412080.77,"last_us":291607.70,"out0":0.35276,"out_elems":10,"out_sha256":"fc0a2dda317902b13ea77e3255b2fc98856639b7665ef3adb2845f62e5009bd2","out_head":[0.352762,0.001089,0.001762,0.063496,0.333236,0.006337],"out_tail":[0.333236,0.006337,0.202586,0.013290,0.019226,0.006216],"out_full_file":"/cf/last_out.json","out_full_file_bytes":183,"out_full_file_reason":"ok","out_record_truncates":false}
{"app":"AI_LEARNER","stage":"mem","model":"b2_resnet","target":"aarch64-unknown-linux-gnu","completed":71,"hal_peak":309416,"peak_within_bounded":true,"admitted_budget_bytes":309416,"peak_within_admitted_budget":true,"admission_mode":"conditional_map","hal_bytes_per_call_amortized":297301.1,"process_rss_kb":6592,"process_rss_delta_init_kb":604,"max_active_calls":1,"active_calls_now":0,"call_counter_balanced":true}
EVS Port1 1980-012-14:16:02.95889 66/1/AI_LEARNER 4: AI_LEARNER completed=72/72 mean=321449.5us max=412080.8us hal_peak=309416 within_bounded=1
{"app":"AI_LEARNER","stage":"run","model":"b2_resnet","target":"aarch64-unknown-linux-gnu","attempted":72,"completed":72,"fail_input":0,"fail_invoke":0,"fail_output":0,"mean_us":321449.54,"max_us":412080.77,"last_us":292868.62,"out0":0.35276,"out_elems":10,"out_sha256":"fc0a2dda317902b13ea77e3255b2fc98856639b7665ef3adb2845f62e5009bd2","out_head":[0.352762,0.001089,0.001762,0.063496,0.333236,0.006337],"out_tail":[0.333236,0.006337,0.202586,0.013290,0.019226,0.006216],"out_full_file":"/cf/last_out.json","out_full_file_bytes":183,"out_full_file_reason":"ok","out_record_truncates":false}
{"app":"AI_LEARNER","stage":"mem","model":"b2_resnet","target":"aarch64-unknown-linux-gnu","completed":72,"hal_peak":309416,"peak_within_bounded":true,"admitted_budget_bytes":309416,"peak_within_admitted_budget":true,"admission_mode":"conditional_map","hal_bytes_per_call_amortized":297298.7,"process_rss_kb":6592,"process_rss_delta_init_kb":604,"max_active_calls":1,"active_calls_now":0,"call_counter_balanced":true}
.EVS Port1 1980-012-14:16:06.98361 66/1/AI_LEARNER 4: AI_LEARNER completed=73/73 mean=321367.5us max=412080.8us hal_peak=309416 within_bounded=1
{"app":"AI_LEARNER","stage":"run","model":"b2_resnet","target":"aarch64-unknown-linux-gnu","attempted":73,"completed":73,"fail_input":0,"fail_invoke":0,"fail_output":0,"mean_us":321367.48,"max_us":412080.77,"last_us":315459.82,"out0":0.35276,"out_elems":10,"out_sha256":"fc0a2dda317902b13ea77e3255b2fc98856639b7665ef3adb2845f62e5009bd2","out_head":[0.352762,0.001089,0.001762,0.063496,0.333236,0.006337],"out_tail":[0.333236,0.006337,0.202586,0.013290,0.019226,0.006216],"out_full_file":"/cf/last_out.json","out_full_file_bytes":183,"out_full_file_reason":"ok","out_record_truncates":false}
{"app":"AI_LEARNER","stage":"mem","model":"b2_resnet","target":"aarch64-unknown-linux-gnu","completed":73,"hal_peak":309416,"peak_within_bounded":true,"admitted_budget_bytes":309416,"peak_within_admitted_budget":true,"admission_mode":"conditional_map","hal_bytes_per_call_amortized":297296.3,"process_rss_kb":6592,"process_rss_delta_init_kb":604,"max_active_calls":1,"active_calls_now":0,"call_counter_balanced":true}
.EVS Port1 1980-012-14:16:10.95721 66/1/AI_LEARNER 4: AI_LEARNER completed=74/74 mean=320918.8us max=412080.8us hal_peak=309416 within_bounded=1
{"app":"AI_LEARNER","stage":"run","model":"b2_resnet","target":"aarch64-unknown-linux-gnu","attempted":74,"completed":74,"fail_input":0,"fail_invoke":0,"fail_output":0,"mean_us":320918.84,"max_us":412080.77,"last_us":288167.47,"out0":0.35276,"out_elems":10,"out_sha256":"fc0a2dda317902b13ea77e3255b2fc98856639b7665ef3adb2845f62e5009bd2","out_head":[0.352762,0.001089,0.001762,0.063496,0.333236,0.006337],"out_tail":[0.333236,0.006337,0.202586,0.013290,0.019226,0.006216],"out_full_file":"/cf/last_out.json","out_full_file_bytes":183,"out_full_file_reason":"ok","out_record_truncates":false}
{"app":"AI_LEARNER","stage":"mem","model":"b2_resnet","target":"aarch64-unknown-linux-gnu","completed":74,"hal_peak":309416,"peak_within_bounded":true,"admitted_budget_bytes":309416,"peak_within_admitted_budget":true,"admission_mode":"conditional_map","hal_bytes_per_call_amortized":297294.1,"process_rss_kb":6592,"process_rss_delta_init_kb":604,"max_active_calls":1,"active_calls_now":0,"call_counter_balanced":true}
1980-012-14:16:11.70756 CFE_ES_RunExceptionScan: ExceptionID 0x1110003 in TaskID 0: Caught SIGINT
1980-012-14:16:11.70788 CFE_ES_RunExceptionScan: Maximum Processor Reset count reached (2)
CFE_PSP: Exiting cFE with POWERON Reset status.
CFE_PSP: Critical Data Store Shared memory segment removed
Reset Area Shared memory segment removed
User Reserved Area Shared memory segment removed

CFE_PSP: Shutdown initiated - Exiting cFE
CI delete callback -- Closing CI Network socket.
TO delete callback -- Closing TO Network socket.
EXIT=124
