OS_BSP_Initialize():Maximum user msg queue depth = 512
CFE_PSP: Default Reset SubType = 1
CFE_PSP: Default CPU ID = 1
CFE_PSP: Default Spacecraft ID = 66
CFE_PSP: Default CPU Name: cpu1
OS_Posix_GetSchedulerParams():208:Policy 1: available, min-max: 1-99
OS_Posix_GetSchedulerParams():208:Policy 2: available, min-max: 1-99
OS_Posix_TaskAPI_Impl_Init():401:Selected policy 2 for RT tasks, root task = 99
OS_Posix_TaskAPI_Impl_Init():419:Could not setschedparam in main thread: Operation not permitted (1)
CFE_PSP: initializing module 'soft_timebase' with ID 0110ff00
CFE_PSP: Instantiated software timebase 'cFS-Master' running at 10000 usec
CFE_PSP: initializing module 'timebase_posix_clock' with ID 0110ff01
CFE_PSP: Using POSIX monotonic clock as CFE timebase
CFE_PSP: initializing module 'eeprom_mmap_file' with ID 0110ff02
CFE_PSP: Using MMAP simulated EEPROM implementation
CFE_PSP: EEPROM Range (2) created: Start Address = E08AB0F2E000, Size = 00080000 Status = 0
CFE_PSP: initializing module 'port_notimpl' with ID 0110ff03
CFE_PSP: I/O Port access not implemented
CFE_PSP: initializing module 'iodriver' with ID 0110ff04
CFE_PSP: initializing module 'linux_sysmon' with ID 0110ff05
CFE_PSP: initializing module 'endian_api' with ID 0110ff06
CFE_PSP: Host CPU Endian=LITTLE
CFE_PSP: initializing module 'ram_notimpl' with ID 0110ff07
CFE_PSP: Physical RAM access not implemented
CFE_PSP: Normal exit from previous cFE instance
CFE_PSP: Starting the cFE with a PROCESSOR reset.
1980-001-01:05:52.70366 CFE_ES_Main: CFE_ES_Main in EARLY_INIT state
1980-001-01:05:52.71580 CFE_ES_InitializeFileSystems: Volatile Disk has 100 Percent free space.
Number of addresses returned by backtrace = 1
CFE_PSP: CFE_PSP_AttachExceptions called
1980-001-01:05:52.73370 CFE_ES_Main: CFE_ES_Main entering CORE_STARTUP state
1980-001-01:05:52.73389 CFE_ES_CreateObjects: Starting Object Creation calls.
1980-001-01:05:52.73403 CFE_ES_CreateObjects: Calling EarlyInit for CFE_CONFIG
1980-001-01:05:52.73883 CFE_ES_CreateObjects: Calling EarlyInit for CFE_ES
1980-001-01:05:52.74282 CFE_ES_CreateObjects: Calling EarlyInit for CFE_EVS
1980-001-01:05:52.74525 CFE_EVS_EarlyInit: Event Log restored, n=0, c=20, f=1, m=1, o=50
1980-001-01:05:52.74549 CFE_ES_CreateObjects: Calling EarlyInit for CFE_FS
1980-001-01:05:52.74570 CFE_ES_CreateObjects: Calling EarlyInit for CFE_SB
1980-001-01:05:52.76347 CFE_ES_CreateObjects: Calling EarlyInit for CFE_TBL
1980-001-01:05:52.78489 CFE_ES_CreateObjects: Calling EarlyInit for CFE_TIME
EVS Port1 1980-012-14:06:16.73825 66/1/CFE_ES 1: cFE ES Initialized: CFE_ES v7.0.1+dev1 (Draco) DEV BUILD, based on v7.0.1, EDS disabled
EVS Port1 1980-012-14:06:16.74354 66/1/CFE_ES 2: cFS Versions: cfe v7.0.1+dev1, osal v7.0.1+dev1, psp v7.0.1+dev1. cFE chksm 31659
EVS Port1 1980-012-14:06:16.74563 66/1/CFE_ES 91: Version Info: Mission SampleMission, version git:v7.0.1-90-g78c23b0-dirty
EVS Port1 1980-012-14:06:16.74772 66/1/CFE_ES 91: Version Info: Module CORE_API, version git:2612eb0
EVS Port1 1980-012-14:06:16.74830 66/1/CFE_ES 91: Version Info: Module CONFIG, version git:2612eb0
EVS Port1 1980-012-14:06:16.74859 66/1/CFE_ES 91: Version Info: Module ES, version git:2612eb0
EVS Port1 1980-012-14:06:16.74882 66/1/CFE_ES 91: Version Info: Module EVS, version git:2612eb0
EVS Port1 1980-012-14:06:16.74902 66/1/CFE_ES 91: Version Info: Module FS, version git:2612eb0
EVS Port1 1980-012-14:06:16.75039 66/1/CFE_ES 91: Version Info: Module SB, version git:2612eb0
EVS Port1 1980-012-14:06:16.75146 66/1/CFE_ES 91: Version Info: Module TBL, version git:2612eb0
EVS Port1 1980-012-14:06:16.75180 66/1/CFE_ES 91: Version Info: Module TIME, version git:2612eb0
EVS Port1 1980-012-14:06:16.75364 66/1/CFE_ES 91: Version Info: Module OSAL, version git:8111e4a
EVS Port1 1980-012-14:06:16.75463 66/1/CFE_ES 91: Version Info: Module PSP, version git:d1da809
EVS Port1 1980-012-14:06:16.75692 66/1/CFE_ES 91: Version Info: Module MSG, version git:2612eb0
EVS Port1 1980-012-14:06:16.75735 66/1/CFE_ES 91: Version Info: Module SBR, version git:2612eb0
EVS Port1 1980-012-14:06:16.75761 66/1/CFE_ES 91: Version Info: Module RESOURCEID, version git:2612eb0
EVS Port1 1980-012-14:06:16.75804 66/1/CFE_ES 92: Build 202609140214 by root@vm, config aarch64
EVS Port1 1980-012-14:06:16.83135 66/1/CFE_EVS 1: cFE EVS Initialized: CFE_EVS v7.0.1+dev1 (Draco) DEV BUILD, based on v7.0.1, EDS disabled
1980-012-14:06:16.93684 CFE_SB_AppInit: Registered 4 events for filtering
EVS Port1 1980-012-14:06:16.94047 66/1/CFE_SB 1: cFE SB Initialized: CFE_SB v7.0.1+dev1 (Draco) DEV BUILD, based on v7.0.1, EDS disabled
EVS Port1 1980-012-14:06:16.94094 66/1/CFE_SB 14: No subscribers for MsgId 0x808,sender CFE_SB
EVS Port1 1980-012-14:06:17.04141 66/1/CFE_TBL 1: cFE TBL Initialized: CFE_TBL v7.0.1+dev1 (Draco) DEV BUILD, based on v7.0.1, EDS disabled
EVS Port1 1980-012-14:06:17.04356 66/1/CFE_SB 14: No subscribers for MsgId 0x808,sender CFE_TBL
EVS Port1 1980-012-14:06:17.15675 66/1/CFE_TIME 1: cFE TIME Initialized: CFE_TIME v7.0.1+dev1 (Draco) DEV BUILD, based on v7.0.1, EDS disabled
EVS Port1 1980-012-14:06:17.15837 66/1/CFE_SB 14: No subscribers for MsgId 0x808,sender CFE_TIME
1980-012-14:06:17.19233 CFE_ES_CreateObjects: Finished ES CreateObject table entries.
1980-012-14:06:17.19443 CFE_ES_Main: CFE_ES_Main entering CORE_READY state
OS_FileOpen_Impl():110:open(/dev/shm/osal:RAM/cfe_es_startup.scr): No such file or directory
1980-012-14:06:17.20288 CFE_ES_OpenStartupScript: Cannot Open Volatile Startup file: /ram/cfe_es_startup.scr, Trying Nonvolatile.
1980-012-14:06:17.20375 CFE_ES_OpenStartupScript: Opened ES App Startup file: /cf/cfe_es_startup.scr
1980-012-14:06:17.23252 CFE_ES_ParseFileEntry: Loading shared library: /cf/cfe_assert.so
1980-012-14:06:17.24574 [BEGIN] CFE FUNCTIONAL TEST
1980-012-14:06:17.24659 [BEGIN] 01 CFE-STARTUP
1980-012-14:06:17.27149 CFE_ES_ParseFileEntry: Loading shared library: /cf/sample_lib.so
SAMPLE Lib Initialized.Sample Lib v7.0.0+dev1 (Draco) DEV BUILD, based on v7.0.1, EDS disabled
1980-012-14:06:17.30548 CFE_ES_ParseFileEntry: Loading file: /cf/sch_lab.so, APP: SCH_LAB
1980-012-14:06:17.35791 CFE_ES_ParseFileEntry: Loading file: /cf/ci_lab.so, APP: CI_LAB
SCH Lab Initialized.SCH Lab v7.0.1+dev1 (Draco) DEV BUILD, based on v7.0.1, EDS disabled
1980-012-14:06:17.43865 CFE_ES_ParseFileEntry: Loading file: /cf/to_lab.so, APP: TO_LAB
1980-012-14:06:17.54987 CI_LAB listening on UDP port: 1234
EVS Port1 1980-012-14:06:17.55285 66/1/TO_LAB 1: TO Lab Initialized.TO Lab v7.0.1+dev1 (Draco) DEV BUILD, based on v7.0.1, EDS disabled, Awaiting enable command.
1980-012-14:06:17.55459 CFE_ES_ParseFileEntry: Loading file: /cf/sample_app.so, APP: SAMPLE_APP
EVS Port1 1980-012-14:06:17.55398 66/1/CI_LAB 3: CI Lab Initialized.CI Lab App v7.0.1+dev1 (Draco) DEV BUILD, based on v7.0.1, EDS disabled
EVS Port1 1980-012-14:06:17.57669 66/1/CFE_SB 14: No subscribers for MsgId 0x808,sender TO_LAB
1980-012-14:06:17.61396 CFE_ES_ParseFileEntry: Loading file: /cf/ai_learner.so, APP: AI_LEARNER
EVS Port1 1980-012-14:06:17.65452 66/1/SAMPLE_APP 1: Sample App Initialized.Sample App v7.0.0+dev1 (Draco) DEV BUILD, based on v7.0.1, EDS disabled
1980-012-14:06:17.67241 CFE_ES_ParseFileEntry: Loading file: /cf/lc.so, APP: LC
{"app":"AI_LEARNER","stage":"build_config","model":"b3_deepae","allow_conditional_map":1,"contract_bounded_bytes":1069632,"contract_per_call_bytes":6208,"contract_const_bytes":1063424,"contract_bound_known":true,"contract_artifact_sha256":"9ff64bd168e07135c196423d44408e7780984c977912b67c8240c0db522c4d7c"}
{"app":"AI_LEARNER","stage":"stack","es_stack_size":262160,"stack_base_bytes":262144,"contract_kernel_stack_bytes":16,"kernel_stack_accounted":true}
EVS Port1 1980-012-14:06:17.70272 66/1/AI_LEARNER 8: AI_LEARNER stack: es=262160 base=262144 kernel=16 accounted=1
{"app":"AI_LEARNER","stage":"admission","verdict":"ADMIT_CONDITIONAL_MAP","model":"b3_deepae","target":"aarch64-unknown-linux-gnu","bounded":1069632,"budget":6208,"budget_source":"override","per_call":6208,"constants":1063424,"kernel_stack_bytes":16,"bound_known":true,"scope":"per_app_local_budget"}
1980-012-14:06:17.74181 CFE_ES_ParseFileEntry: Loading file: /cf/cf.so, APP: CF
EVS Port1 1980-012-14:06:17.77171 66/1/LC 56: WDT verify results: good = 0, bad = 0, unused = 176
EVS Port1 1980-012-14:06:17.79127 66/1/LC 66: ADT verify results: good = 0, bad = 0, unused = 176
EVS Port1 1980-012-14:06:17.80250 66/1/LC 23: LC use of Critical Data Store disabled, activity mask = 0x00991990
EVS Port1 1980-012-14:06:17.80299 66/1/LC 2: LC Initialized. Version 7.0.1.255
1980-012-14:06:17.84177 CFE_ES_ParseFileEntry: Loading file: /cf/ds.so, APP: DS
EVS Port1 1980-012-14:06:17.91160 66/1/CF 20: CF Initialized. Version 7.0.1.255
1980-012-14:06:17.92803 CFE_ES_ParseFileEntry: Loading file: /cf/fm.so, APP: FM
EVS Port1 1980-012-14:06:17.94979 66/1/DS 10: Destination file table verify results: good entries = 6, bad = 0, unused = 10
EVS Port1 1980-012-14:06:17.97546 66/1/DS 12: Filter table verify results: good entries = 14, bad = 0, unused = 242
EVS Port1 1980-012-14:06:17.99002 66/1/DS 1: Application initialized, version 7.0.1.255, data at 0xe08ab0730460
1980-012-14:06:18.02942 CFE_ES_ParseFileEntry: Loading file: /cf/hk.so, APP: HK
EVS Port1 1980-012-14:06:18.03681 66/1/FM 80: Free Space Table verify results: good entries = 3, bad = 0, unused = 5
EVS Port1 1980-012-14:06:18.05953 66/1/FM 1: Initialization complete: version 7.0.1.255
1980-012-14:06:18.10852 CFE_ES_ParseFileEntry: Loading file: /cf/hs.so, APP: HS
EVS Port1 1980-012-14:06:18.11502 66/1/FM 72: Child Task initialization complete
EVS Port1 1980-012-14:06:18.14770 66/1/HK 1: HK Initialized.  Version 7.0.1.255
1980-012-14:06:18.18088 CFE_ES_ParseFileEntry: Loading file: /cf/mm.so, APP: MM
EVS Port1 1980-012-14:06:18.22662 66/1/HS 54: ExeCount verify results: good = 5, bad = 0, unused = 27
{"app":"AI_LEARNER","stage":"binding","verdict":"MATCH","artifact_bytes":1080730,"artifact_sha256":"9ff64bd168e07135","contract_sha256":"9ff64bd168e07135"}
EVS Port1 1980-012-14:06:18.24565 66/1/HS 50: AppMon verify results: good = 0, bad = 0, unused = 32
EVS Port1 1980-012-14:06:18.25996 66/1/HS 52: EventMon verify results: good = 0, bad = 0, unused = 16
EVS Port1 1980-012-14:06:18.27163 66/1/MM 1: MM Initialized. Version 7.0.1.255
EVS Port1 1980-012-14:06:18.27975 66/1/HS 56: MsgActs verify results: good = 2, bad = 0, unused = 6
1980-012-14:06:18.28076 CFE_ES_ParseFileEntry: Loading file: /cf/sc.so, APP: SC
1980-012-14:06:18.28975 HS_SysMonInit(): System Monitor using PSP device ID 0110ff05
CFE_PSP(Linux_SysMon): Started CPU utilization monitoring on 1 CPU(s)
EVS Port1 1980-012-14:06:18.33258 66/1/HS 1: HS Initialized.  Version 7.0.1.255
1980-012-14:06:18.36390 CFE_ES_ParseFileEntry: Loading file: /cf/md.so, APP: MD
{"app":"AI_LEARNER","stage":"map_branch","model":"b3_deepae","module_ptr_mod64":0,"hal_peak_after_append":0,"contract_const_bytes":1063424,"contract_per_call_bytes":6208,"arm":"map","admission_mode":"conditional_map"}
EVS Port1 1980-012-14:06:18.43582 66/1/SC 21: RTS table files not loaded at initialization = 0 of 4
{"app":"AI_LEARNER","stage":"mem_init","model":"b3_deepae","target":"aarch64-unknown-linux-gnu","hal_peak":2560,"hal_allocated":2560,"bounded":1069632,"peak_within_bounded":true,"inferences_so_far":0,"process_rss_kb":6828,"rss_kb_before_runtime":6216,"rss_kb_after_session":6520,"rss_kb_after_init":6828}
{"app":"AI_LEARNER","stage":"e25_mode","active":false,"inputs_path":"/cf/e25_inputs.bin"}
EVS Port1 1980-012-14:06:18.44874 66/1/SC 9: SC Initialized. Version 7.0.1.255
EVS Port1 1980-012-14:06:18.45759 66/1/AI_LEARNER 3: AI_LEARNER initialized: model b3_deepae (1080730 B), rss_delta_init=612 KB
EVS Port1 1980-012-14:06:18.46566 66/1/MD 52: MD Dwell Tbl verify results: good = 0, bad = 0, unused = 25
1980-012-14:06:18.46655 CFE_ES_ParseFileEntry: Loading file: /cf/cs.so, APP: CS
EVS Port1 1980-012-14:06:18.46896 66/1/MD 3: Recovered Dwell Table #1 is valid and has been copied to the MD App
EVS Port1 1980-012-14:06:18.47583 66/1/MD 52: MD Dwell Tbl verify results: good = 0, bad = 0, unused = 25
EVS Port1 1980-012-14:06:18.47897 66/1/MD 3: Recovered Dwell Table #2 is valid and has been copied to the MD App
EVS Port1 1980-012-14:06:18.48460 66/1/MD 52: MD Dwell Tbl verify results: good = 0, bad = 0, unused = 25
EVS Port1 1980-012-14:06:18.48863 66/1/MD 3: Recovered Dwell Table #3 is valid and has been copied to the MD App
EVS Port1 1980-012-14:06:18.49165 66/1/MD 52: MD Dwell Tbl verify results: good = 0, bad = 0, unused = 25
EVS Port1 1980-012-14:06:18.49697 66/1/MD 3: Recovered Dwell Table #4 is valid and has been copied to the MD App
EVS Port1 1980-012-14:06:18.50000 66/1/MD 7: Dwell Tables Recovered: 4, Dwell Tables Initialized: 0
EVS Port1 1980-012-14:06:18.50238 66/1/MD 1: MD Initialized.  Version 7.0.1.255
EVS Port1 1980-012-14:06:18.55998 66/1/CS 144: CS EEPROM Table verification results: good = 0, bad = 0, unused = 16
EVS Port1 1980-012-14:06:18.56346 66/1/CS 107: CS EEPROM Table: No valid entries in the table
EVS Port1 1980-012-14:06:18.56942 66/1/CS 143: CS Memory Table verification results: good = 0, bad = 0, unused = 16
EVS Port1 1980-012-14:06:18.57240 66/1/CS 107: CS Memory Table: No valid entries in the table
EVS Port1 1980-012-14:06:18.57801 66/1/CS 139: CS Tables Table verification results: good = 1, bad = 0, unused = 23
EVS Port1 1980-012-14:06:18.58354 66/1/CS 142: CS Apps Table verification results: good = 0, bad = 0, unused = 24
EVS Port1 1980-012-14:06:18.58453 66/1/CS 108: CS Apps Table: No valid entries in the table
EVS Port1 1980-012-14:06:18.59169 66/1/CS 127: OS Text Segment disabled due to platform
EVS Port1 1980-012-14:06:18.59442 66/1/CS 1: CS Initialized. Version 7.0.1.255
1980-012-14:06:18.60021 CFE_ES_Main: CFE_ES_Main entering APPS_INIT state
1980-012-14:06:18.60047 CFE_ES_Main: CFE_ES_Main entering OPERATIONAL state
EVS Port1 1980-012-14:06:18.61000 66/1/TO_LAB 19: L550 TO Lab subscribed to 32 messages from the table
EVS Port1 1980-012-14:06:18.00389 66/1/CFE_TIME 21: Stop FLYWHEEL
EVS Port1 1980-012-14:06:21.68998 66/1/AI_LEARNER 4: AI_LEARNER completed=1/1 mean=18001.5us max=18001.5us hal_peak=6208 within_bounded=1
{"app":"AI_LEARNER","stage":"run","model":"b3_deepae","target":"aarch64-unknown-linux-gnu","attempted":1,"completed":1,"fail_input":0,"fail_invoke":0,"fail_output":0,"mean_us":18001.46,"max_us":18001.46,"last_us":18001.46,"out0":-34.90329,"out_elems":640,"out_sha256":"54e4bf28460dbd3a8da85f77ed3762bd1a812232000e22cdb933601377062450","out_head":[-34.903290,-19.268223,-10.719254,-6.073514,-3.169238,1.479501],"out_tail":[-19.601124,-18.186838,-18.764919,-20.381744,-29.053598,-42.503880],"out_full_file":"/cf/last_out.json","out_full_file_bytes":7044,"out_full_file_reason":"ok","out_record_truncates":false}
{"app":"AI_LEARNER","stage":"mem","model":"b3_deepae","target":"aarch64-unknown-linux-gnu","completed":1,"hal_peak":6208,"peak_within_bounded":true,"admitted_budget_bytes":6208,"peak_within_admitted_budget":true,"admission_mode":"conditional_map","hal_bytes_per_call_amortized":6208.0,"process_rss_kb":6988,"process_rss_delta_init_kb":612,"max_active_calls":1,"active_calls_now":0,"call_counter_balanced":true}
.EVS Port1 1980-012-14:06:25.66287 66/1/AI_LEARNER 4: AI_LEARNER completed=2/2 mean=13142.9us max=18001.5us hal_peak=6208 within_bounded=1
{"app":"AI_LEARNER","stage":"run","model":"b3_deepae","target":"aarch64-unknown-linux-gnu","attempted":2,"completed":2,"fail_input":0,"fail_invoke":0,"fail_output":0,"mean_us":13142.86,"max_us":18001.46,"last_us":8284.27,"out0":-34.90329,"out_elems":640,"out_sha256":"54e4bf28460dbd3a8da85f77ed3762bd1a812232000e22cdb933601377062450","out_head":[-34.903290,-19.268223,-10.719254,-6.073514,-3.169238,1.479501],"out_tail":[-19.601124,-18.186838,-18.764919,-20.381744,-29.053598,-42.503880],"out_full_file":"/cf/last_out.json","out_full_file_bytes":7044,"out_full_file_reason":"ok","out_record_truncates":false}
{"app":"AI_LEARNER","stage":"mem","model":"b3_deepae","target":"aarch64-unknown-linux-gnu","completed":2,"hal_peak":6208,"peak_within_bounded":true,"admitted_budget_bytes":6208,"peak_within_admitted_budget":true,"admission_mode":"conditional_map","hal_bytes_per_call_amortized":4928.0,"process_rss_kb":6988,"process_rss_delta_init_kb":612,"max_active_calls":1,"active_calls_now":0,"call_counter_balanced":true}
EVS Port1 1980-012-14:06:29.66722 66/1/AI_LEARNER 4: AI_LEARNER completed=3/3 mean=11482.4us max=18001.5us hal_peak=6208 within_bounded=1
{"app":"AI_LEARNER","stage":"run","model":"b3_deepae","target":"aarch64-unknown-linux-gnu","attempted":3,"completed":3,"fail_input":0,"fail_invoke":0,"fail_output":0,"mean_us":11482.40,"max_us":18001.46,"last_us":8161.47,"out0":-34.90329,"out_elems":640,"out_sha256":"54e4bf28460dbd3a8da85f77ed3762bd1a812232000e22cdb933601377062450","out_head":[-34.903290,-19.268223,-10.719254,-6.073514,-3.169238,1.479501],"out_tail":[-19.601124,-18.186838,-18.764919,-20.381744,-29.053598,-42.503880],"out_full_file":"/cf/last_out.json","out_full_file_bytes":7044,"out_full_file_reason":"ok","out_record_truncates":false}
{"app":"AI_LEARNER","stage":"mem","model":"b3_deepae","target":"aarch64-unknown-linux-gnu","completed":3,"hal_peak":6208,"peak_within_bounded":true,"admitted_budget_bytes":6208,"peak_within_admitted_budget":true,"admission_mode":"conditional_map","hal_bytes_per_call_amortized":4501.3,"process_rss_kb":6988,"process_rss_delta_init_kb":612,"max_active_calls":1,"active_calls_now":0,"call_counter_balanced":true}
.EVS Port1 1980-012-14:06:33.68852 66/1/AI_LEARNER 4: AI_LEARNER completed=4/4 mean=12884.0us max=18001.5us hal_peak=6208 within_bounded=1
{"app":"AI_LEARNER","stage":"run","model":"b3_deepae","target":"aarch64-unknown-linux-gnu","attempted":4,"completed":4,"fail_input":0,"fail_invoke":0,"fail_output":0,"mean_us":12884.03,"max_us":18001.46,"last_us":17088.93,"out0":-34.90329,"out_elems":640,"out_sha256":"54e4bf28460dbd3a8da85f77ed3762bd1a812232000e22cdb933601377062450","out_head":[-34.903290,-19.268223,-10.719254,-6.073514,-3.169238,1.479501],"out_tail":[-19.601124,-18.186838,-18.764919,-20.381744,-29.053598,-42.503880],"out_full_file":"/cf/last_out.json","out_full_file_bytes":7044,"out_full_file_reason":"ok","out_record_truncates":false}
{"app":"AI_LEARNER","stage":"mem","model":"b3_deepae","target":"aarch64-unknown-linux-gnu","completed":4,"hal_peak":6208,"peak_within_bounded":true,"admitted_budget_bytes":6208,"peak_within_admitted_budget":true,"admission_mode":"conditional_map","hal_bytes_per_call_amortized":4288.0,"process_rss_kb":6988,"process_rss_delta_init_kb":612,"max_active_calls":1,"active_calls_now":0,"call_counter_balanced":true}
.EVS Port1 1980-012-14:06:37.68099 66/1/AI_LEARNER 4: AI_LEARNER completed=5/5 mean=12318.8us max=18001.5us hal_peak=6208 within_bounded=1
{"app":"AI_LEARNER","stage":"run","model":"b3_deepae","target":"aarch64-unknown-linux-gnu","attempted":5,"completed":5,"fail_input":0,"fail_invoke":0,"fail_output":0,"mean_us":12318.84,"max_us":18001.46,"last_us":10058.05,"out0":-34.90329,"out_elems":640,"out_sha256":"54e4bf28460dbd3a8da85f77ed3762bd1a812232000e22cdb933601377062450","out_head":[-34.903290,-19.268223,-10.719254,-6.073514,-3.169238,1.479501],"out_tail":[-19.601124,-18.186838,-18.764919,-20.381744,-29.053598,-42.503880],"out_full_file":"/cf/last_out.json","out_full_file_bytes":7044,"out_full_file_reason":"ok","out_record_truncates":false}
{"app":"AI_LEARNER","stage":"mem","model":"b3_deepae","target":"aarch64-unknown-linux-gnu","completed":5,"hal_peak":6208,"peak_within_bounded":true,"admitted_budget_bytes":6208,"peak_within_admitted_budget":true,"admission_mode":"conditional_map","hal_bytes_per_call_amortized":4160.0,"process_rss_kb":6988,"process_rss_delta_init_kb":612,"max_active_calls":1,"active_calls_now":0,"call_counter_balanced":true}
EVS Port1 1980-012-14:06:41.68379 66/1/AI_LEARNER 4: AI_LEARNER completed=6/6 mean=13109.7us max=18001.5us hal_peak=6208 within_bounded=1
{"app":"AI_LEARNER","stage":"run","model":"b3_deepae","target":"aarch64-unknown-linux-gnu","attempted":6,"completed":6,"fail_input":0,"fail_invoke":0,"fail_output":0,"mean_us":13109.71,"max_us":18001.46,"last_us":17064.10,"out0":-34.90329,"out_elems":640,"out_sha256":"54e4bf28460dbd3a8da85f77ed3762bd1a812232000e22cdb933601377062450","out_head":[-34.903290,-19.268223,-10.719254,-6.073514,-3.169238,1.479501],"out_tail":[-19.601124,-18.186838,-18.764919,-20.381744,-29.053598,-42.503880],"out_full_file":"/cf/last_out.json","out_full_file_bytes":7044,"out_full_file_reason":"ok","out_record_truncates":false}
{"app":"AI_LEARNER","stage":"mem","model":"b3_deepae","target":"aarch64-unknown-linux-gnu","completed":6,"hal_peak":6208,"peak_within_bounded":true,"admitted_budget_bytes":6208,"peak_within_admitted_budget":true,"admission_mode":"conditional_map","hal_bytes_per_call_amortized":4074.7,"process_rss_kb":6988,"process_rss_delta_init_kb":612,"max_active_calls":1,"active_calls_now":0,"call_counter_balanced":true}
.EVS Port1 1980-012-14:06:45.67276 66/1/AI_LEARNER 4: AI_LEARNER completed=7/7 mean=13350.3us max=18001.5us hal_peak=6208 within_bounded=1
{"app":"AI_LEARNER","stage":"run","model":"b3_deepae","target":"aarch64-unknown-linux-gnu","attempted":7,"completed":7,"fail_input":0,"fail_invoke":0,"fail_output":0,"mean_us":13350.27,"max_us":18001.46,"last_us":14793.58,"out0":-34.90329,"out_elems":640,"out_sha256":"54e4bf28460dbd3a8da85f77ed3762bd1a812232000e22cdb933601377062450","out_head":[-34.903290,-19.268223,-10.719254,-6.073514,-3.169238,1.479501],"out_tail":[-19.601124,-18.186838,-18.764919,-20.381744,-29.053598,-42.503880],"out_full_file":"/cf/last_out.json","out_full_file_bytes":7044,"out_full_file_reason":"ok","out_record_truncates":false}
{"app":"AI_LEARNER","stage":"mem","model":"b3_deepae","target":"aarch64-unknown-linux-gnu","completed":7,"hal_peak":6208,"peak_within_bounded":true,"admitted_budget_bytes":6208,"peak_within_admitted_budget":true,"admission_mode":"conditional_map","hal_bytes_per_call_amortized":4013.7,"process_rss_kb":6988,"process_rss_delta_init_kb":612,"max_active_calls":1,"active_calls_now":0,"call_counter_balanced":true}
.EVS Port1 1980-012-14:06:49.69010 66/1/AI_LEARNER 4: AI_LEARNER completed=8/8 mean=14265.3us max=20670.8us hal_peak=6208 within_bounded=1
{"app":"AI_LEARNER","stage":"run","model":"b3_deepae","target":"aarch64-unknown-linux-gnu","attempted":8,"completed":8,"fail_input":0,"fail_invoke":0,"fail_output":0,"mean_us":14265.33,"max_us":20670.78,"last_us":20670.78,"out0":-34.90329,"out_elems":640,"out_sha256":"54e4bf28460dbd3a8da85f77ed3762bd1a812232000e22cdb933601377062450","out_head":[-34.903290,-19.268223,-10.719254,-6.073514,-3.169238,1.479501],"out_tail":[-19.601124,-18.186838,-18.764919,-20.381744,-29.053598,-42.503880],"out_full_file":"/cf/last_out.json","out_full_file_bytes":7044,"out_full_file_reason":"ok","out_record_truncates":false}
{"app":"AI_LEARNER","stage":"mem","model":"b3_deepae","target":"aarch64-unknown-linux-gnu","completed":8,"hal_peak":6208,"peak_within_bounded":true,"admitted_budget_bytes":6208,"peak_within_admitted_budget":true,"admission_mode":"conditional_map","hal_bytes_per_call_amortized":3968.0,"process_rss_kb":6988,"process_rss_delta_init_kb":612,"max_active_calls":1,"active_calls_now":0,"call_counter_balanced":true}
EVS Port1 1980-012-14:06:53.67013 66/1/AI_LEARNER 4: AI_LEARNER completed=9/9 mean=13965.9us max=20670.8us hal_peak=6208 within_bounded=1
{"app":"AI_LEARNER","stage":"run","model":"b3_deepae","target":"aarch64-unknown-linux-gnu","attempted":9,"completed":9,"fail_input":0,"fail_invoke":0,"fail_output":0,"mean_us":13965.87,"max_us":20670.78,"last_us":11570.16,"out0":-34.90329,"out_elems":640,"out_sha256":"54e4bf28460dbd3a8da85f77ed3762bd1a812232000e22cdb933601377062450","out_head":[-34.903290,-19.268223,-10.719254,-6.073514,-3.169238,1.479501],"out_tail":[-19.601124,-18.186838,-18.764919,-20.381744,-29.053598,-42.503880],"out_full_file":"/cf/last_out.json","out_full_file_bytes":7044,"out_full_file_reason":"ok","out_record_truncates":false}
{"app":"AI_LEARNER","stage":"mem","model":"b3_deepae","target":"aarch64-unknown-linux-gnu","completed":9,"hal_peak":6208,"peak_within_bounded":true,"admitted_budget_bytes":6208,"peak_within_admitted_budget":true,"admission_mode":"conditional_map","hal_bytes_per_call_amortized":3932.4,"process_rss_kb":6992,"process_rss_delta_init_kb":612,"max_active_calls":1,"active_calls_now":0,"call_counter_balanced":true}
.EVS Port1 1980-012-14:06:57.68681 66/1/AI_LEARNER 4: AI_LEARNER completed=10/10 mean=14259.3us max=20670.8us hal_peak=6208 within_bounded=1
{"app":"AI_LEARNER","stage":"run","model":"b3_deepae","target":"aarch64-unknown-linux-gnu","attempted":10,"completed":10,"fail_input":0,"fail_invoke":0,"fail_output":0,"mean_us":14259.30,"max_us":20670.78,"last_us":16900.19,"out0":-34.90329,"out_elems":640,"out_sha256":"54e4bf28460dbd3a8da85f77ed3762bd1a812232000e22cdb933601377062450","out_head":[-34.903290,-19.268223,-10.719254,-6.073514,-3.169238,1.479501],"out_tail":[-19.601124,-18.186838,-18.764919,-20.381744,-29.053598,-42.503880],"out_full_file":"/cf/last_out.json","out_full_file_bytes":7045,"out_full_file_reason":"ok","out_record_truncates":false}
{"app":"AI_LEARNER","stage":"mem","model":"b3_deepae","target":"aarch64-unknown-linux-gnu","completed":10,"hal_peak":6208,"peak_within_bounded":true,"admitted_budget_bytes":6208,"peak_within_admitted_budget":true,"admission_mode":"conditional_map","hal_bytes_per_call_amortized":3904.0,"process_rss_kb":6992,"process_rss_delta_init_kb":612,"max_active_calls":1,"active_calls_now":0,"call_counter_balanced":true}
.EVS Port1 1980-012-14:07:01.67111 66/1/AI_LEARNER 4: AI_LEARNER completed=11/11 mean=13973.2us max=20670.8us hal_peak=6208 within_bounded=1
{"app":"AI_LEARNER","stage":"run","model":"b3_deepae","target":"aarch64-unknown-linux-gnu","attempted":11,"completed":11,"fail_input":0,"fail_invoke":0,"fail_output":0,"mean_us":13973.18,"max_us":20670.78,"last_us":11112.03,"out0":-34.90329,"out_elems":640,"out_sha256":"54e4bf28460dbd3a8da85f77ed3762bd1a812232000e22cdb933601377062450","out_head":[-34.903290,-19.268223,-10.719254,-6.073514,-3.169238,1.479501],"out_tail":[-19.601124,-18.186838,-18.764919,-20.381744,-29.053598,-42.503880],"out_full_file":"/cf/last_out.json","out_full_file_bytes":7045,"out_full_file_reason":"ok","out_record_truncates":false}
{"app":"AI_LEARNER","stage":"mem","model":"b3_deepae","target":"aarch64-unknown-linux-gnu","completed":11,"hal_peak":6208,"peak_within_bounded":true,"admitted_budget_bytes":6208,"peak_within_admitted_budget":true,"admission_mode":"conditional_map","hal_bytes_per_call_amortized":3880.7,"process_rss_kb":6992,"process_rss_delta_init_kb":612,"max_active_calls":1,"active_calls_now":0,"call_counter_balanced":true}
EVS Port1 1980-012-14:07:05.67347 66/1/AI_LEARNER 4: AI_LEARNER completed=12/12 mean=13911.2us max=20670.8us hal_peak=6208 within_bounded=1
{"app":"AI_LEARNER","stage":"run","model":"b3_deepae","target":"aarch64-unknown-linux-gnu","attempted":12,"completed":12,"fail_input":0,"fail_invoke":0,"fail_output":0,"mean_us":13911.22,"max_us":20670.78,"last_us":13229.63,"out0":-34.90329,"out_elems":640,"out_sha256":"54e4bf28460dbd3a8da85f77ed3762bd1a812232000e22cdb933601377062450","out_head":[-34.903290,-19.268223,-10.719254,-6.073514,-3.169238,1.479501],"out_tail":[-19.601124,-18.186838,-18.764919,-20.381744,-29.053598,-42.503880],"out_full_file":"/cf/last_out.json","out_full_file_bytes":7045,"out_full_file_reason":"ok","out_record_truncates":false}
{"app":"AI_LEARNER","stage":"mem","model":"b3_deepae","target":"aarch64-unknown-linux-gnu","completed":12,"hal_peak":6208,"peak_within_bounded":true,"admitted_budget_bytes":6208,"peak_within_admitted_budget":true,"admission_mode":"conditional_map","hal_bytes_per_call_amortized":3861.3,"process_rss_kb":6992,"process_rss_delta_init_kb":612,"max_active_calls":1,"active_calls_now":0,"call_counter_balanced":true}
.EVS Port1 1980-012-14:07:09.68652 66/1/AI_LEARNER 4: AI_LEARNER completed=13/13 mean=14692.8us max=24071.9us hal_peak=6208 within_bounded=1
{"app":"AI_LEARNER","stage":"run","model":"b3_deepae","target":"aarch64-unknown-linux-gnu","attempted":13,"completed":13,"fail_input":0,"fail_invoke":0,"fail_output":0,"mean_us":14692.81,"max_us":24071.92,"last_us":24071.92,"out0":-34.90329,"out_elems":640,"out_sha256":"54e4bf28460dbd3a8da85f77ed3762bd1a812232000e22cdb933601377062450","out_head":[-34.903290,-19.268223,-10.719254,-6.073514,-3.169238,1.479501],"out_tail":[-19.601124,-18.186838,-18.764919,-20.381744,-29.053598,-42.503880],"out_full_file":"/cf/last_out.json","out_full_file_bytes":7045,"out_full_file_reason":"ok","out_record_truncates":false}
{"app":"AI_LEARNER","stage":"mem","model":"b3_deepae","target":"aarch64-unknown-linux-gnu","completed":13,"hal_peak":6208,"peak_within_bounded":true,"admitted_budget_bytes":6208,"peak_within_admitted_budget":true,"admission_mode":"conditional_map","hal_bytes_per_call_amortized":3844.9,"process_rss_kb":6992,"process_rss_delta_init_kb":612,"max_active_calls":1,"active_calls_now":0,"call_counter_balanced":true}
.EVS Port1 1980-012-14:07:13.73536 66/1/AI_LEARNER 4: AI_LEARNER completed=14/14 mean=17799.3us max=58183.7us hal_peak=6208 within_bounded=1
{"app":"AI_LEARNER","stage":"run","model":"b3_deepae","target":"aarch64-unknown-linux-gnu","attempted":14,"completed":14,"fail_input":0,"fail_invoke":0,"fail_output":0,"mean_us":17799.31,"max_us":58183.74,"last_us":58183.74,"out0":-34.90329,"out_elems":640,"out_sha256":"54e4bf28460dbd3a8da85f77ed3762bd1a812232000e22cdb933601377062450","out_head":[-34.903290,-19.268223,-10.719254,-6.073514,-3.169238,1.479501],"out_tail":[-19.601124,-18.186838,-18.764919,-20.381744,-29.053598,-42.503880],"out_full_file":"/cf/last_out.json","out_full_file_bytes":7045,"out_full_file_reason":"ok","out_record_truncates":false}
{"app":"AI_LEARNER","stage":"mem","model":"b3_deepae","target":"aarch64-unknown-linux-gnu","completed":14,"hal_peak":6208,"peak_within_bounded":true,"admitted_budget_bytes":6208,"peak_within_admitted_budget":true,"admission_mode":"conditional_map","hal_bytes_per_call_amortized":3830.9,"process_rss_kb":6992,"process_rss_delta_init_kb":612,"max_active_calls":1,"active_calls_now":0,"call_counter_balanced":true}
EVS Port1 1980-012-14:07:17.67304 66/1/AI_LEARNER 4: AI_LEARNER completed=15/15 mean=17729.5us max=58183.7us hal_peak=6208 within_bounded=1
{"app":"AI_LEARNER","stage":"run","model":"b3_deepae","target":"aarch64-unknown-linux-gnu","attempted":15,"completed":15,"fail_input":0,"fail_invoke":0,"fail_output":0,"mean_us":17729.47,"max_us":58183.74,"last_us":16751.73,"out0":-34.90329,"out_elems":640,"out_sha256":"54e4bf28460dbd3a8da85f77ed3762bd1a812232000e22cdb933601377062450","out_head":[-34.903290,-19.268223,-10.719254,-6.073514,-3.169238,1.479501],"out_tail":[-19.601124,-18.186838,-18.764919,-20.381744,-29.053598,-42.503880],"out_full_file":"/cf/last_out.json","out_full_file_bytes":7045,"out_full_file_reason":"ok","out_record_truncates":false}
{"app":"AI_LEARNER","stage":"mem","model":"b3_deepae","target":"aarch64-unknown-linux-gnu","completed":15,"hal_peak":6208,"peak_within_bounded":true,"admitted_budget_bytes":6208,"peak_within_admitted_budget":true,"admission_mode":"conditional_map","hal_bytes_per_call_amortized":3818.7,"process_rss_kb":6992,"process_rss_delta_init_kb":612,"max_active_calls":1,"active_calls_now":0,"call_counter_balanced":true}
.EVS Port1 1980-012-14:07:21.68464 66/1/AI_LEARNER 4: AI_LEARNER completed=16/16 mean=17713.1us max=58183.7us hal_peak=6208 within_bounded=1
{"app":"AI_LEARNER","stage":"run","model":"b3_deepae","target":"aarch64-unknown-linux-gnu","attempted":16,"completed":16,"fail_input":0,"fail_invoke":0,"fail_output":0,"mean_us":17713.15,"max_us":58183.74,"last_us":17468.29,"out0":-34.90329,"out_elems":640,"out_sha256":"54e4bf28460dbd3a8da85f77ed3762bd1a812232000e22cdb933601377062450","out_head":[-34.903290,-19.268223,-10.719254,-6.073514,-3.169238,1.479501],"out_tail":[-19.601124,-18.186838,-18.764919,-20.381744,-29.053598,-42.503880],"out_full_file":"/cf/last_out.json","out_full_file_bytes":7045,"out_full_file_reason":"ok","out_record_truncates":false}
{"app":"AI_LEARNER","stage":"mem","model":"b3_deepae","target":"aarch64-unknown-linux-gnu","completed":16,"hal_peak":6208,"peak_within_bounded":true,"admitted_budget_bytes":6208,"peak_within_admitted_budget":true,"admission_mode":"conditional_map","hal_bytes_per_call_amortized":3808.0,"process_rss_kb":6992,"process_rss_delta_init_kb":612,"max_active_calls":1,"active_calls_now":0,"call_counter_balanced":true}
.EVS Port1 1980-012-14:07:25.67039 66/1/AI_LEARNER 4: AI_LEARNER completed=17/17 mean=17261.6us max=58183.7us hal_peak=6208 within_bounded=1
{"app":"AI_LEARNER","stage":"run","model":"b3_deepae","target":"aarch64-unknown-linux-gnu","attempted":17,"completed":17,"fail_input":0,"fail_invoke":0,"fail_output":0,"mean_us":17261.60,"max_us":58183.74,"last_us":10036.90,"out0":-34.90329,"out_elems":640,"out_sha256":"54e4bf28460dbd3a8da85f77ed3762bd1a812232000e22cdb933601377062450","out_head":[-34.903290,-19.268223,-10.719254,-6.073514,-3.169238,1.479501],"out_tail":[-19.601124,-18.186838,-18.764919,-20.381744,-29.053598,-42.503880],"out_full_file":"/cf/last_out.json","out_full_file_bytes":7045,"out_full_file_reason":"ok","out_record_truncates":false}
{"app":"AI_LEARNER","stage":"mem","model":"b3_deepae","target":"aarch64-unknown-linux-gnu","completed":17,"hal_peak":6208,"peak_within_bounded":true,"admitted_budget_bytes":6208,"peak_within_admitted_budget":true,"admission_mode":"conditional_map","hal_bytes_per_call_amortized":3798.6,"process_rss_kb":6992,"process_rss_delta_init_kb":612,"max_active_calls":1,"active_calls_now":0,"call_counter_balanced":true}
EVS Port1 1980-012-14:07:29.74166 66/1/AI_LEARNER 4: AI_LEARNER completed=18/18 mean=19013.5us max=58183.7us hal_peak=6208 within_bounded=1
{"app":"AI_LEARNER","stage":"run","model":"b3_deepae","target":"aarch64-unknown-linux-gnu","attempted":18,"completed":18,"fail_input":0,"fail_invoke":0,"fail_output":0,"mean_us":19013.50,"max_us":58183.74,"last_us":48795.74,"out0":-34.90329,"out_elems":640,"out_sha256":"54e4bf28460dbd3a8da85f77ed3762bd1a812232000e22cdb933601377062450","out_head":[-34.903290,-19.268223,-10.719254,-6.073514,-3.169238,1.479501],"out_tail":[-19.601124,-18.186838,-18.764919,-20.381744,-29.053598,-42.503880],"out_full_file":"/cf/last_out.json","out_full_file_bytes":7045,"out_full_file_reason":"ok","out_record_truncates":false}
{"app":"AI_LEARNER","stage":"mem","model":"b3_deepae","target":"aarch64-unknown-linux-gnu","completed":18,"hal_peak":6208,"peak_within_bounded":true,"admitted_budget_bytes":6208,"peak_within_admitted_budget":true,"admission_mode":"conditional_map","hal_bytes_per_call_amortized":3790.2,"process_rss_kb":6992,"process_rss_delta_init_kb":612,"max_active_calls":1,"active_calls_now":0,"call_counter_balanced":true}
.EVS Port1 1980-012-14:07:33.79132 66/1/AI_LEARNER 4: AI_LEARNER completed=19/19 mean=20206.0us max=58183.7us hal_peak=6208 within_bounded=1
{"app":"AI_LEARNER","stage":"run","model":"b3_deepae","target":"aarch64-unknown-linux-gnu","attempted":19,"completed":19,"fail_input":0,"fail_invoke":0,"fail_output":0,"mean_us":20206.01,"max_us":58183.74,"last_us":41671.23,"out0":-34.90329,"out_elems":640,"out_sha256":"54e4bf28460dbd3a8da85f77ed3762bd1a812232000e22cdb933601377062450","out_head":[-34.903290,-19.268223,-10.719254,-6.073514,-3.169238,1.479501],"out_tail":[-19.601124,-18.186838,-18.764919,-20.381744,-29.053598,-42.503880],"out_full_file":"/cf/last_out.json","out_full_file_bytes":7045,"out_full_file_reason":"ok","out_record_truncates":false}
{"app":"AI_LEARNER","stage":"mem","model":"b3_deepae","target":"aarch64-unknown-linux-gnu","completed":19,"hal_peak":6208,"peak_within_bounded":true,"admitted_budget_bytes":6208,"peak_within_admitted_budget":true,"admission_mode":"conditional_map","hal_bytes_per_call_amortized":3782.7,"process_rss_kb":6992,"process_rss_delta_init_kb":612,"max_active_calls":1,"active_calls_now":0,"call_counter_balanced":true}
.EVS Port1 1980-012-14:07:37.70108 66/1/AI_LEARNER 4: AI_LEARNER completed=20/20 mean=21245.4us max=58183.7us hal_peak=6208 within_bounded=1
{"app":"AI_LEARNER","stage":"run","model":"b3_deepae","target":"aarch64-unknown-linux-gnu","attempted":20,"completed":20,"fail_input":0,"fail_invoke":0,"fail_output":0,"mean_us":21245.40,"max_us":58183.74,"last_us":40993.84,"out0":-34.90329,"out_elems":640,"out_sha256":"54e4bf28460dbd3a8da85f77ed3762bd1a812232000e22cdb933601377062450","out_head":[-34.903290,-19.268223,-10.719254,-6.073514,-3.169238,1.479501],"out_tail":[-19.601124,-18.186838,-18.764919,-20.381744,-29.053598,-42.503880],"out_full_file":"/cf/last_out.json","out_full_file_bytes":7045,"out_full_file_reason":"ok","out_record_truncates":false}
{"app":"AI_LEARNER","stage":"mem","model":"b3_deepae","target":"aarch64-unknown-linux-gnu","completed":20,"hal_peak":6208,"peak_within_bounded":true,"admitted_budget_bytes":6208,"peak_within_admitted_budget":true,"admission_mode":"conditional_map","hal_bytes_per_call_amortized":3776.0,"process_rss_kb":6992,"process_rss_delta_init_kb":612,"max_active_calls":1,"active_calls_now":0,"call_counter_balanced":true}
EVS Port1 1980-012-14:07:41.82615 66/1/AI_LEARNER 4: AI_LEARNER completed=21/21 mean=22290.2us max=58183.7us hal_peak=6208 within_bounded=1
{"app":"AI_LEARNER","stage":"run","model":"b3_deepae","target":"aarch64-unknown-linux-gnu","attempted":21,"completed":21,"fail_input":0,"fail_invoke":0,"fail_output":0,"mean_us":22290.17,"max_us":58183.74,"last_us":43185.55,"out0":-34.90329,"out_elems":640,"out_sha256":"54e4bf28460dbd3a8da85f77ed3762bd1a812232000e22cdb933601377062450","out_head":[-34.903290,-19.268223,-10.719254,-6.073514,-3.169238,1.479501],"out_tail":[-19.601124,-18.186838,-18.764919,-20.381744,-29.053598,-42.503880],"out_full_file":"/cf/last_out.json","out_full_file_bytes":7045,"out_full_file_reason":"ok","out_record_truncates":false}
{"app":"AI_LEARNER","stage":"mem","model":"b3_deepae","target":"aarch64-unknown-linux-gnu","completed":21,"hal_peak":6208,"peak_within_bounded":true,"admitted_budget_bytes":6208,"peak_within_admitted_budget":true,"admission_mode":"conditional_map","hal_bytes_per_call_amortized":3769.9,"process_rss_kb":6992,"process_rss_delta_init_kb":612,"max_active_calls":1,"active_calls_now":0,"call_counter_balanced":true}
EVS Port1 1980-012-14:07:42.00900 66/1/CFE_TIME 21: Stop FLYWHEEL
.EVS Port1 1980-012-14:07:43.02203 66/1/CFE_TIME 20: Start FLYWHEEL
EVS Port1 1980-012-14:07:45.03756 66/1/CFE_TIME 20: Start FLYWHEEL
EVS Port1 1980-012-14:07:45.00350 66/1/CFE_TIME 21: Stop FLYWHEEL
EVS Port1 1980-012-14:07:45.66751 66/1/AI_LEARNER 4: AI_LEARNER completed=22/22 mean=21896.6us max=58183.7us hal_peak=6208 within_bounded=1
{"app":"AI_LEARNER","stage":"run","model":"b3_deepae","target":"aarch64-unknown-linux-gnu","attempted":22,"completed":22,"fail_input":0,"fail_invoke":0,"fail_output":0,"mean_us":21896.59,"max_us":58183.74,"last_us":13631.47,"out0":-34.90329,"out_elems":640,"out_sha256":"54e4bf28460dbd3a8da85f77ed3762bd1a812232000e22cdb933601377062450","out_head":[-34.903290,-19.268223,-10.719254,-6.073514,-3.169238,1.479501],"out_tail":[-19.601124,-18.186838,-18.764919,-20.381744,-29.053598,-42.503880],"out_full_file":"/cf/last_out.json","out_full_file_bytes":7045,"out_full_file_reason":"ok","out_record_truncates":false}
{"app":"AI_LEARNER","stage":"mem","model":"b3_deepae","target":"aarch64-unknown-linux-gnu","completed":22,"hal_peak":6208,"peak_within_bounded":true,"admitted_budget_bytes":6208,"peak_within_admitted_budget":true,"admission_mode":"conditional_map","hal_bytes_per_call_amortized":3764.4,"process_rss_kb":6996,"process_rss_delta_init_kb":612,"max_active_calls":1,"active_calls_now":0,"call_counter_balanced":true}
.EVS Port1 1980-012-14:07:49.67253 66/1/AI_LEARNER 4: AI_LEARNER completed=23/23 mean=21588.5us max=58183.7us hal_peak=6208 within_bounded=1
{"app":"AI_LEARNER","stage":"run","model":"b3_deepae","target":"aarch64-unknown-linux-gnu","attempted":23,"completed":23,"fail_input":0,"fail_invoke":0,"fail_output":0,"mean_us":21588.53,"max_us":58183.74,"last_us":14811.20,"out0":-34.90329,"out_elems":640,"out_sha256":"54e4bf28460dbd3a8da85f77ed3762bd1a812232000e22cdb933601377062450","out_head":[-34.903290,-19.268223,-10.719254,-6.073514,-3.169238,1.479501],"out_tail":[-19.601124,-18.186838,-18.764919,-20.381744,-29.053598,-42.503880],"out_full_file":"/cf/last_out.json","out_full_file_bytes":7045,"out_full_file_reason":"ok","out_record_truncates":false}
{"app":"AI_LEARNER","stage":"mem","model":"b3_deepae","target":"aarch64-unknown-linux-gnu","completed":23,"hal_peak":6208,"peak_within_bounded":true,"admitted_budget_bytes":6208,"peak_within_admitted_budget":true,"admission_mode":"conditional_map","hal_bytes_per_call_amortized":3759.3,"process_rss_kb":6996,"process_rss_delta_init_kb":612,"max_active_calls":1,"active_calls_now":0,"call_counter_balanced":true}
EVS Port1 1980-012-14:07:53.67474 66/1/AI_LEARNER 4: AI_LEARNER completed=24/24 mean=21377.0us max=58183.7us hal_peak=6208 within_bounded=1
{"app":"AI_LEARNER","stage":"run","model":"b3_deepae","target":"aarch64-unknown-linux-gnu","attempted":24,"completed":24,"fail_input":0,"fail_invoke":0,"fail_output":0,"mean_us":21377.00,"max_us":58183.74,"last_us":16511.78,"out0":-34.90329,"out_elems":640,"out_sha256":"54e4bf28460dbd3a8da85f77ed3762bd1a812232000e22cdb933601377062450","out_head":[-34.903290,-19.268223,-10.719254,-6.073514,-3.169238,1.479501],"out_tail":[-19.601124,-18.186838,-18.764919,-20.381744,-29.053598,-42.503880],"out_full_file":"/cf/last_out.json","out_full_file_bytes":7045,"out_full_file_reason":"ok","out_record_truncates":false}
{"app":"AI_LEARNER","stage":"mem","model":"b3_deepae","target":"aarch64-unknown-linux-gnu","completed":24,"hal_peak":6208,"peak_within_bounded":true,"admitted_budget_bytes":6208,"peak_within_admitted_budget":true,"admission_mode":"conditional_map","hal_bytes_per_call_amortized":3754.7,"process_rss_kb":6996,"process_rss_delta_init_kb":612,"max_active_calls":1,"active_calls_now":0,"call_counter_balanced":true}
.EVS Port1 1980-012-14:07:57.69544 66/1/AI_LEARNER 4: AI_LEARNER completed=25/25 mean=20947.8us max=58183.7us hal_peak=6208 within_bounded=1
{"app":"AI_LEARNER","stage":"run","model":"b3_deepae","target":"aarch64-unknown-linux-gnu","attempted":25,"completed":25,"fail_input":0,"fail_invoke":0,"fail_output":0,"mean_us":20947.83,"max_us":58183.74,"last_us":10647.76,"out0":-34.90329,"out_elems":640,"out_sha256":"54e4bf28460dbd3a8da85f77ed3762bd1a812232000e22cdb933601377062450","out_head":[-34.903290,-19.268223,-10.719254,-6.073514,-3.169238,1.479501],"out_tail":[-19.601124,-18.186838,-18.764919,-20.381744,-29.053598,-42.503880],"out_full_file":"/cf/last_out.json","out_full_file_bytes":7045,"out_full_file_reason":"ok","out_record_truncates":false}
{"app":"AI_LEARNER","stage":"mem","model":"b3_deepae","target":"aarch64-unknown-linux-gnu","completed":25,"hal_peak":6208,"peak_within_bounded":true,"admitted_budget_bytes":6208,"peak_within_admitted_budget":true,"admission_mode":"conditional_map","hal_bytes_per_call_amortized":3750.4,"process_rss_kb":6996,"process_rss_delta_init_kb":612,"max_active_calls":1,"active_calls_now":0,"call_counter_balanced":true}
.EVS Port1 1980-012-14:08:01.66712 66/1/AI_LEARNER 4: AI_LEARNER completed=26/26 mean=20528.7us max=58183.7us hal_peak=6208 within_bounded=1
{"app":"AI_LEARNER","stage":"run","model":"b3_deepae","target":"aarch64-unknown-linux-gnu","attempted":26,"completed":26,"fail_input":0,"fail_invoke":0,"fail_output":0,"mean_us":20528.68,"max_us":58183.74,"last_us":10049.87,"out0":-34.90329,"out_elems":640,"out_sha256":"54e4bf28460dbd3a8da85f77ed3762bd1a812232000e22cdb933601377062450","out_head":[-34.903290,-19.268223,-10.719254,-6.073514,-3.169238,1.479501],"out_tail":[-19.601124,-18.186838,-18.764919,-20.381744,-29.053598,-42.503880],"out_full_file":"/cf/last_out.json","out_full_file_bytes":7045,"out_full_file_reason":"ok","out_record_truncates":false}
{"app":"AI_LEARNER","stage":"mem","model":"b3_deepae","target":"aarch64-unknown-linux-gnu","completed":26,"hal_peak":6208,"peak_within_bounded":true,"admitted_budget_bytes":6208,"peak_within_admitted_budget":true,"admission_mode":"conditional_map","hal_bytes_per_call_amortized":3746.5,"process_rss_kb":6996,"process_rss_delta_init_kb":612,"max_active_calls":1,"active_calls_now":0,"call_counter_balanced":true}
EVS Port1 1980-012-14:08:05.68061 66/1/AI_LEARNER 4: AI_LEARNER completed=27/27 mean=20442.5us max=58183.7us hal_peak=6208 within_bounded=1
{"app":"AI_LEARNER","stage":"run","model":"b3_deepae","target":"aarch64-unknown-linux-gnu","attempted":27,"completed":27,"fail_input":0,"fail_invoke":0,"fail_output":0,"mean_us":20442.53,"max_us":58183.74,"last_us":18202.54,"out0":-34.90329,"out_elems":640,"out_sha256":"54e4bf28460dbd3a8da85f77ed3762bd1a812232000e22cdb933601377062450","out_head":[-34.903290,-19.268223,-10.719254,-6.073514,-3.169238,1.479501],"out_tail":[-19.601124,-18.186838,-18.764919,-20.381744,-29.053598,-42.503880],"out_full_file":"/cf/last_out.json","out_full_file_bytes":7045,"out_full_file_reason":"ok","out_record_truncates":false}
{"app":"AI_LEARNER","stage":"mem","model":"b3_deepae","target":"aarch64-unknown-linux-gnu","completed":27,"hal_peak":6208,"peak_within_bounded":true,"admitted_budget_bytes":6208,"peak_within_admitted_budget":true,"admission_mode":"conditional_map","hal_bytes_per_call_amortized":3742.8,"process_rss_kb":6996,"process_rss_delta_init_kb":612,"max_active_calls":1,"active_calls_now":0,"call_counter_balanced":true}
.EVS Port1 1980-012-14:08:09.68215 66/1/AI_LEARNER 4: AI_LEARNER completed=28/28 mean=20068.8us max=58183.7us hal_peak=6208 within_bounded=1
{"app":"AI_LEARNER","stage":"run","model":"b3_deepae","target":"aarch64-unknown-linux-gnu","attempted":28,"completed":28,"fail_input":0,"fail_invoke":0,"fail_output":0,"mean_us":20068.84,"max_us":58183.74,"last_us":9979.36,"out0":-34.90329,"out_elems":640,"out_sha256":"54e4bf28460dbd3a8da85f77ed3762bd1a812232000e22cdb933601377062450","out_head":[-34.903290,-19.268223,-10.719254,-6.073514,-3.169238,1.479501],"out_tail":[-19.601124,-18.186838,-18.764919,-20.381744,-29.053598,-42.503880],"out_full_file":"/cf/last_out.json","out_full_file_bytes":7045,"out_full_file_reason":"ok","out_record_truncates":false}
{"app":"AI_LEARNER","stage":"mem","model":"b3_deepae","target":"aarch64-unknown-linux-gnu","completed":28,"hal_peak":6208,"peak_within_bounded":true,"admitted_budget_bytes":6208,"peak_within_admitted_budget":true,"admission_mode":"conditional_map","hal_bytes_per_call_amortized":3739.4,"process_rss_kb":6996,"process_rss_delta_init_kb":612,"max_active_calls":1,"active_calls_now":0,"call_counter_balanced":true}
.EVS Port1 1980-012-14:08:13.70965 66/1/AI_LEARNER 4: AI_LEARNER completed=29/29 mean=20311.5us max=58183.7us hal_peak=6208 within_bounded=1
{"app":"AI_LEARNER","stage":"run","model":"b3_deepae","target":"aarch64-unknown-linux-gnu","attempted":29,"completed":29,"fail_input":0,"fail_invoke":0,"fail_output":0,"mean_us":20311.49,"max_us":58183.74,"last_us":27105.74,"out0":-34.90329,"out_elems":640,"out_sha256":"54e4bf28460dbd3a8da85f77ed3762bd1a812232000e22cdb933601377062450","out_head":[-34.903290,-19.268223,-10.719254,-6.073514,-3.169238,1.479501],"out_tail":[-19.601124,-18.186838,-18.764919,-20.381744,-29.053598,-42.503880],"out_full_file":"/cf/last_out.json","out_full_file_bytes":7045,"out_full_file_reason":"ok","out_record_truncates":false}
{"app":"AI_LEARNER","stage":"mem","model":"b3_deepae","target":"aarch64-unknown-linux-gnu","completed":29,"hal_peak":6208,"peak_within_bounded":true,"admitted_budget_bytes":6208,"peak_within_admitted_budget":true,"admission_mode":"conditional_map","hal_bytes_per_call_amortized":3736.3,"process_rss_kb":6996,"process_rss_delta_init_kb":612,"max_active_calls":1,"active_calls_now":0,"call_counter_balanced":true}
EVS Port1 1980-012-14:08:15.00282 66/1/CFE_TIME 21: Stop FLYWHEEL
EVS Port1 1980-012-14:08:15.99446 66/1/CFE_TIME 20: Start FLYWHEEL
EVS Port1 1980-012-14:08:17.68293 66/1/AI_LEARNER 4: AI_LEARNER completed=30/30 mean=20344.8us max=58183.7us hal_peak=6208 within_bounded=1
{"app":"AI_LEARNER","stage":"run","model":"b3_deepae","target":"aarch64-unknown-linux-gnu","attempted":30,"completed":30,"fail_input":0,"fail_invoke":0,"fail_output":0,"mean_us":20344.84,"max_us":58183.74,"last_us":21311.79,"out0":-34.90329,"out_elems":640,"out_sha256":"54e4bf28460dbd3a8da85f77ed3762bd1a812232000e22cdb933601377062450","out_head":[-34.903290,-19.268223,-10.719254,-6.073514,-3.169238,1.479501],"out_tail":[-19.601124,-18.186838,-18.764919,-20.381744,-29.053598,-42.503880],"out_full_file":"/cf/last_out.json","out_full_file_bytes":7045,"out_full_file_reason":"ok","out_record_truncates":false}
{"app":"AI_LEARNER","stage":"mem","model":"b3_deepae","target":"aarch64-unknown-linux-gnu","completed":30,"hal_peak":6208,"peak_within_bounded":true,"admitted_budget_bytes":6208,"peak_within_admitted_budget":true,"admission_mode":"conditional_map","hal_bytes_per_call_amortized":3733.3,"process_rss_kb":6996,"process_rss_delta_init_kb":612,"max_active_calls":1,"active_calls_now":0,"call_counter_balanced":true}
.EVS Port1 1980-012-14:08:21.67379 66/1/AI_LEARNER 4: AI_LEARNER completed=31/31 mean=20208.8us max=58183.7us hal_peak=6208 within_bounded=1
{"app":"AI_LEARNER","stage":"run","model":"b3_deepae","target":"aarch64-unknown-linux-gnu","attempted":31,"completed":31,"fail_input":0,"fail_invoke":0,"fail_output":0,"mean_us":20208.84,"max_us":58183.74,"last_us":16128.93,"out0":-34.90329,"out_elems":640,"out_sha256":"54e4bf28460dbd3a8da85f77ed3762bd1a812232000e22cdb933601377062450","out_head":[-34.903290,-19.268223,-10.719254,-6.073514,-3.169238,1.479501],"out_tail":[-19.601124,-18.186838,-18.764919,-20.381744,-29.053598,-42.503880],"out_full_file":"/cf/last_out.json","out_full_file_bytes":7045,"out_full_file_reason":"ok","out_record_truncates":false}
{"app":"AI_LEARNER","stage":"mem","model":"b3_deepae","target":"aarch64-unknown-linux-gnu","completed":31,"hal_peak":6208,"peak_within_bounded":true,"admitted_budget_bytes":6208,"peak_within_admitted_budget":true,"admission_mode":"conditional_map","hal_bytes_per_call_amortized":3730.6,"process_rss_kb":6996,"process_rss_delta_init_kb":612,"max_active_calls":1,"active_calls_now":0,"call_counter_balanced":true}
.EVS Port1 1980-012-14:08:25.66870 66/1/AI_LEARNER 4: AI_LEARNER completed=32/32 mean=19948.5us max=58183.7us hal_peak=6208 within_bounded=1
{"app":"AI_LEARNER","stage":"run","model":"b3_deepae","target":"aarch64-unknown-linux-gnu","attempted":32,"completed":32,"fail_input":0,"fail_invoke":0,"fail_output":0,"mean_us":19948.48,"max_us":58183.74,"last_us":11877.39,"out0":-34.90329,"out_elems":640,"out_sha256":"54e4bf28460dbd3a8da85f77ed3762bd1a812232000e22cdb933601377062450","out_head":[-34.903290,-19.268223,-10.719254,-6.073514,-3.169238,1.479501],"out_tail":[-19.601124,-18.186838,-18.764919,-20.381744,-29.053598,-42.503880],"out_full_file":"/cf/last_out.json","out_full_file_bytes":7045,"out_full_file_reason":"ok","out_record_truncates":false}
{"app":"AI_LEARNER","stage":"mem","model":"b3_deepae","target":"aarch64-unknown-linux-gnu","completed":32,"hal_peak":6208,"peak_within_bounded":true,"admitted_budget_bytes":6208,"peak_within_admitted_budget":true,"admission_mode":"conditional_map","hal_bytes_per_call_amortized":3728.0,"process_rss_kb":6996,"process_rss_delta_init_kb":612,"max_active_calls":1,"active_calls_now":0,"call_counter_balanced":true}
EVS Port1 1980-012-14:08:29.67510 66/1/AI_LEARNER 4: AI_LEARNER completed=33/33 mean=19766.9us max=58183.7us hal_peak=6208 within_bounded=1
{"app":"AI_LEARNER","stage":"run","model":"b3_deepae","target":"aarch64-unknown-linux-gnu","attempted":33,"completed":33,"fail_input":0,"fail_invoke":0,"fail_output":0,"mean_us":19766.88,"max_us":58183.74,"last_us":13955.66,"out0":-34.90329,"out_elems":640,"out_sha256":"54e4bf28460dbd3a8da85f77ed3762bd1a812232000e22cdb933601377062450","out_head":[-34.903290,-19.268223,-10.719254,-6.073514,-3.169238,1.479501],"out_tail":[-19.601124,-18.186838,-18.764919,-20.381744,-29.053598,-42.503880],"out_full_file":"/cf/last_out.json","out_full_file_bytes":7045,"out_full_file_reason":"ok","out_record_truncates":false}
{"app":"AI_LEARNER","stage":"mem","model":"b3_deepae","target":"aarch64-unknown-linux-gnu","completed":33,"hal_peak":6208,"peak_within_bounded":true,"admitted_budget_bytes":6208,"peak_within_admitted_budget":true,"admission_mode":"conditional_map","hal_bytes_per_call_amortized":3725.6,"process_rss_kb":6996,"process_rss_delta_init_kb":612,"max_active_calls":1,"active_calls_now":0,"call_counter_balanced":true}
EVS Port1 1980-012-14:08:30.00233 66/1/CFE_TIME 21: Stop FLYWHEEL
.EVS Port1 1980-012-14:08:30.99536 66/1/CFE_TIME 20: Start FLYWHEEL
EVS Port1 1980-012-14:08:33.66494 66/1/AI_LEARNER 4: AI_LEARNER completed=34/34 mean=19651.6us max=58183.7us hal_peak=6208 within_bounded=1
{"app":"AI_LEARNER","stage":"run","model":"b3_deepae","target":"aarch64-unknown-linux-gnu","attempted":34,"completed":34,"fail_input":0,"fail_invoke":0,"fail_output":0,"mean_us":19651.55,"max_us":58183.74,"last_us":15845.70,"out0":-34.90329,"out_elems":640,"out_sha256":"54e4bf28460dbd3a8da85f77ed3762bd1a812232000e22cdb933601377062450","out_head":[-34.903290,-19.268223,-10.719254,-6.073514,-3.169238,1.479501],"out_tail":[-19.601124,-18.186838,-18.764919,-20.381744,-29.053598,-42.503880],"out_full_file":"/cf/last_out.json","out_full_file_bytes":7045,"out_full_file_reason":"ok","out_record_truncates":false}
{"app":"AI_LEARNER","stage":"mem","model":"b3_deepae","target":"aarch64-unknown-linux-gnu","completed":34,"hal_peak":6208,"peak_within_bounded":true,"admitted_budget_bytes":6208,"peak_within_admitted_budget":true,"admission_mode":"conditional_map","hal_bytes_per_call_amortized":3723.3,"process_rss_kb":6996,"process_rss_delta_init_kb":612,"max_active_calls":1,"active_calls_now":0,"call_counter_balanced":true}
.EVS Port1 1980-012-14:08:37.67312 66/1/AI_LEARNER 4: AI_LEARNER completed=35/35 mean=19594.6us max=58183.7us hal_peak=6208 within_bounded=1
{"app":"AI_LEARNER","stage":"run","model":"b3_deepae","target":"aarch64-unknown-linux-gnu","attempted":35,"completed":35,"fail_input":0,"fail_invoke":0,"fail_output":0,"mean_us":19594.60,"max_us":58183.74,"last_us":17658.14,"out0":-34.90329,"out_elems":640,"out_sha256":"54e4bf28460dbd3a8da85f77ed3762bd1a812232000e22cdb933601377062450","out_head":[-34.903290,-19.268223,-10.719254,-6.073514,-3.169238,1.479501],"out_tail":[-19.601124,-18.186838,-18.764919,-20.381744,-29.053598,-42.503880],"out_full_file":"/cf/last_out.json","out_full_file_bytes":7045,"out_full_file_reason":"ok","out_record_truncates":false}
{"app":"AI_LEARNER","stage":"mem","model":"b3_deepae","target":"aarch64-unknown-linux-gnu","completed":35,"hal_peak":6208,"peak_within_bounded":true,"admitted_budget_bytes":6208,"peak_within_admitted_budget":true,"admission_mode":"conditional_map","hal_bytes_per_call_amortized":3721.1,"process_rss_kb":6996,"process_rss_delta_init_kb":612,"max_active_calls":1,"active_calls_now":0,"call_counter_balanced":true}
EVS Port1 1980-012-14:08:41.68397 66/1/AI_LEARNER 4: AI_LEARNER completed=36/36 mean=19583.4us max=58183.7us hal_peak=6208 within_bounded=1
{"app":"AI_LEARNER","stage":"run","model":"b3_deepae","target":"aarch64-unknown-linux-gnu","attempted":36,"completed":36,"fail_input":0,"fail_invoke":0,"fail_output":0,"mean_us":19583.41,"max_us":58183.74,"last_us":19191.95,"out0":-34.90329,"out_elems":640,"out_sha256":"54e4bf28460dbd3a8da85f77ed3762bd1a812232000e22cdb933601377062450","out_head":[-34.903290,-19.268223,-10.719254,-6.073514,-3.169238,1.479501],"out_tail":[-19.601124,-18.186838,-18.764919,-20.381744,-29.053598,-42.503880],"out_full_file":"/cf/last_out.json","out_full_file_bytes":7045,"out_full_file_reason":"ok","out_record_truncates":false}
{"app":"AI_LEARNER","stage":"mem","model":"b3_deepae","target":"aarch64-unknown-linux-gnu","completed":36,"hal_peak":6208,"peak_within_bounded":true,"admitted_budget_bytes":6208,"peak_within_admitted_budget":true,"admission_mode":"conditional_map","hal_bytes_per_call_amortized":3719.1,"process_rss_kb":6996,"process_rss_delta_init_kb":612,"max_active_calls":1,"active_calls_now":0,"call_counter_balanced":true}
.EVS Port1 1980-012-14:08:45.68682 66/1/AI_LEARNER 4: AI_LEARNER completed=37/37 mean=19437.0us max=58183.7us hal_peak=6208 within_bounded=1
{"app":"AI_LEARNER","stage":"run","model":"b3_deepae","target":"aarch64-unknown-linux-gnu","attempted":37,"completed":37,"fail_input":0,"fail_invoke":0,"fail_output":0,"mean_us":19437.00,"max_us":58183.74,"last_us":14165.92,"out0":-34.90329,"out_elems":640,"out_sha256":"54e4bf28460dbd3a8da85f77ed3762bd1a812232000e22cdb933601377062450","out_head":[-34.903290,-19.268223,-10.719254,-6.073514,-3.169238,1.479501],"out_tail":[-19.601124,-18.186838,-18.764919,-20.381744,-29.053598,-42.503880],"out_full_file":"/cf/last_out.json","out_full_file_bytes":7045,"out_full_file_reason":"ok","out_record_truncates":false}
{"app":"AI_LEARNER","stage":"mem","model":"b3_deepae","target":"aarch64-unknown-linux-gnu","completed":37,"hal_peak":6208,"peak_within_bounded":true,"admitted_budget_bytes":6208,"peak_within_admitted_budget":true,"admission_mode":"conditional_map","hal_bytes_per_call_amortized":3717.2,"process_rss_kb":6996,"process_rss_delta_init_kb":612,"max_active_calls":1,"active_calls_now":0,"call_counter_balanced":true}
.EVS Port1 1980-012-14:08:49.69546 66/1/AI_LEARNER 4: AI_LEARNER completed=38/38 mean=19561.3us max=58183.7us hal_peak=6208 within_bounded=1
{"app":"AI_LEARNER","stage":"run","model":"b3_deepae","target":"aarch64-unknown-linux-gnu","attempted":38,"completed":38,"fail_input":0,"fail_invoke":0,"fail_output":0,"mean_us":19561.34,"max_us":58183.74,"last_us":24162.16,"out0":-34.90329,"out_elems":640,"out_sha256":"54e4bf28460dbd3a8da85f77ed3762bd1a812232000e22cdb933601377062450","out_head":[-34.903290,-19.268223,-10.719254,-6.073514,-3.169238,1.479501],"out_tail":[-19.601124,-18.186838,-18.764919,-20.381744,-29.053598,-42.503880],"out_full_file":"/cf/last_out.json","out_full_file_bytes":7045,"out_full_file_reason":"ok","out_record_truncates":false}
{"app":"AI_LEARNER","stage":"mem","model":"b3_deepae","target":"aarch64-unknown-linux-gnu","completed":38,"hal_peak":6208,"peak_within_bounded":true,"admitted_budget_bytes":6208,"peak_within_admitted_budget":true,"admission_mode":"conditional_map","hal_bytes_per_call_amortized":3715.4,"process_rss_kb":6996,"process_rss_delta_init_kb":612,"max_active_calls":1,"active_calls_now":0,"call_counter_balanced":true}
EVS Port1 1980-012-14:08:53.69403 66/1/AI_LEARNER 4: AI_LEARNER completed=39/39 mean=19662.8us max=58183.7us hal_peak=6208 within_bounded=1
{"app":"AI_LEARNER","stage":"run","model":"b3_deepae","target":"aarch64-unknown-linux-gnu","attempted":39,"completed":39,"fail_input":0,"fail_invoke":0,"fail_output":0,"mean_us":19662.85,"max_us":58183.74,"last_us":23520.11,"out0":-34.90329,"out_elems":640,"out_sha256":"54e4bf28460dbd3a8da85f77ed3762bd1a812232000e22cdb933601377062450","out_head":[-34.903290,-19.268223,-10.719254,-6.073514,-3.169238,1.479501],"out_tail":[-19.601124,-18.186838,-18.764919,-20.381744,-29.053598,-42.503880],"out_full_file":"/cf/last_out.json","out_full_file_bytes":7045,"out_full_file_reason":"ok","out_record_truncates":false}
{"app":"AI_LEARNER","stage":"mem","model":"b3_deepae","target":"aarch64-unknown-linux-gnu","completed":39,"hal_peak":6208,"peak_within_bounded":true,"admitted_budget_bytes":6208,"peak_within_admitted_budget":true,"admission_mode":"conditional_map","hal_bytes_per_call_amortized":3713.6,"process_rss_kb":6996,"process_rss_delta_init_kb":612,"max_active_calls":1,"active_calls_now":0,"call_counter_balanced":true}
.EVS Port1 1980-012-14:08:57.68911 66/1/AI_LEARNER 4: AI_LEARNER completed=40/40 mean=19624.4us max=58183.7us hal_peak=6208 within_bounded=1
{"app":"AI_LEARNER","stage":"run","model":"b3_deepae","target":"aarch64-unknown-linux-gnu","attempted":40,"completed":40,"fail_input":0,"fail_invoke":0,"fail_output":0,"mean_us":19624.45,"max_us":58183.74,"last_us":18126.72,"out0":-34.90329,"out_elems":640,"out_sha256":"54e4bf28460dbd3a8da85f77ed3762bd1a812232000e22cdb933601377062450","out_head":[-34.903290,-19.268223,-10.719254,-6.073514,-3.169238,1.479501],"out_tail":[-19.601124,-18.186838,-18.764919,-20.381744,-29.053598,-42.503880],"out_full_file":"/cf/last_out.json","out_full_file_bytes":7045,"out_full_file_reason":"ok","out_record_truncates":false}
{"app":"AI_LEARNER","stage":"mem","model":"b3_deepae","target":"aarch64-unknown-linux-gnu","completed":40,"hal_peak":6208,"peak_within_bounded":true,"admitted_budget_bytes":6208,"peak_within_admitted_budget":true,"admission_mode":"conditional_map","hal_bytes_per_call_amortized":3712.0,"process_rss_kb":6996,"process_rss_delta_init_kb":612,"max_active_calls":1,"active_calls_now":0,"call_counter_balanced":true}
.EVS Port1 1980-012-14:09:01.67105 66/1/AI_LEARNER 4: AI_LEARNER completed=41/41 mean=19375.8us max=58183.7us hal_peak=6208 within_bounded=1
{"app":"AI_LEARNER","stage":"run","model":"b3_deepae","target":"aarch64-unknown-linux-gnu","attempted":41,"completed":41,"fail_input":0,"fail_invoke":0,"fail_output":0,"mean_us":19375.76,"max_us":58183.74,"last_us":9428.16,"out0":-34.90329,"out_elems":640,"out_sha256":"54e4bf28460dbd3a8da85f77ed3762bd1a812232000e22cdb933601377062450","out_head":[-34.903290,-19.268223,-10.719254,-6.073514,-3.169238,1.479501],"out_tail":[-19.601124,-18.186838,-18.764919,-20.381744,-29.053598,-42.503880],"out_full_file":"/cf/last_out.json","out_full_file_bytes":7045,"out_full_file_reason":"ok","out_record_truncates":false}
{"app":"AI_LEARNER","stage":"mem","model":"b3_deepae","target":"aarch64-unknown-linux-gnu","completed":41,"hal_peak":6208,"peak_within_bounded":true,"admitted_budget_bytes":6208,"peak_within_admitted_budget":true,"admission_mode":"conditional_map","hal_bytes_per_call_amortized":3710.4,"process_rss_kb":6996,"process_rss_delta_init_kb":612,"max_active_calls":1,"active_calls_now":0,"call_counter_balanced":true}
EVS Port1 1980-012-14:09:05.67857 66/1/AI_LEARNER 4: AI_LEARNER completed=42/42 mean=19418.8us max=58183.7us hal_peak=6208 within_bounded=1
{"app":"AI_LEARNER","stage":"run","model":"b3_deepae","target":"aarch64-unknown-linux-gnu","attempted":42,"completed":42,"fail_input":0,"fail_invoke":0,"fail_output":0,"mean_us":19418.83,"max_us":58183.74,"last_us":21184.91,"out0":-34.90329,"out_elems":640,"out_sha256":"54e4bf28460dbd3a8da85f77ed3762bd1a812232000e22cdb933601377062450","out_head":[-34.903290,-19.268223,-10.719254,-6.073514,-3.169238,1.479501],"out_tail":[-19.601124,-18.186838,-18.764919,-20.381744,-29.053598,-42.503880],"out_full_file":"/cf/last_out.json","out_full_file_bytes":7045,"out_full_file_reason":"ok","out_record_truncates":false}
{"app":"AI_LEARNER","stage":"mem","model":"b3_deepae","target":"aarch64-unknown-linux-gnu","completed":42,"hal_peak":6208,"peak_within_bounded":true,"admitted_budget_bytes":6208,"peak_within_admitted_budget":true,"admission_mode":"conditional_map","hal_bytes_per_call_amortized":3709.0,"process_rss_kb":6996,"process_rss_delta_init_kb":612,"max_active_calls":1,"active_calls_now":0,"call_counter_balanced":true}
.EVS Port1 1980-012-14:09:09.66706 66/1/AI_LEARNER 4: AI_LEARNER completed=43/43 mean=19206.4us max=58183.7us hal_peak=6208 within_bounded=1
{"app":"AI_LEARNER","stage":"run","model":"b3_deepae","target":"aarch64-unknown-linux-gnu","attempted":43,"completed":43,"fail_input":0,"fail_invoke":0,"fail_output":0,"mean_us":19206.38,"max_us":58183.74,"last_us":10283.25,"out0":-34.90329,"out_elems":640,"out_sha256":"54e4bf28460dbd3a8da85f77ed3762bd1a812232000e22cdb933601377062450","out_head":[-34.903290,-19.268223,-10.719254,-6.073514,-3.169238,1.479501],"out_tail":[-19.601124,-18.186838,-18.764919,-20.381744,-29.053598,-42.503880],"out_full_file":"/cf/last_out.json","out_full_file_bytes":7045,"out_full_file_reason":"ok","out_record_truncates":false}
{"app":"AI_LEARNER","stage":"mem","model":"b3_deepae","target":"aarch64-unknown-linux-gnu","completed":43,"hal_peak":6208,"peak_within_bounded":true,"admitted_budget_bytes":6208,"peak_within_admitted_budget":true,"admission_mode":"conditional_map","hal_bytes_per_call_amortized":3707.5,"process_rss_kb":6996,"process_rss_delta_init_kb":612,"max_active_calls":1,"active_calls_now":0,"call_counter_balanced":true}
.EVS Port1 1980-012-14:09:13.74652 66/1/AI_LEARNER 4: AI_LEARNER completed=44/44 mean=19776.7us max=58183.7us hal_peak=6208 within_bounded=1
{"app":"AI_LEARNER","stage":"run","model":"b3_deepae","target":"aarch64-unknown-linux-gnu","attempted":44,"completed":44,"fail_input":0,"fail_invoke":0,"fail_output":0,"mean_us":19776.66,"max_us":58183.74,"last_us":44298.72,"out0":-34.90329,"out_elems":640,"out_sha256":"54e4bf28460dbd3a8da85f77ed3762bd1a812232000e22cdb933601377062450","out_head":[-34.903290,-19.268223,-10.719254,-6.073514,-3.169238,1.479501],"out_tail":[-19.601124,-18.186838,-18.764919,-20.381744,-29.053598,-42.503880],"out_full_file":"/cf/last_out.json","out_full_file_bytes":7045,"out_full_file_reason":"ok","out_record_truncates":false}
{"app":"AI_LEARNER","stage":"mem","model":"b3_deepae","target":"aarch64-unknown-linux-gnu","completed":44,"hal_peak":6208,"peak_within_bounded":true,"admitted_budget_bytes":6208,"peak_within_admitted_budget":true,"admission_mode":"conditional_map","hal_bytes_per_call_amortized":3706.2,"process_rss_kb":6996,"process_rss_delta_init_kb":612,"max_active_calls":1,"active_calls_now":0,"call_counter_balanced":true}
EVS Port1 1980-012-14:09:17.72802 66/1/AI_LEARNER 4: AI_LEARNER completed=45/45 mean=20539.5us max=58183.7us hal_peak=6208 within_bounded=1
{"app":"AI_LEARNER","stage":"run","model":"b3_deepae","target":"aarch64-unknown-linux-gnu","attempted":45,"completed":45,"fail_input":0,"fail_invoke":0,"fail_output":0,"mean_us":20539.46,"max_us":58183.74,"last_us":54102.96,"out0":-34.90329,"out_elems":640,"out_sha256":"54e4bf28460dbd3a8da85f77ed3762bd1a812232000e22cdb933601377062450","out_head":[-34.903290,-19.268223,-10.719254,-6.073514,-3.169238,1.479501],"out_tail":[-19.601124,-18.186838,-18.764919,-20.381744,-29.053598,-42.503880],"out_full_file":"/cf/last_out.json","out_full_file_bytes":7045,"out_full_file_reason":"ok","out_record_truncates":false}
{"app":"AI_LEARNER","stage":"mem","model":"b3_deepae","target":"aarch64-unknown-linux-gnu","completed":45,"hal_peak":6208,"peak_within_bounded":true,"admitted_budget_bytes":6208,"peak_within_admitted_budget":true,"admission_mode":"conditional_map","hal_bytes_per_call_amortized":3704.9,"process_rss_kb":6996,"process_rss_delta_init_kb":612,"max_active_calls":1,"active_calls_now":0,"call_counter_balanced":true}
.EVS Port1 1980-012-14:09:21.70518 66/1/AI_LEARNER 4: AI_LEARNER completed=46/46 mean=20933.4us max=58183.7us hal_peak=6208 within_bounded=1
{"app":"AI_LEARNER","stage":"run","model":"b3_deepae","target":"aarch64-unknown-linux-gnu","attempted":46,"completed":46,"fail_input":0,"fail_invoke":0,"fail_output":0,"mean_us":20933.40,"max_us":58183.74,"last_us":38660.56,"out0":-34.90329,"out_elems":640,"out_sha256":"54e4bf28460dbd3a8da85f77ed3762bd1a812232000e22cdb933601377062450","out_head":[-34.903290,-19.268223,-10.719254,-6.073514,-3.169238,1.479501],"out_tail":[-19.601124,-18.186838,-18.764919,-20.381744,-29.053598,-42.503880],"out_full_file":"/cf/last_out.json","out_full_file_bytes":7045,"out_full_file_reason":"ok","out_record_truncates":false}
{"app":"AI_LEARNER","stage":"mem","model":"b3_deepae","target":"aarch64-unknown-linux-gnu","completed":46,"hal_peak":6208,"peak_within_bounded":true,"admitted_budget_bytes":6208,"peak_within_admitted_budget":true,"admission_mode":"conditional_map","hal_bytes_per_call_amortized":3703.7,"process_rss_kb":6996,"process_rss_delta_init_kb":612,"max_active_calls":1,"active_calls_now":0,"call_counter_balanced":true}
.EVS Port1 1980-012-14:09:25.72494 66/1/AI_LEARNER 4: AI_LEARNER completed=47/47 mean=21600.1us max=58183.7us hal_peak=6208 within_bounded=1
{"app":"AI_LEARNER","stage":"run","model":"b3_deepae","target":"aarch64-unknown-linux-gnu","attempted":47,"completed":47,"fail_input":0,"fail_invoke":0,"fail_output":0,"mean_us":21600.13,"max_us":58183.74,"last_us":52269.55,"out0":-34.90329,"out_elems":640,"out_sha256":"54e4bf28460dbd3a8da85f77ed3762bd1a812232000e22cdb933601377062450","out_head":[-34.903290,-19.268223,-10.719254,-6.073514,-3.169238,1.479501],"out_tail":[-19.601124,-18.186838,-18.764919,-20.381744,-29.053598,-42.503880],"out_full_file":"/cf/last_out.json","out_full_file_bytes":7045,"out_full_file_reason":"ok","out_record_truncates":false}
{"app":"AI_LEARNER","stage":"mem","model":"b3_deepae","target":"aarch64-unknown-linux-gnu","completed":47,"hal_peak":6208,"peak_within_bounded":true,"admitted_budget_bytes":6208,"peak_within_admitted_budget":true,"admission_mode":"conditional_map","hal_bytes_per_call_amortized":3702.5,"process_rss_kb":6996,"process_rss_delta_init_kb":612,"max_active_calls":1,"active_calls_now":0,"call_counter_balanced":true}
EVS Port1 1980-012-14:09:29.70242 66/1/AI_LEARNER 4: AI_LEARNER completed=48/48 mean=21828.2us max=58183.7us hal_peak=6208 within_bounded=1
{"app":"AI_LEARNER","stage":"run","model":"b3_deepae","target":"aarch64-unknown-linux-gnu","attempted":48,"completed":48,"fail_input":0,"fail_invoke":0,"fail_output":0,"mean_us":21828.16,"max_us":58183.74,"last_us":32545.54,"out0":-34.90329,"out_elems":640,"out_sha256":"54e4bf28460dbd3a8da85f77ed3762bd1a812232000e22cdb933601377062450","out_head":[-34.903290,-19.268223,-10.719254,-6.073514,-3.169238,1.479501],"out_tail":[-19.601124,-18.186838,-18.764919,-20.381744,-29.053598,-42.503880],"out_full_file":"/cf/last_out.json","out_full_file_bytes":7045,"out_full_file_reason":"ok","out_record_truncates":false}
{"app":"AI_LEARNER","stage":"mem","model":"b3_deepae","target":"aarch64-unknown-linux-gnu","completed":48,"hal_peak":6208,"peak_within_bounded":true,"admitted_budget_bytes":6208,"peak_within_admitted_budget":true,"admission_mode":"conditional_map","hal_bytes_per_call_amortized":3701.3,"process_rss_kb":6996,"process_rss_delta_init_kb":612,"max_active_calls":1,"active_calls_now":0,"call_counter_balanced":true}
.EVS Port1 1980-012-14:09:33.73843 66/1/AI_LEARNER 4: AI_LEARNER completed=49/49 mean=22040.8us max=58183.7us hal_peak=6208 within_bounded=1
{"app":"AI_LEARNER","stage":"run","model":"b3_deepae","target":"aarch64-unknown-linux-gnu","attempted":49,"completed":49,"fail_input":0,"fail_invoke":0,"fail_output":0,"mean_us":22040.83,"max_us":58183.74,"last_us":32249.09,"out0":-34.90329,"out_elems":640,"out_sha256":"54e4bf28460dbd3a8da85f77ed3762bd1a812232000e22cdb933601377062450","out_head":[-34.903290,-19.268223,-10.719254,-6.073514,-3.169238,1.479501],"out_tail":[-19.601124,-18.186838,-18.764919,-20.381744,-29.053598,-42.503880],"out_full_file":"/cf/last_out.json","out_full_file_bytes":7045,"out_full_file_reason":"ok","out_record_truncates":false}
{"app":"AI_LEARNER","stage":"mem","model":"b3_deepae","target":"aarch64-unknown-linux-gnu","completed":49,"hal_peak":6208,"peak_within_bounded":true,"admitted_budget_bytes":6208,"peak_within_admitted_budget":true,"admission_mode":"conditional_map","hal_bytes_per_call_amortized":3700.2,"process_rss_kb":6996,"process_rss_delta_init_kb":612,"max_active_calls":1,"active_calls_now":0,"call_counter_balanced":true}
.EVS Port1 1980-012-14:09:37.68902 66/1/AI_LEARNER 4: AI_LEARNER completed=50/50 mean=22298.4us max=58183.7us hal_peak=6208 within_bounded=1
{"app":"AI_LEARNER","stage":"run","model":"b3_deepae","target":"aarch64-unknown-linux-gnu","attempted":50,"completed":50,"fail_input":0,"fail_invoke":0,"fail_output":0,"mean_us":22298.41,"max_us":58183.74,"last_us":34920.00,"out0":-34.90329,"out_elems":640,"out_sha256":"54e4bf28460dbd3a8da85f77ed3762bd1a812232000e22cdb933601377062450","out_head":[-34.903290,-19.268223,-10.719254,-6.073514,-3.169238,1.479501],"out_tail":[-19.601124,-18.186838,-18.764919,-20.381744,-29.053598,-42.503880],"out_full_file":"/cf/last_out.json","out_full_file_bytes":7045,"out_full_file_reason":"ok","out_record_truncates":false}
{"app":"AI_LEARNER","stage":"mem","model":"b3_deepae","target":"aarch64-unknown-linux-gnu","completed":50,"hal_peak":6208,"peak_within_bounded":true,"admitted_budget_bytes":6208,"peak_within_admitted_budget":true,"admission_mode":"conditional_map","hal_bytes_per_call_amortized":3699.2,"process_rss_kb":6996,"process_rss_delta_init_kb":612,"max_active_calls":1,"active_calls_now":0,"call_counter_balanced":true}
EVS Port1 1980-012-14:09:41.67190 66/1/AI_LEARNER 4: AI_LEARNER completed=51/51 mean=22138.0us max=58183.7us hal_peak=6208 within_bounded=1
{"app":"AI_LEARNER","stage":"run","model":"b3_deepae","target":"aarch64-unknown-linux-gnu","attempted":51,"completed":51,"fail_input":0,"fail_invoke":0,"fail_output":0,"mean_us":22138.03,"max_us":58183.74,"last_us":14119.04,"out0":-34.90329,"out_elems":640,"out_sha256":"54e4bf28460dbd3a8da85f77ed3762bd1a812232000e22cdb933601377062450","out_head":[-34.903290,-19.268223,-10.719254,-6.073514,-3.169238,1.479501],"out_tail":[-19.601124,-18.186838,-18.764919,-20.381744,-29.053598,-42.503880],"out_full_file":"/cf/last_out.json","out_full_file_bytes":7045,"out_full_file_reason":"ok","out_record_truncates":false}
{"app":"AI_LEARNER","stage":"mem","model":"b3_deepae","target":"aarch64-unknown-linux-gnu","completed":51,"hal_peak":6208,"peak_within_bounded":true,"admitted_budget_bytes":6208,"peak_within_admitted_budget":true,"admission_mode":"conditional_map","hal_bytes_per_call_amortized":3698.2,"process_rss_kb":6996,"process_rss_delta_init_kb":612,"max_active_calls":1,"active_calls_now":0,"call_counter_balanced":true}
.EVS Port1 1980-012-14:09:45.70147 66/1/AI_LEARNER 4: AI_LEARNER completed=52/52 mean=22395.2us max=58183.7us hal_peak=6208 within_bounded=1
{"app":"AI_LEARNER","stage":"run","model":"b3_deepae","target":"aarch64-unknown-linux-gnu","attempted":52,"completed":52,"fail_input":0,"fail_invoke":0,"fail_output":0,"mean_us":22395.18,"max_us":58183.74,"last_us":35509.70,"out0":-34.90329,"out_elems":640,"out_sha256":"54e4bf28460dbd3a8da85f77ed3762bd1a812232000e22cdb933601377062450","out_head":[-34.903290,-19.268223,-10.719254,-6.073514,-3.169238,1.479501],"out_tail":[-19.601124,-18.186838,-18.764919,-20.381744,-29.053598,-42.503880],"out_full_file":"/cf/last_out.json","out_full_file_bytes":7045,"out_full_file_reason":"ok","out_record_truncates":false}
{"app":"AI_LEARNER","stage":"mem","model":"b3_deepae","target":"aarch64-unknown-linux-gnu","completed":52,"hal_peak":6208,"peak_within_bounded":true,"admitted_budget_bytes":6208,"peak_within_admitted_budget":true,"admission_mode":"conditional_map","hal_bytes_per_call_amortized":3697.2,"process_rss_kb":6996,"process_rss_delta_init_kb":612,"max_active_calls":1,"active_calls_now":0,"call_counter_balanced":true}
.EVS Port1 1980-012-14:09:49.66487 66/1/AI_LEARNER 4: AI_LEARNER completed=53/53 mean=22165.9us max=58183.7us hal_peak=6208 within_bounded=1
{"app":"AI_LEARNER","stage":"run","model":"b3_deepae","target":"aarch64-unknown-linux-gnu","attempted":53,"completed":53,"fail_input":0,"fail_invoke":0,"fail_output":0,"mean_us":22165.91,"max_us":58183.74,"last_us":10244.11,"out0":-34.90329,"out_elems":640,"out_sha256":"54e4bf28460dbd3a8da85f77ed3762bd1a812232000e22cdb933601377062450","out_head":[-34.903290,-19.268223,-10.719254,-6.073514,-3.169238,1.479501],"out_tail":[-19.601124,-18.186838,-18.764919,-20.381744,-29.053598,-42.503880],"out_full_file":"/cf/last_out.json","out_full_file_bytes":7045,"out_full_file_reason":"ok","out_record_truncates":false}
{"app":"AI_LEARNER","stage":"mem","model":"b3_deepae","target":"aarch64-unknown-linux-gnu","completed":53,"hal_peak":6208,"peak_within_bounded":true,"admitted_budget_bytes":6208,"peak_within_admitted_budget":true,"admission_mode":"conditional_map","hal_bytes_per_call_amortized":3696.3,"process_rss_kb":6996,"process_rss_delta_init_kb":612,"max_active_calls":1,"active_calls_now":0,"call_counter_balanced":true}
EVS Port1 1980-012-14:09:53.70208 66/1/AI_LEARNER 4: AI_LEARNER completed=54/54 mean=22286.1us max=58183.7us hal_peak=6208 within_bounded=1
{"app":"AI_LEARNER","stage":"run","model":"b3_deepae","target":"aarch64-unknown-linux-gnu","attempted":54,"completed":54,"fail_input":0,"fail_invoke":0,"fail_output":0,"mean_us":22286.09,"max_us":58183.74,"last_us":28655.60,"out0":-34.90329,"out_elems":640,"out_sha256":"54e4bf28460dbd3a8da85f77ed3762bd1a812232000e22cdb933601377062450","out_head":[-34.903290,-19.268223,-10.719254,-6.073514,-3.169238,1.479501],"out_tail":[-19.601124,-18.186838,-18.764919,-20.381744,-29.053598,-42.503880],"out_full_file":"/cf/last_out.json","out_full_file_bytes":7045,"out_full_file_reason":"ok","out_record_truncates":false}
{"app":"AI_LEARNER","stage":"mem","model":"b3_deepae","target":"aarch64-unknown-linux-gnu","completed":54,"hal_peak":6208,"peak_within_bounded":true,"admitted_budget_bytes":6208,"peak_within_admitted_budget":true,"admission_mode":"conditional_map","hal_bytes_per_call_amortized":3695.4,"process_rss_kb":6996,"process_rss_delta_init_kb":612,"max_active_calls":1,"active_calls_now":0,"call_counter_balanced":true}
.EVS Port1 1980-012-14:09:57.69702 66/1/AI_LEARNER 4: AI_LEARNER completed=55/55 mean=22513.0us max=58183.7us hal_peak=6208 within_bounded=1
{"app":"AI_LEARNER","stage":"run","model":"b3_deepae","target":"aarch64-unknown-linux-gnu","attempted":55,"completed":55,"fail_input":0,"fail_invoke":0,"fail_output":0,"mean_us":22513.02,"max_us":58183.74,"last_us":34767.15,"out0":-34.90329,"out_elems":640,"out_sha256":"54e4bf28460dbd3a8da85f77ed3762bd1a812232000e22cdb933601377062450","out_head":[-34.903290,-19.268223,-10.719254,-6.073514,-3.169238,1.479501],"out_tail":[-19.601124,-18.186838,-18.764919,-20.381744,-29.053598,-42.503880],"out_full_file":"/cf/last_out.json","out_full_file_bytes":7045,"out_full_file_reason":"ok","out_record_truncates":false}
{"app":"AI_LEARNER","stage":"mem","model":"b3_deepae","target":"aarch64-unknown-linux-gnu","completed":55,"hal_peak":6208,"peak_within_bounded":true,"admitted_budget_bytes":6208,"peak_within_admitted_budget":true,"admission_mode":"conditional_map","hal_bytes_per_call_amortized":3694.5,"process_rss_kb":6996,"process_rss_delta_init_kb":612,"max_active_calls":1,"active_calls_now":0,"call_counter_balanced":true}
.EVS Port1 1980-012-14:10:01.69165 66/1/AI_LEARNER 4: AI_LEARNER completed=56/56 mean=22412.3us max=58183.7us hal_peak=6208 within_bounded=1
{"app":"AI_LEARNER","stage":"run","model":"b3_deepae","target":"aarch64-unknown-linux-gnu","attempted":56,"completed":56,"fail_input":0,"fail_invoke":0,"fail_output":0,"mean_us":22412.32,"max_us":58183.74,"last_us":16873.58,"out0":-34.90329,"out_elems":640,"out_sha256":"54e4bf28460dbd3a8da85f77ed3762bd1a812232000e22cdb933601377062450","out_head":[-34.903290,-19.268223,-10.719254,-6.073514,-3.169238,1.479501],"out_tail":[-19.601124,-18.186838,-18.764919,-20.381744,-29.053598,-42.503880],"out_full_file":"/cf/last_out.json","out_full_file_bytes":7045,"out_full_file_reason":"ok","out_record_truncates":false}
{"app":"AI_LEARNER","stage":"mem","model":"b3_deepae","target":"aarch64-unknown-linux-gnu","completed":56,"hal_peak":6208,"peak_within_bounded":true,"admitted_budget_bytes":6208,"peak_within_admitted_budget":true,"admission_mode":"conditional_map","hal_bytes_per_call_amortized":3693.7,"process_rss_kb":6996,"process_rss_delta_init_kb":612,"max_active_calls":1,"active_calls_now":0,"call_counter_balanced":true}
EVS Port1 1980-012-14:10:05.67848 66/1/AI_LEARNER 4: AI_LEARNER completed=57/57 mean=22397.7us max=58183.7us hal_peak=6208 within_bounded=1
{"app":"AI_LEARNER","stage":"run","model":"b3_deepae","target":"aarch64-unknown-linux-gnu","attempted":57,"completed":57,"fail_input":0,"fail_invoke":0,"fail_output":0,"mean_us":22397.73,"max_us":58183.74,"last_us":21580.93,"out0":-34.90329,"out_elems":640,"out_sha256":"54e4bf28460dbd3a8da85f77ed3762bd1a812232000e22cdb933601377062450","out_head":[-34.903290,-19.268223,-10.719254,-6.073514,-3.169238,1.479501],"out_tail":[-19.601124,-18.186838,-18.764919,-20.381744,-29.053598,-42.503880],"out_full_file":"/cf/last_out.json","out_full_file_bytes":7045,"out_full_file_reason":"ok","out_record_truncates":false}
{"app":"AI_LEARNER","stage":"mem","model":"b3_deepae","target":"aarch64-unknown-linux-gnu","completed":57,"hal_peak":6208,"peak_within_bounded":true,"admitted_budget_bytes":6208,"peak_within_admitted_budget":true,"admission_mode":"conditional_map","hal_bytes_per_call_amortized":3692.9,"process_rss_kb":6996,"process_rss_delta_init_kb":612,"max_active_calls":1,"active_calls_now":0,"call_counter_balanced":true}
.EVS Port1 1980-012-14:10:09.69618 66/1/AI_LEARNER 4: AI_LEARNER completed=58/58 mean=22465.2us max=58183.7us hal_peak=6208 within_bounded=1
{"app":"AI_LEARNER","stage":"run","model":"b3_deepae","target":"aarch64-unknown-linux-gnu","attempted":58,"completed":58,"fail_input":0,"fail_invoke":0,"fail_output":0,"mean_us":22465.17,"max_us":58183.74,"last_us":26309.09,"out0":-34.90329,"out_elems":640,"out_sha256":"54e4bf28460dbd3a8da85f77ed3762bd1a812232000e22cdb933601377062450","out_head":[-34.903290,-19.268223,-10.719254,-6.073514,-3.169238,1.479501],"out_tail":[-19.601124,-18.186838,-18.764919,-20.381744,-29.053598,-42.503880],"out_full_file":"/cf/last_out.json","out_full_file_bytes":7045,"out_full_file_reason":"ok","out_record_truncates":false}
{"app":"AI_LEARNER","stage":"mem","model":"b3_deepae","target":"aarch64-unknown-linux-gnu","completed":58,"hal_peak":6208,"peak_within_bounded":true,"admitted_budget_bytes":6208,"peak_within_admitted_budget":true,"admission_mode":"conditional_map","hal_bytes_per_call_amortized":3692.1,"process_rss_kb":6996,"process_rss_delta_init_kb":612,"max_active_calls":1,"active_calls_now":0,"call_counter_balanced":true}
.EVS Port1 1980-012-14:10:13.68833 66/1/AI_LEARNER 4: AI_LEARNER completed=59/59 mean=22445.4us max=58183.7us hal_peak=6208 within_bounded=1
{"app":"AI_LEARNER","stage":"run","model":"b3_deepae","target":"aarch64-unknown-linux-gnu","attempted":59,"completed":59,"fail_input":0,"fail_invoke":0,"fail_output":0,"mean_us":22445.35,"max_us":58183.74,"last_us":21295.95,"out0":-34.90329,"out_elems":640,"out_sha256":"54e4bf28460dbd3a8da85f77ed3762bd1a812232000e22cdb933601377062450","out_head":[-34.903290,-19.268223,-10.719254,-6.073514,-3.169238,1.479501],"out_tail":[-19.601124,-18.186838,-18.764919,-20.381744,-29.053598,-42.503880],"out_full_file":"/cf/last_out.json","out_full_file_bytes":7045,"out_full_file_reason":"ok","out_record_truncates":false}
{"app":"AI_LEARNER","stage":"mem","model":"b3_deepae","target":"aarch64-unknown-linux-gnu","completed":59,"hal_peak":6208,"peak_within_bounded":true,"admitted_budget_bytes":6208,"peak_within_admitted_budget":true,"admission_mode":"conditional_map","hal_bytes_per_call_amortized":3691.4,"process_rss_kb":6996,"process_rss_delta_init_kb":612,"max_active_calls":1,"active_calls_now":0,"call_counter_balanced":true}
EVS Port1 1980-012-14:10:17.68688 66/1/AI_LEARNER 4: AI_LEARNER completed=60/60 mean=22269.9us max=58183.7us hal_peak=6208 within_bounded=1
{"app":"AI_LEARNER","stage":"run","model":"b3_deepae","target":"aarch64-unknown-linux-gnu","attempted":60,"completed":60,"fail_input":0,"fail_invoke":0,"fail_output":0,"mean_us":22269.86,"max_us":58183.74,"last_us":11915.94,"out0":-34.90329,"out_elems":640,"out_sha256":"54e4bf28460dbd3a8da85f77ed3762bd1a812232000e22cdb933601377062450","out_head":[-34.903290,-19.268223,-10.719254,-6.073514,-3.169238,1.479501],"out_tail":[-19.601124,-18.186838,-18.764919,-20.381744,-29.053598,-42.503880],"out_full_file":"/cf/last_out.json","out_full_file_bytes":7045,"out_full_file_reason":"ok","out_record_truncates":false}
{"app":"AI_LEARNER","stage":"mem","model":"b3_deepae","target":"aarch64-unknown-linux-gnu","completed":60,"hal_peak":6208,"peak_within_bounded":true,"admitted_budget_bytes":6208,"peak_within_admitted_budget":true,"admission_mode":"conditional_map","hal_bytes_per_call_amortized":3690.7,"process_rss_kb":6996,"process_rss_delta_init_kb":612,"max_active_calls":1,"active_calls_now":0,"call_counter_balanced":true}
.EVS Port1 1980-012-14:10:21.66596 66/1/AI_LEARNER 4: AI_LEARNER completed=61/61 mean=22066.9us max=58183.7us hal_peak=6208 within_bounded=1
{"app":"AI_LEARNER","stage":"run","model":"b3_deepae","target":"aarch64-unknown-linux-gnu","attempted":61,"completed":61,"fail_input":0,"fail_invoke":0,"fail_output":0,"mean_us":22066.88,"max_us":58183.74,"last_us":9888.00,"out0":-34.90329,"out_elems":640,"out_sha256":"54e4bf28460dbd3a8da85f77ed3762bd1a812232000e22cdb933601377062450","out_head":[-34.903290,-19.268223,-10.719254,-6.073514,-3.169238,1.479501],"out_tail":[-19.601124,-18.186838,-18.764919,-20.381744,-29.053598,-42.503880],"out_full_file":"/cf/last_out.json","out_full_file_bytes":7045,"out_full_file_reason":"ok","out_record_truncates":false}
{"app":"AI_LEARNER","stage":"mem","model":"b3_deepae","target":"aarch64-unknown-linux-gnu","completed":61,"hal_peak":6208,"peak_within_bounded":true,"admitted_budget_bytes":6208,"peak_within_admitted_budget":true,"admission_mode":"conditional_map","hal_bytes_per_call_amortized":3690.0,"process_rss_kb":6996,"process_rss_delta_init_kb":612,"max_active_calls":1,"active_calls_now":0,"call_counter_balanced":true}
.EVS Port1 1980-012-14:10:25.67214 66/1/AI_LEARNER 4: AI_LEARNER completed=62/62 mean=21965.0us max=58183.7us hal_peak=6208 within_bounded=1
{"app":"AI_LEARNER","stage":"run","model":"b3_deepae","target":"aarch64-unknown-linux-gnu","attempted":62,"completed":62,"fail_input":0,"fail_invoke":0,"fail_output":0,"mean_us":21965.02,"max_us":58183.74,"last_us":15751.63,"out0":-34.90329,"out_elems":640,"out_sha256":"54e4bf28460dbd3a8da85f77ed3762bd1a812232000e22cdb933601377062450","out_head":[-34.903290,-19.268223,-10.719254,-6.073514,-3.169238,1.479501],"out_tail":[-19.601124,-18.186838,-18.764919,-20.381744,-29.053598,-42.503880],"out_full_file":"/cf/last_out.json","out_full_file_bytes":7045,"out_full_file_reason":"ok","out_record_truncates":false}
{"app":"AI_LEARNER","stage":"mem","model":"b3_deepae","target":"aarch64-unknown-linux-gnu","completed":62,"hal_peak":6208,"peak_within_bounded":true,"admitted_budget_bytes":6208,"peak_within_admitted_budget":true,"admission_mode":"conditional_map","hal_bytes_per_call_amortized":3689.3,"process_rss_kb":6996,"process_rss_delta_init_kb":612,"max_active_calls":1,"active_calls_now":0,"call_counter_balanced":true}
EVS Port1 1980-012-14:10:29.67449 66/1/AI_LEARNER 4: AI_LEARNER completed=63/63 mean=21879.2us max=58183.7us hal_peak=6208 within_bounded=1
{"app":"AI_LEARNER","stage":"run","model":"b3_deepae","target":"aarch64-unknown-linux-gnu","attempted":63,"completed":63,"fail_input":0,"fail_invoke":0,"fail_output":0,"mean_us":21879.22,"max_us":58183.74,"last_us":16559.62,"out0":-34.90329,"out_elems":640,"out_sha256":"54e4bf28460dbd3a8da85f77ed3762bd1a812232000e22cdb933601377062450","out_head":[-34.903290,-19.268223,-10.719254,-6.073514,-3.169238,1.479501],"out_tail":[-19.601124,-18.186838,-18.764919,-20.381744,-29.053598,-42.503880],"out_full_file":"/cf/last_out.json","out_full_file_bytes":7045,"out_full_file_reason":"ok","out_record_truncates":false}
{"app":"AI_LEARNER","stage":"mem","model":"b3_deepae","target":"aarch64-unknown-linux-gnu","completed":63,"hal_peak":6208,"peak_within_bounded":true,"admitted_budget_bytes":6208,"peak_within_admitted_budget":true,"admission_mode":"conditional_map","hal_bytes_per_call_amortized":3688.6,"process_rss_kb":6996,"process_rss_delta_init_kb":612,"max_active_calls":1,"active_calls_now":0,"call_counter_balanced":true}
.EVS Port1 1980-012-14:10:33.68038 66/1/AI_LEARNER 4: AI_LEARNER completed=64/64 mean=21772.4us max=58183.7us hal_peak=6208 within_bounded=1
{"app":"AI_LEARNER","stage":"run","model":"b3_deepae","target":"aarch64-unknown-linux-gnu","attempted":64,"completed":64,"fail_input":0,"fail_invoke":0,"fail_output":0,"mean_us":21772.44,"max_us":58183.74,"last_us":15045.42,"out0":-34.90329,"out_elems":640,"out_sha256":"54e4bf28460dbd3a8da85f77ed3762bd1a812232000e22cdb933601377062450","out_head":[-34.903290,-19.268223,-10.719254,-6.073514,-3.169238,1.479501],"out_tail":[-19.601124,-18.186838,-18.764919,-20.381744,-29.053598,-42.503880],"out_full_file":"/cf/last_out.json","out_full_file_bytes":7045,"out_full_file_reason":"ok","out_record_truncates":false}
{"app":"AI_LEARNER","stage":"mem","model":"b3_deepae","target":"aarch64-unknown-linux-gnu","completed":64,"hal_peak":6208,"peak_within_bounded":true,"admitted_budget_bytes":6208,"peak_within_admitted_budget":true,"admission_mode":"conditional_map","hal_bytes_per_call_amortized":3688.0,"process_rss_kb":6996,"process_rss_delta_init_kb":612,"max_active_calls":1,"active_calls_now":0,"call_counter_balanced":true}
.EVS Port1 1980-012-14:10:37.67852 66/1/AI_LEARNER 4: AI_LEARNER completed=65/65 mean=21707.8us max=58183.7us hal_peak=6208 within_bounded=1
{"app":"AI_LEARNER","stage":"run","model":"b3_deepae","target":"aarch64-unknown-linux-gnu","attempted":65,"completed":65,"fail_input":0,"fail_invoke":0,"fail_output":0,"mean_us":21707.84,"max_us":58183.74,"last_us":17573.33,"out0":-34.90329,"out_elems":640,"out_sha256":"54e4bf28460dbd3a8da85f77ed3762bd1a812232000e22cdb933601377062450","out_head":[-34.903290,-19.268223,-10.719254,-6.073514,-3.169238,1.479501],"out_tail":[-19.601124,-18.186838,-18.764919,-20.381744,-29.053598,-42.503880],"out_full_file":"/cf/last_out.json","out_full_file_bytes":7045,"out_full_file_reason":"ok","out_record_truncates":false}
{"app":"AI_LEARNER","stage":"mem","model":"b3_deepae","target":"aarch64-unknown-linux-gnu","completed":65,"hal_peak":6208,"peak_within_bounded":true,"admitted_budget_bytes":6208,"peak_within_admitted_budget":true,"admission_mode":"conditional_map","hal_bytes_per_call_amortized":3687.4,"process_rss_kb":6996,"process_rss_delta_init_kb":612,"max_active_calls":1,"active_calls_now":0,"call_counter_balanced":true}
EVS Port1 1980-012-14:10:41.68157 66/1/AI_LEARNER 4: AI_LEARNER completed=66/66 mean=21739.4us max=58183.7us hal_peak=6208 within_bounded=1
{"app":"AI_LEARNER","stage":"run","model":"b3_deepae","target":"aarch64-unknown-linux-gnu","attempted":66,"completed":66,"fail_input":0,"fail_invoke":0,"fail_output":0,"mean_us":21739.37,"max_us":58183.74,"last_us":23788.67,"out0":-34.90329,"out_elems":640,"out_sha256":"54e4bf28460dbd3a8da85f77ed3762bd1a812232000e22cdb933601377062450","out_head":[-34.903290,-19.268223,-10.719254,-6.073514,-3.169238,1.479501],"out_tail":[-19.601124,-18.186838,-18.764919,-20.381744,-29.053598,-42.503880],"out_full_file":"/cf/last_out.json","out_full_file_bytes":7045,"out_full_file_reason":"ok","out_record_truncates":false}
{"app":"AI_LEARNER","stage":"mem","model":"b3_deepae","target":"aarch64-unknown-linux-gnu","completed":66,"hal_peak":6208,"peak_within_bounded":true,"admitted_budget_bytes":6208,"peak_within_admitted_budget":true,"admission_mode":"conditional_map","hal_bytes_per_call_amortized":3686.8,"process_rss_kb":6996,"process_rss_delta_init_kb":612,"max_active_calls":1,"active_calls_now":0,"call_counter_balanced":true}
.EVS Port1 1980-012-14:10:45.00500 66/1/CFE_TIME 21: Stop FLYWHEEL
EVS Port1 1980-012-14:10:45.68548 66/1/AI_LEARNER 4: AI_LEARNER completed=67/67 mean=21668.5us max=58183.7us hal_peak=6208 within_bounded=1
{"app":"AI_LEARNER","stage":"run","model":"b3_deepae","target":"aarch64-unknown-linux-gnu","attempted":67,"completed":67,"fail_input":0,"fail_invoke":0,"fail_output":0,"mean_us":21668.47,"max_us":58183.74,"last_us":16989.49,"out0":-34.90329,"out_elems":640,"out_sha256":"54e4bf28460dbd3a8da85f77ed3762bd1a812232000e22cdb933601377062450","out_head":[-34.903290,-19.268223,-10.719254,-6.073514,-3.169238,1.479501],"out_tail":[-19.601124,-18.186838,-18.764919,-20.381744,-29.053598,-42.503880],"out_full_file":"/cf/last_out.json","out_full_file_bytes":7045,"out_full_file_reason":"ok","out_record_truncates":false}
{"app":"AI_LEARNER","stage":"mem","model":"b3_deepae","target":"aarch64-unknown-linux-gnu","completed":67,"hal_peak":6208,"peak_within_bounded":true,"admitted_budget_bytes":6208,"peak_within_admitted_budget":true,"admission_mode":"conditional_map","hal_bytes_per_call_amortized":3686.2,"process_rss_kb":6996,"process_rss_delta_init_kb":612,"max_active_calls":1,"active_calls_now":0,"call_counter_balanced":true}
EVS Port1 1980-012-14:10:45.99304 66/1/CFE_TIME 20: Start FLYWHEEL
.EVS Port1 1980-012-14:10:49.67239 66/1/AI_LEARNER 4: AI_LEARNER completed=68/68 mean=21538.0us max=58183.7us hal_peak=6208 within_bounded=1
{"app":"AI_LEARNER","stage":"run","model":"b3_deepae","target":"aarch64-unknown-linux-gnu","attempted":68,"completed":68,"fail_input":0,"fail_invoke":0,"fail_output":0,"mean_us":21537.98,"max_us":58183.74,"last_us":12795.02,"out0":-34.90329,"out_elems":640,"out_sha256":"54e4bf28460dbd3a8da85f77ed3762bd1a812232000e22cdb933601377062450","out_head":[-34.903290,-19.268223,-10.719254,-6.073514,-3.169238,1.479501],"out_tail":[-19.601124,-18.186838,-18.764919,-20.381744,-29.053598,-42.503880],"out_full_file":"/cf/last_out.json","out_full_file_bytes":7045,"out_full_file_reason":"ok","out_record_truncates":false}
{"app":"AI_LEARNER","stage":"mem","model":"b3_deepae","target":"aarch64-unknown-linux-gnu","completed":68,"hal_peak":6208,"peak_within_bounded":true,"admitted_budget_bytes":6208,"peak_within_admitted_budget":true,"admission_mode":"conditional_map","hal_bytes_per_call_amortized":3685.6,"process_rss_kb":6996,"process_rss_delta_init_kb":612,"max_active_calls":1,"active_calls_now":0,"call_counter_balanced":true}
EVS Port1 1980-012-14:10:53.70236 66/1/AI_LEARNER 4: AI_LEARNER completed=69/69 mean=21711.7us max=58183.7us hal_peak=6208 within_bounded=1
{"app":"AI_LEARNER","stage":"run","model":"b3_deepae","target":"aarch64-unknown-linux-gnu","attempted":69,"completed":69,"fail_input":0,"fail_invoke":0,"fail_output":0,"mean_us":21711.74,"max_us":58183.74,"last_us":33527.36,"out0":-34.90329,"out_elems":640,"out_sha256":"54e4bf28460dbd3a8da85f77ed3762bd1a812232000e22cdb933601377062450","out_head":[-34.903290,-19.268223,-10.719254,-6.073514,-3.169238,1.479501],"out_tail":[-19.601124,-18.186838,-18.764919,-20.381744,-29.053598,-42.503880],"out_full_file":"/cf/last_out.json","out_full_file_bytes":7045,"out_full_file_reason":"ok","out_record_truncates":false}
{"app":"AI_LEARNER","stage":"mem","model":"b3_deepae","target":"aarch64-unknown-linux-gnu","completed":69,"hal_peak":6208,"peak_within_bounded":true,"admitted_budget_bytes":6208,"peak_within_admitted_budget":true,"admission_mode":"conditional_map","hal_bytes_per_call_amortized":3685.1,"process_rss_kb":6996,"process_rss_delta_init_kb":612,"max_active_calls":1,"active_calls_now":0,"call_counter_balanced":true}
.EVS Port1 1980-012-14:10:57.69961 66/1/AI_LEARNER 4: AI_LEARNER completed=70/70 mean=21717.5us max=58183.7us hal_peak=6208 within_bounded=1
{"app":"AI_LEARNER","stage":"run","model":"b3_deepae","target":"aarch64-unknown-linux-gnu","attempted":70,"completed":70,"fail_input":0,"fail_invoke":0,"fail_output":0,"mean_us":21717.53,"max_us":58183.74,"last_us":22117.09,"out0":-34.90329,"out_elems":640,"out_sha256":"54e4bf28460dbd3a8da85f77ed3762bd1a812232000e22cdb933601377062450","out_head":[-34.903290,-19.268223,-10.719254,-6.073514,-3.169238,1.479501],"out_tail":[-19.601124,-18.186838,-18.764919,-20.381744,-29.053598,-42.503880],"out_full_file":"/cf/last_out.json","out_full_file_bytes":7045,"out_full_file_reason":"ok","out_record_truncates":false}
{"app":"AI_LEARNER","stage":"mem","model":"b3_deepae","target":"aarch64-unknown-linux-gnu","completed":70,"hal_peak":6208,"peak_within_bounded":true,"admitted_budget_bytes":6208,"peak_within_admitted_budget":true,"admission_mode":"conditional_map","hal_bytes_per_call_amortized":3684.6,"process_rss_kb":6996,"process_rss_delta_init_kb":612,"max_active_calls":1,"active_calls_now":0,"call_counter_balanced":true}
.EVS Port1 1980-012-14:11:01.68664 66/1/AI_LEARNER 4: AI_LEARNER completed=71/71 mean=21636.6us max=58183.7us hal_peak=6208 within_bounded=1
{"app":"AI_LEARNER","stage":"run","model":"b3_deepae","target":"aarch64-unknown-linux-gnu","attempted":71,"completed":71,"fail_input":0,"fail_invoke":0,"fail_output":0,"mean_us":21636.63,"max_us":58183.74,"last_us":15973.38,"out0":-34.90329,"out_elems":640,"out_sha256":"54e4bf28460dbd3a8da85f77ed3762bd1a812232000e22cdb933601377062450","out_head":[-34.903290,-19.268223,-10.719254,-6.073514,-3.169238,1.479501],"out_tail":[-19.601124,-18.186838,-18.764919,-20.381744,-29.053598,-42.503880],"out_full_file":"/cf/last_out.json","out_full_file_bytes":7045,"out_full_file_reason":"ok","out_record_truncates":false}
{"app":"AI_LEARNER","stage":"mem","model":"b3_deepae","target":"aarch64-unknown-linux-gnu","completed":71,"hal_peak":6208,"peak_within_bounded":true,"admitted_budget_bytes":6208,"peak_within_admitted_budget":true,"admission_mode":"conditional_map","hal_bytes_per_call_amortized":3684.1,"process_rss_kb":6996,"process_rss_delta_init_kb":612,"max_active_calls":1,"active_calls_now":0,"call_counter_balanced":true}
EVS Port1 1980-012-14:11:05.67382 66/1/AI_LEARNER 4: AI_LEARNER completed=72/72 mean=21554.9us max=58183.7us hal_peak=6208 within_bounded=1
{"app":"AI_LEARNER","stage":"run","model":"b3_deepae","target":"aarch64-unknown-linux-gnu","attempted":72,"completed":72,"fail_input":0,"fail_invoke":0,"fail_output":0,"mean_us":21554.94,"max_us":58183.74,"last_us":15754.94,"out0":-34.90329,"out_elems":640,"out_sha256":"54e4bf28460dbd3a8da85f77ed3762bd1a812232000e22cdb933601377062450","out_head":[-34.903290,-19.268223,-10.719254,-6.073514,-3.169238,1.479501],"out_tail":[-19.601124,-18.186838,-18.764919,-20.381744,-29.053598,-42.503880],"out_full_file":"/cf/last_out.json","out_full_file_bytes":7045,"out_full_file_reason":"ok","out_record_truncates":false}
{"app":"AI_LEARNER","stage":"mem","model":"b3_deepae","target":"aarch64-unknown-linux-gnu","completed":72,"hal_peak":6208,"peak_within_bounded":true,"admitted_budget_bytes":6208,"peak_within_admitted_budget":true,"admission_mode":"conditional_map","hal_bytes_per_call_amortized":3683.6,"process_rss_kb":6996,"process_rss_delta_init_kb":612,"max_active_calls":1,"active_calls_now":0,"call_counter_balanced":true}
.EVS Port1 1980-012-14:11:09.68339 66/1/AI_LEARNER 4: AI_LEARNER completed=73/73 mean=21615.2us max=58183.7us hal_peak=6208 within_bounded=1
{"app":"AI_LEARNER","stage":"run","model":"b3_deepae","target":"aarch64-unknown-linux-gnu","attempted":73,"completed":73,"fail_input":0,"fail_invoke":0,"fail_output":0,"mean_us":21615.16,"max_us":58183.74,"last_us":25951.25,"out0":-34.90329,"out_elems":640,"out_sha256":"54e4bf28460dbd3a8da85f77ed3762bd1a812232000e22cdb933601377062450","out_head":[-34.903290,-19.268223,-10.719254,-6.073514,-3.169238,1.479501],"out_tail":[-19.601124,-18.186838,-18.764919,-20.381744,-29.053598,-42.503880],"out_full_file":"/cf/last_out.json","out_full_file_bytes":7045,"out_full_file_reason":"ok","out_record_truncates":false}
{"app":"AI_LEARNER","stage":"mem","model":"b3_deepae","target":"aarch64-unknown-linux-gnu","completed":73,"hal_peak":6208,"peak_within_bounded":true,"admitted_budget_bytes":6208,"peak_within_admitted_budget":true,"admission_mode":"conditional_map","hal_bytes_per_call_amortized":3683.1,"process_rss_kb":6996,"process_rss_delta_init_kb":612,"max_active_calls":1,"active_calls_now":0,"call_counter_balanced":true}
.EVS Port1 1980-012-14:11:13.66989 66/1/AI_LEARNER 4: AI_LEARNER completed=74/74 mean=21502.1us max=58183.7us hal_peak=6208 within_bounded=1
{"app":"AI_LEARNER","stage":"run","model":"b3_deepae","target":"aarch64-unknown-linux-gnu","attempted":74,"completed":74,"fail_input":0,"fail_invoke":0,"fail_output":0,"mean_us":21502.10,"max_us":58183.74,"last_us":13248.90,"out0":-34.90329,"out_elems":640,"out_sha256":"54e4bf28460dbd3a8da85f77ed3762bd1a812232000e22cdb933601377062450","out_head":[-34.903290,-19.268223,-10.719254,-6.073514,-3.169238,1.479501],"out_tail":[-19.601124,-18.186838,-18.764919,-20.381744,-29.053598,-42.503880],"out_full_file":"/cf/last_out.json","out_full_file_bytes":7045,"out_full_file_reason":"ok","out_record_truncates":false}
{"app":"AI_LEARNER","stage":"mem","model":"b3_deepae","target":"aarch64-unknown-linux-gnu","completed":74,"hal_peak":6208,"peak_within_bounded":true,"admitted_budget_bytes":6208,"peak_within_admitted_budget":true,"admission_mode":"conditional_map","hal_bytes_per_call_amortized":3682.6,"process_rss_kb":6996,"process_rss_delta_init_kb":612,"max_active_calls":1,"active_calls_now":0,"call_counter_balanced":true}
1980-012-14:11:14.53132 CFE_ES_RunExceptionScan: ExceptionID 0x1110001 in TaskID 0: Caught SIGINT
1980-012-14:11:14.53164 CFE_ES_RunExceptionScan: Processor Reset count not reached (1/2)
CFE_PSP: Exiting cFE with PROCESSOR Reset status.

CFE_PSP: Shutdown initiated - Exiting cFE
CI delete callback -- Closing CI Network socket.
TO delete callback -- Closing TO Network socket.
EXIT=124
