OS_BSP_Initialize():Maximum user msg queue depth = 512
CFE_PSP: Default Reset SubType = 1
CFE_PSP: Default CPU ID = 1
CFE_PSP: Default Spacecraft ID = 66
CFE_PSP: Default CPU Name: cpu1
OS_Posix_GetSchedulerParams():208:Policy 1: available, min-max: 1-99
OS_Posix_GetSchedulerParams():208:Policy 2: available, min-max: 1-99
OS_Posix_TaskAPI_Impl_Init():401:Selected policy 2 for RT tasks, root task = 99
OS_Posix_TaskAPI_Impl_Init():419:Could not setschedparam in main thread: Operation not permitted (1)
CFE_PSP: initializing module 'soft_timebase' with ID 0110ff00
CFE_PSP: Instantiated software timebase 'cFS-Master' running at 10000 usec
CFE_PSP: initializing module 'timebase_posix_clock' with ID 0110ff01
CFE_PSP: Using POSIX monotonic clock as CFE timebase
CFE_PSP: initializing module 'eeprom_mmap_file' with ID 0110ff02
CFE_PSP: Using MMAP simulated EEPROM implementation
CFE_PSP: initializing module 'port_notimpl' with ID 0110ff03
CFE_PSP: I/O Port access not implemented
CFE_PSP: EEPROM Range (2) created: Start Address = E98BC36DE000, Size = 00080000 Status = 0
CFE_PSP: initializing module 'iodriver' with ID 0110ff04
CFE_PSP: initializing module 'linux_sysmon' with ID 0110ff05
CFE_PSP: initializing module 'endian_api' with ID 0110ff06
CFE_PSP: Host CPU Endian=LITTLE
CFE_PSP: initializing module 'ram_notimpl' with ID 0110ff07
CFE_PSP: Physical RAM access not implemented
CFE_PSP: Normal exit from previous cFE instance
CFE_PSP: Starting the cFE with a PROCESSOR reset.
1980-001-01:01:42.57159 CFE_ES_Main: CFE_ES_Main in EARLY_INIT state
1980-001-01:01:42.58530 CFE_ES_InitializeFileSystems: Volatile Disk has 100 Percent free space.
Number of addresses returned by backtrace = 1
CFE_PSP: CFE_PSP_AttachExceptions called
1980-001-01:01:42.61367 CFE_ES_Main: CFE_ES_Main entering CORE_STARTUP state
1980-001-01:01:42.61395 CFE_ES_CreateObjects: Starting Object Creation calls.
1980-001-01:01:42.61511 CFE_ES_CreateObjects: Calling EarlyInit for CFE_CONFIG
1980-001-01:01:42.61993 CFE_ES_CreateObjects: Calling EarlyInit for CFE_ES
1980-001-01:01:42.62475 CFE_ES_CreateObjects: Calling EarlyInit for CFE_EVS
1980-001-01:01:42.62864 CFE_EVS_EarlyInit: Event Log restored, n=0, c=20, f=1, m=1, o=58
1980-001-01:01:42.62900 CFE_ES_CreateObjects: Calling EarlyInit for CFE_FS
1980-001-01:01:42.63067 CFE_ES_CreateObjects: Calling EarlyInit for CFE_SB
1980-001-01:01:42.64799 CFE_ES_CreateObjects: Calling EarlyInit for CFE_TBL
1980-001-01:01:42.66487 CFE_ES_CreateObjects: Calling EarlyInit for CFE_TIME
EVS Port1 1980-012-14:04:45.35556 66/1/CFE_ES 1: cFE ES Initialized: CFE_ES v7.0.1+dev1 (Draco) DEV BUILD, based on v7.0.1, EDS disabled
EVS Port1 1980-012-14:04:45.36265 66/1/CFE_ES 2: cFS Versions: cfe v7.0.1+dev1, osal v7.0.1+dev1, psp v7.0.1+dev1. cFE chksm 31659
EVS Port1 1980-012-14:04:45.36456 66/1/CFE_ES 91: Version Info: Mission SampleMission, version git:v7.0.1-90-g78c23b0-dirty
EVS Port1 1980-012-14:04:45.36506 66/1/CFE_ES 91: Version Info: Module CORE_API, version git:2612eb0
EVS Port1 1980-012-14:04:45.36653 66/1/CFE_ES 91: Version Info: Module CONFIG, version git:2612eb0
EVS Port1 1980-012-14:04:45.36694 66/1/CFE_ES 91: Version Info: Module ES, version git:2612eb0
EVS Port1 1980-012-14:04:45.36712 66/1/CFE_ES 91: Version Info: Module EVS, version git:2612eb0
EVS Port1 1980-012-14:04:45.36868 66/1/CFE_ES 91: Version Info: Module FS, version git:2612eb0
EVS Port1 1980-012-14:04:45.36894 66/1/CFE_ES 91: Version Info: Module SB, version git:2612eb0
EVS Port1 1980-012-14:04:45.36904 66/1/CFE_ES 91: Version Info: Module TBL, version git:2612eb0
EVS Port1 1980-012-14:04:45.36912 66/1/CFE_ES 91: Version Info: Module TIME, version git:2612eb0
EVS Port1 1980-012-14:04:45.37049 66/1/CFE_ES 91: Version Info: Module OSAL, version git:8111e4a
EVS Port1 1980-012-14:04:45.37179 66/1/CFE_ES 91: Version Info: Module PSP, version git:d1da809
EVS Port1 1980-012-14:04:45.37214 66/1/CFE_ES 91: Version Info: Module MSG, version git:2612eb0
EVS Port1 1980-012-14:04:45.37371 66/1/CFE_ES 91: Version Info: Module SBR, version git:2612eb0
EVS Port1 1980-012-14:04:45.37400 66/1/CFE_ES 91: Version Info: Module RESOURCEID, version git:2612eb0
EVS Port1 1980-012-14:04:45.37567 66/1/CFE_ES 92: Build 202609120624 by root@vm, config aarch64
EVS Port1 1980-012-14:04:45.45033 66/1/CFE_EVS 1: cFE EVS Initialized: CFE_EVS v7.0.1+dev1 (Draco) DEV BUILD, based on v7.0.1, EDS disabled
1980-012-14:04:45.55456 CFE_SB_AppInit: Registered 4 events for filtering
EVS Port1 1980-012-14:04:45.56156 66/1/CFE_SB 1: cFE SB Initialized: CFE_SB v7.0.1+dev1 (Draco) DEV BUILD, based on v7.0.1, EDS disabled
EVS Port1 1980-012-14:04:45.56501 66/1/CFE_SB 14: No subscribers for MsgId 0x808,sender CFE_SB
EVS Port1 1980-012-14:04:45.66754 66/1/CFE_TBL 1: cFE TBL Initialized: CFE_TBL v7.0.1+dev1 (Draco) DEV BUILD, based on v7.0.1, EDS disabled
EVS Port1 1980-012-14:04:45.67195 66/1/CFE_SB 14: No subscribers for MsgId 0x808,sender CFE_TBL
EVS Port1 1980-012-14:04:45.78572 66/1/CFE_TIME 1: cFE TIME Initialized: CFE_TIME v7.0.1+dev1 (Draco) DEV BUILD, based on v7.0.1, EDS disabled
EVS Port1 1980-012-14:04:45.78756 66/1/CFE_SB 14: No subscribers for MsgId 0x808,sender CFE_TIME
1980-012-14:04:45.81997 CFE_ES_CreateObjects: Finished ES CreateObject table entries.
1980-012-14:04:45.82163 CFE_ES_Main: CFE_ES_Main entering CORE_READY state
OS_FileOpen_Impl():110:open(/dev/shm/osal:RAM/cfe_es_startup.scr): No such file or directory
1980-012-14:04:45.83098 CFE_ES_OpenStartupScript: Cannot Open Volatile Startup file: /ram/cfe_es_startup.scr, Trying Nonvolatile.
1980-012-14:04:45.83403 CFE_ES_OpenStartupScript: Opened ES App Startup file: /cf/cfe_es_startup.scr
1980-012-14:04:45.86915 CFE_ES_ParseFileEntry: Loading shared library: /cf/cfe_assert.so
1980-012-14:04:45.89021 [BEGIN] CFE FUNCTIONAL TEST
1980-012-14:04:45.89292 [BEGIN] 01 CFE-STARTUP
1980-012-14:04:45.91751 CFE_ES_ParseFileEntry: Loading shared library: /cf/sample_lib.so
SAMPLE Lib Initialized.Sample Lib v7.0.0+dev1 (Draco) DEV BUILD, based on v7.0.1, EDS disabled
1980-012-14:04:45.96213 CFE_ES_ParseFileEntry: Loading file: /cf/sch_lab.so, APP: SCH_LAB
1980-012-14:04:46.00238 CFE_ES_ParseFileEntry: Loading file: /cf/ci_lab.so, APP: CI_LAB
1980-012-14:04:46.05300 CFE_ES_ParseFileEntry: Loading file: /cf/to_lab.so, APP: TO_LAB
SCH Lab Initialized.SCH Lab v7.0.1+dev1 (Draco) DEV BUILD, based on v7.0.1, EDS disabled
1980-012-14:04:46.15203 CFE_ES_ParseFileEntry: Loading file: /cf/sample_app.so, APP: SAMPLE_APP
EVS Port1 1980-012-14:04:46.17977 66/1/TO_LAB 1: TO Lab Initialized.TO Lab v7.0.1+dev1 (Draco) DEV BUILD, based on v7.0.1, EDS disabled, Awaiting enable command.
EVS Port1 1980-012-14:04:46.18292 66/1/CFE_SB 14: No subscribers for MsgId 0x808,sender TO_LAB
1980-012-14:04:46.18776 CI_LAB listening on UDP port: 1234
EVS Port1 1980-012-14:04:46.19009 66/1/CI_LAB 3: CI Lab Initialized.CI Lab App v7.0.1+dev1 (Draco) DEV BUILD, based on v7.0.1, EDS disabled
1980-012-14:04:46.21948 CFE_ES_ParseFileEntry: Loading file: /cf/ai_learner.so, APP: AI_LEARNER
EVS Port1 1980-012-14:04:46.26277 66/1/SAMPLE_APP 1: Sample App Initialized.Sample App v7.0.0+dev1 (Draco) DEV BUILD, based on v7.0.1, EDS disabled
1980-012-14:04:46.26801 CFE_ES_ParseFileEntry: Loading file: /cf/lc.so, APP: LC
{"app":"AI_LEARNER","stage":"build_config","model":"wgan","allow_conditional_map":0,"contract_bounded_bytes":135666432,"contract_per_call_bytes":131382784,"contract_const_bytes":4283648,"contract_bound_known":true,"contract_artifact_sha256":"e382429cbfbf580356379365fa67a8a2b01b47d58ec4e04b4a4c14165be2e102"}
{"app":"AI_LEARNER","stage":"stack","es_stack_size":263024,"stack_base_bytes":262144,"contract_kernel_stack_bytes":880,"kernel_stack_accounted":true}
{"app":"AI_LEARNER","stage":"admission","verdict":"ADMIT","model":"wgan","target":"aarch64-unknown-linux-gnu","bounded":135666432,"budget":135666432,"budget_source":"override","per_call":131382784,"constants":4283648,"kernel_stack_bytes":880,"bound_known":true,"scope":"per_app_local_budget"}
EVS Port1 1980-012-14:04:46.30996 66/1/AI_LEARNER 8: AI_LEARNER stack: es=263024 base=262144 kernel=880 accounted=1
1980-012-14:04:46.31116 CFE_ES_ParseFileEntry: Loading file: /cf/cf.so, APP: CF
EVS Port1 1980-012-14:04:46.37161 66/1/LC 56: WDT verify results: good = 0, bad = 0, unused = 176
EVS Port1 1980-012-14:04:46.38768 66/1/LC 66: ADT verify results: good = 0, bad = 0, unused = 176
EVS Port1 1980-012-14:04:46.40151 66/1/LC 23: LC use of Critical Data Store disabled, activity mask = 0x00991990
EVS Port1 1980-012-14:04:46.40647 66/1/LC 2: LC Initialized. Version 7.0.1.255
1980-012-14:04:46.42572 CFE_ES_ParseFileEntry: Loading file: /cf/ds.so, APP: DS
EVS Port1 1980-012-14:04:46.49162 66/1/CF 20: CF Initialized. Version 7.0.1.255
1980-012-14:04:46.53663 CFE_ES_ParseFileEntry: Loading file: /cf/fm.so, APP: FM
EVS Port1 1980-012-14:04:46.55601 66/1/DS 10: Destination file table verify results: good entries = 6, bad = 0, unused = 10
EVS Port1 1980-012-14:04:46.57212 66/1/DS 12: Filter table verify results: good entries = 14, bad = 0, unused = 242
EVS Port1 1980-012-14:04:46.59095 66/1/DS 1: Application initialized, version 7.0.1.255, data at 0xe98bc2690460
1980-012-14:04:46.63092 CFE_ES_ParseFileEntry: Loading file: /cf/hk.so, APP: HK
EVS Port1 1980-012-14:04:46.65614 66/1/FM 80: Free Space Table verify results: good entries = 3, bad = 0, unused = 5
EVS Port1 1980-012-14:04:46.68685 66/1/FM 1: Initialization complete: version 7.0.1.255
1980-012-14:04:46.72762 CFE_ES_ParseFileEntry: Loading file: /cf/hs.so, APP: HS
EVS Port1 1980-012-14:04:46.74287 66/1/FM 72: Child Task initialization complete
EVS Port1 1980-012-14:04:46.77462 66/1/HK 1: HK Initialized.  Version 7.0.1.255
1980-012-14:04:46.82064 CFE_ES_ParseFileEntry: Loading file: /cf/mm.so, APP: MM
EVS Port1 1980-012-14:04:46.89109 66/1/HS 54: ExeCount verify results: good = 5, bad = 0, unused = 27
EVS Port1 1980-012-14:04:46.92678 66/1/MM 1: MM Initialized. Version 7.0.1.255
EVS Port1 1980-012-14:04:46.92892 66/1/HS 50: AppMon verify results: good = 0, bad = 0, unused = 32
EVS Port1 1980-012-14:04:46.96693 66/1/HS 52: EventMon verify results: good = 0, bad = 0, unused = 16
1980-012-14:04:46.98442 CFE_ES_ParseFileEntry: Loading file: /cf/sc.so, APP: SC
EVS Port1 1980-012-14:04:46.99977 66/1/HS 56: MsgActs verify results: good = 2, bad = 0, unused = 6
1980-012-14:04:47.02773 HS_SysMonInit(): System Monitor using PSP device ID 0110ff05
CFE_PSP(Linux_SysMon): Started CPU utilization monitoring on 1 CPU(s)
EVS Port1 1980-012-14:04:47.09687 66/1/HS 1: HS Initialized.  Version 7.0.1.255
1980-012-14:04:47.12611 CFE_ES_ParseFileEntry: Loading file: /cf/md.so, APP: MD
EVS Port1 1980-012-14:04:47.19113 66/1/SC 21: RTS table files not loaded at initialization = 0 of 4
EVS Port1 1980-012-14:04:47.20278 66/1/SC 9: SC Initialized. Version 7.0.1.255
1980-012-14:04:47.23899 CFE_ES_ParseFileEntry: Loading file: /cf/cs.so, APP: CS
EVS Port1 1980-012-14:04:47.25111 66/1/MD 52: MD Dwell Tbl verify results: good = 0, bad = 0, unused = 25
EVS Port1 1980-012-14:04:47.26165 66/1/MD 3: Recovered Dwell Table #1 is valid and has been copied to the MD App
EVS Port1 1980-012-14:04:47.27212 66/1/MD 52: MD Dwell Tbl verify results: good = 0, bad = 0, unused = 25
EVS Port1 1980-012-14:04:47.28057 66/1/MD 3: Recovered Dwell Table #2 is valid and has been copied to the MD App
EVS Port1 1980-012-14:04:47.29260 66/1/MD 52: MD Dwell Tbl verify results: good = 0, bad = 0, unused = 25
EVS Port1 1980-012-14:04:47.29702 66/1/MD 3: Recovered Dwell Table #3 is valid and has been copied to the MD App
EVS Port1 1980-012-14:04:47.30706 66/1/MD 52: MD Dwell Tbl verify results: good = 0, bad = 0, unused = 25
EVS Port1 1980-012-14:04:47.31408 66/1/MD 3: Recovered Dwell Table #4 is valid and has been copied to the MD App
EVS Port1 1980-012-14:04:47.02046 66/1/CFE_TIME 21: Stop FLYWHEEL
EVS Port1 1980-012-14:04:47.04690 66/1/MD 7: Dwell Tables Recovered: 4, Dwell Tables Initialized: 0
EVS Port1 1980-012-14:04:47.05197 66/1/MD 1: MD Initialized.  Version 7.0.1.255
EVS Port1 1980-012-14:04:47.07675 66/1/CS 144: CS EEPROM Table verification results: good = 0, bad = 0, unused = 16
EVS Port1 1980-012-14:04:47.08403 66/1/CS 107: CS EEPROM Table: No valid entries in the table
EVS Port1 1980-012-14:04:47.09852 66/1/CS 143: CS Memory Table verification results: good = 0, bad = 0, unused = 16
EVS Port1 1980-012-14:04:47.10234 66/1/CS 107: CS Memory Table: No valid entries in the table
EVS Port1 1980-012-14:04:47.11689 66/1/CS 139: CS Tables Table verification results: good = 1, bad = 0, unused = 23
EVS Port1 1980-012-14:04:47.14221 66/1/CS 142: CS Apps Table verification results: good = 0, bad = 0, unused = 24
EVS Port1 1980-012-14:04:47.14970 66/1/CS 108: CS Apps Table: No valid entries in the table
EVS Port1 1980-012-14:04:47.15570 66/1/CS 127: OS Text Segment disabled due to platform
EVS Port1 1980-012-14:04:47.16050 66/1/CS 1: CS Initialized. Version 7.0.1.255
{"app":"AI_LEARNER","stage":"binding","verdict":"MATCH","artifact_bytes":4321533,"artifact_sha256":"e382429cbfbf5803","contract_sha256":"e382429cbfbf5803"}
{"app":"AI_LEARNER","stage":"map_branch","model":"wgan","module_ptr_mod64":0,"hal_peak_after_append":0,"contract_const_bytes":4283648,"contract_per_call_bytes":131382784,"arm":"map","admission_mode":"unconditional"}
{"app":"AI_LEARNER","stage":"mem_init","model":"wgan","target":"aarch64-unknown-linux-gnu","hal_peak":602112,"hal_allocated":602112,"bounded":135666432,"peak_within_bounded":true,"inferences_so_far":0,"process_rss_kb":11296,"rss_kb_before_runtime":9652,"rss_kb_after_session":9940,"rss_kb_after_init":11296}
1980-012-14:04:48.02940 CFE_ES_Main: Startup Sync failed - Applications may not have all initialized
1980-012-14:04:48.03158 CFE_ES_Main: CFE_ES_Main entering APPS_INIT state
1980-012-14:04:49.06024 CFE_ES_Main: Startup Sync failed - Applications may not have all started
1980-012-14:04:49.06068 CFE_ES_Main: CFE_ES_Main entering OPERATIONAL state
EVS Port1 1980-012-14:04:49.08476 66/1/TO_LAB 19: L550 TO Lab subscribed to 32 messages from the table
EVS Port1 1980-012-14:04:53.01759 66/1/CFE_TIME 21: Stop FLYWHEEL
EVS Port1 1980-012-14:04:53.98666 66/1/CFE_TIME 20: Start FLYWHEEL
.EVS Port1 1980-012-14:04:57.01232 66/1/CFE_TIME 21: Stop FLYWHEEL
EVS Port1 1980-012-14:04:57.99659 66/1/CFE_TIME 20: Start FLYWHEEL
..EVS Port1 1980-012-14:05:09.14714 66/1/CFE_TIME 20: Start FLYWHEEL
EVS Port1 1980-012-14:05:09.00791 66/1/CFE_TIME 21: Stop FLYWHEEL
.EVS Port1 1980-012-14:05:17.00604 66/1/CFE_TIME 21: Stop FLYWHEEL
EVS Port1 1980-012-14:05:18.03169 66/1/CFE_TIME 20: Start FLYWHEEL
.EVS Port1 1980-012-14:05:19.01550 66/1/CFE_TIME 21: Stop FLYWHEEL
EVS Port1 1980-012-14:05:19.98112 66/1/CFE_TIME 20: Start FLYWHEEL
.EVS Port1 1980-012-14:05:25.01524 66/1/CFE_TIME 21: Stop FLYWHEEL
EVS Port1 1980-012-14:05:25.99383 66/1/CFE_TIME 20: Start FLYWHEEL
.EVS Port1 1980-012-14:05:33.99783 66/1/CFE_TIME 20: Start FLYWHEEL
EVS Port1 1980-012-14:05:34.00621 66/1/CFE_TIME 21: Stop FLYWHEEL
.EVS Port1 1980-012-14:05:38.11784 66/1/CFE_TIME 20: Start FLYWHEEL
EVS Port1 1980-012-14:05:38.00729 66/1/CFE_TIME 21: Stop FLYWHEEL
.....EVS Port1 1980-012-14:06:08.00613 66/1/CFE_TIME 21: Stop FLYWHEEL
EVS Port1 1980-012-14:06:09.00312 66/1/CFE_TIME 20: Start FLYWHEEL
.EVS Port1 1980-012-14:06:16.01068 66/1/CFE_TIME 21: Stop FLYWHEEL
EVS Port1 1980-012-14:06:16.98832 66/1/CFE_TIME 20: Start FLYWHEEL
.EVS Port1 1980-012-14:06:19.00730 66/1/CFE_TIME 21: Stop FLYWHEEL
EVS Port1 1980-012-14:06:20.01431 66/1/CFE_TIME 20: Start FLYWHEEL
EVS Port1 1980-012-14:06:21.01292 66/1/CFE_TIME 21: Stop FLYWHEEL
EVS Port1 1980-012-14:06:21.96057 66/1/CFE_TIME 20: Start FLYWHEEL
.EVS Port1 1980-012-14:06:28.00700 66/1/CFE_TIME 21: Stop FLYWHEEL
EVS Port1 1980-012-14:06:29.02416 66/1/CFE_TIME 20: Start FLYWHEEL
.EVS Port1 1980-012-14:06:31.02435 66/1/CFE_TIME 20: Start FLYWHEEL
EVS Port1 1980-012-14:06:32.00213 66/1/CFE_TIME 21: Stop FLYWHEEL
.EVS Port1 1980-012-14:06:36.16879 66/1/CFE_TIME 20: Start FLYWHEEL
EVS Port1 1980-012-14:06:37.01213 66/1/CFE_TIME 21: Stop FLYWHEEL
...EVS Port1 1980-012-14:06:56.00990 66/1/CFE_TIME 21: Stop FLYWHEEL
EVS Port1 1980-012-14:06:57.00286 66/1/CFE_TIME 20: Start FLYWHEEL
EVS Port1 1980-012-14:06:58.99931 66/1/CFE_TIME 20: Start FLYWHEEL
EVS Port1 1980-012-14:06:59.00758 66/1/CFE_TIME 21: Stop FLYWHEEL
..EVS Port1 1980-012-14:07:06.02079 66/1/CFE_TIME 21: Stop FLYWHEEL
EVS Port1 1980-012-14:07:06.98463 66/1/CFE_TIME 20: Start FLYWHEEL
.EVS Port1 1980-012-14:07:12.63676 66/1/HS 61: CPU Hogging Detected
1980-012-14:07:12.65053 HS App: CPU Hogging Detected
EVS Port1 1980-012-14:07:13.32565 66/1/CFE_TIME 20: Start FLYWHEEL
EVS Port1 1980-012-14:07:14.01220 66/1/CFE_TIME 21: Stop FLYWHEEL
EVS Port1 1980-012-14:07:16.01116 66/1/CFE_TIME 21: Stop FLYWHEEL
EVS Port1 1980-012-14:07:17.03132 66/1/CFE_TIME 20: Start FLYWHEEL
.EVS Port1 1980-012-14:07:18.00674 66/1/CFE_TIME 21: Stop FLYWHEEL
EVS Port1 1980-012-14:07:18.99731 66/1/CFE_TIME 20: Start FLYWHEEL
.EVS Port1 1980-012-14:07:29.02716 66/1/CFE_TIME 21: Stop FLYWHEEL
.EVS Port1 1980-012-14:07:29.99841 66/1/CFE_TIME 20: Start FLYWHEEL
EVS Port1 1980-012-14:07:31.00910 66/1/CFE_TIME 21: Stop FLYWHEEL
EVS Port1 1980-012-14:07:32.02256 66/1/CFE_TIME 20: Start FLYWHEEL
EVS Port1 1980-012-14:07:33.02862 66/1/CFE_TIME 21: Stop FLYWHEEL
EVS Port1 1980-012-14:07:34.05270 66/1/CFE_TIME 20: Start FLYWHEEL
.EVS Port1 1980-012-14:07:36.15277 66/1/CFE_TIME 20: Start FLYWHEEL
EVS Port1 1980-012-14:07:36.00486 66/1/CFE_TIME 21: Stop FLYWHEEL
..EVS Port1 1980-012-14:07:50.00598 66/1/CFE_TIME 21: Stop FLYWHEEL
EVS Port1 1980-012-14:07:50.99671 66/1/CFE_TIME 20: Start FLYWHEEL
.EVS Port1 1980-012-14:07:54.00936 66/1/CFE_TIME 21: Stop FLYWHEEL
EVS Port1 1980-012-14:07:54.98783 66/1/CFE_TIME 20: Start FLYWHEEL
.EVS Port1 1980-012-14:08:04.18125 66/1/CFE_TIME 20: Start FLYWHEEL
.EVS Port1 1980-012-14:08:07.01365 66/1/CFE_TIME 21: Stop FLYWHEEL
..EVS Port1 1980-012-14:08:18.00631 66/1/CFE_TIME 21: Stop FLYWHEEL
EVS Port1 1980-012-14:08:19.02082 66/1/CFE_TIME 20: Start FLYWHEEL
EVS Port1 1980-012-14:08:20.01562 66/1/CFE_TIME 21: Stop FLYWHEEL
EVS Port1 1980-012-14:08:21.01020 66/1/CFE_TIME 20: Start FLYWHEEL
..EVS Port1 1980-012-14:08:29.01300 66/1/CFE_TIME 21: Stop FLYWHEEL
EVS Port1 1980-012-14:08:29.99401 66/1/CFE_TIME 20: Start FLYWHEEL
EVS Port1 1980-012-14:08:33.23912 66/1/CFE_TIME 20: Start FLYWHEEL
.EVS Port1 1980-012-14:08:36.02302 66/1/CFE_TIME 21: Stop FLYWHEEL
.EVS Port1 1980-012-14:08:43.00508 66/1/CFE_TIME 21: Stop FLYWHEEL
EVS Port1 1980-012-14:08:44.00106 66/1/CFE_TIME 20: Start FLYWHEEL
.EVS Port1 1980-012-14:08:47.00604 66/1/CFE_TIME 21: Stop FLYWHEEL
EVS Port1 1980-012-14:08:48.03857 66/1/CFE_TIME 20: Start FLYWHEEL
EVS Port1 1980-012-14:08:49.00744 66/1/CFE_TIME 21: Stop FLYWHEEL
EVS Port1 1980-012-14:08:49.99824 66/1/CFE_TIME 20: Start FLYWHEEL
...EVS Port1 1980-012-14:09:04.51925 66/1/CFE_TIME 20: Start FLYWHEEL
EVS Port1 1980-012-14:09:04.00570 66/1/CFE_TIME 21: Stop FLYWHEEL
EVS Port1 1980-012-14:09:07.02766 66/1/CFE_TIME 20: Start FLYWHEEL
EVS Port1 1980-012-14:09:07.00531 66/1/CFE_TIME 21: Stop FLYWHEEL
...EVS Port1 1980-012-14:09:23.00531 66/1/CFE_TIME 21: Stop FLYWHEEL
EVS Port1 1980-012-14:09:23.99324 66/1/CFE_TIME 20: Start FLYWHEEL
.EVS Port1 1980-012-14:09:31.09944 66/1/CFE_TIME 20: Start FLYWHEEL
.EVS Port1 1980-012-14:09:35.02345 66/1/CFE_TIME 21: Stop FLYWHEEL
.EVS Port1 1980-012-14:09:40.01782 66/1/CFE_TIME 21: Stop FLYWHEEL
EVS Port1 1980-012-14:09:40.99967 66/1/CFE_TIME 20: Start FLYWHEEL
EVS Port1 1980-012-14:09:44.03930 66/1/CFE_TIME 20: Start FLYWHEEL
EVS Port1 1980-012-14:09:44.00740 66/1/CFE_TIME 21: Stop FLYWHEEL
.EVS Port1 1980-012-14:09:50.10502 66/1/CFE_TIME 20: Start FLYWHEEL
.EVS Port1 1980-012-14:09:52.02038 66/1/CFE_TIME 21: Stop FLYWHEEL
EVS Port1 1980-012-14:09:55.02511 66/1/CFE_TIME 21: Stop FLYWHEEL
EVS Port1 1980-012-14:09:56.00584 66/1/CFE_TIME 20: Start FLYWHEEL
.EVS Port1 1980-012-14:09:59.01214 66/1/CFE_TIME 21: Stop FLYWHEEL
EVS Port1 1980-012-14:10:00.26998 66/1/CFE_TIME 20: Start FLYWHEEL
.EVS Port1 1980-012-14:10:02.81782 66/1/CFE_TIME 20: Start FLYWHEEL
EVS Port1 1980-012-14:10:07.00990 66/1/CFE_TIME 21: Stop FLYWHEEL
.EVS Port1 1980-012-14:10:09.00750 66/1/CFE_TIME 21: Stop FLYWHEEL
EVS Port1 1980-012-14:10:10.02114 66/1/CFE_TIME 20: Start FLYWHEEL
EVS Port1 1980-012-14:10:11.01304 66/1/CFE_TIME 21: Stop FLYWHEEL
EVS Port1 1980-012-14:10:12.00543 66/1/CFE_TIME 20: Start FLYWHEEL
.EVS Port1 1980-012-14:10:15.01396 66/1/CFE_TIME 21: Stop FLYWHEEL
EVS Port1 1980-012-14:10:15.99665 66/1/CFE_TIME 20: Start FLYWHEEL
.EVS Port1 1980-012-14:10:21.01524 66/1/CFE_TIME 21: Stop FLYWHEEL
EVS Port1 1980-012-14:10:21.99324 66/1/CFE_TIME 20: Start FLYWHEEL
EVS Port1 1980-012-14:10:24.00547 66/1/CFE_TIME 21: Stop FLYWHEEL
EVS Port1 1980-012-14:10:24.99842 66/1/CFE_TIME 20: Start FLYWHEEL
.EVS Port1 1980-012-14:10:28.00929 66/1/CFE_TIME 21: Stop FLYWHEEL
EVS Port1 1980-012-14:10:28.99588 66/1/CFE_TIME 20: Start FLYWHEEL
EVS Port1 1980-012-14:10:32.00492 66/1/CFE_TIME 21: Stop FLYWHEEL
.EVS Port1 1980-012-14:10:33.00222 66/1/CFE_TIME 20: Start FLYWHEEL
.EVS Port1 1980-012-14:10:39.01809 66/1/CFE_TIME 21: Stop FLYWHEEL
EVS Port1 1980-012-14:10:39.98924 66/1/CFE_TIME 20: Start FLYWHEEL
..EVS Port1 1980-012-14:10:53.00025 66/1/CFE_TIME 20: Start FLYWHEEL
EVS Port1 1980-012-14:10:53.00819 66/1/CFE_TIME 21: Stop FLYWHEEL
..EVS Port1 1980-012-14:11:03.29861 66/1/CFE_TIME 20: Start FLYWHEEL
EVS Port1 1980-012-14:11:04.00410 66/1/CFE_TIME 21: Stop FLYWHEEL
EVS Port1 1980-012-14:11:06.00468 66/1/CFE_TIME 21: Stop FLYWHEEL
EVS Port1 1980-012-14:11:07.00593 66/1/CFE_TIME 20: Start FLYWHEEL
EVS Port1 1980-012-14:11:08.00939 66/1/CFE_TIME 21: Stop FLYWHEEL
.EVS Port1 1980-012-14:11:08.97100 66/1/CFE_TIME 20: Start FLYWHEEL
..EVS Port1 1980-012-14:11:21.01432 66/1/CFE_TIME 21: Stop FLYWHEEL
EVS Port1 1980-012-14:11:21.99740 66/1/CFE_TIME 20: Start FLYWHEEL
.EVS Port1 1980-012-14:11:29.01313 66/1/CFE_TIME 21: Stop FLYWHEEL
EVS Port1 1980-012-14:11:30.14999 66/1/CFE_TIME 20: Start FLYWHEEL
.EVS Port1 1980-012-14:11:32.20774 66/1/CFE_TIME 20: Start FLYWHEEL
EVS Port1 1980-012-14:11:32.01289 66/1/CFE_TIME 21: Stop FLYWHEEL
.EVS Port1 1980-012-14:11:41.18188 66/1/CFE_TIME 20: Start FLYWHEEL
.EVS Port1 1980-012-14:11:44.02134 66/1/CFE_TIME 21: Stop FLYWHEEL
EVS Port1 1980-012-14:11:47.01112 66/1/CFE_TIME 20: Start FLYWHEEL
EVS Port1 1980-012-14:11:48.00723 66/1/CFE_TIME 21: Stop FLYWHEEL
..EVS Port1 1980-012-14:12:00.02301 66/1/CFE_TIME 21: Stop FLYWHEEL
EVS Port1 1980-012-14:12:00.99067 66/1/CFE_TIME 20: Start FLYWHEEL
.EVS Port1 1980-012-14:12:05.00610 66/1/CFE_TIME 21: Stop FLYWHEEL
EVS Port1 1980-012-14:12:05.99987 66/1/CFE_TIME 20: Start FLYWHEEL
.EVS Port1 1980-012-14:12:13.00517 66/1/CFE_TIME 21: Stop FLYWHEEL
.EVS Port1 1980-012-14:12:14.01872 66/1/CFE_TIME 20: Start FLYWHEEL
EVS Port1 1980-012-14:12:15.01647 66/1/CFE_TIME 21: Stop FLYWHEEL
EVS Port1 1980-012-14:12:15.98507 66/1/CFE_TIME 20: Start FLYWHEEL
..EVS Port1 1980-012-14:12:31.28056 66/1/CFE_TIME 20: Start FLYWHEEL
.EVS Port1 1980-012-14:12:32.02467 66/1/CFE_TIME 21: Stop FLYWHEEL
EVS Port1 1980-012-14:12:36.00915 66/1/CFE_TIME 21: Stop FLYWHEEL
EVS Port1 1980-012-14:12:36.98716 66/1/CFE_TIME 20: Start FLYWHEEL
.EVS Port1 1980-012-14:12:40.00801 66/1/CFE_TIME 21: Stop FLYWHEEL
EVS Port1 1980-012-14:12:40.99977 66/1/CFE_TIME 20: Start FLYWHEEL
...EVS Port1 1980-012-14:13:00.00396 66/1/CFE_TIME 21: Stop FLYWHEEL
EVS Port1 1980-012-14:13:01.00642 66/1/CFE_TIME 20: Start FLYWHEEL
.EVS Port1 1980-012-14:13:02.99903 66/1/CFE_TIME 20: Start FLYWHEEL
EVS Port1 1980-012-14:13:03.01396 66/1/CFE_TIME 21: Stop FLYWHEEL
.EVS Port1 1980-012-14:13:10.01182 66/1/CFE_TIME 21: Stop FLYWHEEL
EVS Port1 1980-012-14:13:11.01431 66/1/CFE_TIME 20: Start FLYWHEEL
EVS Port1 1980-012-14:13:12.02256 66/1/CFE_TIME 21: Stop FLYWHEEL
EVS Port1 1980-012-14:13:12.98759 66/1/CFE_TIME 20: Start FLYWHEEL
.EVS Port1 1980-012-14:13:18.01411 66/1/CFE_TIME 21: Stop FLYWHEEL
EVS Port1 1980-012-14:13:18.99052 66/1/CFE_TIME 20: Start FLYWHEEL
..EVS Port1 1980-012-14:13:27.00895 66/1/CFE_TIME 21: Stop FLYWHEEL
EVS Port1 1980-012-14:13:28.14665 66/1/CFE_TIME 20: Start FLYWHEEL
EVS Port1 1980-012-14:13:29.00663 66/1/CFE_TIME 21: Stop FLYWHEEL
EVS Port1 1980-012-14:13:30.00935 66/1/CFE_TIME 20: Start FLYWHEEL
.EVS Port1 1980-012-14:13:31.01031 66/1/CFE_TIME 21: Stop FLYWHEEL
EVS Port1 1980-012-14:13:32.10807 66/1/CFE_TIME 20: Start FLYWHEEL
EVS Port1 1980-012-14:13:33.00653 66/1/CFE_TIME 21: Stop FLYWHEEL
EVS Port1 1980-012-14:13:34.02613 66/1/CFE_TIME 20: Start FLYWHEEL
EVS Port1 1980-012-14:13:36.05583 66/1/CFE_TIME 20: Start FLYWHEEL
EVS Port1 1980-012-14:13:36.01083 66/1/CFE_TIME 21: Stop FLYWHEEL
.EVS Port1 1980-012-14:13:42.00219 66/1/CFE_TIME 21: Stop FLYWHEEL
.EVS Port1 1980-012-14:13:43.00596 66/1/CFE_TIME 20: Start FLYWHEEL
..EVS Port1 1980-012-14:14:00.34526 66/1/CFE_TIME 20: Start FLYWHEEL
.EVS Port1 1980-012-14:14:02.00801 66/1/CFE_TIME 21: Stop FLYWHEEL
.EVS Port1 1980-012-14:14:09.00863 66/1/CFE_TIME 20: Start FLYWHEEL
EVS Port1 1980-012-14:14:09.00418 66/1/CFE_TIME 21: Stop FLYWHEEL
...EVS Port1 1980-012-14:14:28.18988 66/1/CFE_TIME 20: Start FLYWHEEL
EVS Port1 1980-012-14:14:30.01103 66/1/CFE_TIME 21: Stop FLYWHEEL
.EVS Port1 1980-012-14:14:32.02507 66/1/CFE_TIME 21: Stop FLYWHEEL
EVS Port1 1980-012-14:14:32.99346 66/1/CFE_TIME 20: Start FLYWHEEL
.EVS Port1 1980-012-14:14:38.01312 66/1/CFE_TIME 21: Stop FLYWHEEL
EVS Port1 1980-012-14:14:38.97406 66/1/CFE_TIME 20: Start FLYWHEEL
EVS Port1 1980-012-14:14:42.07499 66/1/CFE_TIME 20: Start FLYWHEEL
EVS Port1 1980-012-14:14:42.00578 66/1/CFE_TIME 21: Stop FLYWHEEL
.EVS Port1 1980-012-14:14:44.01210 66/1/CFE_TIME 21: Stop FLYWHEEL
EVS Port1 1980-012-14:14:45.00636 66/1/CFE_TIME 20: Start FLYWHEEL
.EVS Port1 1980-012-14:14:48.00546 66/1/CFE_TIME 21: Stop FLYWHEEL
EVS Port1 1980-012-14:14:48.99880 66/1/CFE_TIME 20: Start FLYWHEEL
.EVS Port1 1980-012-14:14:59.26420 66/1/CFE_TIME 20: Start FLYWHEEL
EVS Port1 1980-012-14:14:59.01483 66/1/CFE_TIME 21: Stop FLYWHEEL
.EVS Port1 1980-012-14:15:03.00451 66/1/CFE_TIME 21: Stop FLYWHEEL
EVS Port1 1980-012-14:15:04.00100 66/1/CFE_TIME 20: Start FLYWHEEL
...EVS Port1 1980-012-14:15:17.00231 66/1/CFE_TIME 21: Stop FLYWHEEL
EVS Port1 1980-012-14:15:18.00321 66/1/CFE_TIME 20: Start FLYWHEEL
.EVS Port1 1980-012-14:15:24.00628 66/1/CFE_TIME 21: Stop FLYWHEEL
EVS Port1 1980-012-14:15:25.14607 66/1/CFE_TIME 20: Start FLYWHEEL
EVS Port1 1980-012-14:15:27.26757 66/1/CFE_TIME 20: Start FLYWHEEL
.EVS Port1 1980-012-14:15:28.00706 66/1/CFE_TIME 21: Stop FLYWHEEL
EVS Port1 1980-012-14:15:30.00704 66/1/CFE_TIME 21: Stop FLYWHEEL
EVS Port1 1980-012-14:15:31.00964 66/1/CFE_TIME 20: Start FLYWHEEL
EVS Port1 1980-012-14:15:32.00682 66/1/CFE_TIME 21: Stop FLYWHEEL
EVS Port1 1980-012-14:15:32.99697 66/1/CFE_TIME 20: Start FLYWHEEL
.EVS Port1 1980-012-14:15:37.01042 66/1/CFE_TIME 21: Stop FLYWHEEL
EVS Port1 1980-012-14:15:37.99987 66/1/CFE_TIME 20: Start FLYWHEEL
.EVS Port1 1980-012-14:15:40.00502 66/1/CFE_TIME 21: Stop FLYWHEEL
EVS Port1 1980-012-14:15:41.00708 66/1/CFE_TIME 20: Start FLYWHEEL
EVS Port1 1980-012-14:15:42.00471 66/1/CFE_TIME 21: Stop FLYWHEEL
EVS Port1 1980-012-14:15:43.00495 66/1/CFE_TIME 20: Start FLYWHEEL
.EVS Port1 1980-012-14:15:51.31192 66/1/CFE_TIME 20: Start FLYWHEEL
EVS Port1 1980-012-14:15:51.02622 66/1/CFE_TIME 21: Stop FLYWHEEL
.EVS Port1 1980-012-14:15:55.35281 66/1/CFE_TIME 20: Start FLYWHEEL
EVS Port1 1980-012-14:15:55.00556 66/1/CFE_TIME 21: Stop FLYWHEEL
..EVS Port1 1980-012-14:16:07.00570 66/1/CFE_TIME 21: Stop FLYWHEEL
EVS Port1 1980-012-14:16:07.99726 66/1/CFE_TIME 20: Start FLYWHEEL
..EVS Port1 1980-012-14:16:16.09579 66/1/CFE_TIME 20: Start FLYWHEEL
EVS Port1 1980-012-14:16:16.02195 66/1/CFE_TIME 21: Stop FLYWHEEL
EVS Port1 1980-012-14:16:18.00697 66/1/CFE_TIME 21: Stop FLYWHEEL
EVS Port1 1980-012-14:16:18.99194 66/1/CFE_TIME 20: Start FLYWHEEL
.EVS Port1 1980-012-14:16:24.28657 66/1/CFE_TIME 20: Start FLYWHEEL
EVS Port1 1980-012-14:16:24.00469 66/1/CFE_TIME 21: Stop FLYWHEEL
..EVS Port1 1980-012-14:16:32.00488 66/1/CFE_TIME 21: Stop FLYWHEEL
EVS Port1 1980-012-14:16:32.99810 66/1/CFE_TIME 20: Start FLYWHEEL
EVS Port1 1980-012-14:16:36.00389 66/1/CFE_TIME 21: Stop FLYWHEEL
EVS Port1 1980-012-14:16:36.99389 66/1/CFE_TIME 20: Start FLYWHEEL
..EVS Port1 1980-012-14:16:46.02075 66/1/CFE_TIME 20: Start FLYWHEEL
EVS Port1 1980-012-14:16:47.01777 66/1/CFE_TIME 21: Stop FLYWHEEL
.EVS Port1 1980-012-14:16:53.25962 66/1/CFE_TIME 20: Start FLYWHEEL
EVS Port1 1980-012-14:16:53.01208 66/1/CFE_TIME 21: Stop FLYWHEEL
.....EVS Port1 1980-012-14:17:23.20025 66/1/CFE_TIME 20: Start FLYWHEEL
.EVS Port1 1980-012-14:17:25.00817 66/1/CFE_TIME 21: Stop FLYWHEEL
..EVS Port1 1980-012-14:17:38.00341 66/1/CFE_TIME 21: Stop FLYWHEEL
EVS Port1 1980-012-14:17:39.00009 66/1/CFE_TIME 20: Start FLYWHEEL
..EVS Port1 1980-012-14:17:52.00419 66/1/CFE_TIME 21: Stop FLYWHEEL
EVS Port1 1980-012-14:17:53.00086 66/1/CFE_TIME 20: Start FLYWHEEL
.....EVS Port1 1980-012-14:18:20.02661 66/1/CFE_TIME 21: Stop FLYWHEEL
EVS Port1 1980-012-14:18:21.13803 66/1/CFE_TIME 20: Start FLYWHEEL
EVS Port1 1980-012-14:18:22.00939 66/1/CFE_TIME 21: Stop FLYWHEEL
EVS Port1 1980-012-14:18:22.99931 66/1/CFE_TIME 20: Start FLYWHEEL
.EVS Port1 1980-012-14:18:29.01959 66/1/CFE_TIME 21: Stop FLYWHEEL
EVS Port1 1980-012-14:18:29.98562 66/1/CFE_TIME 20: Start FLYWHEEL
..EVS Port1 1980-012-14:18:41.01039 66/1/CFE_TIME 21: Stop FLYWHEEL
EVS Port1 1980-012-14:18:41.98233 66/1/CFE_TIME 20: Start FLYWHEEL
.EVS Port1 1980-012-14:18:45.01179 66/1/CFE_TIME 21: Stop FLYWHEEL
EVS Port1 1980-012-14:18:45.99711 66/1/CFE_TIME 20: Start FLYWHEEL
.EVS Port1 1980-012-14:18:49.51045 66/1/CFE_TIME 20: Start FLYWHEEL
.EVS Port1 1980-012-14:18:55.01593 66/1/CFE_TIME 21: Stop FLYWHEEL
.EVS Port1 1980-012-14:19:01.01377 66/1/CFE_TIME 21: Stop FLYWHEEL
EVS Port1 1980-012-14:19:02.00807 66/1/CFE_TIME 20: Start FLYWHEEL
EVS Port1 1980-012-14:19:06.00363 66/1/CFE_TIME 21: Stop FLYWHEEL
.EVS Port1 1980-012-14:19:07.02091 66/1/CFE_TIME 20: Start FLYWHEEL
EVS Port1 1980-012-14:19:08.04277 66/1/CFE_TIME 21: Stop FLYWHEEL
EVS Port1 1980-012-14:19:08.98513 66/1/CFE_TIME 20: Start FLYWHEEL
.EVS Port1 1980-012-14:19:16.00732 66/1/CFE_TIME 21: Stop FLYWHEEL
EVS Port1 1980-012-14:19:16.99574 66/1/CFE_TIME 20: Start FLYWHEEL
.EVS Port1 1980-012-14:19:18.02897 66/1/CFE_TIME 21: Stop FLYWHEEL
EVS Port1 1980-012-14:19:19.07841 66/1/CFE_TIME 20: Start FLYWHEEL
EVS Port1 1980-012-14:19:21.51689 66/1/CFE_TIME 20: Start FLYWHEEL
EVS Port1 1980-012-14:19:21.01704 66/1/CFE_TIME 21: Stop FLYWHEEL
EVS Port1 1980-012-14:19:23.00758 66/1/CFE_TIME 21: Stop FLYWHEEL
.EVS Port1 1980-012-14:19:24.00584 66/1/CFE_TIME 20: Start FLYWHEEL
EVS Port1 1980-012-14:19:25.00881 66/1/CFE_TIME 21: Stop FLYWHEEL
EVS Port1 1980-012-14:19:26.05496 66/1/CFE_TIME 20: Start FLYWHEEL
EVS Port1 1980-012-14:19:27.00782 66/1/CFE_TIME 21: Stop FLYWHEEL
EVS Port1 1980-012-14:19:28.07800 66/1/CFE_TIME 20: Start FLYWHEEL
.EVS Port1 1980-012-14:19:30.22055 66/1/CFE_TIME 20: Start FLYWHEEL
EVS Port1 1980-012-14:19:34.00611 66/1/CFE_TIME 21: Stop FLYWHEEL
.EVS Port1 1980-012-14:19:36.01296 66/1/CFE_TIME 21: Stop FLYWHEEL
EVS Port1 1980-012-14:19:37.07307 66/1/CFE_TIME 20: Start FLYWHEEL
EVS Port1 1980-012-14:19:39.21023 66/1/CFE_TIME 20: Start FLYWHEEL
.EVS Port1 1980-012-14:19:41.01078 66/1/CFE_TIME 21: Stop FLYWHEEL
EVS Port1 1980-012-14:19:43.00473 66/1/CFE_TIME 21: Stop FLYWHEEL
EVS Port1 1980-012-14:19:44.14895 66/1/CFE_TIME 20: Start FLYWHEEL
EVS Port1 1980-012-14:19:46.42500 66/1/CFE_TIME 20: Start FLYWHEEL
....EVS Port1 1980-012-14:20:09.01342 66/1/CFE_TIME 21: Stop FLYWHEEL
..EVS Port1 1980-012-14:20:18.31306 66/1/CFE_TIME 20: Start FLYWHEEL
EVS Port1 1980-012-14:20:21.00744 66/1/CFE_TIME 21: Stop FLYWHEEL
.EVS Port1 1980-012-14:20:23.00794 66/1/CFE_TIME 21: Stop FLYWHEEL
EVS Port1 1980-012-14:20:24.00608 66/1/CFE_TIME 20: Start FLYWHEEL
EVS Port1 1980-012-14:20:28.01094 66/1/CFE_TIME 21: Stop FLYWHEEL
.EVS Port1 1980-012-14:20:29.00193 66/1/CFE_TIME 20: Start FLYWHEEL
.EVS Port1 1980-012-14:20:37.03723 66/1/CFE_TIME 21: Stop FLYWHEEL
EVS Port1 1980-012-14:20:37.97105 66/1/CFE_TIME 20: Start FLYWHEEL
..EVS Port1 1980-012-14:20:48.13977 66/1/CFE_TIME 20: Start FLYWHEEL
EVS Port1 1980-012-14:20:48.01158 66/1/CFE_TIME 21: Stop FLYWHEEL
..EVS Port1 1980-012-14:21:02.00753 66/1/CFE_TIME 21: Stop FLYWHEEL
EVS Port1 1980-012-14:21:03.00706 66/1/CFE_TIME 20: Start FLYWHEEL
..EVS Port1 1980-012-14:21:15.18798 66/1/CFE_TIME 20: Start FLYWHEEL
EVS Port1 1980-012-14:21:16.02391 66/1/CFE_TIME 21: Stop FLYWHEEL
.EVS Port1 1980-012-14:21:18.01579 66/1/CFE_TIME 21: Stop FLYWHEEL
EVS Port1 1980-012-14:21:19.00799 66/1/CFE_TIME 20: Start FLYWHEEL
EVS Port1 1980-012-14:21:20.01127 66/1/CFE_TIME 21: Stop FLYWHEEL
EVS Port1 1980-012-14:21:20.99632 66/1/CFE_TIME 20: Start FLYWHEEL
..EVS Port1 1980-012-14:21:29.00733 66/1/CFE_TIME 21: Stop FLYWHEEL
EVS Port1 1980-012-14:21:29.99440 66/1/CFE_TIME 20: Start FLYWHEEL
..EVS Port1 1980-012-14:21:46.02212 66/1/CFE_TIME 21: Stop FLYWHEEL
.EVS Port1 1980-012-14:21:47.24961 66/1/CFE_TIME 20: Start FLYWHEEL
EVS Port1 1980-012-14:21:49.26091 66/1/CFE_TIME 20: Start FLYWHEEL
EVS Port1 1980-012-14:21:50.00988 66/1/CFE_TIME 21: Stop FLYWHEEL
..EVS Port1 1980-012-14:22:03.01846 66/1/CFE_TIME 21: Stop FLYWHEEL
EVS Port1 1980-012-14:22:04.00958 66/1/CFE_TIME 20: Start FLYWHEEL
.EVS Port1 1980-012-14:22:05.02319 66/1/CFE_TIME 21: Stop FLYWHEEL
EVS Port1 1980-012-14:22:06.25857 66/1/CFE_TIME 20: Start FLYWHEEL
EVS Port1 1980-012-14:22:07.01966 66/1/CFE_TIME 21: Stop FLYWHEEL
EVS Port1 1980-012-14:22:07.99176 66/1/CFE_TIME 20: Start FLYWHEEL
.EVS Port1 1980-012-14:22:10.00851 66/1/CFE_TIME 21: Stop FLYWHEEL
EVS Port1 1980-012-14:22:11.01852 66/1/CFE_TIME 20: Start FLYWHEEL
EVS Port1 1980-012-14:22:13.19662 66/1/CFE_TIME 20: Start FLYWHEEL
..EVS Port1 1980-012-14:22:22.01216 66/1/CFE_TIME 21: Stop FLYWHEEL
EVS Port1 1980-012-14:22:25.11775 66/1/CFE_TIME 20: Start FLYWHEEL
EVS Port1 1980-012-14:22:26.02684 66/1/CFE_TIME 21: Stop FLYWHEEL
.EVS Port1 1980-012-14:22:29.20782 66/1/CFE_TIME 20: Start FLYWHEEL
...EVS Port1 1980-012-14:22:48.01191 66/1/CFE_TIME 21: Stop FLYWHEEL
EVS Port1 1980-012-14:22:51.16297 66/1/CFE_TIME 20: Start FLYWHEEL
EVS Port1 1980-012-14:22:51.01904 66/1/CFE_TIME 21: Stop FLYWHEEL
..EVS Port1 1980-012-14:23:03.00482 66/1/CFE_TIME 21: Stop FLYWHEEL
.EVS Port1 1980-012-14:23:04.00785 66/1/CFE_TIME 20: Start FLYWHEEL
EVS Port1 1980-012-14:23:08.05006 66/1/CFE_TIME 20: Start FLYWHEEL
EVS Port1 1980-012-14:23:08.01336 66/1/CFE_TIME 21: Stop FLYWHEEL
..EVS Port1 1980-012-14:23:16.00306 66/1/CFE_TIME 21: Stop FLYWHEEL
EVS Port1 1980-012-14:23:16.99847 66/1/CFE_TIME 20: Start FLYWHEEL
.EVS Port1 1980-012-14:23:24.01254 66/1/CFE_TIME 21: Stop FLYWHEEL
EVS Port1 1980-012-14:23:25.03140 66/1/CFE_TIME 20: Start FLYWHEEL
EVS Port1 1980-012-14:23:26.00399 66/1/CFE_TIME 21: Stop FLYWHEEL
EVS Port1 1980-012-14:23:26.99819 66/1/CFE_TIME 20: Start FLYWHEEL
..EVS Port1 1980-012-14:23:39.01788 66/1/CFE_TIME 21: Stop FLYWHEEL
.EVS Port1 1980-012-14:23:39.98292 66/1/CFE_TIME 20: Start FLYWHEEL
.EVS Port1 1980-012-14:23:46.02095 66/1/CFE_TIME 21: Stop FLYWHEEL
EVS Port1 1980-012-14:23:46.99710 66/1/CFE_TIME 20: Start FLYWHEEL
.EVS Port1 1980-012-14:23:52.01042 66/1/CFE_TIME 21: Stop FLYWHEEL
EVS Port1 1980-012-14:23:53.00785 66/1/CFE_TIME 20: Start FLYWHEEL
EVS Port1 1980-012-14:23:56.13035 66/1/CFE_TIME 20: Start FLYWHEEL
EVS Port1 1980-012-14:23:56.01046 66/1/CFE_TIME 21: Stop FLYWHEEL
.EVS Port1 1980-012-14:24:00.08352 66/1/CFE_TIME 20: Start FLYWHEEL
EVS Port1 1980-012-14:24:01.01084 66/1/CFE_TIME 21: Stop FLYWHEEL
.EVS Port1 1980-012-14:24:05.08006 66/1/CFE_TIME 20: Start FLYWHEEL
EVS Port1 1980-012-14:24:06.02107 66/1/CFE_TIME 21: Stop FLYWHEEL
.EVS Port1 1980-012-14:24:09.12490 66/1/CFE_TIME 20: Start FLYWHEEL
EVS Port1 1980-012-14:24:09.00683 66/1/CFE_TIME 21: Stop FLYWHEEL
EVS Port1 1980-012-14:24:11.01696 66/1/CFE_TIME 21: Stop FLYWHEEL
EVS Port1 1980-012-14:24:12.15403 66/1/CFE_TIME 20: Start FLYWHEEL
EVS Port1 1980-012-14:24:14.84481 66/1/CFE_TIME 20: Start FLYWHEEL
.EVS Port1 1980-012-14:24:17.00370 66/1/CFE_TIME 21: Stop FLYWHEEL
EVS Port1 1980-012-14:24:20.15534 66/1/CFE_TIME 20: Start FLYWHEEL
.EVS Port1 1980-012-14:24:21.00796 66/1/CFE_TIME 21: Stop FLYWHEEL
EVS Port1 1980-012-14:24:26.11070 66/1/CFE_TIME 20: Start FLYWHEEL
.EVS Port1 1980-012-14:24:27.02496 66/1/CFE_TIME 21: Stop FLYWHEEL
.EVS Port1 1980-012-14:24:38.01222 66/1/CFE_TIME 21: Stop FLYWHEEL
.EVS Port1 1980-012-14:24:38.99865 66/1/CFE_TIME 20: Start FLYWHEEL
EVS Port1 1980-012-14:24:43.02339 66/1/CFE_TIME 21: Stop FLYWHEEL
EVS Port1 1980-012-14:24:44.39613 66/1/CFE_TIME 20: Start FLYWHEEL
.EVS Port1 1980-012-14:24:46.43823 66/1/CFE_TIME 20: Start FLYWHEEL
EVS Port1 1980-012-14:24:46.02301 66/1/CFE_TIME 21: Stop FLYWHEEL
.EVS Port1 1980-012-14:24:55.07174 66/1/CFE_TIME 21: Stop FLYWHEEL
EVS Port1 1980-012-14:24:56.16647 66/1/CFE_TIME 20: Start FLYWHEEL
.EVS Port1 1980-012-14:24:57.00967 66/1/CFE_TIME 21: Stop FLYWHEEL
EVS Port1 1980-012-14:24:58.03317 66/1/CFE_TIME 20: Start FLYWHEEL
EVS Port1 1980-012-14:25:00.16604 66/1/CFE_TIME 20: Start FLYWHEEL
.EVS Port1 1980-012-14:25:05.01473 66/1/CFE_TIME 21: Stop FLYWHEEL
.EVS Port1 1980-012-14:25:09.11639 66/1/CFE_TIME 20: Start FLYWHEEL
.EVS Port1 1980-012-14:25:18.01159 66/1/CFE_TIME 21: Stop FLYWHEEL
.EVS Port1 1980-012-14:25:21.00679 66/1/CFE_TIME 21: Stop FLYWHEEL
EVS Port1 1980-012-14:25:21.99800 66/1/CFE_TIME 20: Start FLYWHEEL
EVS Port1 1980-012-14:25:24.01443 66/1/CFE_TIME 21: Stop FLYWHEEL
EVS Port1 1980-012-14:25:25.01210 66/1/CFE_TIME 20: Start FLYWHEEL
.EVS Port1 1980-012-14:25:26.02323 66/1/CFE_TIME 21: Stop FLYWHEEL
EVS Port1 1980-012-14:25:27.00230 66/1/CFE_TIME 20: Start FLYWHEEL
.EVS Port1 1980-012-14:25:36.03800 66/1/CFE_TIME 20: Start FLYWHEEL
EVS Port1 1980-012-14:25:36.00688 66/1/CFE_TIME 21: Stop FLYWHEEL
..EVS Port1 1980-012-14:25:44.23564 66/1/CFE_TIME 20: Start FLYWHEEL
EVS Port1 1980-012-14:25:45.00938 66/1/CFE_TIME 21: Stop FLYWHEEL
EVS Port1 1980-012-14:25:47.01422 66/1/CFE_TIME 21: Stop FLYWHEEL
EVS Port1 1980-012-14:25:48.00801 66/1/CFE_TIME 20: Start FLYWHEEL
EVS Port1 1980-012-14:25:49.00930 66/1/CFE_TIME 21: Stop FLYWHEEL
.EVS Port1 1980-012-14:25:49.99980 66/1/CFE_TIME 20: Start FLYWHEEL
EVS Port1 1980-012-14:25:53.02514 66/1/CFE_TIME 21: Stop FLYWHEEL
EVS Port1 1980-012-14:25:54.07020 66/1/CFE_TIME 20: Start FLYWHEEL
.EVS Port1 1980-012-14:25:56.09486 66/1/CFE_TIME 20: Start FLYWHEEL
EVS Port1 1980-012-14:25:56.01084 66/1/CFE_TIME 21: Stop FLYWHEEL
EVS Port1 1980-012-14:25:59.00633 66/1/CFE_TIME 21: Stop FLYWHEEL
EVS Port1 1980-012-14:26:00.00839 66/1/CFE_TIME 20: Start FLYWHEEL
.EVS Port1 1980-012-14:26:04.04930 66/1/CFE_TIME 20: Start FLYWHEEL
EVS Port1 1980-012-14:26:04.01786 66/1/CFE_TIME 21: Stop FLYWHEEL
EVS Port1 1980-012-14:26:07.08932 66/1/CFE_TIME 20: Start FLYWHEEL
EVS Port1 1980-012-14:26:07.00730 66/1/CFE_TIME 21: Stop FLYWHEEL
.EVS Port1 1980-012-14:26:13.19979 66/1/CFE_TIME 20: Start FLYWHEEL
.EVS Port1 1980-012-14:26:14.01536 66/1/CFE_TIME 21: Stop FLYWHEEL
EVS Port1 1980-012-14:26:17.02105 66/1/CFE_TIME 21: Stop FLYWHEEL
EVS Port1 1980-012-14:26:17.99780 66/1/CFE_TIME 20: Start FLYWHEEL
..EVS Port1 1980-012-14:26:26.01116 66/1/CFE_TIME 21: Stop FLYWHEEL
EVS Port1 1980-012-14:26:26.98384 66/1/CFE_TIME 20: Start FLYWHEEL
.EVS Port1 1980-012-14:26:33.03570 66/1/CFE_TIME 21: Stop FLYWHEEL
EVS Port1 1980-012-14:26:34.00456 66/1/CFE_TIME 20: Start FLYWHEEL
.EVS Port1 1980-012-14:26:38.01303 66/1/CFE_TIME 20: Start FLYWHEEL
EVS Port1 1980-012-14:26:38.00839 66/1/CFE_TIME 21: Stop FLYWHEEL
EVS Port1 1980-012-14:26:42.10455 66/1/CFE_TIME 20: Start FLYWHEEL
EVS Port1 1980-012-14:26:42.00489 66/1/CFE_TIME 21: Stop FLYWHEEL
...EVS Port1 1980-012-14:27:00.01904 66/1/CFE_TIME 21: Stop FLYWHEEL
.EVS Port1 1980-012-14:27:00.99603 66/1/CFE_TIME 20: Start FLYWHEEL
.EVS Port1 1980-012-14:27:07.01196 66/1/CFE_TIME 21: Stop FLYWHEEL
EVS Port1 1980-012-14:27:07.98001 66/1/CFE_TIME 20: Start FLYWHEEL
EVS Port1 1980-012-14:27:11.36523 66/1/CFE_TIME 20: Start FLYWHEEL
EVS Port1 1980-012-14:27:11.00750 66/1/CFE_TIME 21: Stop FLYWHEEL
.EVS Port1 1980-012-14:27:14.59950 66/1/CFE_TIME 20: Start FLYWHEEL
EVS Port1 1980-012-14:27:15.00328 66/1/CFE_TIME 21: Stop FLYWHEEL
EVS Port1 1980-012-14:27:17.01777 66/1/CFE_TIME 21: Stop FLYWHEEL
.EVS Port1 1980-012-14:27:18.01472 66/1/CFE_TIME 20: Start FLYWHEEL
EVS Port1 1980-012-14:27:19.01829 66/1/CFE_TIME 21: Stop FLYWHEEL
EVS Port1 1980-012-14:27:20.03665 66/1/CFE_TIME 20: Start FLYWHEEL
EVS Port1 1980-012-14:27:22.10423 66/1/CFE_TIME 20: Start FLYWHEEL
.EVS Port1 1980-012-14:27:24.02247 66/1/CFE_TIME 21: Stop FLYWHEEL
EVS Port1 1980-012-14:27:27.33404 66/1/CFE_TIME 20: Start FLYWHEEL
EVS Port1 1980-012-14:27:28.01898 66/1/CFE_TIME 21: Stop FLYWHEEL
.EVS Port1 1980-012-14:27:31.15776 66/1/CFE_TIME 20: Start FLYWHEEL
EVS Port1 1980-012-14:27:34.00418 66/1/CFE_TIME 21: Stop FLYWHEEL
.EVS Port1 1980-012-14:27:37.36506 66/1/CFE_TIME 20: Start FLYWHEEL
.EVS Port1 1980-012-14:27:44.01126 66/1/CFE_TIME 21: Stop FLYWHEEL
.EVS Port1 1980-012-14:27:50.00108 66/1/CFE_TIME 20: Start FLYWHEEL
EVS Port1 1980-012-14:27:50.01930 66/1/CFE_TIME 21: Stop FLYWHEEL
.EVS Port1 1980-012-14:27:53.01220 66/1/CFE_TIME 21: Stop FLYWHEEL
EVS Port1 1980-012-14:27:53.99591 66/1/CFE_TIME 20: Start FLYWHEEL
.EVS Port1 1980-012-14:28:01.03921 66/1/CFE_TIME 20: Start FLYWHEEL
EVS Port1 1980-012-14:28:01.01858 66/1/CFE_TIME 21: Stop FLYWHEEL
.EVS Port1 1980-012-14:28:09.00505 66/1/CFE_TIME 21: Stop FLYWHEEL
EVS Port1 1980-012-14:28:09.99804 66/1/CFE_TIME 20: Start FLYWHEEL
.....EVS Port1 1980-012-14:28:39.00843 66/1/CFE_TIME 21: Stop FLYWHEEL
EVS Port1 1980-012-14:28:39.99757 66/1/CFE_TIME 20: Start FLYWHEEL
.....EVS Port1 1980-012-14:29:05.00959 66/1/CFE_TIME 21: Stop FLYWHEEL
EVS Port1 1980-012-14:29:05.99426 66/1/CFE_TIME 20: Start FLYWHEEL
EVS Port1 1980-012-14:29:10.37429 66/1/CFE_TIME 20: Start FLYWHEEL
EVS Port1 1980-012-14:29:10.00523 66/1/CFE_TIME 21: Stop FLYWHEEL
..EVS Port1 1980-012-14:29:22.01026 66/1/CFE_TIME 21: Stop FLYWHEEL
.EVS Port1 1980-012-14:29:22.99058 66/1/CFE_TIME 20: Start FLYWHEEL
EVS Port1 1980-012-14:29:25.00628 66/1/CFE_TIME 21: Stop FLYWHEEL
EVS Port1 1980-012-14:29:25.99975 66/1/CFE_TIME 20: Start FLYWHEEL
.EVS Port1 1980-012-14:29:29.05534 66/1/CFE_TIME 20: Start FLYWHEEL
EVS Port1 1980-012-14:29:29.01091 66/1/CFE_TIME 21: Stop FLYWHEEL
.EVS Port1 1980-012-14:29:39.13804 66/1/CFE_TIME 20: Start FLYWHEEL
EVS Port1 1980-012-14:29:40.01493 66/1/CFE_TIME 21: Stop FLYWHEEL
..EVS Port1 1980-012-14:29:51.00848 66/1/CFE_TIME 21: Stop FLYWHEEL
EVS Port1 1980-012-14:29:51.99647 66/1/CFE_TIME 20: Start FLYWHEEL
.EVS Port1 1980-012-14:29:56.09803 66/1/CFE_TIME 20: Start FLYWHEEL
EVS Port1 1980-012-14:29:57.00631 66/1/CFE_TIME 21: Stop FLYWHEEL
.EVS Port1 1980-012-14:30:00.01208 66/1/CFE_TIME 21: Stop FLYWHEEL
EVS Port1 1980-012-14:30:01.01829 66/1/CFE_TIME 20: Start FLYWHEEL
EVS Port1 1980-012-14:30:02.00814 66/1/CFE_TIME 21: Stop FLYWHEEL
EVS Port1 1980-012-14:30:03.01002 66/1/CFE_TIME 20: Start FLYWHEEL
.EVS Port1 1980-012-14:30:08.29515 66/1/CFE_TIME 20: Start FLYWHEEL
EVS Port1 1980-012-14:30:09.00624 66/1/CFE_TIME 21: Stop FLYWHEEL
...EVS Port1 1980-012-14:30:22.99688 66/1/CFE_TIME 20: Start FLYWHEEL
EVS Port1 1980-012-14:30:23.00599 66/1/CFE_TIME 21: Stop FLYWHEEL
.EVS Port1 1980-012-14:30:29.00749 66/1/CFE_TIME 21: Stop FLYWHEEL
EVS Port1 1980-012-14:30:30.01539 66/1/CFE_TIME 20: Start FLYWHEEL
EVS Port1 1980-012-14:30:32.01274 66/1/CFE_TIME 20: Start FLYWHEEL
EVS Port1 1980-012-14:30:32.01219 66/1/CFE_TIME 21: Stop FLYWHEEL
.EVS Port1 1980-012-14:30:35.00613 66/1/CFE_TIME 21: Stop FLYWHEEL
EVS Port1 1980-012-14:30:36.00563 66/1/CFE_TIME 20: Start FLYWHEEL
EVS Port1 1980-012-14:30:38.04824 66/1/CFE_TIME 20: Start FLYWHEEL
EVS Port1 1980-012-14:30:38.00550 66/1/CFE_TIME 21: Stop FLYWHEEL
.....EVS Port1 1980-012-14:31:07.32077 66/1/CFE_TIME 20: Start FLYWHEEL
EVS Port1 1980-012-14:31:08.01316 66/1/CFE_TIME 21: Stop FLYWHEEL
...EVS Port1 1980-012-14:31:23.02467 66/1/CFE_TIME 21: Stop FLYWHEEL
EVS Port1 1980-012-14:31:23.97647 66/1/CFE_TIME 20: Start FLYWHEEL
..EVS Port1 1980-012-14:31:37.01910 66/1/CFE_TIME 21: Stop FLYWHEEL
EVS Port1 1980-012-14:31:38.00054 66/1/CFE_TIME 20: Start FLYWHEEL
EVS Port1 1980-012-14:31:39.02583 66/1/CFE_TIME 21: Stop FLYWHEEL
.EVS Port1 1980-012-14:31:39.99841 66/1/CFE_TIME 20: Start FLYWHEEL
....EVS Port1 1980-012-14:32:04.00900 66/1/CFE_TIME 21: Stop FLYWHEEL
EVS Port1 1980-012-14:32:05.46530 66/1/CFE_TIME 20: Start FLYWHEEL
EVS Port1 1980-012-14:32:07.52627 66/1/CFE_TIME 20: Start FLYWHEEL
EVS Port1 1980-012-14:32:07.00817 66/1/CFE_TIME 21: Stop FLYWHEEL
EVS Port1 1980-012-14:32:09.01223 66/1/CFE_TIME 21: Stop FLYWHEEL
.EVS Port1 1980-012-14:32:09.99288 66/1/CFE_TIME 20: Start FLYWHEEL
....EVS Port1 1980-012-14:32:36.00486 66/1/CFE_TIME 21: Stop FLYWHEEL
EVS Port1 1980-012-14:32:36.99008 66/1/CFE_TIME 20: Start FLYWHEEL
.EVS Port1 1980-012-14:32:41.05789 66/1/CFE_TIME 20: Start FLYWHEEL
EVS Port1 1980-012-14:32:41.00547 66/1/CFE_TIME 21: Stop FLYWHEEL
....EVS Port1 1980-012-14:33:06.00451 66/1/CFE_TIME 21: Stop FLYWHEEL
EVS Port1 1980-012-14:33:06.99755 66/1/CFE_TIME 20: Start FLYWHEEL
.EVS Port1 1980-012-14:33:10.01068 66/1/CFE_TIME 21: Stop FLYWHEEL
EVS Port1 1980-012-14:33:10.99551 66/1/CFE_TIME 20: Start FLYWHEEL
....EVS Port1 1980-012-14:33:36.02435 66/1/CFE_TIME 21: Stop FLYWHEEL
EVS Port1 1980-012-14:33:36.99688 66/1/CFE_TIME 20: Start FLYWHEEL
...EVS Port1 1980-012-14:33:55.01110 66/1/CFE_TIME 21: Stop FLYWHEEL
EVS Port1 1980-012-14:33:56.00723 66/1/CFE_TIME 20: Start FLYWHEEL
{"app":"AI_LEARNER","stage":"e25_equivalence","inputs":1,"completed":1,"model":"wgan","target":"aarch64-unknown-linux-gnu","artifact_sha256":"e382429cbfbf5803..."}
EVS Port1 1980-012-14:33:56.29118 66/1/AI_LEARNER 4: AI_LEARNER: E25 equivalence 1/1 inferences written
{"app":"AI_LEARNER","stage":"e25_mode","active":true,"inputs_path":"/cf/e25_inputs.bin"}
EVS Port1 1980-012-14:33:56.29576 66/1/AI_LEARNER 3: AI_LEARNER initialized: model wgan (4321533 B), rss_delta_init=1644 KB
.EVS Port1 1980-012-14:33:57.00297 66/1/CFE_TIME 21: Stop FLYWHEEL
EVS Port1 1980-012-14:33:57.99932 66/1/CFE_TIME 20: Start FLYWHEEL
.EVS Port1 1980-012-14:34:06.29196 66/1/CFE_TIME 20: Start FLYWHEEL
EVS Port1 1980-012-14:34:07.00679 66/1/CFE_TIME 21: Stop FLYWHEEL
..EVS Port1 1980-012-14:34:17.02705 66/1/CFE_TIME 21: Stop FLYWHEEL
EVS Port1 1980-012-14:34:17.98576 66/1/CFE_TIME 20: Start FLYWHEEL
EVS Port1 1980-012-14:34:19.70095 66/1/CFE_SB 17: Msg Limit Err,MsgId 0x800,pipe AI_LEARNER_PIPE,sender CFE_ES
.EVS Port1 1980-012-14:34:23.79808 66/1/CFE_SB 17: Msg Limit Err,MsgId 0x800,pipe AI_LEARNER_PIPE,sender CFE_ES
EVS Port1 1980-012-14:34:25.00483 66/1/CFE_TIME 21: Stop FLYWHEEL
EVS Port1 1980-012-14:34:26.02793 66/1/CFE_TIME 20: Start FLYWHEEL
.EVS Port1 1980-012-14:34:27.00846 66/1/CFE_TIME 21: Stop FLYWHEEL
EVS Port1 1980-012-14:34:27.69656 66/1/CFE_SB 17: Msg Limit Err,MsgId 0x800,pipe AI_LEARNER_PIPE,sender CFE_ES
EVS Port1 1980-012-14:34:28.00028 66/1/CFE_TIME 20: Start FLYWHEEL
EVS Port1 1980-012-14:34:31.77297 66/1/CFE_SB 17: Msg Limit Err,MsgId 0x800,pipe AI_LEARNER_PIPE,sender CFE_ES
.EVS Port1 1980-012-14:34:36.11408 66/1/CFE_SB 17: Msg Limit Err,MsgId 0x800,pipe AI_LEARNER_PIPE,sender CFE_ES
EVS Port1 1980-012-14:34:36.00572 66/1/CFE_TIME 21: Stop FLYWHEEL
EVS Port1 1980-012-14:34:37.00204 66/1/CFE_TIME 20: Start FLYWHEEL
.EVS Port1 1980-012-14:34:39.75784 66/1/CFE_SB 17: Msg Limit Err,MsgId 0x800,pipe AI_LEARNER_PIPE,sender CFE_ES
EVS Port1 1980-012-14:34:43.69477 66/1/CFE_SB 17: Msg Limit Err,MsgId 0x800,pipe AI_LEARNER_PIPE,sender CFE_ES
.EVS Port1 1980-012-14:34:47.69857 66/1/CFE_SB 17: Msg Limit Err,MsgId 0x800,pipe AI_LEARNER_PIPE,sender CFE_ES
.EVS Port1 1980-012-14:34:51.69795 66/1/CFE_SB 17: Msg Limit Err,MsgId 0x800,pipe AI_LEARNER_PIPE,sender CFE_ES
EVS Port1 1980-012-14:34:55.69483 66/1/CFE_SB 17: Msg Limit Err,MsgId 0x800,pipe AI_LEARNER_PIPE,sender CFE_ES
.EVS Port1 1980-012-14:34:59.75872 66/1/CFE_SB 17: Msg Limit Err,MsgId 0x800,pipe AI_LEARNER_PIPE,sender CFE_ES
EVS Port1 1980-012-14:35:00.01008 66/1/CFE_TIME 21: Stop FLYWHEEL
EVS Port1 1980-012-14:35:01.00804 66/1/CFE_TIME 20: Start FLYWHEEL
EVS Port1 1980-012-14:35:02.00553 66/1/CFE_TIME 21: Stop FLYWHEEL
.EVS Port1 1980-012-14:35:03.04980 66/1/CFE_TIME 20: Start FLYWHEEL
EVS Port1 1980-012-14:35:04.13003 66/1/CFE_SB 17: Msg Limit Err,MsgId 0x800,pipe AI_LEARNER_PIPE,sender CFE_ES
EVS Port1 1980-012-14:35:05.46470 66/1/CFE_TIME 20: Start FLYWHEEL
EVS Port1 1980-012-14:35:06.00228 66/1/CFE_TIME 21: Stop FLYWHEEL
EVS Port1 1980-012-14:35:07.71878 66/1/CFE_SB 17: Msg Limit Err,MsgId 0x800,pipe AI_LEARNER_PIPE,sender CFE_ES
.EVS Port1 1980-012-14:35:11.01652 66/1/CFE_TIME 21: Stop FLYWHEEL
EVS Port1 1980-012-14:35:11.71040 66/1/CFE_SB 17: Msg Limit Err,MsgId 0x800,pipe AI_LEARNER_PIPE,sender CFE_ES
EVS Port1 1980-012-14:35:11.99876 66/1/CFE_TIME 20: Start FLYWHEEL
.EVS Port1 1980-012-14:35:15.70608 66/1/CFE_SB 17: Msg Limit Err,MsgId 0x800,pipe AI_LEARNER_PIPE,sender CFE_ES
EVS Port1 1980-012-14:35:17.00788 66/1/CFE_TIME 21: Stop FLYWHEEL
EVS Port1 1980-012-14:35:18.07044 66/1/CFE_TIME 20: Start FLYWHEEL
EVS Port1 1980-012-14:35:19.79232 66/1/CFE_SB 17: Msg Limit Err,MsgId 0x800,pipe AI_LEARNER_PIPE,sender CFE_ES
.EVS Port1 1980-012-14:35:20.07838 66/1/CFE_TIME 20: Start FLYWHEEL
EVS Port1 1980-012-14:35:22.00625 66/1/CFE_TIME 21: Stop FLYWHEEL
..EVS Port1 1980-012-14:35:33.38557 66/1/CFE_TIME 20: Start FLYWHEEL
EVS Port1 1980-012-14:35:37.00881 66/1/CFE_TIME 21: Stop FLYWHEEL
.EVS Port1 1980-012-14:35:40.33975 66/1/CFE_TIME 20: Start FLYWHEEL
EVS Port1 1980-012-14:35:41.01383 66/1/CFE_TIME 21: Stop FLYWHEEL
.EVS Port1 1980-012-14:35:45.00601 66/1/CFE_TIME 21: Stop FLYWHEEL
EVS Port1 1980-012-14:35:45.99676 66/1/CFE_TIME 20: Start FLYWHEEL
EVS Port1 1980-012-14:35:48.01361 66/1/CFE_TIME 21: Stop FLYWHEEL
EVS Port1 1980-012-14:35:49.03457 66/1/CFE_TIME 20: Start FLYWHEEL
.EVS Port1 1980-012-14:35:50.00804 66/1/CFE_TIME 21: Stop FLYWHEEL
EVS Port1 1980-012-14:35:51.00680 66/1/CFE_TIME 20: Start FLYWHEEL
EVS Port1 1980-012-14:35:54.00938 66/1/CFE_TIME 21: Stop FLYWHEEL
EVS Port1 1980-012-14:35:55.00611 66/1/CFE_TIME 20: Start FLYWHEEL
.EVS Port1 1980-012-14:35:57.05625 66/1/CFE_TIME 20: Start FLYWHEEL
EVS Port1 1980-012-14:35:57.00755 66/1/CFE_TIME 21: Stop FLYWHEEL
EVS Port1 1980-012-14:36:01.01960 66/1/CFE_TIME 20: Start FLYWHEEL
.EVS Port1 1980-012-14:36:04.04986 66/1/CFE_TIME 21: Stop FLYWHEEL
EVS Port1 1980-012-14:36:06.00700 66/1/CFE_TIME 21: Stop FLYWHEEL
.EVS Port1 1980-012-14:36:07.00140 66/1/CFE_TIME 20: Start FLYWHEEL
..EVS Port1 1980-012-14:36:23.00659 66/1/CFE_TIME 21: Stop FLYWHEEL
EVS Port1 1980-012-14:36:24.01266 66/1/CFE_TIME 20: Start FLYWHEEL
..EVS Port1 1980-012-14:36:33.33154 66/1/CFE_TIME 20: Start FLYWHEEL
EVS Port1 1980-012-14:36:33.00799 66/1/CFE_TIME 21: Stop FLYWHEEL
.EVS Port1 1980-012-14:36:37.01133 66/1/CFE_TIME 21: Stop FLYWHEEL
EVS Port1 1980-012-14:36:37.99790 66/1/CFE_TIME 20: Start FLYWHEEL
EVS Port1 1980-012-14:36:42.00703 66/1/CFE_TIME 21: Stop FLYWHEEL
.EVS Port1 1980-012-14:36:43.00230 66/1/CFE_TIME 20: Start FLYWHEEL
...EVS Port1 1980-012-14:37:02.34355 66/1/CFE_TIME 20: Start FLYWHEEL
EVS Port1 1980-012-14:37:03.01567 66/1/CFE_TIME 21: Stop FLYWHEEL
EVS Port1 1980-012-14:37:06.22535 66/1/CFE_TIME 20: Start FLYWHEEL
.EVS Port1 1980-012-14:37:07.01296 66/1/CFE_TIME 21: Stop FLYWHEEL
.EVS Port1 1980-012-14:37:15.01231 66/1/CFE_TIME 21: Stop FLYWHEEL
EVS Port1 1980-012-14:37:16.00047 66/1/CFE_TIME 20: Start FLYWHEEL
.EVS Port1 1980-012-14:37:19.02145 66/1/CFE_TIME 21: Stop FLYWHEEL
EVS Port1 1980-012-14:37:19.99711 66/1/CFE_TIME 20: Start FLYWHEEL
EVS Port1 1980-012-14:37:23.00767 66/1/CFE_TIME 21: Stop FLYWHEEL
.EVS Port1 1980-012-14:37:24.03572 66/1/CFE_TIME 20: Start FLYWHEEL
EVS Port1 1980-012-14:37:25.00738 66/1/CFE_TIME 21: Stop FLYWHEEL
EVS Port1 1980-012-14:37:26.02708 66/1/CFE_TIME 20: Start FLYWHEEL
EVS Port1 1980-012-14:37:28.06842 66/1/CFE_TIME 20: Start FLYWHEEL
EVS Port1 1980-012-14:37:28.01272 66/1/CFE_TIME 21: Stop FLYWHEEL
.EVS Port1 1980-012-14:37:32.12278 66/1/CFE_TIME 20: Start FLYWHEEL
EVS Port1 1980-012-14:37:32.01412 66/1/CFE_TIME 21: Stop FLYWHEEL
.EVS Port1 1980-012-14:37:40.01383 66/1/CFE_TIME 21: Stop FLYWHEEL
EVS Port1 1980-012-14:37:40.99270 66/1/CFE_TIME 20: Start FLYWHEEL
.EVS Port1 1980-012-14:37:45.00521 66/1/CFE_TIME 21: Stop FLYWHEEL
EVS Port1 1980-012-14:37:45.99633 66/1/CFE_TIME 20: Start FLYWHEEL
.EVS Port1 1980-012-14:37:53.01213 66/1/CFE_TIME 21: Stop FLYWHEEL
.EVS Port1 1980-012-14:37:53.99359 66/1/CFE_TIME 20: Start FLYWHEEL
EVS Port1 1980-012-14:37:59.00799 66/1/CFE_TIME 21: Stop FLYWHEEL
.EVS Port1 1980-012-14:38:00.19911 66/1/CFE_TIME 20: Start FLYWHEEL
EVS Port1 1980-012-14:38:02.24346 66/1/CFE_TIME 20: Start FLYWHEEL
EVS Port1 1980-012-14:38:02.01351 66/1/CFE_TIME 21: Stop FLYWHEEL
.EVS Port1 1980-012-14:38:06.01023 66/1/CFE_TIME 21: Stop FLYWHEEL
EVS Port1 1980-012-14:38:07.00772 66/1/CFE_TIME 20: Start FLYWHEEL
.EVS Port1 1980-012-14:38:16.01446 66/1/CFE_TIME 21: Stop FLYWHEEL
EVS Port1 1980-012-14:38:17.00166 66/1/CFE_TIME 20: Start FLYWHEEL
.EVS Port1 1980-012-14:38:19.12957 66/1/CFE_TIME 20: Start FLYWHEEL
EVS Port1 1980-012-14:38:22.00489 66/1/CFE_TIME 21: Stop FLYWHEEL
.EVS Port1 1980-012-14:38:27.00627 66/1/CFE_TIME 21: Stop FLYWHEEL
EVS Port1 1980-012-14:38:28.05715 66/1/CFE_TIME 20: Start FLYWHEEL
EVS Port1 1980-012-14:38:29.00988 66/1/CFE_TIME 21: Stop FLYWHEEL
.EVS Port1 1980-012-14:38:30.00442 66/1/CFE_TIME 20: Start FLYWHEEL
EVS Port1 1980-012-14:38:32.19087 66/1/CFE_TIME 20: Start FLYWHEEL
EVS Port1 1980-012-14:38:33.01531 66/1/CFE_TIME 21: Stop FLYWHEEL
.....EVS Port1 1980-012-14:39:00.00535 66/1/CFE_TIME 21: Stop FLYWHEEL
EVS Port1 1980-012-14:39:01.04113 66/1/CFE_TIME 20: Start FLYWHEEL
EVS Port1 1980-012-14:39:02.01292 66/1/CFE_TIME 21: Stop FLYWHEEL
EVS Port1 1980-012-14:39:02.99998 66/1/CFE_TIME 20: Start FLYWHEEL
...EVS Port1 1980-012-14:39:19.00415 66/1/CFE_TIME 21: Stop FLYWHEEL
EVS Port1 1980-012-14:39:20.00459 66/1/CFE_TIME 20: Start FLYWHEEL
EVS Port1 1980-012-14:39:21.99935 66/1/CFE_TIME 20: Start FLYWHEEL
EVS Port1 1980-012-14:39:22.00682 66/1/CFE_TIME 21: Stop FLYWHEEL
..EVS Port1 1980-012-14:39:30.00378 66/1/CFE_TIME 21: Stop FLYWHEEL
EVS Port1 1980-012-14:39:31.00627 66/1/CFE_TIME 20: Start FLYWHEEL
..EVS Port1 1980-012-14:39:41.02236 66/1/CFE_TIME 21: Stop FLYWHEEL
EVS Port1 1980-012-14:39:42.00340 66/1/CFE_TIME 20: Start FLYWHEEL
.EVS Port1 1980-012-14:39:52.00413 66/1/CFE_TIME 21: Stop FLYWHEEL
.EVS Port1 1980-012-14:39:53.00416 66/1/CFE_TIME 20: Start FLYWHEEL
EVS Port1 1980-012-14:39:55.00700 66/1/CFE_TIME 21: Stop FLYWHEEL
EVS Port1 1980-012-14:39:55.99813 66/1/CFE_TIME 20: Start FLYWHEEL
.EVS Port1 1980-012-14:39:59.10400 66/1/CFE_TIME 20: Start FLYWHEEL
EVS Port1 1980-012-14:39:59.00643 66/1/CFE_TIME 21: Stop FLYWHEEL
EVS Port1 1980-012-14:40:01.01170 66/1/CFE_TIME 21: Stop FLYWHEEL
EVS Port1 1980-012-14:40:02.00503 66/1/CFE_TIME 20: Start FLYWHEEL
EVS Port1 1980-012-14:40:03.99861 66/1/CFE_TIME 20: Start FLYWHEEL
EVS Port1 1980-012-14:40:04.00326 66/1/CFE_TIME 21: Stop FLYWHEEL
...EVS Port1 1980-012-14:40:22.00679 66/1/CFE_TIME 21: Stop FLYWHEEL
.EVS Port1 1980-012-14:40:23.01086 66/1/CFE_TIME 20: Start FLYWHEEL
.EVS Port1 1980-012-14:40:30.35334 66/1/CFE_TIME 20: Start FLYWHEEL
EVS Port1 1980-012-14:40:31.01023 66/1/CFE_TIME 21: Stop FLYWHEEL
.EVS Port1 1980-012-14:40:36.01150 66/1/CFE_TIME 21: Stop FLYWHEEL
EVS Port1 1980-012-14:40:37.03918 66/1/CFE_TIME 20: Start FLYWHEEL
EVS Port1 1980-012-14:40:39.03491 66/1/CFE_TIME 20: Start FLYWHEEL
EVS Port1 1980-012-14:40:39.00938 66/1/CFE_TIME 21: Stop FLYWHEEL
.EVS Port1 1980-012-14:40:41.01498 66/1/CFE_TIME 21: Stop FLYWHEEL
EVS Port1 1980-012-14:40:41.99572 66/1/CFE_TIME 20: Start FLYWHEEL
.EVS Port1 1980-012-14:40:47.22718 66/1/CFE_TIME 20: Start FLYWHEEL
.EVS Port1 1980-012-14:40:54.02268 66/1/CFE_TIME 21: Stop FLYWHEEL
EVS Port1 1980-012-14:40:57.69995 66/1/CFE_TIME 20: Start FLYWHEEL
..EVS Port1 1980-012-14:41:05.02021 66/1/CFE_TIME 21: Stop FLYWHEEL
EVS Port1 1980-012-14:41:08.58644 66/1/CFE_TIME 20: Start FLYWHEEL
.EVS Port1 1980-012-14:41:10.00488 66/1/CFE_TIME 21: Stop FLYWHEEL
EVS Port1 1980-012-14:41:14.28019 66/1/CFE_TIME 20: Start FLYWHEEL
...EVS Port1 1980-012-14:41:32.02606 66/1/CFE_TIME 21: Stop FLYWHEEL
.EVS Port1 1980-012-14:41:35.08355 66/1/CFE_TIME 20: Start FLYWHEEL
EVS Port1 1980-012-14:41:35.01527 66/1/CFE_TIME 21: Stop FLYWHEEL
EVS Port1 1980-012-14:41:38.00935 66/1/CFE_TIME 21: Stop FLYWHEEL
EVS Port1 1980-012-14:41:39.01007 66/1/CFE_TIME 20: Start FLYWHEEL
...EVS Port1 1980-012-14:41:52.00785 66/1/CFE_TIME 21: Stop FLYWHEEL
EVS Port1 1980-012-14:41:53.00616 66/1/CFE_TIME 20: Start FLYWHEEL
EVS Port1 1980-012-14:41:57.00874 66/1/CFE_TIME 21: Stop FLYWHEEL
.EVS Port1 1980-012-14:41:57.99974 66/1/CFE_TIME 20: Start FLYWHEEL
.EVS Port1 1980-012-14:42:05.00399 66/1/CFE_TIME 21: Stop FLYWHEEL
EVS Port1 1980-012-14:42:06.00708 66/1/CFE_TIME 20: Start FLYWHEEL
EVS Port1 1980-012-14:42:07.99864 66/1/CFE_TIME 20: Start FLYWHEEL
EVS Port1 1980-012-14:42:08.00790 66/1/CFE_TIME 21: Stop FLYWHEEL
...EVS Port1 1980-012-14:42:27.38954 66/1/CFE_TIME 20: Start FLYWHEEL
.EVS Port1 1980-012-14:42:28.00897 66/1/CFE_TIME 21: Stop FLYWHEEL
.EVS Port1 1980-012-14:42:34.01808 66/1/CFE_TIME 21: Stop FLYWHEEL
EVS Port1 1980-012-14:42:34.98770 66/1/CFE_TIME 20: Start FLYWHEEL
..EVS Port1 1980-012-14:42:45.02725 66/1/CFE_TIME 21: Stop FLYWHEEL
EVS Port1 1980-012-14:42:45.98811 66/1/CFE_TIME 20: Start FLYWHEEL
EVS Port1 1980-012-14:42:48.01597 66/1/CFE_TIME 21: Stop FLYWHEEL
EVS Port1 1980-012-14:42:49.01206 66/1/CFE_TIME 20: Start FLYWHEEL
EVS Port1 1980-012-14:42:50.01025 66/1/CFE_TIME 21: Stop FLYWHEEL
.EVS Port1 1980-012-14:42:51.03460 66/1/CFE_TIME 20: Start FLYWHEEL
EVS Port1 1980-012-14:42:52.01722 66/1/CFE_TIME 21: Stop FLYWHEEL
EVS Port1 1980-012-14:42:53.04490 66/1/CFE_TIME 20: Start FLYWHEEL
EVS Port1 1980-012-14:42:54.01141 66/1/CFE_TIME 21: Stop FLYWHEEL
EVS Port1 1980-012-14:42:55.19821 66/1/CFE_TIME 20: Start FLYWHEEL
.EVS Port1 1980-012-14:42:57.30984 66/1/CFE_TIME 20: Start FLYWHEEL
EVS Port1 1980-012-14:42:57.00886 66/1/CFE_TIME 21: Stop FLYWHEEL
.EVS Port1 1980-012-14:43:06.02188 66/1/CFE_TIME 21: Stop FLYWHEEL
EVS Port1 1980-012-14:43:06.98738 66/1/CFE_TIME 20: Start FLYWHEEL
.EVS Port1 1980-012-14:43:11.03489 66/1/CFE_TIME 21: Stop FLYWHEEL
EVS Port1 1980-012-14:43:12.05311 66/1/CFE_TIME 20: Start FLYWHEEL
EVS Port1 1980-012-14:43:14.18679 66/1/CFE_TIME 20: Start FLYWHEEL
.EVS Port1 1980-012-14:43:19.04838 66/1/CFE_TIME 21: Stop FLYWHEEL
.EVS Port1 1980-012-14:43:22.43620 66/1/CFE_TIME 20: Start FLYWHEEL
.EVS Port1 1980-012-14:43:27.03602 66/1/CFE_TIME 21: Stop FLYWHEEL
EVS Port1 1980-012-14:43:31.03318 66/1/CFE_TIME 20: Start FLYWHEEL
EVS Port1 1980-012-14:43:31.02355 66/1/CFE_TIME 21: Stop FLYWHEEL
..EVS Port1 1980-012-14:43:38.17283 66/1/CFE_TIME 20: Start FLYWHEEL
....EVS Port1 1980-012-14:44:07.01228 66/1/CFE_TIME 21: Stop FLYWHEEL
.EVS Port1 1980-012-14:44:10.09889 66/1/CFE_TIME 20: Start FLYWHEEL
.EVS Port1 1980-012-14:44:16.01542 66/1/CFE_TIME 21: Stop FLYWHEEL
.EVS Port1 1980-012-14:44:25.18119 66/1/CFE_TIME 20: Start FLYWHEEL
EVS Port1 1980-012-14:44:25.02418 66/1/CFE_TIME 21: Stop FLYWHEEL
..EVS Port1 1980-012-14:44:32.01274 66/1/CFE_TIME 21: Stop FLYWHEEL
EVS Port1 1980-012-14:44:33.00189 66/1/CFE_TIME 20: Start FLYWHEEL
.EVS Port1 1980-012-14:44:43.00439 66/1/CFE_TIME 21: Stop FLYWHEEL
.EVS Port1 1980-012-14:44:44.00108 66/1/CFE_TIME 20: Start FLYWHEEL
EVS Port1 1980-012-14:44:45.00929 66/1/CFE_TIME 21: Stop FLYWHEEL
EVS Port1 1980-012-14:44:45.99299 66/1/CFE_TIME 20: Start FLYWHEEL
.EVS Port1 1980-012-14:44:51.01390 66/1/CFE_TIME 21: Stop FLYWHEEL
EVS Port1 1980-012-14:44:52.18750 66/1/CFE_TIME 20: Start FLYWHEEL
EVS Port1 1980-012-14:44:54.28118 66/1/CFE_TIME 20: Start FLYWHEEL
EVS Port1 1980-012-14:44:54.00946 66/1/CFE_TIME 21: Stop FLYWHEEL
...EVS Port1 1980-012-14:45:12.02175 66/1/CFE_TIME 21: Stop FLYWHEEL
EVS Port1 1980-012-14:45:12.98696 66/1/CFE_TIME 20: Start FLYWHEEL
..EVS Port1 1980-012-14:45:24.16139 66/1/CFE_TIME 20: Start FLYWHEEL
EVS Port1 1980-012-14:45:24.00973 66/1/CFE_TIME 21: Stop FLYWHEEL
..EVS Port1 1980-012-14:45:33.01679 66/1/CFE_TIME 21: Stop FLYWHEEL
EVS Port1 1980-012-14:45:33.97500 66/1/CFE_TIME 20: Start FLYWHEEL
EVS Port1 1980-012-14:45:37.01341 66/1/CFE_TIME 21: Stop FLYWHEEL
.EVS Port1 1980-012-14:45:37.98831 66/1/CFE_TIME 20: Start FLYWHEEL
.EVS Port1 1980-012-14:45:46.00643 66/1/CFE_TIME 21: Stop FLYWHEEL
EVS Port1 1980-012-14:45:47.00794 66/1/CFE_TIME 20: Start FLYWHEEL
EVS Port1 1980-012-14:45:48.00828 66/1/CFE_TIME 21: Stop FLYWHEEL
EVS Port1 1980-012-14:45:48.99945 66/1/CFE_TIME 20: Start FLYWHEEL
.EVS Port1 1980-012-14:45:50.02415 66/1/CFE_TIME 21: Stop FLYWHEEL
EVS Port1 1980-012-14:45:50.99925 66/1/CFE_TIME 20: Start FLYWHEEL
EVS Port1 1980-012-14:45:53.01121 66/1/CFE_TIME 21: Stop FLYWHEEL
EVS Port1 1980-012-14:45:53.99816 66/1/CFE_TIME 20: Start FLYWHEEL
.EVS Port1 1980-012-14:45:58.01116 66/1/CFE_TIME 21: Stop FLYWHEEL
EVS Port1 1980-012-14:45:58.99290 66/1/CFE_TIME 20: Start FLYWHEEL
.EVS Port1 1980-012-14:46:03.02098 66/1/CFE_TIME 20: Start FLYWHEEL
EVS Port1 1980-012-14:46:03.01211 66/1/CFE_TIME 21: Stop FLYWHEEL
..EVS Port1 1980-012-14:46:13.00613 66/1/CFE_TIME 21: Stop FLYWHEEL
EVS Port1 1980-012-14:46:13.99655 66/1/CFE_TIME 20: Start FLYWHEEL
EVS Port1 1980-012-14:46:16.01451 66/1/CFE_TIME 21: Stop FLYWHEEL
EVS Port1 1980-012-14:46:17.04808 66/1/CFE_TIME 20: Start FLYWHEEL
.EVS Port1 1980-012-14:46:19.18835 66/1/CFE_TIME 20: Start FLYWHEEL
.EVS Port1 1980-012-14:46:26.01594 66/1/CFE_TIME 21: Stop FLYWHEEL
EVS Port1 1980-012-14:46:29.01979 66/1/CFE_TIME 21: Stop FLYWHEEL
EVS Port1 1980-012-14:46:29.98995 66/1/CFE_TIME 20: Start FLYWHEEL
...EVS Port1 1980-012-14:46:45.13392 66/1/CFE_TIME 20: Start FLYWHEEL
EVS Port1 1980-012-14:46:46.01004 66/1/CFE_TIME 21: Stop FLYWHEEL
.EVS Port1 1980-012-14:46:51.04405 66/1/CFE_TIME 20: Start FLYWHEEL
.EVS Port1 1980-012-14:46:57.01089 66/1/CFE_TIME 21: Stop FLYWHEEL
.EVS Port1 1980-012-14:47:00.24285 66/1/CFE_TIME 20: Start FLYWHEEL
.EVS Port1 1980-012-14:47:07.01190 66/1/CFE_TIME 21: Stop FLYWHEEL
EVS Port1 1980-012-14:47:09.00440 66/1/CFE_TIME 21: Stop FLYWHEEL
EVS Port1 1980-012-14:47:09.99244 66/1/CFE_TIME 20: Start FLYWHEEL
.EVS Port1 1980-012-14:47:14.13220 66/1/CFE_TIME 20: Start FLYWHEEL
EVS Port1 1980-012-14:47:15.02014 66/1/CFE_TIME 21: Stop FLYWHEEL
.EVS Port1 1980-012-14:47:19.27549 66/1/CFE_TIME 20: Start FLYWHEEL
EVS Port1 1980-012-14:47:20.01545 66/1/CFE_TIME 21: Stop FLYWHEEL
...EVS Port1 1980-012-14:47:39.06013 66/1/CFE_TIME 20: Start FLYWHEEL
EVS Port1 1980-012-14:47:39.01351 66/1/CFE_TIME 21: Stop FLYWHEEL
..EVS Port1 1980-012-14:47:49.00576 66/1/CFE_TIME 21: Stop FLYWHEEL
EVS Port1 1980-012-14:47:50.00094 66/1/CFE_TIME 20: Start FLYWHEEL
...EVS Port1 1980-012-14:48:07.37385 66/1/CFE_TIME 20: Start FLYWHEEL
.EVS Port1 1980-012-14:48:14.01435 66/1/CFE_TIME 21: Stop FLYWHEEL
.EVS Port1 1980-012-14:48:17.28111 66/1/CFE_TIME 20: Start FLYWHEEL
EVS Port1 1980-012-14:48:20.01568 66/1/CFE_TIME 21: Stop FLYWHEEL
.EVS Port1 1980-012-14:48:23.10815 66/1/CFE_TIME 20: Start FLYWHEEL
...EVS Port1 1980-012-14:48:42.01007 66/1/CFE_TIME 21: Stop FLYWHEEL
.EVS Port1 1980-012-14:48:47.03042 66/1/CFE_TIME 20: Start FLYWHEEL
EVS Port1 1980-012-14:48:49.01615 66/1/CFE_TIME 21: Stop FLYWHEEL
.EVS Port1 1980-012-14:48:54.02607 66/1/CFE_TIME 21: Stop FLYWHEEL
EVS Port1 1980-012-14:48:54.99252 66/1/CFE_TIME 20: Start FLYWHEEL
EVS Port1 1980-012-14:48:56.01101 66/1/CFE_TIME 21: Stop FLYWHEEL
.EVS Port1 1980-012-14:48:57.02198 66/1/CFE_TIME 20: Start FLYWHEEL
EVS Port1 1980-012-14:48:58.04084 66/1/CFE_TIME 21: Stop FLYWHEEL
EVS Port1 1980-012-14:48:58.97802 66/1/CFE_TIME 20: Start FLYWHEEL
.EVS Port1 1980-012-14:49:03.01277 66/1/CFE_TIME 21: Stop FLYWHEEL
EVS Port1 1980-012-14:49:03.98846 66/1/CFE_TIME 20: Start FLYWHEEL
..EVS Port1 1980-012-14:49:16.00717 66/1/CFE_TIME 21: Stop FLYWHEEL
EVS Port1 1980-012-14:49:16.99519 66/1/CFE_TIME 20: Start FLYWHEEL
.EVS Port1 1980-012-14:49:25.01507 66/1/CFE_TIME 21: Stop FLYWHEEL
EVS Port1 1980-012-14:49:25.99322 66/1/CFE_TIME 20: Start FLYWHEEL
..EVS Port1 1980-012-14:49:34.08552 66/1/CFE_TIME 20: Start FLYWHEEL
.EVS Port1 1980-012-14:49:39.00617 66/1/CFE_TIME 21: Stop FLYWHEEL
EVS Port1 1980-012-14:49:42.13116 66/1/CFE_TIME 20: Start FLYWHEEL
.........EVS Port1 1980-012-14:50:38.01005 66/1/CFE_TIME 21: Stop FLYWHEEL
.EVS Port1 1980-012-14:50:43.13146 66/1/CFE_TIME 20: Start FLYWHEEL
.EVS Port1 1980-012-14:50:45.01338 66/1/CFE_TIME 21: Stop FLYWHEEL
EVS Port1 1980-012-14:50:50.00827 66/1/CFE_TIME 21: Stop FLYWHEEL
.EVS Port1 1980-012-14:50:51.00714 66/1/CFE_TIME 20: Start FLYWHEEL
EVS Port1 1980-012-14:50:52.01173 66/1/CFE_TIME 21: Stop FLYWHEEL
EVS Port1 1980-012-14:50:52.99308 66/1/CFE_TIME 20: Start FLYWHEEL
.EVS Port1 1980-012-14:50:57.01013 66/1/CFE_TIME 21: Stop FLYWHEEL
EVS Port1 1980-012-14:50:57.99400 66/1/CFE_TIME 20: Start FLYWHEEL
.EVS Port1 1980-012-14:51:05.01329 66/1/CFE_TIME 21: Stop FLYWHEEL
EVS Port1 1980-012-14:51:05.99484 66/1/CFE_TIME 20: Start FLYWHEEL
.EVS Port1 1980-012-14:51:13.31764 66/1/CFE_TIME 20: Start FLYWHEEL
.EVS Port1 1980-012-14:51:16.01593 66/1/CFE_TIME 21: Stop FLYWHEEL
...EVS Port1 1980-012-14:51:33.00576 66/1/CFE_TIME 21: Stop FLYWHEEL
EVS Port1 1980-012-14:51:34.00590 66/1/CFE_TIME 20: Start FLYWHEEL
EVS Port1 1980-012-14:51:35.00656 66/1/CFE_TIME 21: Stop FLYWHEEL
EVS Port1 1980-012-14:51:36.02311 66/1/CFE_TIME 20: Start FLYWHEEL
.EVS Port1 1980-012-14:51:38.01918 66/1/CFE_TIME 20: Start FLYWHEEL
EVS Port1 1980-012-14:51:38.00790 66/1/CFE_TIME 21: Stop FLYWHEEL
EVS Port1 1980-012-14:51:41.05007 66/1/CFE_TIME 20: Start FLYWHEEL
EVS Port1 1980-012-14:51:41.00779 66/1/CFE_TIME 21: Stop FLYWHEEL
.EVS Port1 1980-012-14:51:44.28111 66/1/CFE_TIME 20: Start FLYWHEEL
EVS Port1 1980-012-14:51:45.00819 66/1/CFE_TIME 21: Stop FLYWHEEL
EVS Port1 1980-012-14:51:48.01878 66/1/CFE_TIME 20: Start FLYWHEEL
EVS Port1 1980-012-14:51:49.01974 66/1/CFE_TIME 21: Stop FLYWHEEL
..EVS Port1 1980-012-14:51:57.02099 66/1/CFE_TIME 21: Stop FLYWHEEL
EVS Port1 1980-012-14:51:58.05523 66/1/CFE_TIME 20: Start FLYWHEEL
EVS Port1 1980-012-14:52:00.11245 66/1/CFE_TIME 20: Start FLYWHEEL
.EVS Port1 1980-012-14:52:04.01240 66/1/CFE_TIME 21: Stop FLYWHEEL
.EVS Port1 1980-012-14:52:07.01045 66/1/CFE_TIME 21: Stop FLYWHEEL
EVS Port1 1980-012-14:52:07.99206 66/1/CFE_TIME 20: Start FLYWHEEL
EVS Port1 1980-012-14:52:10.26266 66/1/CFE_TIME 20: Start FLYWHEEL
.EVS Port1 1980-012-14:52:18.02622 66/1/CFE_TIME 21: Stop FLYWHEEL
.EVS Port1 1980-012-14:52:21.21733 66/1/CFE_TIME 20: Start FLYWHEEL
EVS Port1 1980-012-14:52:24.02153 66/1/CFE_TIME 21: Stop FLYWHEEL
.EVS Port1 1980-012-14:52:27.10548 66/1/CFE_TIME 20: Start FLYWHEEL
EVS Port1 1980-012-14:52:28.01191 66/1/CFE_TIME 21: Stop FLYWHEEL
.EVS Port1 1980-012-14:52:31.08595 66/1/CFE_TIME 20: Start FLYWHEEL
EVS Port1 1980-012-14:52:31.01115 66/1/CFE_TIME 21: Stop FLYWHEEL
EVS Port1 1980-012-14:52:33.03894 66/1/CFE_TIME 21: Stop FLYWHEEL
EVS Port1 1980-012-14:52:34.02835 66/1/CFE_TIME 20: Start FLYWHEEL
EVS Port1 1980-012-14:52:36.07852 66/1/CFE_TIME 20: Start FLYWHEEL
.EVS Port1 1980-012-14:52:37.02156 66/1/CFE_TIME 21: Stop FLYWHEEL
EVS Port1 1980-012-14:52:41.20901 66/1/CFE_TIME 20: Start FLYWHEEL
.EVS Port1 1980-012-14:52:43.00796 66/1/CFE_TIME 21: Stop FLYWHEEL
....EVS Port1 1980-012-14:53:11.00402 66/1/CFE_TIME 21: Stop FLYWHEEL
EVS Port1 1980-012-14:53:11.99934 66/1/CFE_TIME 20: Start FLYWHEEL
.EVS Port1 1980-012-14:53:13.99813 66/1/CFE_TIME 20: Start FLYWHEEL
EVS Port1 1980-012-14:53:14.00624 66/1/CFE_TIME 21: Stop FLYWHEEL
.EVS Port1 1980-012-14:53:23.01605 66/1/CFE_TIME 21: Stop FLYWHEEL
EVS Port1 1980-012-14:53:23.99679 66/1/CFE_TIME 20: Start FLYWHEEL
.EVS Port1 1980-012-14:53:29.01513 66/1/CFE_TIME 21: Stop FLYWHEEL
EVS Port1 1980-012-14:53:30.08047 66/1/CFE_TIME 20: Start FLYWHEEL
.EVS Port1 1980-012-14:53:32.20791 66/1/CFE_TIME 20: Start FLYWHEEL
...EVS Port1 1980-012-14:53:52.00805 66/1/CFE_TIME 21: Stop FLYWHEEL
.EVS Port1 1980-012-14:53:55.17721 66/1/CFE_TIME 20: Start FLYWHEEL
...EVS Port1 1980-012-14:54:12.00584 66/1/CFE_TIME 21: Stop FLYWHEEL
.EVS Port1 1980-012-14:54:23.00387 66/1/CFE_TIME 20: Start FLYWHEEL
EVS Port1 1980-012-14:54:23.00915 66/1/CFE_TIME 21: Stop FLYWHEEL
.EVS Port1 1980-012-14:54:27.00332 66/1/CFE_TIME 21: Stop FLYWHEEL
EVS Port1 1980-012-14:54:28.00094 66/1/CFE_TIME 20: Start FLYWHEEL
..EVS Port1 1980-012-14:54:40.25399 66/1/CFE_TIME 20: Start FLYWHEEL
EVS Port1 1980-012-14:54:40.03056 66/1/CFE_TIME 21: Stop FLYWHEEL
.....EVS Port1 1980-012-14:55:10.25512 66/1/CFE_TIME 20: Start FLYWHEEL
.EVS Port1 1980-012-14:55:11.01377 66/1/CFE_TIME 21: Stop FLYWHEEL
EVS Port1 1980-012-14:55:13.02227 66/1/CFE_TIME 21: Stop FLYWHEEL
EVS Port1 1980-012-14:55:14.02676 66/1/CFE_TIME 20: Start FLYWHEEL
EVS Port1 1980-012-14:55:16.09220 66/1/CFE_TIME 20: Start FLYWHEEL
.EVS Port1 1980-012-14:55:17.01553 66/1/CFE_TIME 21: Stop FLYWHEEL
.EVS Port1 1980-012-14:55:23.00930 66/1/CFE_TIME 20: Start FLYWHEEL
EVS Port1 1980-012-14:55:23.01406 66/1/CFE_TIME 21: Stop FLYWHEEL
EVS Port1 1980-012-14:55:26.15812 66/1/CFE_TIME 20: Start FLYWHEEL
.........EVS Port1 1980-012-14:56:20.01434 66/1/CFE_TIME 21: Stop FLYWHEEL
..EVS Port1 1980-012-14:56:34.01091 66/1/CFE_TIME 21: Stop FLYWHEEL
EVS Port1 1980-012-14:56:34.99528 66/1/CFE_TIME 20: Start FLYWHEEL
.EVS Port1 1980-012-14:56:36.01139 66/1/CFE_TIME 21: Stop FLYWHEEL
EVS Port1 1980-012-14:56:37.07829 66/1/CFE_TIME 20: Start FLYWHEEL
EVS Port1 1980-012-14:56:38.01495 66/1/CFE_TIME 21: Stop FLYWHEEL
EVS Port1 1980-012-14:56:38.99600 66/1/CFE_TIME 20: Start FLYWHEEL
.EVS Port1 1980-012-14:56:41.00938 66/1/CFE_TIME 21: Stop FLYWHEEL
EVS Port1 1980-012-14:56:42.00016 66/1/CFE_TIME 20: Start FLYWHEEL
.EVS Port1 1980-012-14:56:49.01792 66/1/CFE_TIME 21: Stop FLYWHEEL
EVS Port1 1980-012-14:56:49.99693 66/1/CFE_TIME 20: Start FLYWHEEL
..EVS Port1 1980-012-14:57:01.00816 66/1/CFE_TIME 21: Stop FLYWHEEL
EVS Port1 1980-012-14:57:01.98464 66/1/CFE_TIME 20: Start FLYWHEEL
.EVS Port1 1980-012-14:57:07.00413 66/1/CFE_TIME 21: Stop FLYWHEEL
EVS Port1 1980-012-14:57:08.04707 66/1/CFE_TIME 20: Start FLYWHEEL
EVS Port1 1980-012-14:57:10.04496 66/1/CFE_TIME 20: Start FLYWHEEL
EVS Port1 1980-012-14:57:10.01005 66/1/CFE_TIME 21: Stop FLYWHEEL
.EVS Port1 1980-012-14:57:15.00505 66/1/CFE_TIME 21: Stop FLYWHEEL
EVS Port1 1980-012-14:57:15.99830 66/1/CFE_TIME 20: Start FLYWHEEL
..EVS Port1 1980-012-14:57:27.00843 66/1/CFE_TIME 21: Stop FLYWHEEL
EVS Port1 1980-012-14:57:28.01168 66/1/CFE_TIME 20: Start FLYWHEEL
.EVS Port1 1980-012-14:57:30.06768 66/1/CFE_TIME 20: Start FLYWHEEL
EVS Port1 1980-012-14:57:31.01704 66/1/CFE_TIME 21: Stop FLYWHEEL
.EVS Port1 1980-012-14:57:37.16604 66/1/CFE_TIME 20: Start FLYWHEEL
EVS Port1 1980-012-14:57:39.00837 66/1/CFE_TIME 21: Stop FLYWHEEL
.EVS Port1 1980-012-14:57:42.28604 66/1/CFE_TIME 20: Start FLYWHEEL
EVS Port1 1980-012-14:57:43.01663 66/1/CFE_TIME 21: Stop FLYWHEEL
.EVS Port1 1980-012-14:57:48.01156 66/1/CFE_TIME 21: Stop FLYWHEEL
EVS Port1 1980-012-14:57:49.03765 66/1/CFE_TIME 20: Start FLYWHEEL
EVS Port1 1980-012-14:57:51.13958 66/1/CFE_TIME 20: Start FLYWHEEL
.........EVS Port1 1980-012-14:58:41.01089 66/1/CFE_TIME 21: Stop FLYWHEEL
EVS Port1 1980-012-14:58:44.08856 66/1/CFE_TIME 20: Start FLYWHEEL
EVS Port1 1980-012-14:58:44.01316 66/1/CFE_TIME 21: Stop FLYWHEEL
.EVS Port1 1980-012-14:58:47.00662 66/1/CFE_TIME 21: Stop FLYWHEEL
EVS Port1 1980-012-14:58:47.99896 66/1/CFE_TIME 20: Start FLYWHEEL
.EVS Port1 1980-012-14:58:55.00495 66/1/CFE_TIME 21: Stop FLYWHEEL
EVS Port1 1980-012-14:58:55.99626 66/1/CFE_TIME 20: Start FLYWHEEL
.EVS Port1 1980-012-14:59:01.01731 66/1/CFE_TIME 21: Stop FLYWHEEL
EVS Port1 1980-012-14:59:01.99302 66/1/CFE_TIME 20: Start FLYWHEEL
.EVS Port1 1980-012-14:59:06.24635 66/1/CFE_TIME 20: Start FLYWHEEL
EVS Port1 1980-012-14:59:06.01258 66/1/CFE_TIME 21: Stop FLYWHEEL
EVS Port1 1980-012-14:59:08.00700 66/1/CFE_TIME 21: Stop FLYWHEEL
EVS Port1 1980-012-14:59:09.00035 66/1/CFE_TIME 20: Start FLYWHEEL
.EVS Port1 1980-012-14:59:10.99600 66/1/CFE_TIME 20: Start FLYWHEEL
EVS Port1 1980-012-14:59:11.00621 66/1/CFE_TIME 21: Stop FLYWHEEL
EVS Port1 1980-012-14:59:13.00885 66/1/CFE_TIME 21: Stop FLYWHEEL
EVS Port1 1980-012-14:59:13.99993 66/1/CFE_TIME 20: Start FLYWHEEL
...EVS Port1 1980-012-14:59:33.04063 66/1/CFE_TIME 20: Start FLYWHEEL
.EVS Port1 1980-012-14:59:37.00892 66/1/CFE_TIME 21: Stop FLYWHEEL
.EVS Port1 1980-012-14:59:42.07742 66/1/CFE_TIME 20: Start FLYWHEEL
EVS Port1 1980-012-14:59:42.03404 66/1/CFE_TIME 21: Stop FLYWHEEL
..EVS Port1 1980-012-14:59:57.01628 66/1/CFE_TIME 20: Start FLYWHEEL
EVS Port1 1980-012-14:59:57.01136 66/1/CFE_TIME 21: Stop FLYWHEEL
..EVS Port1 1980-012-15:00:04.01110 66/1/CFE_TIME 21: Stop FLYWHEEL
EVS Port1 1980-012-15:00:04.99754 66/1/CFE_TIME 20: Start FLYWHEEL
EVS Port1 1980-012-15:00:08.01911 66/1/CFE_TIME 21: Stop FLYWHEEL
EVS Port1 1980-012-15:00:08.97755 66/1/CFE_TIME 20: Start FLYWHEEL
...EVS Port1 1980-012-15:00:23.00758 66/1/CFE_TIME 21: Stop FLYWHEEL
EVS Port1 1980-012-15:00:24.07444 66/1/CFE_TIME 20: Start FLYWHEEL
EVS Port1 1980-012-15:00:25.01313 66/1/CFE_TIME 21: Stop FLYWHEEL
EVS Port1 1980-012-15:00:26.00041 66/1/CFE_TIME 20: Start FLYWHEEL
.EVS Port1 1980-012-15:00:31.39787 66/1/CFE_TIME 20: Start FLYWHEEL
.EVS Port1 1980-012-15:00:36.01557 66/1/CFE_TIME 21: Stop FLYWHEEL
.EVS Port1 1980-012-15:00:39.87648 66/1/CFE_TIME 20: Start FLYWHEEL
....EVS Port1 1980-012-15:01:10.01152 66/1/CFE_TIME 21: Stop FLYWHEEL
.EVS Port1 1980-012-15:01:13.31471 66/1/CFE_TIME 20: Start FLYWHEEL
EVS Port1 1980-012-15:01:15.03273 66/1/CFE_TIME 21: Stop FLYWHEEL
.EVS Port1 1980-012-15:01:17.01367 66/1/CFE_TIME 21: Stop FLYWHEEL
EVS Port1 1980-012-15:01:17.99794 66/1/CFE_TIME 20: Start FLYWHEEL
EVS Port1 1980-012-15:01:21.03993 66/1/CFE_TIME 20: Start FLYWHEEL
EVS Port1 1980-012-15:01:21.01333 66/1/CFE_TIME 21: Stop FLYWHEEL
..EVS Port1 1980-012-15:01:33.13005 66/1/CFE_TIME 20: Start FLYWHEEL
EVS Port1 1980-012-15:01:33.00587 66/1/CFE_TIME 21: Stop FLYWHEEL
..EVS Port1 1980-012-15:01:42.00692 66/1/CFE_TIME 21: Stop FLYWHEEL
EVS Port1 1980-012-15:01:42.99842 66/1/CFE_TIME 20: Start FLYWHEEL
.EVS Port1 1980-012-15:01:51.00415 66/1/CFE_TIME 21: Stop FLYWHEEL
.EVS Port1 1980-012-15:01:51.99842 66/1/CFE_TIME 20: Start FLYWHEEL
.EVS Port1 1980-012-15:02:02.12307 66/1/CFE_TIME 20: Start FLYWHEEL
.EVS Port1 1980-012-15:02:04.01257 66/1/CFE_TIME 21: Stop FLYWHEEL
EVS Port1 1980-012-15:02:08.00923 66/1/CFE_TIME 21: Stop FLYWHEEL
EVS Port1 1980-012-15:02:08.99211 66/1/CFE_TIME 20: Start FLYWHEEL
....EVS Port1 1980-012-15:02:32.36021 66/1/CFE_TIME 20: Start FLYWHEEL
EVS Port1 1980-012-15:02:32.01718 66/1/CFE_TIME 21: Stop FLYWHEEL
..EVS Port1 1980-012-15:02:43.01731 66/1/CFE_TIME 21: Stop FLYWHEEL
EVS Port1 1980-012-15:02:43.99502 66/1/CFE_TIME 20: Start FLYWHEEL
..EVS Port1 1980-012-15:02:56.03871 66/1/CFE_TIME 20: Start FLYWHEEL
EVS Port1 1980-012-15:02:56.02110 66/1/CFE_TIME 21: Stop FLYWHEEL
.EVS Port1 1980-012-15:03:00.30738 66/1/CFE_TIME 20: Start FLYWHEEL
.EVS Port1 1980-012-15:03:06.00595 66/1/CFE_TIME 21: Stop FLYWHEEL
.EVS Port1 1980-012-15:03:12.23863 66/1/CFE_TIME 20: Start FLYWHEEL
EVS Port1 1980-012-15:03:13.00874 66/1/CFE_TIME 21: Stop FLYWHEEL
.EVS Port1 1980-012-15:03:19.01112 66/1/CFE_TIME 21: Stop FLYWHEEL
EVS Port1 1980-012-15:03:20.00019 66/1/CFE_TIME 20: Start FLYWHEEL
.EVS Port1 1980-012-15:03:24.39389 66/1/CFE_TIME 20: Start FLYWHEEL
EVS Port1 1980-012-15:03:25.00729 66/1/CFE_TIME 21: Stop FLYWHEEL
.EVS Port1 1980-012-15:03:27.01933 66/1/CFE_TIME 21: Stop FLYWHEEL
EVS Port1 1980-012-15:03:28.08636 66/1/CFE_TIME 20: Start FLYWHEEL
EVS Port1 1980-012-15:03:30.46322 66/1/CFE_TIME 20: Start FLYWHEEL
.EVS Port1 1980-012-15:03:32.00788 66/1/CFE_TIME 21: Stop FLYWHEEL
EVS Port1 1980-012-15:03:36.20626 66/1/CFE_TIME 20: Start FLYWHEEL
EVS Port1 1980-012-15:03:36.01016 66/1/CFE_TIME 21: Stop FLYWHEEL
.EVS Port1 1980-012-15:03:39.17524 66/1/CFE_TIME 20: Start FLYWHEEL
EVS Port1 1980-012-15:03:40.00508 66/1/CFE_TIME 21: Stop FLYWHEEL
.EVS Port1 1980-012-15:03:47.16714 66/1/CFE_TIME 20: Start FLYWHEEL
EVS Port1 1980-012-15:03:48.00947 66/1/CFE_TIME 21: Stop FLYWHEEL
.EVS Port1 1980-012-15:03:52.00601 66/1/CFE_TIME 21: Stop FLYWHEEL
EVS Port1 1980-012-15:03:52.99745 66/1/CFE_TIME 20: Start FLYWHEEL
...EVS Port1 1980-012-15:04:11.01873 66/1/CFE_TIME 21: Stop FLYWHEEL
EVS Port1 1980-012-15:04:11.98797 66/1/CFE_TIME 20: Start FLYWHEEL
..EVS Port1 1980-012-15:04:21.00431 66/1/CFE_TIME 21: Stop FLYWHEEL
EVS Port1 1980-012-15:04:21.99790 66/1/CFE_TIME 20: Start FLYWHEEL
.EVS Port1 1980-012-15:04:29.14230 66/1/CFE_TIME 20: Start FLYWHEEL
EVS Port1 1980-012-15:04:29.01177 66/1/CFE_TIME 21: Stop FLYWHEEL
..EVS Port1 1980-012-15:04:40.01234 66/1/CFE_TIME 21: Stop FLYWHEEL
EVS Port1 1980-012-15:04:40.99778 66/1/CFE_TIME 20: Start FLYWHEEL
..EVS Port1 1980-012-15:04:49.00828 66/1/CFE_TIME 21: Stop FLYWHEEL
EVS Port1 1980-012-15:04:50.00674 66/1/CFE_TIME 20: Start FLYWHEEL
EVS Port1 1980-012-15:04:53.00625 66/1/CFE_TIME 21: Stop FLYWHEEL
EVS Port1 1980-012-15:04:54.02644 66/1/CFE_TIME 20: Start FLYWHEEL
.EVS Port1 1980-012-15:04:56.06518 66/1/CFE_TIME 20: Start FLYWHEEL
EVS Port1 1980-012-15:04:56.00437 66/1/CFE_TIME 21: Stop FLYWHEEL
EVS Port1 1980-012-15:04:59.31607 66/1/CFE_TIME 20: Start FLYWHEEL
EVS Port1 1980-012-15:05:00.00227 66/1/CFE_TIME 21: Stop FLYWHEEL
.EVS Port1 1980-012-15:05:03.05201 66/1/CFE_TIME 20: Start FLYWHEEL
EVS Port1 1980-012-15:05:03.01362 66/1/CFE_TIME 21: Stop FLYWHEEL
...EVS Port1 1980-012-15:05:19.05947 66/1/CFE_TIME 20: Start FLYWHEEL
EVS Port1 1980-012-15:05:21.00616 66/1/CFE_TIME 21: Stop FLYWHEEL
.EVS Port1 1980-012-15:05:25.01403 66/1/CFE_TIME 21: Stop FLYWHEEL
EVS Port1 1980-012-15:05:26.22640 66/1/CFE_TIME 20: Start FLYWHEEL
EVS Port1 1980-012-15:05:28.37838 66/1/CFE_TIME 20: Start FLYWHEEL
EVS Port1 1980-012-15:05:28.00903 66/1/CFE_TIME 21: Stop FLYWHEEL
.EVS Port1 1980-012-15:05:31.02461 66/1/CFE_TIME 20: Start FLYWHEEL
EVS Port1 1980-012-15:05:31.00715 66/1/CFE_TIME 21: Stop FLYWHEEL
.EVS Port1 1980-012-15:05:37.00895 66/1/CFE_TIME 21: Stop FLYWHEEL
EVS Port1 1980-012-15:05:37.99957 66/1/CFE_TIME 20: Start FLYWHEEL
.EVS Port1 1980-012-15:05:47.13783 66/1/CFE_TIME 20: Start FLYWHEEL
EVS Port1 1980-012-15:05:47.02136 66/1/CFE_TIME 21: Stop FLYWHEEL
..EVS Port1 1980-012-15:05:57.33924 66/1/CFE_TIME 20: Start FLYWHEEL
EVS Port1 1980-012-15:05:58.01988 66/1/CFE_TIME 21: Stop FLYWHEEL
.EVS Port1 1980-012-15:06:05.00579 66/1/CFE_TIME 21: Stop FLYWHEEL
.EVS Port1 1980-012-15:06:05.99789 66/1/CFE_TIME 20: Start FLYWHEEL
.EVS Port1 1980-012-15:06:16.01605 66/1/CFE_TIME 21: Stop FLYWHEEL
EVS Port1 1980-012-15:06:17.00874 66/1/CFE_TIME 20: Start FLYWHEEL
.EVS Port1 1980-012-15:06:18.00561 66/1/CFE_TIME 21: Stop FLYWHEEL
EVS Port1 1980-012-15:06:19.00103 66/1/CFE_TIME 20: Start FLYWHEEL
EVS Port1 1980-012-15:06:20.00495 66/1/CFE_TIME 21: Stop FLYWHEEL
EVS Port1 1980-012-15:06:21.00114 66/1/CFE_TIME 20: Start FLYWHEEL
.EVS Port1 1980-012-15:06:24.90974 66/1/AI_LEARNER 4: AI_LEARNER completed=1/1 mean=1984197767.4us max=1984197767.4us hal_peak=131382784 within_bounded=1
{"app":"AI_LEARNER","stage":"run","model":"wgan","target":"aarch64-unknown-linux-gnu","attempted":1,"completed":1,"fail_input":0,"fail_invoke":0,"fail_output":0,"mean_us":1984197767.36,"max_us":1984197767.36,"last_us":1984197767.36,"out0":-0.04232,"out":[-0.042319,0.048241,0.281023,0.151522,0.015660,-0.020283,0.096897,0.389719,0.018338,-0.019066,0.104275,0.389625,0.042171,-0.018520,0.098739,0.443027,0.321791,0.023203,-0.044679,-0.071117,-0.071020,-0.066950,-0.068116,-0.066540,-0.040164,-0.048246,-0.045375,-0.060699,-0.064462,-0.065118,-0.063723,0.005926,0.003597,-0.036648,-0.053419,-0.050902,-0.047108,-0.039416,-0.039204,0.042763,0.061364,0.090107,0.064892,0.055931,0.057581,0.065402,0.072664,0.082456,0.094396,0.091665,0.083653,0.109543,0.140275,0.139152,0.
{"app":"AI_LEARNER","stage":"mem","model":"wgan","target":"aarch64-unknown-linux-gnu","completed":1,"hal_peak":131382784,"peak_within_bounded":true,"admitted_budget_bytes":135666432,"peak_within_admitted_budget":true,"admission_mode":"unconditional","hal_bytes_per_call_amortized":262163456.0,"process_rss_kb":15704,"process_rss_delta_init_kb":1644}
EVS Port1 1980-012-15:06:26.35032 66/1/CFE_TIME 20: Start FLYWHEEL
EVS Port1 1980-012-15:06:28.00714 66/1/CFE_TIME 21: Stop FLYWHEEL
.EVS Port1 1980-012-15:06:31.00392 66/1/CFE_TIME 21: Stop FLYWHEEL
EVS Port1 1980-012-15:06:31.99964 66/1/CFE_TIME 20: Start FLYWHEEL
..EVS Port1 1980-012-15:06:43.12870 66/1/CFE_TIME 20: Start FLYWHEEL
EVS Port1 1980-012-15:06:46.01029 66/1/CFE_TIME 21: Stop FLYWHEEL
.EVS Port1 1980-012-15:06:48.00918 66/1/CFE_TIME 21: Stop FLYWHEEL
EVS Port1 1980-012-15:06:48.99000 66/1/CFE_TIME 20: Start FLYWHEEL
.EVS Port1 1980-012-15:06:56.12007 66/1/CFE_TIME 20: Start FLYWHEEL
EVS Port1 1980-012-15:06:56.00767 66/1/CFE_TIME 21: Stop FLYWHEEL
EVS Port1 1980-012-15:06:59.00447 66/1/CFE_TIME 21: Stop FLYWHEEL
.EVS Port1 1980-012-15:06:59.99403 66/1/CFE_TIME 20: Start FLYWHEEL
...EVS Port1 1980-012-15:07:18.01887 66/1/CFE_TIME 21: Stop FLYWHEEL
EVS Port1 1980-012-15:07:18.99153 66/1/CFE_TIME 20: Start FLYWHEEL
EVS Port1 1980-012-15:07:21.00413 66/1/CFE_TIME 21: Stop FLYWHEEL
EVS Port1 1980-012-15:07:22.01126 66/1/CFE_TIME 20: Start FLYWHEEL
.EVS Port1 1980-012-15:07:25.00953 66/1/CFE_TIME 21: Stop FLYWHEEL
EVS Port1 1980-012-15:07:26.02598 66/1/CFE_TIME 20: Start FLYWHEEL
EVS Port1 1980-012-15:07:27.01887 66/1/CFE_TIME 21: Stop FLYWHEEL
EVS Port1 1980-012-15:07:27.99880 66/1/CFE_TIME 20: Start FLYWHEEL
..EVS Port1 1980-012-15:07:37.01646 66/1/CFE_TIME 21: Stop FLYWHEEL
EVS Port1 1980-012-15:07:37.99333 66/1/CFE_TIME 20: Start FLYWHEEL
..EVS Port1 1980-012-15:07:47.00527 66/1/CFE_TIME 21: Stop FLYWHEEL
EVS Port1 1980-012-15:07:47.99670 66/1/CFE_TIME 20: Start FLYWHEEL
.EVS Port1 1980-012-15:07:55.22717 66/1/CFE_TIME 20: Start FLYWHEEL
EVS Port1 1980-012-15:07:55.00788 66/1/CFE_TIME 21: Stop FLYWHEEL
.EVS Port1 1980-012-15:08:02.00492 66/1/CFE_TIME 21: Stop FLYWHEEL
EVS Port1 1980-012-15:08:03.00756 66/1/CFE_TIME 20: Start FLYWHEEL
EVS Port1 1980-012-15:08:04.03398 66/1/CFE_TIME 21: Stop FLYWHEEL
.EVS Port1 1980-012-15:08:04.99316 66/1/CFE_TIME 20: Start FLYWHEEL
EVS Port1 1980-012-15:08:09.00823 66/1/CFE_TIME 21: Stop FLYWHEEL
EVS Port1 1980-012-15:08:09.99403 66/1/CFE_TIME 20: Start FLYWHEEL
.EVS Port1 1980-012-15:08:16.01524 66/1/CFE_TIME 21: Stop FLYWHEEL
.EVS Port1 1980-012-15:08:16.99479 66/1/CFE_TIME 20: Start FLYWHEEL
.EVS Port1 1980-012-15:08:24.01367 66/1/CFE_TIME 21: Stop FLYWHEEL
EVS Port1 1980-012-15:08:24.99856 66/1/CFE_TIME 20: Start FLYWHEEL
.EVS Port1 1980-012-15:08:33.01730 66/1/CFE_TIME 21: Stop FLYWHEEL
EVS Port1 1980-012-15:08:34.04071 66/1/CFE_TIME 20: Start FLYWHEEL
.EVS Port1 1980-012-15:08:36.01419 66/1/CFE_TIME 20: Start FLYWHEEL
EVS Port1 1980-012-15:08:38.00820 66/1/CFE_TIME 21: Stop FLYWHEEL
EVS Port1 1980-012-15:08:40.01545 66/1/CFE_TIME 21: Stop FLYWHEEL
.EVS Port1 1980-012-15:08:41.02426 66/1/CFE_TIME 20: Start FLYWHEEL
EVS Port1 1980-012-15:08:42.00514 66/1/CFE_TIME 21: Stop FLYWHEEL
EVS Port1 1980-012-15:08:43.10292 66/1/CFE_TIME 20: Start FLYWHEEL
EVS Port1 1980-012-15:08:44.01905 66/1/CFE_TIME 21: Stop FLYWHEEL
EVS Port1 1980-012-15:08:44.99711 66/1/CFE_TIME 20: Start FLYWHEEL
.EVS Port1 1980-012-15:08:51.00813 66/1/CFE_TIME 21: Stop FLYWHEEL
EVS Port1 1980-012-15:08:52.01477 66/1/CFE_TIME 20: Start FLYWHEEL
.EVS Port1 1980-012-15:08:54.36296 66/1/CFE_TIME 20: Start FLYWHEEL
EVS Port1 1980-012-15:08:54.00762 66/1/CFE_TIME 21: Stop FLYWHEEL
..EVS Port1 1980-012-15:09:05.00799 66/1/CFE_TIME 21: Stop FLYWHEEL
EVS Port1 1980-012-15:09:05.99588 66/1/CFE_TIME 20: Start FLYWHEEL
..EVS Port1 1980-012-15:09:18.06729 66/1/CFE_TIME 20: Start FLYWHEEL
EVS Port1 1980-012-15:09:18.00509 66/1/CFE_TIME 21: Stop FLYWHEEL
.EVS Port1 1980-012-15:09:22.00404 66/1/CFE_TIME 21: Stop FLYWHEEL
EVS Port1 1980-012-15:09:23.22933 66/1/CFE_TIME 20: Start FLYWHEEL
EVS Port1 1980-012-15:09:24.01548 66/1/CFE_TIME 21: Stop FLYWHEEL
EVS Port1 1980-012-15:09:25.05519 66/1/CFE_TIME 20: Start FLYWHEEL
EVS Port1 1980-012-15:09:26.00308 66/1/CFE_TIME 21: Stop FLYWHEEL
EVS Port1 1980-012-15:09:27.00051 66/1/CFE_TIME 20: Start FLYWHEEL
..EVS Port1 1980-012-15:09:36.00515 66/1/CFE_TIME 21: Stop FLYWHEEL
EVS Port1 1980-012-15:09:37.00105 66/1/CFE_TIME 20: Start FLYWHEEL
.EVS Port1 1980-012-15:09:42.01364 66/1/CFE_TIME 21: Stop FLYWHEEL
EVS Port1 1980-012-15:09:42.99546 66/1/CFE_TIME 20: Start FLYWHEEL
.EVS Port1 1980-012-15:09:51.01216 66/1/CFE_TIME 21: Stop FLYWHEEL
.EVS Port1 1980-012-15:09:52.21119 66/1/CFE_TIME 20: Start FLYWHEEL
EVS Port1 1980-012-15:09:53.00816 66/1/CFE_TIME 21: Stop FLYWHEEL
EVS Port1 1980-012-15:09:53.99632 66/1/CFE_TIME 20: Start FLYWHEEL
.....EVS Port1 1980-012-15:10:23.28799 66/1/CFE_TIME 20: Start FLYWHEEL
EVS Port1 1980-012-15:10:23.00196 66/1/CFE_TIME 21: Stop FLYWHEEL
..EVS Port1 1980-012-15:10:34.07136 66/1/CFE_TIME 20: Start FLYWHEEL
EVS Port1 1980-012-15:10:37.00506 66/1/CFE_TIME 21: Stop FLYWHEEL
..EVS Port1 1980-012-15:10:46.02365 66/1/CFE_TIME 21: Stop FLYWHEEL
EVS Port1 1980-012-15:10:46.99760 66/1/CFE_TIME 20: Start FLYWHEEL
EVS Port1 1980-012-15:10:50.00448 66/1/CFE_TIME 21: Stop FLYWHEEL
.EVS Port1 1980-012-15:10:51.39286 66/1/CFE_TIME 20: Start FLYWHEEL
EVS Port1 1980-012-15:10:52.00460 66/1/CFE_TIME 21: Stop FLYWHEEL
EVS Port1 1980-012-15:10:52.99465 66/1/CFE_TIME 20: Start FLYWHEEL
EVS Port1 1980-012-15:10:55.00621 66/1/CFE_TIME 21: Stop FLYWHEEL
EVS Port1 1980-012-15:10:55.99301 66/1/CFE_TIME 20: Start FLYWHEEL
.....EVS Port1 1980-012-15:11:21.35897 66/1/CFE_TIME 20: Start FLYWHEEL
EVS Port1 1980-012-15:11:21.00468 66/1/CFE_TIME 21: Stop FLYWHEEL
EVS Port1 1980-012-15:11:25.06867 66/1/CFE_TIME 20: Start FLYWHEEL
EVS Port1 1980-012-15:11:25.00701 66/1/CFE_TIME 21: Stop FLYWHEEL
.....EVS Port1 1980-012-15:11:52.31611 66/1/CFE_TIME 20: Start FLYWHEEL
EVS Port1 1980-012-15:11:54.00958 66/1/CFE_TIME 21: Stop FLYWHEEL
.EVS Port1 1980-012-15:11:57.01004 66/1/CFE_TIME 21: Stop FLYWHEEL
EVS Port1 1980-012-15:11:57.99719 66/1/CFE_TIME 20: Start FLYWHEEL
....EVS Port1 1980-012-15:12:21.33430 66/1/CFE_TIME 20: Start FLYWHEEL
EVS Port1 1980-012-15:12:21.00923 66/1/CFE_TIME 21: Stop FLYWHEEL
.EVS Port1 1980-012-15:12:30.00500 66/1/CFE_TIME 21: Stop FLYWHEEL
EVS Port1 1980-012-15:12:31.00961 66/1/CFE_TIME 20: Start FLYWHEEL
.EVS Port1 1980-012-15:12:37.00674 66/1/CFE_TIME 21: Stop FLYWHEEL
.EVS Port1 1980-012-15:12:38.04049 66/1/CFE_TIME 20: Start FLYWHEEL
EVS Port1 1980-012-15:12:40.03964 66/1/CFE_TIME 20: Start FLYWHEEL
EVS Port1 1980-012-15:12:40.00720 66/1/CFE_TIME 21: Stop FLYWHEEL
..EVS Port1 1980-012-15:12:50.24801 66/1/CFE_TIME 20: Start FLYWHEEL
EVS Port1 1980-012-15:12:50.01539 66/1/CFE_TIME 21: Stop FLYWHEEL
..EVS Port1 1980-012-15:13:03.01237 66/1/CFE_TIME 21: Stop FLYWHEEL
EVS Port1 1980-012-15:13:03.99244 66/1/CFE_TIME 20: Start FLYWHEEL
.EVS Port1 1980-012-15:13:07.06878 66/1/CFE_TIME 20: Start FLYWHEEL
EVS Port1 1980-012-15:13:08.00651 66/1/CFE_TIME 21: Stop FLYWHEEL
EVS Port1 1980-012-15:13:11.01078 66/1/CFE_TIME 21: Stop FLYWHEEL
EVS Port1 1980-012-15:13:11.99107 66/1/CFE_TIME 20: Start FLYWHEEL
..EVS Port1 1980-012-15:13:19.36669 66/1/CFE_TIME 20: Start FLYWHEEL
EVS Port1 1980-012-15:13:19.00617 66/1/CFE_TIME 21: Stop FLYWHEEL
.EVS Port1 1980-012-15:13:28.06936 66/1/CFE_TIME 20: Start FLYWHEEL
EVS Port1 1980-012-15:13:28.01200 66/1/CFE_TIME 21: Stop FLYWHEEL
..EVS Port1 1980-012-15:13:36.00488 66/1/CFE_TIME 21: Stop FLYWHEEL
EVS Port1 1980-012-15:13:36.99630 66/1/CFE_TIME 20: Start FLYWHEEL
.EVS Port1 1980-012-15:13:46.07122 66/1/CFE_TIME 20: Start FLYWHEEL
.EVS Port1 1980-012-15:13:48.01289 66/1/CFE_TIME 21: Stop FLYWHEEL
.EVS Port1 1980-012-15:13:57.00717 66/1/CFE_TIME 21: Stop FLYWHEEL
EVS Port1 1980-012-15:13:57.99578 66/1/CFE_TIME 20: Start FLYWHEEL
....EVS Port1 1980-012-15:14:18.02850 66/1/CFE_TIME 21: Stop FLYWHEEL
EVS Port1 1980-012-15:14:19.02731 66/1/CFE_TIME 20: Start FLYWHEEL
EVS Port1 1980-012-15:14:20.00405 66/1/CFE_TIME 21: Stop FLYWHEEL
EVS Port1 1980-012-15:14:21.00109 66/1/CFE_TIME 20: Start FLYWHEEL
.EVS Port1 1980-012-15:14:29.00347 66/1/CFE_TIME 21: Stop FLYWHEEL
.EVS Port1 1980-012-15:14:30.00523 66/1/CFE_TIME 20: Start FLYWHEEL
..EVS Port1 1980-012-15:14:47.01710 66/1/CFE_TIME 21: Stop FLYWHEEL
.EVS Port1 1980-012-15:14:48.08004 66/1/CFE_TIME 20: Start FLYWHEEL
EVS Port1 1980-012-15:14:50.05880 66/1/CFE_TIME 20: Start FLYWHEEL
EVS Port1 1980-012-15:14:50.01272 66/1/CFE_TIME 21: Stop FLYWHEEL
.EVS Port1 1980-012-15:14:56.11524 66/1/CFE_TIME 20: Start FLYWHEEL
EVS Port1 1980-012-15:14:56.01321 66/1/CFE_TIME 21: Stop FLYWHEEL
....EVS Port1 1980-012-15:15:17.00912 66/1/CFE_TIME 21: Stop FLYWHEEL
EVS Port1 1980-012-15:15:18.10826 66/1/CFE_TIME 20: Start FLYWHEEL
EVS Port1 1980-012-15:15:19.00486 66/1/CFE_TIME 21: Stop FLYWHEEL
EVS Port1 1980-012-15:15:19.99514 66/1/CFE_TIME 20: Start FLYWHEEL
.EVS Port1 1980-012-15:15:22.99775 66/1/CFE_TIME 20: Start FLYWHEEL
EVS Port1 1980-012-15:15:23.00709 66/1/CFE_TIME 21: Stop FLYWHEEL
.EVS Port1 1980-012-15:15:32.02580 66/1/CFE_TIME 20: Start FLYWHEEL
EVS Port1 1980-012-15:15:33.02951 66/1/CFE_TIME 21: Stop FLYWHEEL
..EVS Port1 1980-012-15:15:46.00746 66/1/CFE_TIME 21: Stop FLYWHEEL
.EVS Port1 1980-012-15:15:46.99734 66/1/CFE_TIME 20: Start FLYWHEEL
EVS Port1 1980-012-15:15:50.00631 66/1/CFE_TIME 21: Stop FLYWHEEL
EVS Port1 1980-012-15:15:50.99684 66/1/CFE_TIME 20: Start FLYWHEEL
..EVS Port1 1980-012-15:16:03.00991 66/1/CFE_TIME 21: Stop FLYWHEEL
EVS Port1 1980-012-15:16:03.99597 66/1/CFE_TIME 20: Start FLYWHEEL
..EVS Port1 1980-012-15:16:13.00845 66/1/CFE_TIME 21: Stop FLYWHEEL
EVS Port1 1980-012-15:16:14.18916 66/1/CFE_TIME 20: Start FLYWHEEL
EVS Port1 1980-012-15:16:16.56340 66/1/CFE_TIME 20: Start FLYWHEEL
EVS Port1 1980-012-15:16:16.00492 66/1/CFE_TIME 21: Stop FLYWHEEL
.EVS Port1 1980-012-15:16:21.01318 66/1/CFE_TIME 21: Stop FLYWHEEL
EVS Port1 1980-012-15:16:21.99697 66/1/CFE_TIME 20: Start FLYWHEEL
.EVS Port1 1980-012-15:16:24.00804 66/1/CFE_TIME 21: Stop FLYWHEEL
EVS Port1 1980-012-15:16:24.99758 66/1/CFE_TIME 20: Start FLYWHEEL
.EVS Port1 1980-012-15:16:29.00596 66/1/CFE_TIME 21: Stop FLYWHEEL
EVS Port1 1980-012-15:16:29.99583 66/1/CFE_TIME 20: Start FLYWHEEL
EVS Port1 1980-012-15:16:32.00729 66/1/CFE_TIME 21: Stop FLYWHEEL
EVS Port1 1980-012-15:16:33.00837 66/1/CFE_TIME 20: Start FLYWHEEL
.EVS Port1 1980-012-15:16:35.02780 66/1/CFE_TIME 21: Stop FLYWHEEL
EVS Port1 1980-012-15:16:36.00350 66/1/CFE_TIME 20: Start FLYWHEEL
EVS Port1 1980-012-15:16:39.00598 66/1/CFE_TIME 21: Stop FLYWHEEL
.EVS Port1 1980-012-15:16:40.00082 66/1/CFE_TIME 20: Start FLYWHEEL
EVS Port1 1980-012-15:16:45.36572 66/1/CFE_TIME 20: Start FLYWHEEL
.EVS Port1 1980-012-15:16:47.00703 66/1/CFE_TIME 21: Stop FLYWHEEL
....EVS Port1 1980-012-15:17:11.00520 66/1/CFE_TIME 21: Stop FLYWHEEL
EVS Port1 1980-012-15:17:11.99916 66/1/CFE_TIME 20: Start FLYWHEEL
EVS Port1 1980-012-15:17:15.10658 66/1/CFE_TIME 20: Start FLYWHEEL
EVS Port1 1980-012-15:17:15.00405 66/1/CFE_TIME 21: Stop FLYWHEEL
.....EVS Port1 1980-012-15:17:45.00614 66/1/CFE_TIME 21: Stop FLYWHEEL
.EVS Port1 1980-012-15:17:46.00036 66/1/CFE_TIME 20: Start FLYWHEEL
...EVS Port1 1980-012-15:18:04.01132 66/1/CFE_TIME 21: Stop FLYWHEEL
EVS Port1 1980-012-15:18:04.99334 66/1/CFE_TIME 20: Start FLYWHEEL
.EVS Port1 1980-012-15:18:14.26522 66/1/CFE_TIME 20: Start FLYWHEEL
EVS Port1 1980-012-15:18:14.01708 66/1/CFE_TIME 21: Stop FLYWHEEL
.....EVS Port1 1980-012-15:18:44.00788 66/1/CFE_TIME 21: Stop FLYWHEEL
EVS Port1 1980-012-15:18:44.99989 66/1/CFE_TIME 20: Start FLYWHEEL
.EVS Port1 1980-012-15:18:50.01802 66/1/CFE_TIME 21: Stop FLYWHEEL
EVS Port1 1980-012-15:18:50.99502 66/1/CFE_TIME 20: Start FLYWHEEL
.EVS Port1 1980-012-15:18:54.07180 66/1/CFE_TIME 20: Start FLYWHEEL
EVS Port1 1980-012-15:18:54.01974 66/1/CFE_TIME 21: Stop FLYWHEEL
.EVS Port1 1980-012-15:19:02.01127 66/1/CFE_TIME 21: Stop FLYWHEEL
.EVS Port1 1980-012-15:19:02.99070 66/1/CFE_TIME 20: Start FLYWHEEL
.EVS Port1 1980-012-15:19:14.01284 66/1/CFE_TIME 21: Stop FLYWHEEL
.EVS Port1 1980-012-15:19:15.03729 66/1/CFE_TIME 20: Start FLYWHEEL
EVS Port1 1980-012-15:19:17.11511 66/1/CFE_TIME 20: Start FLYWHEEL
EVS Port1 1980-012-15:19:18.00817 66/1/CFE_TIME 21: Stop FLYWHEEL
.EVS Port1 1980-012-15:19:24.00518 66/1/CFE_TIME 21: Stop FLYWHEEL
EVS Port1 1980-012-15:19:24.99922 66/1/CFE_TIME 20: Start FLYWHEEL
..EVS Port1 1980-012-15:19:34.01210 66/1/CFE_TIME 21: Stop FLYWHEEL
EVS Port1 1980-012-15:19:35.00802 66/1/CFE_TIME 20: Start FLYWHEEL
EVS Port1 1980-012-15:19:37.03347 66/1/CFE_TIME 21: Stop FLYWHEEL
EVS Port1 1980-012-15:19:37.98898 66/1/CFE_TIME 20: Start FLYWHEEL
.EVS Port1 1980-012-15:19:41.01179 66/1/CFE_TIME 21: Stop FLYWHEEL
EVS Port1 1980-012-15:19:42.40818 66/1/CFE_TIME 20: Start FLYWHEEL
EVS Port1 1980-012-15:19:43.00878 66/1/CFE_TIME 21: Stop FLYWHEEL
EVS Port1 1980-012-15:19:43.98272 66/1/CFE_TIME 20: Start FLYWHEEL
.EVS Port1 1980-012-15:19:47.01216 66/1/CFE_TIME 21: Stop FLYWHEEL
EVS Port1 1980-012-15:19:47.99032 66/1/CFE_TIME 20: Start FLYWHEEL
...EVS Port1 1980-012-15:20:07.00923 66/1/CFE_TIME 21: Stop FLYWHEEL
EVS Port1 1980-012-15:20:07.99540 66/1/CFE_TIME 20: Start FLYWHEEL
.EVS Port1 1980-012-15:20:13.36346 66/1/CFE_TIME 20: Start FLYWHEEL
.EVS Port1 1980-012-15:20:14.00703 66/1/CFE_TIME 21: Stop FLYWHEEL
EVS Port1 1980-012-15:20:17.01214 66/1/CFE_TIME 21: Stop FLYWHEEL
EVS Port1 1980-012-15:20:18.00112 66/1/CFE_TIME 20: Start FLYWHEEL
EVS Port1 1980-012-15:20:19.00521 66/1/CFE_TIME 21: Stop FLYWHEEL
.EVS Port1 1980-012-15:20:19.99911 66/1/CFE_TIME 20: Start FLYWHEEL
..EVS Port1 1980-012-15:20:37.00936 66/1/CFE_TIME 21: Stop FLYWHEEL
.EVS Port1 1980-012-15:20:37.99322 66/1/CFE_TIME 20: Start FLYWHEEL
EVS Port1 1980-012-15:20:42.32492 66/1/CFE_TIME 20: Start FLYWHEEL
EVS Port1 1980-012-15:20:42.01159 66/1/CFE_TIME 21: Stop FLYWHEEL
...EVS Port1 1980-012-15:20:56.02816 66/1/CFE_TIME 21: Stop FLYWHEEL
EVS Port1 1980-012-15:20:57.01612 66/1/CFE_TIME 20: Start FLYWHEEL
EVS Port1 1980-012-15:20:59.03977 66/1/CFE_TIME 20: Start FLYWHEEL
EVS Port1 1980-012-15:21:00.00811 66/1/CFE_TIME 21: Stop FLYWHEEL
.EVS Port1 1980-012-15:21:06.05902 66/1/CFE_TIME 20: Start FLYWHEEL
EVS Port1 1980-012-15:21:06.00779 66/1/CFE_TIME 21: Stop FLYWHEEL
.EVS Port1 1980-012-15:21:09.01570 66/1/CFE_TIME 21: Stop FLYWHEEL
EVS Port1 1980-012-15:21:10.04638 66/1/CFE_TIME 20: Start FLYWHEEL
EVS Port1 1980-012-15:21:12.38258 66/1/CFE_TIME 20: Start FLYWHEEL
EVS Port1 1980-012-15:21:13.00543 66/1/CFE_TIME 21: Stop FLYWHEEL
.EVS Port1 1980-012-15:21:17.01014 66/1/CFE_TIME 21: Stop FLYWHEEL
EVS Port1 1980-012-15:21:17.99829 66/1/CFE_TIME 20: Start FLYWHEEL
....EVS Port1 1980-012-15:21:42.22900 66/1/CFE_TIME 20: Start FLYWHEEL
EVS Port1 1980-012-15:21:43.02005 66/1/CFE_TIME 21: Stop FLYWHEEL
..EVS Port1 1980-012-15:21:51.00535 66/1/CFE_TIME 21: Stop FLYWHEEL
EVS Port1 1980-012-15:21:52.00744 66/1/CFE_TIME 20: Start FLYWHEEL
EVS Port1 1980-012-15:21:53.00505 66/1/CFE_TIME 21: Stop FLYWHEEL
EVS Port1 1980-012-15:21:53.99658 66/1/CFE_TIME 20: Start FLYWHEEL
.EVS Port1 1980-012-15:22:00.00436 66/1/CFE_TIME 21: Stop FLYWHEEL
EVS Port1 1980-012-15:22:00.99815 66/1/CFE_TIME 20: Start FLYWHEEL
..EVS Port1 1980-012-15:22:11.00617 66/1/CFE_TIME 21: Stop FLYWHEEL
EVS Port1 1980-012-15:22:12.00010 66/1/CFE_TIME 20: Start FLYWHEEL
.EVS Port1 1980-012-15:22:13.00231 66/1/CFE_TIME 21: Stop FLYWHEEL
EVS Port1 1980-012-15:22:14.00531 66/1/CFE_TIME 20: Start FLYWHEEL
EVS Port1 1980-012-15:22:16.00096 66/1/CFE_TIME 20: Start FLYWHEEL
EVS Port1 1980-012-15:22:18.01148 66/1/CFE_TIME 21: Stop FLYWHEEL
..EVS Port1 1980-012-15:22:28.00729 66/1/CFE_TIME 21: Stop FLYWHEEL
EVS Port1 1980-012-15:22:29.04908 66/1/CFE_TIME 20: Start FLYWHEEL
EVS Port1 1980-012-15:22:30.00755 66/1/CFE_TIME 21: Stop FLYWHEEL
.EVS Port1 1980-012-15:22:30.98750 66/1/CFE_TIME 20: Start FLYWHEEL
.EVS Port1 1980-012-15:22:37.00610 66/1/CFE_TIME 21: Stop FLYWHEEL
EVS Port1 1980-012-15:22:38.00317 66/1/CFE_TIME 20: Start FLYWHEEL
EVS Port1 1980-012-15:22:40.12937 66/1/CFE_TIME 20: Start FLYWHEEL
EVS Port1 1980-012-15:22:41.01533 66/1/CFE_TIME 21: Stop FLYWHEEL
...EVS Port1 1980-012-15:22:55.99743 66/1/CFE_TIME 20: Start FLYWHEEL
EVS Port1 1980-012-15:22:56.00802 66/1/CFE_TIME 21: Stop FLYWHEEL
..EVS Port1 1980-012-15:23:11.20817 66/1/CFE_TIME 20: Start FLYWHEEL
EVS Port1 1980-012-15:23:11.00474 66/1/CFE_TIME 21: Stop FLYWHEEL
...EVS Port1 1980-012-15:23:30.00897 66/1/CFE_TIME 21: Stop FLYWHEEL
.EVS Port1 1980-012-15:23:30.99336 66/1/CFE_TIME 20: Start FLYWHEEL
.EVS Port1 1980-012-15:23:38.00660 66/1/CFE_TIME 21: Stop FLYWHEEL
EVS Port1 1980-012-15:23:39.22297 66/1/CFE_TIME 20: Start FLYWHEEL
EVS Port1 1980-012-15:23:41.38969 66/1/CFE_TIME 20: Start FLYWHEEL
EVS Port1 1980-012-15:23:41.01136 66/1/CFE_TIME 21: Stop FLYWHEEL
.EVS Port1 1980-012-15:23:47.01727 66/1/CFE_TIME 21: Stop FLYWHEEL
EVS Port1 1980-012-15:23:47.97413 66/1/CFE_TIME 20: Start FLYWHEEL
....EVS Port1 1980-012-15:24:09.23086 66/1/CFE_TIME 20: Start FLYWHEEL
EVS Port1 1980-012-15:24:09.00523 66/1/CFE_TIME 21: Stop FLYWHEEL
..EVS Port1 1980-012-15:24:17.01623 66/1/CFE_TIME 21: Stop FLYWHEEL
EVS Port1 1980-012-15:24:17.97508 66/1/CFE_TIME 20: Start FLYWHEEL
.EVS Port1 1980-012-15:24:27.12597 66/1/CFE_TIME 20: Start FLYWHEEL
EVS Port1 1980-012-15:24:27.00857 66/1/CFE_TIME 21: Stop FLYWHEEL
.EVS Port1 1980-012-15:24:31.01098 66/1/CFE_TIME 21: Stop FLYWHEEL
EVS Port1 1980-012-15:24:31.99497 66/1/CFE_TIME 20: Start FLYWHEEL
.EVS Port1 1980-012-15:24:39.35049 66/1/CFE_TIME 20: Start FLYWHEEL
EVS Port1 1980-012-15:24:40.01011 66/1/CFE_TIME 21: Stop FLYWHEEL
....EVS Port1 1980-012-15:25:01.01118 66/1/CFE_TIME 21: Stop FLYWHEEL
EVS Port1 1980-012-15:25:02.00140 66/1/CFE_TIME 20: Start FLYWHEEL
.EVS Port1 1980-012-15:25:06.17822 66/1/CFE_TIME 20: Start FLYWHEEL
EVS Port1 1980-012-15:25:09.01815 66/1/CFE_TIME 21: Stop FLYWHEEL
.EVS Port1 1980-012-15:25:12.01692 66/1/CFE_TIME 21: Stop FLYWHEEL
EVS Port1 1980-012-15:25:12.99536 66/1/CFE_TIME 20: Start FLYWHEEL
.EVS Port1 1980-012-15:25:16.01283 66/1/CFE_TIME 21: Stop FLYWHEEL
EVS Port1 1980-012-15:25:17.00714 66/1/CFE_TIME 20: Start FLYWHEEL
..EVS Port1 1980-012-15:25:31.01997 66/1/CFE_TIME 21: Stop FLYWHEEL
EVS Port1 1980-012-15:25:32.00811 66/1/CFE_TIME 20: Start FLYWHEEL
EVS Port1 1980-012-15:25:33.01634 66/1/CFE_TIME 21: Stop FLYWHEEL
.EVS Port1 1980-012-15:25:34.00251 66/1/CFE_TIME 20: Start FLYWHEEL
EVS Port1 1980-012-15:25:37.00987 66/1/CFE_TIME 21: Stop FLYWHEEL
EVS Port1 1980-012-15:25:37.99812 66/1/CFE_TIME 20: Start FLYWHEEL
..EVS Port1 1980-012-15:25:46.00646 66/1/CFE_TIME 21: Stop FLYWHEEL
EVS Port1 1980-012-15:25:47.02319 66/1/CFE_TIME 20: Start FLYWHEEL
EVS Port1 1980-012-15:25:48.01208 66/1/CFE_TIME 21: Stop FLYWHEEL
EVS Port1 1980-012-15:25:49.01243 66/1/CFE_TIME 20: Start FLYWHEEL
EVS Port1 1980-012-15:25:51.00712 66/1/CFE_TIME 20: Start FLYWHEEL
EVS Port1 1980-012-15:25:51.00624 66/1/CFE_TIME 21: Stop FLYWHEEL
...EVS Port1 1980-012-15:26:07.21864 66/1/CFE_TIME 20: Start FLYWHEEL
EVS Port1 1980-012-15:26:07.00622 66/1/CFE_TIME 21: Stop FLYWHEEL
...EVS Port1 1980-012-15:26:24.00502 66/1/CFE_TIME 21: Stop FLYWHEEL
EVS Port1 1980-012-15:26:25.00187 66/1/CFE_TIME 20: Start FLYWHEEL
.EVS Port1 1980-012-15:26:29.00608 66/1/CFE_TIME 21: Stop FLYWHEEL
EVS Port1 1980-012-15:26:29.99754 66/1/CFE_TIME 20: Start FLYWHEEL
.EVS Port1 1980-012-15:26:34.00636 66/1/CFE_TIME 21: Stop FLYWHEEL
EVS Port1 1980-012-15:26:35.43138 66/1/CFE_TIME 20: Start FLYWHEEL
EVS Port1 1980-012-15:26:37.57508 66/1/CFE_TIME 20: Start FLYWHEEL
EVS Port1 1980-012-15:26:37.00494 66/1/CFE_TIME 21: Stop FLYWHEEL
...EVS Port1 1980-012-15:26:53.02792 66/1/CFE_TIME 21: Stop FLYWHEEL
EVS Port1 1980-012-15:26:54.02818 66/1/CFE_TIME 20: Start FLYWHEEL
EVS Port1 1980-012-15:26:56.13810 66/1/CFE_TIME 20: Start FLYWHEEL
.EVS Port1 1980-012-15:26:58.00521 66/1/CFE_TIME 21: Stop FLYWHEEL
EVS Port1 1980-012-15:27:00.00909 66/1/CFE_TIME 21: Stop FLYWHEEL
EVS Port1 1980-012-15:27:01.00550 66/1/CFE_TIME 20: Start FLYWHEEL
.EVS Port1 1980-012-15:27:07.30538 66/1/CFE_TIME 20: Start FLYWHEEL
EVS Port1 1980-012-15:27:08.00384 66/1/CFE_TIME 21: Stop FLYWHEEL
.EVS Port1 1980-012-15:27:14.00631 66/1/CFE_TIME 21: Stop FLYWHEEL
.EVS Port1 1980-012-15:27:14.99346 66/1/CFE_TIME 20: Start FLYWHEEL
EVS Port1 1980-012-15:27:18.00805 66/1/CFE_TIME 21: Stop FLYWHEEL
EVS Port1 1980-012-15:27:19.01673 66/1/CFE_TIME 20: Start FLYWHEEL
EVS Port1 1980-012-15:27:20.01217 66/1/CFE_TIME 21: Stop FLYWHEEL
.EVS Port1 1980-012-15:27:20.98876 66/1/CFE_TIME 20: Start FLYWHEEL
EVS Port1 1980-012-15:27:26.00509 66/1/CFE_TIME 21: Stop FLYWHEEL
.EVS Port1 1980-012-15:27:27.03108 66/1/CFE_TIME 20: Start FLYWHEEL
EVS Port1 1980-012-15:27:28.00643 66/1/CFE_TIME 21: Stop FLYWHEEL
EVS Port1 1980-012-15:27:29.01251 66/1/CFE_TIME 20: Start FLYWHEEL
EVS Port1 1980-012-15:27:30.00621 66/1/CFE_TIME 21: Stop FLYWHEEL
EVS Port1 1980-012-15:27:31.06684 66/1/CFE_TIME 20: Start FLYWHEEL
EVS Port1 1980-012-15:27:32.00801 66/1/CFE_TIME 21: Stop FLYWHEEL
.EVS Port1 1980-012-15:27:33.02000 66/1/CFE_TIME 20: Start FLYWHEEL
EVS Port1 1980-012-15:27:35.30357 66/1/CFE_TIME 20: Start FLYWHEEL
EVS Port1 1980-012-15:27:36.00596 66/1/CFE_TIME 21: Stop FLYWHEEL
.....EVS Port1 1980-012-15:28:05.01664 66/1/CFE_TIME 21: Stop FLYWHEEL
EVS Port1 1980-012-15:28:05.99464 66/1/CFE_TIME 20: Start FLYWHEEL
...EVS Port1 1980-012-15:28:23.00389 66/1/CFE_TIME 21: Stop FLYWHEEL
EVS Port1 1980-012-15:28:24.00210 66/1/CFE_TIME 20: Start FLYWHEEL
..EVS Port1 1980-012-15:28:34.34492 66/1/CFE_TIME 20: Start FLYWHEEL
EVS Port1 1980-012-15:28:35.00502 66/1/CFE_TIME 21: Stop FLYWHEEL
...EVS Port1 1980-012-15:28:55.01106 66/1/CFE_TIME 21: Stop FLYWHEEL
.EVS Port1 1980-012-15:28:56.35737 66/1/CFE_TIME 20: Start FLYWHEEL
EVS Port1 1980-012-15:28:57.01397 66/1/CFE_TIME 21: Stop FLYWHEEL
EVS Port1 1980-012-15:28:58.00514 66/1/CFE_TIME 20: Start FLYWHEEL
.EVS Port1 1980-012-15:29:02.47973 66/1/CFE_TIME 20: Start FLYWHEEL
EVS Port1 1980-012-15:29:06.00442 66/1/CFE_TIME 21: Stop FLYWHEEL
...EVS Port1 1980-012-15:29:23.01153 66/1/CFE_TIME 21: Stop FLYWHEEL
EVS Port1 1980-012-15:29:23.99916 66/1/CFE_TIME 20: Start FLYWHEEL
.EVS Port1 1980-012-15:29:27.11607 66/1/CFE_TIME 20: Start FLYWHEEL
EVS Port1 1980-012-15:29:28.00535 66/1/CFE_TIME 21: Stop FLYWHEEL
.EVS Port1 1980-012-15:29:31.40267 66/1/CFE_TIME 20: Start FLYWHEEL
.EVS Port1 1980-012-15:29:38.00823 66/1/CFE_TIME 21: Stop FLYWHEEL
EVS Port1 1980-012-15:29:41.33459 66/1/CFE_TIME 20: Start FLYWHEEL
EVS Port1 1980-012-15:29:42.01075 66/1/CFE_TIME 21: Stop FLYWHEEL
.EVS Port1 1980-012-15:29:45.08973 66/1/CFE_TIME 20: Start FLYWHEEL
EVS Port1 1980-012-15:29:45.00767 66/1/CFE_TIME 21: Stop FLYWHEEL
.EVS Port1 1980-012-15:29:51.01016 66/1/CFE_TIME 21: Stop FLYWHEEL
EVS Port1 1980-012-15:29:52.01124 66/1/CFE_TIME 20: Start FLYWHEEL
EVS Port1 1980-012-15:29:53.01693 66/1/CFE_TIME 21: Stop FLYWHEEL
.EVS Port1 1980-012-15:29:54.00581 66/1/CFE_TIME 20: Start FLYWHEEL
EVS Port1 1980-012-15:29:55.00825 66/1/CFE_TIME 21: Stop FLYWHEEL
EVS Port1 1980-012-15:29:56.00695 66/1/CFE_TIME 20: Start FLYWHEEL
EVS Port1 1980-012-15:29:57.03431 66/1/CFE_TIME 21: Stop FLYWHEEL
EVS Port1 1980-012-15:29:57.99938 66/1/CFE_TIME 20: Start FLYWHEEL
.EVS Port1 1980-012-15:30:00.01953 66/1/CFE_TIME 21: Stop FLYWHEEL
EVS Port1 1980-012-15:30:01.08399 66/1/CFE_TIME 20: Start FLYWHEEL
EVS Port1 1980-012-15:30:03.27665 66/1/CFE_TIME 20: Start FLYWHEEL
EVS Port1 1980-012-15:30:04.00460 66/1/CFE_TIME 21: Stop FLYWHEEL
..EVS Port1 1980-012-15:30:13.03814 66/1/CFE_TIME 20: Start FLYWHEEL
EVS Port1 1980-012-15:30:13.01835 66/1/CFE_TIME 21: Stop FLYWHEEL
.EVS Port1 1980-012-15:30:18.00733 66/1/CFE_TIME 21: Stop FLYWHEEL
EVS Port1 1980-012-15:30:18.99969 66/1/CFE_TIME 20: Start FLYWHEEL
..EVS Port1 1980-012-15:30:32.22056 66/1/CFE_TIME 20: Start FLYWHEEL
EVS Port1 1980-012-15:30:32.00445 66/1/CFE_TIME 21: Stop FLYWHEEL
EVS Port1 1980-012-15:30:35.01029 66/1/CFE_TIME 21: Stop FLYWHEEL
.EVS Port1 1980-012-15:30:35.99366 66/1/CFE_TIME 20: Start FLYWHEEL
.EVS Port1 1980-012-15:30:43.06077 66/1/CFE_TIME 20: Start FLYWHEEL
EVS Port1 1980-012-15:30:43.01097 66/1/CFE_TIME 21: Stop FLYWHEEL
EVS Port1 1980-012-15:30:46.01567 66/1/CFE_TIME 21: Stop FLYWHEEL
EVS Port1 1980-012-15:30:46.99813 66/1/CFE_TIME 20: Start FLYWHEEL
.EVS Port1 1980-012-15:30:48.99774 66/1/CFE_TIME 20: Start FLYWHEEL
EVS Port1 1980-012-15:30:49.01173 66/1/CFE_TIME 21: Stop FLYWHEEL
..EVS Port1 1980-012-15:31:01.01301 66/1/CFE_TIME 21: Stop FLYWHEEL
EVS Port1 1980-012-15:31:01.99363 66/1/CFE_TIME 20: Start FLYWHEEL
....EVS Port1 1980-012-15:31:25.03186 66/1/CFE_TIME 20: Start FLYWHEEL
EVS Port1 1980-012-15:31:25.00253 66/1/CFE_TIME 21: Stop FLYWHEEL
.EVS Port1 1980-012-15:31:31.12945 66/1/CFE_TIME 20: Start FLYWHEEL
EVS Port1 1980-012-15:31:31.00619 66/1/CFE_TIME 21: Stop FLYWHEEL
.EVS Port1 1980-012-15:31:38.00955 66/1/CFE_TIME 21: Stop FLYWHEEL
EVS Port1 1980-012-15:31:38.98957 66/1/CFE_TIME 20: Start FLYWHEEL
...EVS Port1 1980-012-15:31:57.01130 66/1/CFE_TIME 21: Stop FLYWHEEL
EVS Port1 1980-012-15:31:58.00912 66/1/CFE_TIME 20: Start FLYWHEEL
.EVS Port1 1980-012-15:32:01.42385 66/1/CFE_TIME 20: Start FLYWHEEL
EVS Port1 1980-012-15:32:03.00622 66/1/CFE_TIME 21: Stop FLYWHEEL
..EVS Port1 1980-012-15:32:11.00988 66/1/CFE_TIME 21: Stop FLYWHEEL
EVS Port1 1980-012-15:32:11.98786 66/1/CFE_TIME 20: Start FLYWHEEL
EVS Port1 1980-012-15:32:15.00648 66/1/CFE_TIME 21: Stop FLYWHEEL
EVS Port1 1980-012-15:32:15.99971 66/1/CFE_TIME 20: Start FLYWHEEL
.EVS Port1 1980-012-15:32:18.00772 66/1/CFE_TIME 21: Stop FLYWHEEL
EVS Port1 1980-012-15:32:18.99861 66/1/CFE_TIME 20: Start FLYWHEEL
EVS Port1 1980-012-15:32:22.01498 66/1/CFE_TIME 21: Stop FLYWHEEL
.EVS Port1 1980-012-15:32:23.00105 66/1/CFE_TIME 20: Start FLYWHEEL
EVS Port1 1980-012-15:32:24.99992 66/1/CFE_TIME 20: Start FLYWHEEL
EVS Port1 1980-012-15:32:25.00473 66/1/CFE_TIME 21: Stop FLYWHEEL
.EVS Port1 1980-012-15:32:31.22154 66/1/CFE_TIME 20: Start FLYWHEEL
EVS Port1 1980-012-15:32:31.00254 66/1/CFE_TIME 21: Stop FLYWHEEL
EVS Port1 1980-012-15:32:33.01501 66/1/CFE_TIME 21: Stop FLYWHEEL
EVS Port1 1980-012-15:32:33.99833 66/1/CFE_TIME 20: Start FLYWHEEL
..EVS Port1 1980-012-15:32:42.01141 66/1/CFE_TIME 21: Stop FLYWHEEL
EVS Port1 1980-012-15:32:42.99339 66/1/CFE_TIME 20: Start FLYWHEEL
..EVS Port1 1980-012-15:32:53.01174 66/1/CFE_TIME 21: Stop FLYWHEEL
EVS Port1 1980-012-15:32:54.00473 66/1/CFE_TIME 20: Start FLYWHEEL
.EVS Port1 1980-012-15:32:59.20338 66/1/CFE_TIME 20: Start FLYWHEEL
EVS Port1 1980-012-15:33:01.00230 66/1/CFE_TIME 21: Stop FLYWHEEL
..EVS Port1 1980-012-15:33:15.54164 66/1/AI_LEARNER 4: AI_LEARNER completed=2/2 mean=1810579846.5us max=1984197767.4us hal_peak=131382784 within_bounded=1
{"app":"AI_LEARNER","stage":"run","model":"wgan","target":"aarch64-unknown-linux-gnu","attempted":2,"completed":2,"fail_input":0,"fail_invoke":0,"fail_output":0,"mean_us":1810579846.52,"max_us":1984197767.36,"last_us":1636961925.68,"out0":-0.04232,"out":[-0.042319,0.048241,0.281023,0.151522,0.015660,-0.020283,0.096897,0.389719,0.018338,-0.019066,0.104275,0.389625,0.042171,-0.018520,0.098739,0.443027,0.321791,0.023203,-0.044679,-0.071117,-0.071020,-0.066950,-0.068116,-0.066540,-0.040164,-0.048246,-0.045375,-0.060699,-0.064462,-0.065118,-0.063723,0.005926,0.003597,-0.036648,-0.053419,-0.050902,-0.047108,-0.039416,-0.039204,0.042763,0.061364,0.090107,0.064892,0.055931,0.057581,0.065402,0.072664,0.082456,0.094396,0.091665,0.083653,0.109543,0.140275,0.139152,0.
{"app":"AI_LEARNER","stage":"mem","model":"wgan","target":"aarch64-unknown-linux-gnu","completed":2,"hal_peak":131382784,"peak_within_bounded":true,"admitted_budget_bytes":135666432,"peak_within_admitted_budget":true,"admission_mode":"unconditional","hal_bytes_per_call_amortized":196472064.0,"process_rss_kb":15704,"process_rss_delta_init_kb":1644}
EVS Port1 1980-012-15:33:16.02011 66/1/CFE_TIME 21: Stop FLYWHEEL
.EVS Port1 1980-012-15:33:16.99925 66/1/CFE_TIME 20: Start FLYWHEEL
EVS Port1 1980-012-15:33:19.00820 66/1/CFE_TIME 21: Stop FLYWHEEL
EVS Port1 1980-012-15:33:19.99815 66/1/CFE_TIME 20: Start FLYWHEEL
..EVS Port1 1980-012-15:33:29.35693 66/1/CFE_TIME 20: Start FLYWHEEL
EVS Port1 1980-012-15:33:29.00242 66/1/CFE_TIME 21: Stop FLYWHEEL
EVS Port1 1980-012-15:33:32.00712 66/1/CFE_TIME 20: Start FLYWHEEL
EVS Port1 1980-012-15:33:32.01472 66/1/CFE_TIME 21: Stop FLYWHEEL
...EVS Port1 1980-012-15:33:46.01086 66/1/CFE_TIME 21: Stop FLYWHEEL
EVS Port1 1980-012-15:33:47.00077 66/1/CFE_TIME 20: Start FLYWHEEL
..EVS Port1 1980-012-15:33:59.33604 66/1/CFE_TIME 20: Start FLYWHEEL
EVS Port1 1980-012-15:33:59.00610 66/1/CFE_TIME 21: Stop FLYWHEEL
.EVS Port1 1980-012-15:34:06.00788 66/1/CFE_TIME 21: Stop FLYWHEEL
EVS Port1 1980-012-15:34:07.00018 66/1/CFE_TIME 20: Start FLYWHEEL
....EVS Port1 1980-012-15:34:28.27467 66/1/CFE_TIME 20: Start FLYWHEEL
EVS Port1 1980-012-15:34:29.00463 66/1/CFE_TIME 21: Stop FLYWHEEL
..EVS Port1 1980-012-15:34:40.00668 66/1/CFE_TIME 21: Stop FLYWHEEL
EVS Port1 1980-012-15:34:41.01052 66/1/CFE_TIME 20: Start FLYWHEEL
EVS Port1 1980-012-15:34:43.08587 66/1/CFE_TIME 20: Start FLYWHEEL
.EVS Port1 1980-012-15:34:46.01017 66/1/CFE_TIME 21: Stop FLYWHEEL
EVS Port1 1980-012-15:34:49.69499 66/1/CFE_TIME 20: Start FLYWHEEL
..EVS Port1 1980-012-15:35:02.00798 66/1/CFE_TIME 21: Stop FLYWHEEL
.EVS Port1 1980-012-15:35:08.01455 66/1/CFE_TIME 21: Stop FLYWHEEL
.EVS Port1 1980-012-15:35:09.00073 66/1/CFE_TIME 20: Start FLYWHEEL
EVS Port1 1980-012-15:35:14.01322 66/1/CFE_TIME 21: Stop FLYWHEEL
.EVS Port1 1980-012-15:35:15.00079 66/1/CFE_TIME 20: Start FLYWHEEL
EVS Port1 1980-012-15:35:16.00570 66/1/CFE_TIME 21: Stop FLYWHEEL
EVS Port1 1980-012-15:35:17.01368 66/1/CFE_TIME 20: Start FLYWHEEL
EVS Port1 1980-012-15:35:18.01057 66/1/CFE_TIME 21: Stop FLYWHEEL
EVS Port1 1980-012-15:35:18.99131 66/1/CFE_TIME 20: Start FLYWHEEL
..EVS Port1 1980-012-15:35:28.40859 66/1/CFE_TIME 20: Start FLYWHEEL
EVS Port1 1980-012-15:35:28.01799 66/1/CFE_TIME 21: Stop FLYWHEEL
EVS Port1 1980-012-15:35:30.03314 66/1/CFE_TIME 21: Stop FLYWHEEL
EVS Port1 1980-012-15:35:30.99369 66/1/CFE_TIME 20: Start FLYWHEEL
.EVS Port1 1980-012-15:35:33.02653 66/1/CFE_TIME 21: Stop FLYWHEEL
EVS Port1 1980-012-15:35:34.04031 66/1/CFE_TIME 20: Start FLYWHEEL
EVS Port1 1980-012-15:35:35.01232 66/1/CFE_TIME 21: Stop FLYWHEEL
EVS Port1 1980-012-15:35:36.00430 66/1/CFE_TIME 20: Start FLYWHEEL
EVS Port1 1980-012-15:35:37.99842 66/1/CFE_TIME 20: Start FLYWHEEL
.EVS Port1 1980-012-15:35:39.00846 66/1/CFE_TIME 21: Stop FLYWHEEL
.EVS Port1 1980-012-15:35:47.00640 66/1/CFE_TIME 21: Stop FLYWHEEL
EVS Port1 1980-012-15:35:47.99186 66/1/CFE_TIME 20: Start FLYWHEEL
.EVS Port1 1980-012-15:35:51.00407 66/1/CFE_TIME 21: Stop FLYWHEEL
EVS Port1 1980-012-15:35:52.01420 66/1/CFE_TIME 20: Start FLYWHEEL
.EVS Port1 1980-012-15:35:57.16244 66/1/CFE_TIME 20: Start FLYWHEEL
EVS Port1 1980-012-15:35:57.00679 66/1/CFE_TIME 21: Stop FLYWHEEL
EVS Port1 1980-012-15:36:00.01214 66/1/CFE_TIME 21: Stop FLYWHEEL
EVS Port1 1980-012-15:36:00.98986 66/1/CFE_TIME 20: Start FLYWHEEL
...EVS Port1 1980-012-15:36:14.00700 66/1/CFE_TIME 21: Stop FLYWHEEL
EVS Port1 1980-012-15:36:14.99617 66/1/CFE_TIME 20: Start FLYWHEEL
.EVS Port1 1980-012-15:36:24.14790 66/1/CFE_TIME 20: Start FLYWHEEL
.EVS Port1 1980-012-15:36:26.00320 66/1/CFE_TIME 21: Stop FLYWHEEL
.EVS Port1 1980-012-15:36:33.01126 66/1/CFE_TIME 21: Stop FLYWHEEL
EVS Port1 1980-012-15:36:33.99273 66/1/CFE_TIME 20: Start FLYWHEEL
..EVS Port1 1980-012-15:36:44.00462 66/1/CFE_TIME 21: Stop FLYWHEEL
EVS Port1 1980-012-15:36:44.99919 66/1/CFE_TIME 20: Start FLYWHEEL
.EVS Port1 1980-012-15:36:52.00704 66/1/CFE_TIME 21: Stop FLYWHEEL
EVS Port1 1980-012-15:36:52.99594 66/1/CFE_TIME 20: Start FLYWHEEL
.EVS Port1 1980-012-15:36:55.06230 66/1/CFE_TIME 21: Stop FLYWHEEL
EVS Port1 1980-012-15:36:56.00201 66/1/CFE_TIME 20: Start FLYWHEEL
.....EVS Port1 1980-012-15:37:25.34440 66/1/CFE_TIME 20: Start FLYWHEEL
EVS Port1 1980-012-15:37:26.00703 66/1/CFE_TIME 21: Stop FLYWHEEL
EVS Port1 1980-012-15:37:30.01335 66/1/CFE_TIME 20: Start FLYWHEEL
.EVS Port1 1980-012-15:37:31.00502 66/1/CFE_TIME 21: Stop FLYWHEEL
...EVS Port1 1980-012-15:37:50.00480 66/1/CFE_TIME 21: Stop FLYWHEEL
EVS Port1 1980-012-15:37:51.00083 66/1/CFE_TIME 20: Start FLYWHEEL
.EVS Port1 1980-012-15:37:55.11936 66/1/CFE_TIME 20: Start FLYWHEEL
EVS Port1 1980-012-15:37:55.00289 66/1/CFE_TIME 21: Stop FLYWHEEL
....EVS Port1 1980-012-15:38:24.00488 66/1/CFE_TIME 21: Stop FLYWHEEL
.EVS Port1 1980-012-15:38:25.04280 66/1/CFE_TIME 20: Start FLYWHEEL
EVS Port1 1980-012-15:38:27.04266 66/1/CFE_TIME 20: Start FLYWHEEL
EVS Port1 1980-012-15:38:28.01286 66/1/CFE_TIME 21: Stop FLYWHEEL
..EVS Port1 1980-012-15:38:41.01034 66/1/CFE_TIME 21: Stop FLYWHEEL
EVS Port1 1980-012-15:38:41.99664 66/1/CFE_TIME 20: Start FLYWHEEL
..EVS Port1 1980-012-15:38:47.99850 66/1/CFE_TIME 20: Start FLYWHEEL
EVS Port1 1980-012-15:38:48.00906 66/1/CFE_TIME 21: Stop FLYWHEEL
EVS Port1 1980-012-15:38:53.00724 66/1/CFE_TIME 21: Stop FLYWHEEL
.EVS Port1 1980-012-15:38:53.99551 66/1/CFE_TIME 20: Start FLYWHEEL
..EVS Port1 1980-012-15:39:10.00863 66/1/CFE_TIME 21: Stop FLYWHEEL
EVS Port1 1980-012-15:39:10.99674 66/1/CFE_TIME 20: Start FLYWHEEL
.EVS Port1 1980-012-15:39:13.01803 66/1/CFE_TIME 21: Stop FLYWHEEL
EVS Port1 1980-012-15:39:13.99617 66/1/CFE_TIME 20: Start FLYWHEEL
.EVS Port1 1980-012-15:39:23.01321 66/1/CFE_TIME 21: Stop FLYWHEEL
.EVS Port1 1980-012-15:39:23.99789 66/1/CFE_TIME 20: Start FLYWHEEL
EVS Port1 1980-012-15:39:29.00512 66/1/CFE_TIME 21: Stop FLYWHEEL
.EVS Port1 1980-012-15:39:29.99383 66/1/CFE_TIME 20: Start FLYWHEEL
EVS Port1 1980-012-15:39:35.00552 66/1/CFE_TIME 21: Stop FLYWHEEL
.EVS Port1 1980-012-15:39:35.99353 66/1/CFE_TIME 20: Start FLYWHEEL
.EVS Port1 1980-012-15:39:45.00682 66/1/CFE_TIME 21: Stop FLYWHEEL
EVS Port1 1980-012-15:39:45.99380 66/1/CFE_TIME 20: Start FLYWHEEL
.EVS Port1 1980-012-15:39:52.46812 66/1/CFE_TIME 20: Start FLYWHEEL
.EVS Port1 1980-012-15:39:53.00616 66/1/CFE_TIME 21: Stop FLYWHEEL
..EVS Port1 1980-012-15:40:07.01625 66/1/CFE_TIME 20: Start FLYWHEEL
EVS Port1 1980-012-15:40:07.02481 66/1/CFE_TIME 21: Stop FLYWHEEL
..EVS Port1 1980-012-15:40:22.00492 66/1/CFE_TIME 21: Stop FLYWHEEL
.EVS Port1 1980-012-15:40:23.00201 66/1/CFE_TIME 20: Start FLYWHEEL
EVS Port1 1980-012-15:40:25.00814 66/1/CFE_TIME 21: Stop FLYWHEEL
EVS Port1 1980-012-15:40:25.99395 66/1/CFE_TIME 20: Start FLYWHEEL
.EVS Port1 1980-012-15:40:30.00408 66/1/CFE_TIME 21: Stop FLYWHEEL
EVS Port1 1980-012-15:40:31.01925 66/1/CFE_TIME 20: Start FLYWHEEL
EVS Port1 1980-012-15:40:32.01170 66/1/CFE_TIME 21: Stop FLYWHEEL
EVS Port1 1980-012-15:40:32.99960 66/1/CFE_TIME 20: Start FLYWHEEL
...EVS Port1 1980-012-15:40:52.33930 66/1/CFE_TIME 20: Start FLYWHEEL
EVS Port1 1980-012-15:40:52.00531 66/1/CFE_TIME 21: Stop FLYWHEEL
...EVS Port1 1980-012-15:41:05.00491 66/1/CFE_TIME 21: Stop FLYWHEEL
EVS Port1 1980-012-15:41:06.04342 66/1/CFE_TIME 20: Start FLYWHEEL
EVS Port1 1980-012-15:41:07.01815 66/1/CFE_TIME 21: Stop FLYWHEEL
EVS Port1 1980-012-15:41:07.99633 66/1/CFE_TIME 20: Start FLYWHEEL
..EVS Port1 1980-012-15:41:22.23509 66/1/CFE_TIME 20: Start FLYWHEEL
.EVS Port1 1980-012-15:41:24.00349 66/1/CFE_TIME 21: Stop FLYWHEEL
EVS Port1 1980-012-15:41:27.00730 66/1/CFE_TIME 21: Stop FLYWHEEL
EVS Port1 1980-012-15:41:27.99589 66/1/CFE_TIME 20: Start FLYWHEEL
..EVS Port1 1980-012-15:41:39.01679 66/1/CFE_TIME 21: Stop FLYWHEEL
EVS Port1 1980-012-15:41:39.98716 66/1/CFE_TIME 20: Start FLYWHEEL
.EVS Port1 1980-012-15:41:45.00770 66/1/CFE_TIME 21: Stop FLYWHEEL
EVS Port1 1980-012-15:41:46.01901 66/1/CFE_TIME 20: Start FLYWHEEL
.EVS Port1 1980-012-15:41:48.35412 66/1/CFE_TIME 20: Start FLYWHEEL
.EVS Port1 1980-012-15:41:53.01759 66/1/CFE_TIME 21: Stop FLYWHEEL
.EVS Port1 1980-012-15:42:01.00743 66/1/CFE_TIME 21: Stop FLYWHEEL
EVS Port1 1980-012-15:42:01.99844 66/1/CFE_TIME 20: Start FLYWHEEL
.EVS Port1 1980-012-15:42:09.00814 66/1/CFE_TIME 21: Stop FLYWHEEL
.EVS Port1 1980-012-15:42:10.01533 66/1/CFE_TIME 20: Start FLYWHEEL
EVS Port1 1980-012-15:42:11.01145 66/1/CFE_TIME 21: Stop FLYWHEEL
EVS Port1 1980-012-15:42:11.98365 66/1/CFE_TIME 20: Start FLYWHEEL
.EVS Port1 1980-012-15:42:20.01603 66/1/CFE_TIME 21: Stop FLYWHEEL
EVS Port1 1980-012-15:42:20.99414 66/1/CFE_TIME 20: Start FLYWHEEL
...EVS Port1 1980-012-15:42:35.01068 66/1/CFE_TIME 21: Stop FLYWHEEL
EVS Port1 1980-012-15:42:36.02441 66/1/CFE_TIME 20: Start FLYWHEEL
EVS Port1 1980-012-15:42:37.00790 66/1/CFE_TIME 21: Stop FLYWHEEL
EVS Port1 1980-012-15:42:38.01406 66/1/CFE_TIME 20: Start FLYWHEEL
.EVS Port1 1980-012-15:42:40.06974 66/1/CFE_TIME 20: Start FLYWHEEL
EVS Port1 1980-012-15:42:40.01226 66/1/CFE_TIME 21: Stop FLYWHEEL
.EVS Port1 1980-012-15:42:50.41149 66/1/CFE_TIME 20: Start FLYWHEEL
.EVS Port1 1980-012-15:42:51.01496 66/1/CFE_TIME 21: Stop FLYWHEEL
EVS Port1 1980-012-15:42:54.00993 66/1/CFE_TIME 21: Stop FLYWHEEL
EVS Port1 1980-012-15:42:55.00944 66/1/CFE_TIME 20: Start FLYWHEEL
EVS Port1 1980-012-15:42:56.00531 66/1/CFE_TIME 21: Stop FLYWHEEL
.EVS Port1 1980-012-15:42:57.00448 66/1/CFE_TIME 20: Start FLYWHEEL
..EVS Port1 1980-012-15:43:09.00387 66/1/CFE_TIME 21: Stop FLYWHEEL
EVS Port1 1980-012-15:43:09.99928 66/1/CFE_TIME 20: Start FLYWHEEL
EVS Port1 1980-012-15:43:13.00720 66/1/CFE_TIME 21: Stop FLYWHEEL
EVS Port1 1980-012-15:43:14.00413 66/1/CFE_TIME 20: Start FLYWHEEL
.EVS Port1 1980-012-15:43:16.01576 66/1/CFE_TIME 21: Stop FLYWHEEL
EVS Port1 1980-012-15:43:17.09024 66/1/CFE_TIME 20: Start FLYWHEEL
EVS Port1 1980-012-15:43:19.40031 66/1/CFE_TIME 20: Start FLYWHEEL
.EVS Port1 1980-012-15:43:23.01268 66/1/CFE_TIME 21: Stop FLYWHEEL
..EVS Port1 1980-012-15:43:33.01065 66/1/CFE_TIME 21: Stop FLYWHEEL
EVS Port1 1980-012-15:43:34.02397 66/1/CFE_TIME 20: Start FLYWHEEL
EVS Port1 1980-012-15:43:36.38961 66/1/CFE_TIME 20: Start FLYWHEEL
EVS Port1 1980-012-15:43:37.09259 66/1/CFE_TIME 21: Stop FLYWHEEL
.EVS Port1 1980-012-15:43:40.93247 66/1/CFE_TIME 20: Start FLYWHEEL
..EVS Port1 1980-012-15:43:52.01150 66/1/CFE_TIME 21: Stop FLYWHEEL
.EVS Port1 1980-012-15:43:55.70429 66/1/CFE_TIME 20: Start FLYWHEEL
...EVS Port1 1980-012-15:44:14.00730 66/1/CFE_TIME 21: Stop FLYWHEEL
EVS Port1 1980-012-15:44:17.32019 66/1/CFE_TIME 20: Start FLYWHEEL
EVS Port1 1980-012-15:44:18.00714 66/1/CFE_TIME 21: Stop FLYWHEEL
..EVS Port1 1980-012-15:44:28.01034 66/1/CFE_TIME 21: Stop FLYWHEEL
EVS Port1 1980-012-15:44:29.00389 66/1/CFE_TIME 20: Start FLYWHEEL
..EVS Port1 1980-012-15:44:39.00839 66/1/CFE_TIME 21: Stop FLYWHEEL
EVS Port1 1980-012-15:44:39.99005 66/1/CFE_TIME 20: Start FLYWHEEL
EVS Port1 1980-012-15:44:43.01487 66/1/CFE_TIME 21: Stop FLYWHEEL
.EVS Port1 1980-012-15:44:44.00305 66/1/CFE_TIME 20: Start FLYWHEEL
EVS Port1 1980-012-15:44:46.20925 66/1/CFE_TIME 20: Start FLYWHEEL
EVS Port1 1980-012-15:44:47.01026 66/1/CFE_TIME 21: Stop FLYWHEEL
..EVS Port1 1980-012-15:45:01.00459 66/1/CFE_TIME 21: Stop FLYWHEEL
.EVS Port1 1980-012-15:45:02.01342 66/1/CFE_TIME 20: Start FLYWHEEL
EVS Port1 1980-012-15:45:03.02326 66/1/CFE_TIME 21: Stop FLYWHEEL
EVS Port1 1980-012-15:45:03.98815 66/1/CFE_TIME 20: Start FLYWHEEL
EVS Port1 1980-012-15:45:07.00833 66/1/CFE_TIME 21: Stop FLYWHEEL
.EVS Port1 1980-012-15:45:08.00588 66/1/CFE_TIME 20: Start FLYWHEEL
EVS Port1 1980-012-15:45:12.05722 66/1/CFE_TIME 20: Start FLYWHEEL
EVS Port1 1980-012-15:45:12.00668 66/1/CFE_TIME 21: Stop FLYWHEEL
.EVS Port1 1980-012-15:45:17.44372 66/1/CFE_TIME 20: Start FLYWHEEL
.EVS Port1 1980-012-15:45:19.01342 66/1/CFE_TIME 21: Stop FLYWHEEL
EVS Port1 1980-012-15:45:24.26715 66/1/CFE_TIME 20: Start FLYWHEEL
.EVS Port1 1980-012-15:45:26.00839 66/1/CFE_TIME 21: Stop FLYWHEEL
EVS Port1 1980-012-15:45:29.59393 66/1/CFE_TIME 20: Start FLYWHEEL
.EVS Port1 1980-012-15:45:35.01885 66/1/CFE_TIME 21: Stop FLYWHEEL
.EVS Port1 1980-012-15:45:38.00749 66/1/CFE_TIME 21: Stop FLYWHEEL
EVS Port1 1980-012-15:45:39.00341 66/1/CFE_TIME 20: Start FLYWHEEL
EVS Port1 1980-012-15:45:41.01011 66/1/CFE_TIME 21: Stop FLYWHEEL
EVS Port1 1980-012-15:45:42.06600 66/1/CFE_TIME 20: Start FLYWHEEL
.EVS Port1 1980-012-15:45:44.25596 66/1/CFE_TIME 20: Start FLYWHEEL
.EVS Port1 1980-012-15:45:49.00543 66/1/CFE_TIME 21: Stop FLYWHEEL
.EVS Port1 1980-012-15:45:54.09367 66/1/CFE_TIME 20: Start FLYWHEEL
EVS Port1 1980-012-15:45:56.00454 66/1/CFE_TIME 21: Stop FLYWHEEL
.EVS Port1 1980-012-15:46:00.12805 66/1/CFE_TIME 20: Start FLYWHEEL
EVS Port1 1980-012-15:46:00.00494 66/1/CFE_TIME 21: Stop FLYWHEEL
EVS Port1 1980-012-15:46:02.01483 66/1/CFE_TIME 21: Stop FLYWHEEL
EVS Port1 1980-012-15:46:02.99183 66/1/CFE_TIME 20: Start FLYWHEEL
..EVS Port1 1980-012-15:46:13.22581 66/1/CFE_TIME 20: Start FLYWHEEL
EVS Port1 1980-012-15:46:15.00395 66/1/CFE_TIME 21: Stop FLYWHEEL
.EVS Port1 1980-012-15:46:18.01184 66/1/CFE_TIME 21: Stop FLYWHEEL
EVS Port1 1980-012-15:46:18.99766 66/1/CFE_TIME 20: Start FLYWHEEL
EVS Port1 1980-012-15:46:22.01988 66/1/CFE_TIME 21: Stop FLYWHEEL
.EVS Port1 1980-012-15:46:23.00570 66/1/CFE_TIME 20: Start FLYWHEEL
.EVS Port1 1980-012-15:46:29.02540 66/1/CFE_TIME 21: Stop FLYWHEEL
EVS Port1 1980-012-15:46:30.03440 66/1/CFE_TIME 20: Start FLYWHEEL
EVS Port1 1980-012-15:46:31.00619 66/1/CFE_TIME 21: Stop FLYWHEEL
EVS Port1 1980-012-15:46:32.03482 66/1/CFE_TIME 20: Start FLYWHEEL
EVS Port1 1980-012-15:46:34.10264 66/1/CFE_TIME 20: Start FLYWHEEL
.EVS Port1 1980-012-15:46:39.00624 66/1/CFE_TIME 21: Stop FLYWHEEL
.EVS Port1 1980-012-15:46:43.07554 66/1/CFE_TIME 20: Start FLYWHEEL
.EVS Port1 1980-012-15:46:50.00985 66/1/CFE_TIME 21: Stop FLYWHEEL
EVS Port1 1980-012-15:46:52.01155 66/1/CFE_TIME 21: Stop FLYWHEEL
.EVS Port1 1980-012-15:46:53.05099 66/1/CFE_TIME 20: Start FLYWHEEL
EVS Port1 1980-012-15:46:55.17544 66/1/CFE_TIME 20: Start FLYWHEEL
EVS Port1 1980-012-15:46:56.03356 66/1/CFE_TIME 21: Stop FLYWHEEL
.EVS Port1 1980-012-15:47:00.10145 66/1/CFE_TIME 20: Start FLYWHEEL
EVS Port1 1980-012-15:47:01.01954 66/1/CFE_TIME 21: Stop FLYWHEEL
.EVS Port1 1980-012-15:47:04.11428 66/1/CFE_TIME 20: Start FLYWHEEL
EVS Port1 1980-012-15:47:04.03303 66/1/CFE_TIME 21: Stop FLYWHEEL
EVS Port1 1980-012-15:47:06.00526 66/1/CFE_TIME 21: Stop FLYWHEEL
EVS Port1 1980-012-15:47:07.01290 66/1/CFE_TIME 20: Start FLYWHEEL
EVS Port1 1980-012-15:47:09.18333 66/1/CFE_TIME 20: Start FLYWHEEL
.EVS Port1 1980-012-15:47:10.00782 66/1/CFE_TIME 21: Stop FLYWHEEL
EVS Port1 1980-012-15:47:12.01129 66/1/CFE_TIME 21: Stop FLYWHEEL
EVS Port1 1980-012-15:47:12.99386 66/1/CFE_TIME 20: Start FLYWHEEL
..EVS Port1 1980-012-15:47:22.00851 66/1/CFE_TIME 21: Stop FLYWHEEL
EVS Port1 1980-012-15:47:23.01913 66/1/CFE_TIME 20: Start FLYWHEEL
EVS Port1 1980-012-15:47:24.00643 66/1/CFE_TIME 21: Stop FLYWHEEL
EVS Port1 1980-012-15:47:25.00581 66/1/CFE_TIME 20: Start FLYWHEEL
.EVS Port1 1980-012-15:47:28.00784 66/1/CFE_TIME 21: Stop FLYWHEEL
EVS Port1 1980-012-15:47:29.09869 66/1/CFE_TIME 20: Start FLYWHEEL
EVS Port1 1980-012-15:47:31.24096 66/1/CFE_TIME 20: Start FLYWHEEL
.EVS Port1 1980-012-15:47:36.01219 66/1/CFE_TIME 21: Stop FLYWHEEL
.EVS Port1 1980-012-15:47:39.36070 66/1/CFE_TIME 20: Start FLYWHEEL
EVS Port1 1980-012-15:47:42.00646 66/1/CFE_TIME 21: Stop FLYWHEEL
..EVS Port1 1980-012-15:47:51.01013 66/1/CFE_TIME 21: Stop FLYWHEEL
EVS Port1 1980-012-15:47:51.99804 66/1/CFE_TIME 20: Start FLYWHEEL
.EVS Port1 1980-012-15:47:58.01284 66/1/CFE_TIME 21: Stop FLYWHEEL
EVS Port1 1980-012-15:47:59.01473 66/1/CFE_TIME 20: Start FLYWHEEL
EVS Port1 1980-012-15:48:00.00828 66/1/CFE_TIME 21: Stop FLYWHEEL
EVS Port1 1980-012-15:48:00.99900 66/1/CFE_TIME 20: Start FLYWHEEL
.EVS Port1 1980-012-15:48:05.07026 66/1/CFE_TIME 20: Start FLYWHEEL
EVS Port1 1980-012-15:48:05.00979 66/1/CFE_TIME 21: Stop FLYWHEEL
.EVS Port1 1980-012-15:48:10.34089 66/1/CFE_TIME 20: Start FLYWHEEL
EVS Port1 1980-012-15:48:11.00889 66/1/CFE_TIME 21: Stop FLYWHEEL
...EVS Port1 1980-012-15:48:27.05772 66/1/CFE_TIME 20: Start FLYWHEEL
EVS Port1 1980-012-15:48:27.00793 66/1/CFE_TIME 21: Stop FLYWHEEL
.EVS Port1 1980-012-15:48:32.00653 66/1/CFE_TIME 21: Stop FLYWHEEL
EVS Port1 1980-012-15:48:32.99562 66/1/CFE_TIME 20: Start FLYWHEEL
.EVS Port1 1980-012-15:48:40.00636 66/1/CFE_TIME 21: Stop FLYWHEEL
EVS Port1 1980-012-15:48:40.99670 66/1/CFE_TIME 20: Start FLYWHEEL
.EVS Port1 1980-012-15:48:45.00570 66/1/CFE_TIME 21: Stop FLYWHEEL
EVS Port1 1980-012-15:48:46.00134 66/1/CFE_TIME 20: Start FLYWHEEL
.EVS Port1 1980-012-15:48:54.00939 66/1/CFE_TIME 21: Stop FLYWHEEL
EVS Port1 1980-012-15:48:54.99266 66/1/CFE_TIME 20: Start FLYWHEEL
...EVS Port1 1980-012-15:49:10.15093 66/1/CFE_TIME 20: Start FLYWHEEL
EVS Port1 1980-012-15:49:10.00912 66/1/CFE_TIME 21: Stop FLYWHEEL
EVS Port1 1980-012-15:49:13.11613 66/1/CFE_TIME 20: Start FLYWHEEL
.EVS Port1 1980-012-15:49:14.01925 66/1/CFE_TIME 21: Stop FLYWHEEL
EVS Port1 1980-012-15:49:16.01341 66/1/CFE_TIME 21: Stop FLYWHEEL
EVS Port1 1980-012-15:49:17.01335 66/1/CFE_TIME 20: Start FLYWHEEL
.EVS Port1 1980-012-15:49:21.07496 66/1/CFE_TIME 20: Start FLYWHEEL
EVS Port1 1980-012-15:49:21.00944 66/1/CFE_TIME 21: Stop FLYWHEEL
EVS Port1 1980-012-15:49:23.00405 66/1/CFE_TIME 21: Stop FLYWHEEL
EVS Port1 1980-012-15:49:23.99969 66/1/CFE_TIME 20: Start FLYWHEEL
..EVS Port1 1980-012-15:49:34.00445 66/1/CFE_TIME 21: Stop FLYWHEEL
EVS Port1 1980-012-15:49:34.99940 66/1/CFE_TIME 20: Start FLYWHEEL
.EVS Port1 1980-012-15:49:37.00952 66/1/CFE_TIME 21: Stop FLYWHEEL
EVS Port1 1980-012-15:49:38.08392 66/1/CFE_TIME 20: Start FLYWHEEL
EVS Port1 1980-012-15:49:39.03788 66/1/CFE_TIME 21: Stop FLYWHEEL
EVS Port1 1980-012-15:49:40.04867 66/1/CFE_TIME 20: Start FLYWHEEL
EVS Port1 1980-012-15:49:42.04785 66/1/CFE_TIME 20: Start FLYWHEEL
EVS Port1 1980-012-15:49:42.00978 66/1/CFE_TIME 21: Stop FLYWHEEL
..EVS Port1 1980-012-15:49:52.01286 66/1/CFE_TIME 21: Stop FLYWHEEL
EVS Port1 1980-012-15:49:53.00357 66/1/CFE_TIME 20: Start FLYWHEEL
...EVS Port1 1980-012-15:50:08.00984 66/1/CFE_TIME 21: Stop FLYWHEEL
EVS Port1 1980-012-15:50:09.00509 66/1/CFE_TIME 20: Start FLYWHEEL
EVS Port1 1980-012-15:50:10.99688 66/1/CFE_TIME 20: Start FLYWHEEL
EVS Port1 1980-012-15:50:11.00613 66/1/CFE_TIME 21: Stop FLYWHEEL
.EVS Port1 1980-012-15:50:15.00382 66/1/CFE_TIME 21: Stop FLYWHEEL
EVS Port1 1980-012-15:50:16.05966 66/1/CFE_TIME 20: Start FLYWHEEL
EVS Port1 1980-012-15:50:17.00431 66/1/CFE_TIME 21: Stop FLYWHEEL
EVS Port1 1980-012-15:50:18.00129 66/1/CFE_TIME 20: Start FLYWHEEL
.EVS Port1 1980-012-15:50:23.00404 66/1/CFE_TIME 21: Stop FLYWHEEL
EVS Port1 1980-012-15:50:23.99861 66/1/CFE_TIME 20: Start FLYWHEEL
.EVS Port1 1980-012-15:50:27.06895 66/1/CFE_TIME 20: Start FLYWHEEL
EVS Port1 1980-012-15:50:27.00672 66/1/CFE_TIME 21: Stop FLYWHEEL
.EVS Port1 1980-012-15:50:36.01119 66/1/CFE_TIME 21: Stop FLYWHEEL
.EVS Port1 1980-012-15:50:37.17602 66/1/CFE_TIME 20: Start FLYWHEEL
EVS Port1 1980-012-15:50:38.00892 66/1/CFE_TIME 21: Stop FLYWHEEL
EVS Port1 1980-012-15:50:38.99800 66/1/CFE_TIME 20: Start FLYWHEEL
..EVS Port1 1980-012-15:50:49.00633 66/1/CFE_TIME 21: Stop FLYWHEEL
EVS Port1 1980-012-15:50:49.99755 66/1/CFE_TIME 20: Start FLYWHEEL
...EVS Port1 1980-012-15:51:07.00630 66/1/CFE_TIME 21: Stop FLYWHEEL
EVS Port1 1980-012-15:51:07.99694 66/1/CFE_TIME 20: Start FLYWHEEL
.EVS Port1 1980-012-15:51:12.07167 66/1/CFE_TIME 20: Start FLYWHEEL
EVS Port1 1980-012-15:51:12.00605 66/1/CFE_TIME 21: Stop FLYWHEEL
....EVS Port1 1980-012-15:51:35.48381 66/1/CFE_TIME 20: Start FLYWHEEL
EVS Port1 1980-012-15:51:39.01087 66/1/CFE_TIME 21: Stop FLYWHEEL
.EVS Port1 1980-012-15:51:42.00532 66/1/CFE_TIME 21: Stop FLYWHEEL
EVS Port1 1980-012-15:51:43.00848 66/1/CFE_TIME 20: Start FLYWHEEL
EVS Port1 1980-012-15:51:46.00463 66/1/CFE_TIME 21: Stop FLYWHEEL
.EVS Port1 1980-012-15:51:47.00350 66/1/CFE_TIME 20: Start FLYWHEEL
...EVS Port1 1980-012-15:52:06.13024 66/1/CFE_TIME 20: Start FLYWHEEL
EVS Port1 1980-012-15:52:08.00885 66/1/CFE_TIME 21: Stop FLYWHEEL
..EVS Port1 1980-012-15:52:22.01039 66/1/CFE_TIME 21: Stop FLYWHEEL
.EVS Port1 1980-012-15:52:22.99412 66/1/CFE_TIME 20: Start FLYWHEEL
.EVS Port1 1980-012-15:52:32.00654 66/1/CFE_TIME 21: Stop FLYWHEEL
EVS Port1 1980-012-15:52:33.02117 66/1/CFE_TIME 20: Start FLYWHEEL
.EVS Port1 1980-012-15:52:35.39733 66/1/CFE_TIME 20: Start FLYWHEEL
EVS Port1 1980-012-15:52:37.01182 66/1/CFE_TIME 21: Stop FLYWHEEL
.EVS Port1 1980-012-15:52:43.00491 66/1/CFE_TIME 21: Stop FLYWHEEL
EVS Port1 1980-012-15:52:44.00572 66/1/CFE_TIME 20: Start FLYWHEEL
..EVS Port1 1980-012-15:52:53.04826 66/1/CFE_TIME 20: Start FLYWHEEL
EVS Port1 1980-012-15:52:53.00784 66/1/CFE_TIME 21: Stop FLYWHEEL
EVS Port1 1980-012-15:52:57.00573 66/1/CFE_TIME 21: Stop FLYWHEEL
.EVS Port1 1980-012-15:52:57.99917 66/1/CFE_TIME 20: Start FLYWHEEL
.EVS Port1 1980-012-15:53:05.33616 66/1/CFE_TIME 20: Start FLYWHEEL
EVS Port1 1980-012-15:53:05.01080 66/1/CFE_TIME 21: Stop FLYWHEEL
.EVS Port1 1980-012-15:53:11.00804 66/1/CFE_TIME 21: Stop FLYWHEEL
EVS Port1 1980-012-15:53:12.01625 66/1/CFE_TIME 20: Start FLYWHEEL
EVS Port1 1980-012-15:53:14.06719 66/1/CFE_TIME 20: Start FLYWHEEL
EVS Port1 1980-012-15:53:14.02099 66/1/CFE_TIME 21: Stop FLYWHEEL
.EVS Port1 1980-012-15:53:20.00883 66/1/CFE_TIME 21: Stop FLYWHEEL
EVS Port1 1980-012-15:53:21.02272 66/1/CFE_TIME 20: Start FLYWHEEL
.EVS Port1 1980-012-15:53:22.02575 66/1/CFE_TIME 21: Stop FLYWHEEL
EVS Port1 1980-012-15:53:23.09245 66/1/CFE_TIME 20: Start FLYWHEEL
EVS Port1 1980-012-15:53:24.00967 66/1/CFE_TIME 21: Stop FLYWHEEL
EVS Port1 1980-012-15:53:25.00427 66/1/CFE_TIME 20: Start FLYWHEEL
.EVS Port1 1980-012-15:53:29.27153 66/1/CFE_TIME 20: Start FLYWHEEL
.EVS Port1 1980-012-15:53:36.00924 66/1/CFE_TIME 21: Stop FLYWHEEL
...EVS Port1 1980-012-15:53:54.01528 66/1/CFE_TIME 21: Stop FLYWHEEL
EVS Port1 1980-012-15:53:54.99371 66/1/CFE_TIME 20: Start FLYWHEEL
.EVS Port1 1980-012-15:53:58.02107 66/1/CFE_TIME 21: Stop FLYWHEEL
EVS Port1 1980-012-15:53:59.06417 66/1/CFE_TIME 20: Start FLYWHEEL
EVS Port1 1980-012-15:54:00.00552 66/1/CFE_TIME 21: Stop FLYWHEEL
EVS Port1 1980-012-15:54:01.04652 66/1/CFE_TIME 20: Start FLYWHEEL
.EVS Port1 1980-012-15:54:03.54727 66/1/CFE_TIME 20: Start FLYWHEEL
EVS Port1 1980-012-15:54:04.00326 66/1/CFE_TIME 21: Stop FLYWHEEL
EVS Port1 1980-012-15:54:06.00549 66/1/CFE_TIME 21: Stop FLYWHEEL
EVS Port1 1980-012-15:54:07.00770 66/1/CFE_TIME 20: Start FLYWHEEL
EVS Port1 1980-012-15:54:08.01718 66/1/CFE_TIME 21: Stop FLYWHEEL
.EVS Port1 1980-012-15:54:09.02458 66/1/CFE_TIME 20: Start FLYWHEEL
EVS Port1 1980-012-15:54:10.00646 66/1/CFE_TIME 21: Stop FLYWHEEL
EVS Port1 1980-012-15:54:10.99797 66/1/CFE_TIME 20: Start FLYWHEEL
EVS Port1 1980-012-15:54:13.01089 66/1/CFE_TIME 21: Stop FLYWHEEL
.EVS Port1 1980-012-15:54:13.99687 66/1/CFE_TIME 20: Start FLYWHEEL
.EVS Port1 1980-012-15:54:20.01785 66/1/CFE_TIME 21: Stop FLYWHEEL
EVS Port1 1980-012-15:54:20.99394 66/1/CFE_TIME 20: Start FLYWHEEL
EVS Port1 1980-012-15:54:25.04684 66/1/CFE_TIME 20: Start FLYWHEEL
EVS Port1 1980-012-15:54:25.00903 66/1/CFE_TIME 21: Stop FLYWHEEL
..EVS Port1 1980-012-15:54:32.37400 66/1/CFE_TIME 20: Start FLYWHEEL
EVS Port1 1980-012-15:54:33.00428 66/1/CFE_TIME 21: Stop FLYWHEEL
.EVS Port1 1980-012-15:54:39.00756 66/1/CFE_TIME 21: Stop FLYWHEEL
EVS Port1 1980-012-15:54:40.01107 66/1/CFE_TIME 20: Start FLYWHEEL
EVS Port1 1980-012-15:54:41.02226 66/1/CFE_TIME 21: Stop FLYWHEEL
EVS Port1 1980-012-15:54:42.01741 66/1/CFE_TIME 20: Start FLYWHEEL
.EVS Port1 1980-012-15:54:44.04881 66/1/CFE_TIME 20: Start FLYWHEEL
EVS Port1 1980-012-15:54:44.00531 66/1/CFE_TIME 21: Stop FLYWHEEL
EVS Port1 1980-012-15:54:49.11283 66/1/CFE_TIME 20: Start FLYWHEEL
.EVS Port1 1980-012-15:54:50.00563 66/1/CFE_TIME 21: Stop FLYWHEEL
..EVS Port1 1980-012-15:55:02.28639 66/1/CFE_TIME 20: Start FLYWHEEL
EVS Port1 1980-012-15:55:04.00390 66/1/CFE_TIME 21: Stop FLYWHEEL
.EVS Port1 1980-012-15:55:11.10705 66/1/CFE_TIME 20: Start FLYWHEEL
EVS Port1 1980-012-15:55:12.00537 66/1/CFE_TIME 21: Stop FLYWHEEL
....EVS Port1 1980-012-15:55:31.10913 66/1/CFE_TIME 20: Start FLYWHEEL
EVS Port1 1980-012-15:55:34.01010 66/1/CFE_TIME 21: Stop FLYWHEEL
..EVS Port1 1980-012-15:55:45.00627 66/1/CFE_TIME 21: Stop FLYWHEEL
EVS Port1 1980-012-15:55:46.01959 66/1/CFE_TIME 20: Start FLYWHEEL
EVS Port1 1980-012-15:55:47.01303 66/1/CFE_TIME 21: Stop FLYWHEEL
EVS Port1 1980-012-15:55:48.00463 66/1/CFE_TIME 20: Start FLYWHEEL
.EVS Port1 1980-012-15:55:53.00602 66/1/CFE_TIME 21: Stop FLYWHEEL
EVS Port1 1980-012-15:55:54.00234 66/1/CFE_TIME 20: Start FLYWHEEL
.....EVS Port1 1980-012-15:56:22.01641 66/1/CFE_TIME 21: Stop FLYWHEEL
EVS Port1 1980-012-15:56:22.99711 66/1/CFE_TIME 20: Start FLYWHEEL
.EVS Port1 1980-012-15:56:30.00239 66/1/CFE_TIME 21: Stop FLYWHEEL
.EVS Port1 1980-012-15:56:31.13015 66/1/CFE_TIME 20: Start FLYWHEEL
EVS Port1 1980-012-15:56:32.01411 66/1/CFE_TIME 21: Stop FLYWHEEL
EVS Port1 1980-012-15:56:32.99740 66/1/CFE_TIME 20: Start FLYWHEEL
...EVS Port1 1980-012-15:56:49.01161 66/1/CFE_TIME 21: Stop FLYWHEEL
EVS Port1 1980-012-15:56:49.99082 66/1/CFE_TIME 20: Start FLYWHEEL
.EVS Port1 1980-012-15:57:00.01533 66/1/CFE_TIME 21: Stop FLYWHEEL
.EVS Port1 1980-012-15:57:00.99720 66/1/CFE_TIME 20: Start FLYWHEEL
.EVS Port1 1980-012-15:57:09.01423 66/1/CFE_TIME 21: Stop FLYWHEEL
EVS Port1 1980-012-15:57:09.99488 66/1/CFE_TIME 20: Start FLYWHEEL
.EVS Port1 1980-012-15:57:18.00990 66/1/CFE_TIME 21: Stop FLYWHEEL
.EVS Port1 1980-012-15:57:19.01382 66/1/CFE_TIME 20: Start FLYWHEEL
.EVS Port1 1980-012-15:57:29.34552 66/1/CFE_TIME 20: Start FLYWHEEL
.EVS Port1 1980-012-15:57:31.02307 66/1/CFE_TIME 21: Stop FLYWHEEL
..EVS Port1 1980-012-15:57:46.08015 66/1/CFE_TIME 20: Start FLYWHEEL
.EVS Port1 1980-012-15:57:50.02635 66/1/CFE_TIME 21: Stop FLYWHEEL
EVS Port1 1980-012-15:57:52.09606 66/1/CFE_TIME 21: Stop FLYWHEEL
EVS Port1 1980-012-15:57:53.06199 66/1/CFE_TIME 20: Start FLYWHEEL
.EVS Port1 1980-012-15:57:54.02192 66/1/CFE_TIME 21: Stop FLYWHEEL
EVS Port1 1980-012-15:57:55.02304 66/1/CFE_TIME 20: Start FLYWHEEL
EVS Port1 1980-012-15:57:56.04862 66/1/CFE_TIME 21: Stop FLYWHEEL
EVS Port1 1980-012-15:57:57.04374 66/1/CFE_TIME 20: Start FLYWHEEL
EVS Port1 1980-012-15:57:59.21392 66/1/CFE_TIME 20: Start FLYWHEEL
EVS Port1 1980-012-15:57:59.02075 66/1/CFE_TIME 21: Stop FLYWHEEL
.EVS Port1 1980-012-15:58:02.15583 66/1/CFE_TIME 20: Start FLYWHEEL
EVS Port1 1980-012-15:58:03.01823 66/1/CFE_TIME 21: Stop FLYWHEEL
.EVS Port1 1980-012-15:58:09.09022 66/1/CFE_TIME 20: Start FLYWHEEL
EVS Port1 1980-012-15:58:10.02017 66/1/CFE_TIME 21: Stop FLYWHEEL
.EVS Port1 1980-012-15:58:14.01536 66/1/CFE_TIME 21: Stop FLYWHEEL
EVS Port1 1980-012-15:58:15.02186 66/1/CFE_TIME 20: Start FLYWHEEL
EVS Port1 1980-012-15:58:16.02207 66/1/CFE_TIME 21: Stop FLYWHEEL
EVS Port1 1980-012-15:58:17.00996 66/1/CFE_TIME 20: Start FLYWHEEL
.EVS Port1 1980-012-15:58:18.01339 66/1/CFE_TIME 21: Stop FLYWHEEL
EVS Port1 1980-012-15:58:19.01913 66/1/CFE_TIME 20: Start FLYWHEEL
EVS Port1 1980-012-15:58:21.03698 66/1/CFE_TIME 20: Start FLYWHEEL
EVS Port1 1980-012-15:58:22.03636 66/1/CFE_TIME 21: Stop FLYWHEEL
.EVS Port1 1980-012-15:58:27.61894 66/1/CFE_TIME 20: Start FLYWHEEL
.EVS Port1 1980-012-15:58:29.01936 66/1/CFE_TIME 21: Stop FLYWHEEL
EVS Port1 1980-012-15:58:31.03926 66/1/CFE_TIME 21: Stop FLYWHEEL
EVS Port1 1980-012-15:58:32.01133 66/1/CFE_TIME 20: Start FLYWHEEL
EVS Port1 1980-012-15:58:33.05598 66/1/CFE_TIME 21: Stop FLYWHEEL
EVS Port1 1980-012-15:58:34.00587 66/1/CFE_TIME 20: Start FLYWHEEL
.EVS Port1 1980-012-15:58:36.04037 66/1/CFE_TIME 20: Start FLYWHEEL
.EVS Port1 1980-012-15:58:44.01396 66/1/CFE_TIME 21: Stop FLYWHEEL
..EVS Port1 1980-012-15:58:57.34606 66/1/CFE_TIME 20: Start FLYWHEEL
EVS Port1 1980-012-15:58:58.01213 66/1/CFE_TIME 21: Stop FLYWHEEL
.EVS Port1 1980-012-15:59:01.00462 66/1/CFE_TIME 21: Stop FLYWHEEL
EVS Port1 1980-012-15:59:01.99984 66/1/CFE_TIME 20: Start FLYWHEEL
EVS Port1 1980-012-15:59:04.00436 66/1/CFE_TIME 21: Stop FLYWHEEL
.EVS Port1 1980-012-15:59:05.00225 66/1/CFE_TIME 20: Start FLYWHEEL
.EVS Port1 1980-012-15:59:11.00546 66/1/CFE_TIME 21: Stop FLYWHEEL
EVS Port1 1980-012-15:59:12.00033 66/1/CFE_TIME 20: Start FLYWHEEL
.EVS Port1 1980-012-15:59:18.00273 66/1/CFE_TIME 21: Stop FLYWHEEL
EVS Port1 1980-012-15:59:18.99041 66/1/CFE_TIME 20: Start FLYWHEEL
.EVS Port1 1980-012-15:59:24.38092 66/1/CFE_TIME 20: Start FLYWHEEL
EVS Port1 1980-012-15:59:26.00733 66/1/CFE_TIME 21: Stop FLYWHEEL
.EVS Port1 1980-012-15:59:28.01322 66/1/CFE_TIME 21: Stop FLYWHEEL
EVS Port1 1980-012-15:59:28.99606 66/1/CFE_TIME 20: Start FLYWHEEL
..EVS Port1 1980-012-15:59:41.00750 66/1/CFE_TIME 21: Stop FLYWHEEL
EVS Port1 1980-012-15:59:41.99789 66/1/CFE_TIME 20: Start FLYWHEEL
.EVS Port1 1980-012-15:59:46.00244 66/1/CFE_TIME 21: Stop FLYWHEEL
EVS Port1 1980-012-15:59:46.99748 66/1/CFE_TIME 20: Start FLYWHEEL
.EVS Port1 1980-012-15:59:55.14002 66/1/CFE_TIME 20: Start FLYWHEEL
EVS Port1 1980-012-15:59:55.00769 66/1/CFE_TIME 21: Stop FLYWHEEL
..EVS Port1 1980-012-16:00:04.00985 66/1/CFE_TIME 21: Stop FLYWHEEL
EVS Port1 1980-012-16:00:05.01712 66/1/CFE_TIME 20: Start FLYWHEEL
EVS Port1 1980-012-16:00:07.07702 66/1/CFE_TIME 20: Start FLYWHEEL
EVS Port1 1980-012-16:00:07.01492 66/1/CFE_TIME 21: Stop FLYWHEEL
.EVS Port1 1980-012-16:00:10.02166 66/1/CFE_TIME 21: Stop FLYWHEEL
EVS Port1 1980-012-16:00:10.99577 66/1/CFE_TIME 20: Start FLYWHEEL
.EVS Port1 1980-012-16:00:18.01524 66/1/CFE_TIME 21: Stop FLYWHEEL
EVS Port1 1980-012-16:00:18.99154 66/1/CFE_TIME 20: Start FLYWHEEL
.EVS Port1 1980-012-16:00:24.15586 66/1/CFE_TIME 20: Start FLYWHEEL
EVS Port1 1980-012-16:00:25.01913 66/1/CFE_TIME 21: Stop FLYWHEEL
.EVS Port1 1980-012-16:00:27.99929 66/1/CFE_TIME 20: Start FLYWHEEL
EVS Port1 1980-012-16:00:29.01028 66/1/CFE_TIME 21: Stop FLYWHEEL
.EVS Port1 1980-012-16:00:35.09481 66/1/CFE_TIME 20: Start FLYWHEEL
EVS Port1 1980-012-16:00:36.01795 66/1/CFE_TIME 21: Stop FLYWHEEL
...EVS Port1 1980-012-16:00:54.00639 66/1/CFE_TIME 21: Stop FLYWHEEL
EVS Port1 1980-012-16:00:54.99407 66/1/CFE_TIME 20: Start FLYWHEEL
..EVS Port1 1980-012-16:01:02.00695 66/1/CFE_TIME 21: Stop FLYWHEEL
EVS Port1 1980-012-16:01:03.00009 66/1/CFE_TIME 20: Start FLYWHEEL
...EVS Port1 1980-012-16:01:22.06602 66/1/AI_LEARNER 4: AI_LEARNER completed=3/3 mean=1781482130.2us max=1984197767.4us hal_peak=131382784 within_bounded=1
{"app":"AI_LEARNER","stage":"run","model":"wgan","target":"aarch64-unknown-linux-gnu","attempted":3,"completed":3,"fail_input":0,"fail_invoke":0,"fail_output":0,"mean_us":1781482130.24,"max_us":1984197767.36,"last_us":1723286697.68,"out0":-0.04232,"out":[-0.042319,0.048241,0.281023,0.151522,0.015660,-0.020283,0.096897,0.389719,0.018338,-0.019066,0.104275,0.389625,0.042171,-0.018520,0.098739,0.443027,0.321791,0.023203,-0.044679,-0.071117,-0.071020,-0.066950,-0.068116,-0.066540,-0.040164,-0.048246,-0.045375,-0.060699,-0.064462,-0.065118,-0.063723,0.005926,0.003597,-0.036648,-0.053419,-0.050902,-0.047108,-0.039416,-0.039204,0.042763,0.061364,0.090107,0.064892,0.055931,0.057581,0.065402,0.072664,0.082456,0.094396,0.091665,0.083653,0.109543,0.140275,0.139152,0.
{"app":"AI_LEARNER","stage":"mem","model":"wgan","target":"aarch64-unknown-linux-gnu","completed":3,"hal_peak":131382784,"peak_within_bounded":true,"admitted_budget_bytes":135666432,"peak_within_admitted_budget":true,"admission_mode":"unconditional","hal_bytes_per_call_amortized":174574933.3,"process_rss_kb":15704,"process_rss_delta_init_kb":1644}
EVS Port1 1980-012-16:01:22.01602 66/1/CFE_TIME 21: Stop FLYWHEEL
EVS Port1 1980-012-16:01:23.00958 66/1/CFE_TIME 20: Start FLYWHEEL
.EVS Port1 1980-012-16:01:24.99740 66/1/CFE_TIME 20: Start FLYWHEEL
EVS Port1 1980-012-16:01:25.00445 66/1/CFE_TIME 21: Stop FLYWHEEL
..EVS Port1 1980-012-16:01:40.00506 66/1/CFE_TIME 21: Stop FLYWHEEL
EVS Port1 1980-012-16:01:41.01159 66/1/CFE_TIME 20: Start FLYWHEEL
..EVS Port1 1980-012-16:01:51.29837 66/1/CFE_TIME 20: Start FLYWHEEL
EVS Port1 1980-012-16:01:53.00405 66/1/CFE_TIME 21: Stop FLYWHEEL
..EVS Port1 1980-012-16:02:01.01097 66/1/CFE_TIME 21: Stop FLYWHEEL
EVS Port1 1980-012-16:02:02.00842 66/1/CFE_TIME 20: Start FLYWHEEL
.EVS Port1 1980-012-16:02:07.01243 66/1/CFE_TIME 21: Stop FLYWHEEL
EVS Port1 1980-012-16:02:08.00027 66/1/CFE_TIME 20: Start FLYWHEEL
EVS Port1 1980-012-16:02:10.00813 66/1/CFE_TIME 21: Stop FLYWHEEL
EVS Port1 1980-012-16:02:10.99612 66/1/CFE_TIME 20: Start FLYWHEEL
.EVS Port1 1980-012-16:02:13.02024 66/1/CFE_TIME 21: Stop FLYWHEEL
EVS Port1 1980-012-16:02:14.01684 66/1/CFE_TIME 20: Start FLYWHEEL
EVS Port1 1980-012-16:02:15.00746 66/1/CFE_TIME 21: Stop FLYWHEEL
EVS Port1 1980-012-16:02:16.06861 66/1/CFE_TIME 20: Start FLYWHEEL
EVS Port1 1980-012-16:02:17.00805 66/1/CFE_TIME 21: Stop FLYWHEEL
.EVS Port1 1980-012-16:02:18.00567 66/1/CFE_TIME 20: Start FLYWHEEL
EVS Port1 1980-012-16:02:21.00720 66/1/CFE_TIME 21: Stop FLYWHEEL
EVS Port1 1980-012-16:02:22.00843 66/1/CFE_TIME 20: Start FLYWHEEL
.EVS Port1 1980-012-16:02:24.05215 66/1/CFE_TIME 20: Start FLYWHEEL
EVS Port1 1980-012-16:02:25.00381 66/1/CFE_TIME 21: Stop FLYWHEEL
.EVS Port1 1980-012-16:02:30.01268 66/1/CFE_TIME 20: Start FLYWHEEL
EVS Port1 1980-012-16:02:30.01223 66/1/CFE_TIME 21: Stop FLYWHEEL
..EVS Port1 1980-012-16:02:46.00410 66/1/CFE_TIME 21: Stop FLYWHEEL
EVS Port1 1980-012-16:02:46.99543 66/1/CFE_TIME 20: Start FLYWHEEL
.EVS Port1 1980-012-16:02:51.30325 66/1/CFE_TIME 20: Start FLYWHEEL
EVS Port1 1980-012-16:02:51.01675 66/1/CFE_TIME 21: Stop FLYWHEEL
..EVS Port1 1980-012-16:03:01.01057 66/1/CFE_TIME 21: Stop FLYWHEEL
EVS Port1 1980-012-16:03:02.00006 66/1/CFE_TIME 20: Start FLYWHEEL
..EVS Port1 1980-012-16:03:15.05770 66/1/CFE_TIME 20: Start FLYWHEEL
EVS Port1 1980-012-16:03:15.00668 66/1/CFE_TIME 21: Stop FLYWHEEL
.EVS Port1 1980-012-16:03:18.29194 66/1/CFE_TIME 20: Start FLYWHEEL
EVS Port1 1980-012-16:03:21.02793 66/1/CFE_TIME 21: Stop FLYWHEEL
..EVS Port1 1980-012-16:03:32.02153 66/1/CFE_TIME 21: Stop FLYWHEEL
EVS Port1 1980-012-16:03:33.00883 66/1/CFE_TIME 20: Start FLYWHEEL
EVS Port1 1980-012-16:03:34.00747 66/1/CFE_TIME 21: Stop FLYWHEEL
.EVS Port1 1980-012-16:03:34.99510 66/1/CFE_TIME 20: Start FLYWHEEL
..EVS Port1 1980-012-16:03:48.33995 66/1/CFE_TIME 20: Start FLYWHEEL
EVS Port1 1980-012-16:03:49.01016 66/1/CFE_TIME 21: Stop FLYWHEEL
...EVS Port1 1980-012-16:04:07.00778 66/1/CFE_TIME 21: Stop FLYWHEEL
EVS Port1 1980-012-16:04:07.99679 66/1/CFE_TIME 20: Start FLYWHEEL
.EVS Port1 1980-012-16:04:10.03077 66/1/CFE_TIME 21: Stop FLYWHEEL
EVS Port1 1980-012-16:04:10.96159 66/1/CFE_TIME 20: Start FLYWHEEL
.EVS Port1 1980-012-16:04:16.15377 66/1/CFE_TIME 20: Start FLYWHEEL
EVS Port1 1980-012-16:04:18.01152 66/1/CFE_TIME 21: Stop FLYWHEEL
EVS Port1 1980-012-16:04:20.01188 66/1/CFE_TIME 21: Stop FLYWHEEL
.EVS Port1 1980-012-16:04:21.09802 66/1/CFE_TIME 20: Start FLYWHEEL
EVS Port1 1980-012-16:04:22.00654 66/1/CFE_TIME 21: Stop FLYWHEEL
EVS Port1 1980-012-16:04:23.01771 66/1/CFE_TIME 20: Start FLYWHEEL
EVS Port1 1980-012-16:04:24.01101 66/1/CFE_TIME 21: Stop FLYWHEEL
EVS Port1 1980-012-16:04:25.02473 66/1/CFE_TIME 20: Start FLYWHEEL
EVS Port1 1980-012-16:04:26.00318 66/1/CFE_TIME 21: Stop FLYWHEEL
.EVS Port1 1980-012-16:04:26.98880 66/1/CFE_TIME 20: Start FLYWHEEL
EVS Port1 1980-012-16:04:30.23141 66/1/CFE_TIME 20: Start FLYWHEEL
EVS Port1 1980-012-16:04:31.01257 66/1/CFE_TIME 21: Stop FLYWHEEL
.EVS Port1 1980-012-16:04:34.27056 66/1/CFE_TIME 20: Start FLYWHEEL
..EVS Port1 1980-012-16:04:48.03779 66/1/CFE_TIME 21: Stop FLYWHEEL
.EVS Port1 1980-012-16:04:51.00877 66/1/CFE_TIME 21: Stop FLYWHEEL
EVS Port1 1980-012-16:04:52.00643 66/1/CFE_TIME 20: Start FLYWHEEL
EVS Port1 1980-012-16:04:54.00514 66/1/CFE_TIME 21: Stop FLYWHEEL
EVS Port1 1980-012-16:04:55.01164 66/1/CFE_TIME 20: Start FLYWHEEL
EVS Port1 1980-012-16:04:56.02522 66/1/CFE_TIME 21: Stop FLYWHEEL
.EVS Port1 1980-012-16:04:56.99670 66/1/CFE_TIME 20: Start FLYWHEEL
..EVS Port1 1980-012-16:05:13.00784 66/1/CFE_TIME 21: Stop FLYWHEEL
EVS Port1 1980-012-16:05:14.01074 66/1/CFE_TIME 20: Start FLYWHEEL
.EVS Port1 1980-012-16:05:16.42781 66/1/CFE_TIME 20: Start FLYWHEEL
EVS Port1 1980-012-16:05:17.00389 66/1/CFE_TIME 21: Stop FLYWHEEL
...EVS Port1 1980-012-16:05:37.04153 66/1/CFE_TIME 21: Stop FLYWHEEL
.EVS Port1 1980-012-16:05:38.00636 66/1/CFE_TIME 20: Start FLYWHEEL
.EVS Port1 1980-012-16:05:46.15408 66/1/CFE_TIME 20: Start FLYWHEEL
EVS Port1 1980-012-16:05:46.00471 66/1/CFE_TIME 21: Stop FLYWHEEL
.EVS Port1 1980-012-16:05:50.01564 66/1/CFE_TIME 21: Stop FLYWHEEL
EVS Port1 1980-012-16:05:50.98623 66/1/CFE_TIME 20: Start FLYWHEEL
.EVS Port1 1980-012-16:05:56.01239 66/1/CFE_TIME 21: Stop FLYWHEEL
EVS Port1 1980-012-16:05:57.01092 66/1/CFE_TIME 20: Start FLYWHEEL
EVS Port1 1980-012-16:05:58.00341 66/1/CFE_TIME 21: Stop FLYWHEEL
EVS Port1 1980-012-16:05:58.99922 66/1/CFE_TIME 20: Start FLYWHEEL
...EVS Port1 1980-012-16:06:16.25830 66/1/CFE_TIME 20: Start FLYWHEEL
EVS Port1 1980-012-16:06:18.01980 66/1/CFE_TIME 21: Stop FLYWHEEL
.EVS Port1 1980-012-16:06:23.02371 66/1/CFE_TIME 21: Stop FLYWHEEL
EVS Port1 1980-012-16:06:24.00917 66/1/CFE_TIME 20: Start FLYWHEEL
...EVS Port1 1980-012-16:06:40.00726 66/1/CFE_TIME 21: Stop FLYWHEEL
EVS Port1 1980-012-16:06:41.00213 66/1/CFE_TIME 20: Start FLYWHEEL
.EVS Port1 1980-012-16:06:45.00593 66/1/CFE_TIME 21: Stop FLYWHEEL
EVS Port1 1980-012-16:06:46.00288 66/1/CFE_TIME 20: Start FLYWHEEL
EVS Port1 1980-012-16:06:47.01812 66/1/CFE_TIME 21: Stop FLYWHEEL
EVS Port1 1980-012-16:06:47.99421 66/1/CFE_TIME 20: Start FLYWHEEL
..EVS Port1 1980-012-16:07:01.00830 66/1/CFE_TIME 21: Stop FLYWHEEL
.EVS Port1 1980-012-16:07:02.00059 66/1/CFE_TIME 20: Start FLYWHEEL
EVS Port1 1980-012-16:07:03.00410 66/1/CFE_TIME 21: Stop FLYWHEEL
EVS Port1 1980-012-16:07:04.00289 66/1/CFE_TIME 20: Start FLYWHEEL
.EVS Port1 1980-012-16:07:09.00379 66/1/CFE_TIME 21: Stop FLYWHEEL
EVS Port1 1980-012-16:07:10.00697 66/1/CFE_TIME 20: Start FLYWHEEL
EVS Port1 1980-012-16:07:12.04594 66/1/CFE_TIME 20: Start FLYWHEEL
.EVS Port1 1980-012-16:07:17.01191 66/1/CFE_TIME 21: Stop FLYWHEEL
..EVS Port1 1980-012-16:07:28.05720 66/1/CFE_TIME 20: Start FLYWHEEL
EVS Port1 1980-012-16:07:28.00657 66/1/CFE_TIME 21: Stop FLYWHEEL
...EVS Port1 1980-012-16:07:45.33529 66/1/CFE_TIME 20: Start FLYWHEEL
EVS Port1 1980-012-16:07:45.00782 66/1/CFE_TIME 21: Stop FLYWHEEL
..EVS Port1 1980-012-16:08:00.00503 66/1/CFE_TIME 20: Start FLYWHEEL
EVS Port1 1980-012-16:08:00.00775 66/1/CFE_TIME 21: Stop FLYWHEEL
..EVS Port1 1980-012-16:08:08.03567 66/1/CFE_TIME 21: Stop FLYWHEEL
EVS Port1 1980-012-16:08:08.97863 66/1/CFE_TIME 20: Start FLYWHEEL
EVS Port1 1980-012-16:08:11.00708 66/1/CFE_TIME 21: Stop FLYWHEEL
EVS Port1 1980-012-16:08:11.99159 66/1/CFE_TIME 20: Start FLYWHEEL
.EVS Port1 1980-012-16:08:14.33920 66/1/CFE_TIME 20: Start FLYWHEEL
EVS Port1 1980-012-16:08:14.00740 66/1/CFE_TIME 21: Stop FLYWHEEL
..EVS Port1 1980-012-16:08:27.01953 66/1/CFE_TIME 21: Stop FLYWHEEL
EVS Port1 1980-012-16:08:28.00144 66/1/CFE_TIME 20: Start FLYWHEEL
EVS Port1 1980-012-16:08:30.02229 66/1/CFE_TIME 20: Start FLYWHEEL
.EVS Port1 1980-012-16:08:33.01034 66/1/CFE_TIME 21: Stop FLYWHEEL
..EVS Port1 1980-012-16:08:43.01402 66/1/CFE_TIME 21: Stop FLYWHEEL
EVS Port1 1980-012-16:08:44.00283 66/1/CFE_TIME 20: Start FLYWHEEL
EVS Port1 1980-012-16:08:47.00500 66/1/CFE_TIME 21: Stop FLYWHEEL
EVS Port1 1980-012-16:08:48.00746 66/1/CFE_TIME 20: Start FLYWHEEL
...EVS Port1 1980-012-16:09:01.00376 66/1/CFE_TIME 21: Stop FLYWHEEL
EVS Port1 1980-012-16:09:02.00106 66/1/CFE_TIME 20: Start FLYWHEEL
EVS Port1 1980-012-16:09:05.02073 66/1/CFE_TIME 21: Stop FLYWHEEL
EVS Port1 1980-012-16:09:05.97157 66/1/CFE_TIME 20: Start FLYWHEEL
..EVS Port1 1980-012-16:09:12.16876 66/1/CFE_TIME 20: Start FLYWHEEL
EVS Port1 1980-012-16:09:12.00744 66/1/CFE_TIME 21: Stop FLYWHEEL
..EVS Port1 1980-012-16:09:25.04437 66/1/CFE_TIME 21: Stop FLYWHEEL
EVS Port1 1980-012-16:09:25.98698 66/1/CFE_TIME 20: Start FLYWHEEL
...EVS Port1 1980-012-16:09:42.81306 66/1/CFE_TIME 20: Start FLYWHEEL
EVS Port1 1980-012-16:09:43.03103 66/1/CFE_TIME 21: Stop FLYWHEEL
.EVS Port1 1980-012-16:09:46.02033 66/1/CFE_TIME 21: Stop FLYWHEEL
EVS Port1 1980-012-16:09:47.00332 66/1/CFE_TIME 20: Start FLYWHEEL
EVS Port1 1980-012-16:09:51.05310 66/1/CFE_TIME 20: Start FLYWHEEL
EVS Port1 1980-012-16:09:51.01667 66/1/CFE_TIME 21: Stop FLYWHEEL
..EVS Port1 1980-012-16:09:59.00506 66/1/CFE_TIME 21: Stop FLYWHEEL
EVS Port1 1980-012-16:10:00.02308 66/1/CFE_TIME 20: Start FLYWHEEL
EVS Port1 1980-012-16:10:02.02780 66/1/CFE_TIME 20: Start FLYWHEEL
.EVS Port1 1980-012-16:10:04.00425 66/1/CFE_TIME 21: Stop FLYWHEEL
.EVS Port1 1980-012-16:10:11.24688 66/1/CFE_TIME 20: Start FLYWHEEL
EVS Port1 1980-012-16:10:11.00604 66/1/CFE_TIME 21: Stop FLYWHEEL
.....EVS Port1 1980-012-16:10:40.00639 66/1/CFE_TIME 21: Stop FLYWHEEL
EVS Port1 1980-012-16:10:40.99929 66/1/CFE_TIME 20: Start FLYWHEEL
.EVS Port1 1980-012-16:10:50.00471 66/1/CFE_TIME 21: Stop FLYWHEEL
EVS Port1 1980-012-16:10:51.00146 66/1/CFE_TIME 20: Start FLYWHEEL
.EVS Port1 1980-012-16:10:54.01080 66/1/CFE_TIME 21: Stop FLYWHEEL
EVS Port1 1980-012-16:10:55.00840 66/1/CFE_TIME 20: Start FLYWHEEL
EVS Port1 1980-012-16:10:57.01127 66/1/CFE_TIME 21: Stop FLYWHEEL
.EVS Port1 1980-012-16:10:58.01542 66/1/CFE_TIME 20: Start FLYWHEEL
EVS Port1 1980-012-16:10:59.01338 66/1/CFE_TIME 21: Stop FLYWHEEL
EVS Port1 1980-012-16:10:59.99421 66/1/CFE_TIME 20: Start FLYWHEEL
..EVS Port1 1980-012-16:11:10.25823 66/1/CFE_TIME 20: Start FLYWHEEL
EVS Port1 1980-012-16:11:10.00489 66/1/CFE_TIME 21: Stop FLYWHEEL
..EVS Port1 1980-012-16:11:27.01013 66/1/CFE_TIME 21: Stop FLYWHEEL
.EVS Port1 1980-012-16:11:27.99569 66/1/CFE_TIME 20: Start FLYWHEEL
EVS Port1 1980-012-16:11:29.00865 66/1/CFE_TIME 21: Stop FLYWHEEL
EVS Port1 1980-012-16:11:29.98854 66/1/CFE_TIME 20: Start FLYWHEEL
.EVS Port1 1980-012-16:11:38.33969 66/1/CFE_TIME 20: Start FLYWHEEL
.EVS Port1 1980-012-16:11:40.00636 66/1/CFE_TIME 21: Stop FLYWHEEL
.EVS Port1 1980-012-16:11:48.01184 66/1/CFE_TIME 21: Stop FLYWHEEL
EVS Port1 1980-012-16:11:48.98515 66/1/CFE_TIME 20: Start FLYWHEEL
..EVS Port1 1980-012-16:11:59.01890 66/1/CFE_TIME 21: Stop FLYWHEEL
EVS Port1 1980-012-16:12:00.00639 66/1/CFE_TIME 20: Start FLYWHEEL
EVS Port1 1980-012-16:12:01.01689 66/1/CFE_TIME 21: Stop FLYWHEEL
EVS Port1 1980-012-16:12:01.98831 66/1/CFE_TIME 20: Start FLYWHEEL
.EVS Port1 1980-012-16:12:07.00492 66/1/CFE_TIME 21: Stop FLYWHEEL
EVS Port1 1980-012-16:12:08.16740 66/1/CFE_TIME 20: Start FLYWHEEL
.EVS Port1 1980-012-16:12:10.28701 66/1/CFE_TIME 20: Start FLYWHEEL
EVS Port1 1980-012-16:12:11.00880 66/1/CFE_TIME 21: Stop FLYWHEEL
..EVS Port1 1980-012-16:12:24.01022 66/1/CFE_TIME 21: Stop FLYWHEEL
EVS Port1 1980-012-16:12:25.00724 66/1/CFE_TIME 20: Start FLYWHEEL
.EVS Port1 1980-012-16:12:29.00746 66/1/CFE_TIME 21: Stop FLYWHEEL
EVS Port1 1980-012-16:12:30.00273 66/1/CFE_TIME 20: Start FLYWHEEL
.EVS Port1 1980-012-16:12:33.00389 66/1/CFE_TIME 21: Stop FLYWHEEL
EVS Port1 1980-012-16:12:33.99826 66/1/CFE_TIME 20: Start FLYWHEEL
EVS Port1 1980-012-16:12:38.01091 66/1/CFE_TIME 21: Stop FLYWHEEL
.EVS Port1 1980-012-16:12:38.99774 66/1/CFE_TIME 20: Start FLYWHEEL
....EVS Port1 1980-012-16:13:08.22781 66/1/CFE_TIME 20: Start FLYWHEEL
EVS Port1 1980-012-16:13:08.01655 66/1/CFE_TIME 21: Stop FLYWHEEL
...EVS Port1 1980-012-16:13:25.00750 66/1/CFE_TIME 21: Stop FLYWHEEL
EVS Port1 1980-012-16:13:26.00149 66/1/CFE_TIME 20: Start FLYWHEEL
.EVS Port1 1980-012-16:13:27.01554 66/1/CFE_TIME 21: Stop FLYWHEEL
EVS Port1 1980-012-16:13:27.98446 66/1/CFE_TIME 20: Start FLYWHEEL
EVS Port1 1980-012-16:13:29.00546 66/1/CFE_TIME 21: Stop FLYWHEEL
EVS Port1 1980-012-16:13:29.99975 66/1/CFE_TIME 20: Start FLYWHEEL
.EVS Port1 1980-012-16:13:34.01043 66/1/CFE_TIME 21: Stop FLYWHEEL
EVS Port1 1980-012-16:13:35.09391 66/1/CFE_TIME 20: Start FLYWHEEL
.EVS Port1 1980-012-16:13:37.15216 66/1/CFE_TIME 20: Start FLYWHEEL
EVS Port1 1980-012-16:13:37.01406 66/1/CFE_TIME 21: Stop FLYWHEEL
..EVS Port1 1980-012-16:13:49.01612 66/1/CFE_TIME 20: Start FLYWHEEL
EVS Port1 1980-012-16:13:49.01268 66/1/CFE_TIME 21: Stop FLYWHEEL
EVS Port1 1980-012-16:13:52.01007 66/1/CFE_TIME 21: Stop FLYWHEEL
EVS Port1 1980-012-16:13:53.01132 66/1/CFE_TIME 20: Start FLYWHEEL
.EVS Port1 1980-012-16:13:57.10646 66/1/CFE_TIME 20: Start FLYWHEEL
.EVS Port1 1980-012-16:14:00.00697 66/1/CFE_TIME 21: Stop FLYWHEEL
EVS Port1 1980-012-16:14:05.01037 66/1/CFE_TIME 21: Stop FLYWHEEL
.EVS Port1 1980-012-16:14:05.99841 66/1/CFE_TIME 20: Start FLYWHEEL
EVS Port1 1980-012-16:14:10.00697 66/1/CFE_TIME 21: Stop FLYWHEEL
EVS Port1 1980-012-16:14:10.98881 66/1/CFE_TIME 20: Start FLYWHEEL
...EVS Port1 1980-012-16:14:24.01539 66/1/CFE_TIME 21: Stop FLYWHEEL
EVS Port1 1980-012-16:14:24.99052 66/1/CFE_TIME 20: Start FLYWHEEL
EVS Port1 1980-012-16:14:28.00975 66/1/CFE_TIME 21: Stop FLYWHEEL
EVS Port1 1980-012-16:14:28.99388 66/1/CFE_TIME 20: Start FLYWHEEL
.EVS Port1 1980-012-16:14:34.29547 66/1/CFE_TIME 20: Start FLYWHEEL
EVS Port1 1980-012-16:14:35.00495 66/1/CFE_TIME 21: Stop FLYWHEEL
...EVS Port1 1980-012-16:14:53.00033 66/1/CFE_TIME 20: Start FLYWHEEL
EVS Port1 1980-012-16:14:53.00500 66/1/CFE_TIME 21: Stop FLYWHEEL
.EVS Port1 1980-012-16:14:59.02603 66/1/CFE_TIME 21: Stop FLYWHEEL
.EVS Port1 1980-012-16:14:59.99118 66/1/CFE_TIME 20: Start FLYWHEEL
EVS Port1 1980-012-16:15:03.45938 66/1/CFE_TIME 20: Start FLYWHEEL
.EVS Port1 1980-012-16:15:07.00463 66/1/CFE_TIME 21: Stop FLYWHEEL
EVS Port1 1980-012-16:15:10.05790 66/1/CFE_TIME 20: Start FLYWHEEL
.EVS Port1 1980-012-16:15:13.02272 66/1/CFE_TIME 21: Stop FLYWHEEL
EVS Port1 1980-012-16:15:16.06896 66/1/CFE_TIME 20: Start FLYWHEEL
.EVS Port1 1980-012-16:15:18.01821 66/1/CFE_TIME 21: Stop FLYWHEEL
EVS Port1 1980-012-16:15:21.35621 66/1/CFE_TIME 20: Start FLYWHEEL
EVS Port1 1980-012-16:15:22.04373 66/1/CFE_TIME 21: Stop FLYWHEEL
.EVS Port1 1980-012-16:15:24.03701 66/1/CFE_TIME 21: Stop FLYWHEEL
EVS Port1 1980-012-16:15:25.01599 66/1/CFE_TIME 20: Start FLYWHEEL
EVS Port1 1980-012-16:15:26.07777 66/1/CFE_TIME 21: Stop FLYWHEEL
EVS Port1 1980-012-16:15:27.01983 66/1/CFE_TIME 20: Start FLYWHEEL
.EVS Port1 1980-012-16:15:28.02951 66/1/CFE_TIME 21: Stop FLYWHEEL
EVS Port1 1980-012-16:15:29.24580 66/1/CFE_TIME 20: Start FLYWHEEL
EVS Port1 1980-012-16:15:31.55604 66/1/CFE_TIME 20: Start FLYWHEEL
EVS Port1 1980-012-16:15:34.03295 66/1/CFE_TIME 21: Stop FLYWHEEL
.EVS Port1 1980-012-16:15:36.02694 66/1/CFE_TIME 21: Stop FLYWHEEL
EVS Port1 1980-012-16:15:37.01766 66/1/CFE_TIME 20: Start FLYWHEEL
EVS Port1 1980-012-16:15:39.14384 66/1/CFE_TIME 20: Start FLYWHEEL
..EVS Port1 1980-012-16:15:50.00732 66/1/CFE_TIME 21: Stop FLYWHEEL
.EVS Port1 1980-012-16:15:54.01193 66/1/CFE_TIME 21: Stop FLYWHEEL
EVS Port1 1980-012-16:15:55.02673 66/1/CFE_TIME 20: Start FLYWHEEL
EVS Port1 1980-012-16:15:57.06910 66/1/CFE_TIME 20: Start FLYWHEEL
EVS Port1 1980-012-16:15:57.00662 66/1/CFE_TIME 21: Stop FLYWHEEL
.EVS Port1 1980-012-16:16:01.33778 66/1/CFE_TIME 20: Start FLYWHEEL
EVS Port1 1980-012-16:16:03.01715 66/1/CFE_TIME 21: Stop FLYWHEEL
..EVS Port1 1980-012-16:16:11.00958 66/1/CFE_TIME 21: Stop FLYWHEEL
EVS Port1 1980-012-16:16:12.16806 66/1/CFE_TIME 20: Start FLYWHEEL
EVS Port1 1980-012-16:16:13.00392 66/1/CFE_TIME 21: Stop FLYWHEEL
EVS Port1 1980-012-16:16:13.99862 66/1/CFE_TIME 20: Start FLYWHEEL
..EVS Port1 1980-012-16:16:26.00994 66/1/CFE_TIME 21: Stop FLYWHEEL
EVS Port1 1980-012-16:16:27.01390 66/1/CFE_TIME 20: Start FLYWHEEL
.EVS Port1 1980-012-16:16:32.42842 66/1/CFE_TIME 20: Start FLYWHEEL
EVS Port1 1980-012-16:16:32.01100 66/1/CFE_TIME 21: Stop FLYWHEEL
...EVS Port1 1980-012-16:16:45.00968 66/1/CFE_TIME 21: Stop FLYWHEEL
EVS Port1 1980-012-16:16:45.99429 66/1/CFE_TIME 20: Start FLYWHEEL
EVS Port1 1980-012-16:16:49.20236 66/1/CFE_TIME 20: Start FLYWHEEL
EVS Port1 1980-012-16:16:50.01379 66/1/CFE_TIME 21: Stop FLYWHEEL
.EVS Port1 1980-012-16:16:53.08135 66/1/CFE_TIME 20: Start FLYWHEEL
EVS Port1 1980-012-16:16:54.01815 66/1/CFE_TIME 21: Stop FLYWHEEL
.EVS Port1 1980-012-16:16:59.51574 66/1/CFE_TIME 20: Start FLYWHEEL
.EVS Port1 1980-012-16:17:02.01443 66/1/CFE_TIME 21: Stop FLYWHEEL
..EVS Port1 1980-012-16:17:14.00498 66/1/CFE_TIME 20: Start FLYWHEEL
..EVS Port1 1980-012-16:17:31.01362 66/1/CFE_TIME 21: Stop FLYWHEEL
.EVS Port1 1980-012-16:17:36.15476 66/1/CFE_TIME 20: Start FLYWHEEL
EVS Port1 1980-012-16:17:37.01026 66/1/CFE_TIME 21: Stop FLYWHEEL
.EVS Port1 1980-012-16:17:42.00831 66/1/CFE_TIME 21: Stop FLYWHEEL
EVS Port1 1980-012-16:17:43.00019 66/1/CFE_TIME 20: Start FLYWHEEL
.EVS Port1 1980-012-16:17:49.01083 66/1/CFE_TIME 21: Stop FLYWHEEL
.EVS Port1 1980-012-16:17:49.99954 66/1/CFE_TIME 20: Start FLYWHEEL
.EVS Port1 1980-012-16:17:58.18016 66/1/CFE_TIME 20: Start FLYWHEEL
EVS Port1 1980-012-16:17:58.01634 66/1/CFE_TIME 21: Stop FLYWHEEL
.EVS Port1 1980-012-16:18:06.02424 66/1/CFE_TIME 21: Stop FLYWHEEL
.EVS Port1 1980-012-16:18:06.98995 66/1/CFE_TIME 20: Start FLYWHEEL
.EVS Port1 1980-012-16:18:15.05801 66/1/CFE_TIME 20: Start FLYWHEEL
...EVS Port1 1980-012-16:18:32.01518 66/1/CFE_TIME 21: Stop FLYWHEEL
EVS Port1 1980-012-16:18:35.95138 66/1/CFE_TIME 20: Start FLYWHEEL
.........EVS Port1 1980-012-16:19:31.01371 66/1/CFE_TIME 21: Stop FLYWHEEL
EVS Port1 1980-012-16:19:35.23812 66/1/CFE_TIME 20: Start FLYWHEEL
.EVS Port1 1980-012-16:19:36.00938 66/1/CFE_TIME 21: Stop FLYWHEEL
EVS Port1 1980-012-16:19:38.00956 66/1/CFE_TIME 21: Stop FLYWHEEL
EVS Port1 1980-012-16:19:39.00079 66/1/CFE_TIME 20: Start FLYWHEEL
.EVS Port1 1980-012-16:19:47.00756 66/1/CFE_TIME 21: Stop FLYWHEEL
.EVS Port1 1980-012-16:19:47.99662 66/1/CFE_TIME 20: Start FLYWHEEL
.EVS Port1 1980-012-16:19:56.00492 66/1/CFE_TIME 21: Stop FLYWHEEL
EVS Port1 1980-012-16:19:56.99769 66/1/CFE_TIME 20: Start FLYWHEEL
...EVS Port1 1980-012-16:20:16.30905 66/1/CFE_TIME 20: Start FLYWHEEL
EVS Port1 1980-012-16:20:17.00611 66/1/CFE_TIME 21: Stop FLYWHEEL
.EVS Port1 1980-012-16:20:23.00473 66/1/CFE_TIME 21: Stop FLYWHEEL
.EVS Port1 1980-012-16:20:24.00190 66/1/CFE_TIME 20: Start FLYWHEEL
EVS Port1 1980-012-16:20:27.34909 66/1/CFE_TIME 20: Start FLYWHEEL
EVS Port1 1980-012-16:20:27.01127 66/1/CFE_TIME 21: Stop FLYWHEEL
..EVS Port1 1980-012-16:20:36.05821 66/1/CFE_TIME 20: Start FLYWHEEL
EVS Port1 1980-012-16:20:36.00556 66/1/CFE_TIME 21: Stop FLYWHEEL
.EVS Port1 1980-012-16:20:46.00450 66/1/CFE_TIME 21: Stop FLYWHEEL
.EVS Port1 1980-012-16:20:47.00114 66/1/CFE_TIME 20: Start FLYWHEEL
.EVS Port1 1980-012-16:20:53.01678 66/1/CFE_TIME 21: Stop FLYWHEEL
EVS Port1 1980-012-16:20:54.26712 66/1/CFE_TIME 20: Start FLYWHEEL
EVS Port1 1980-012-16:20:56.44371 66/1/CFE_TIME 20: Start FLYWHEEL
.EVS Port1 1980-012-16:20:59.02153 66/1/CFE_TIME 21: Stop FLYWHEEL
.EVS Port1 1980-012-16:21:06.68902 66/1/CFE_TIME 20: Start FLYWHEEL
EVS Port1 1980-012-16:21:07.03379 66/1/CFE_TIME 21: Stop FLYWHEEL
.EVS Port1 1980-012-16:21:10.21784 66/1/CFE_TIME 20: Start FLYWHEEL
EVS Port1 1980-012-16:21:11.02943 66/1/CFE_TIME 21: Stop FLYWHEEL
EVS Port1 1980-012-16:21:14.69493 66/1/CFE_TIME 20: Start FLYWHEEL
........EVS Port1 1980-012-16:22:03.01622 66/1/CFE_TIME 21: Stop FLYWHEEL
.EVS Port1 1980-012-16:22:06.11004 66/1/CFE_TIME 20: Start FLYWHEEL
EVS Port1 1980-012-16:22:09.00761 66/1/CFE_TIME 21: Stop FLYWHEEL
.EVS Port1 1980-012-16:22:13.00570 66/1/CFE_TIME 21: Stop FLYWHEEL
EVS Port1 1980-012-16:22:13.99313 66/1/CFE_TIME 20: Start FLYWHEEL
..EVS Port1 1980-012-16:22:23.09626 66/1/CFE_TIME 20: Start FLYWHEEL
EVS Port1 1980-012-16:22:24.00311 66/1/CFE_TIME 21: Stop FLYWHEEL
..EVS Port1 1980-012-16:22:34.00369 66/1/CFE_TIME 21: Stop FLYWHEEL
EVS Port1 1980-012-16:22:34.99974 66/1/CFE_TIME 20: Start FLYWHEEL
..EVS Port1 1980-012-16:22:51.00700 66/1/CFE_TIME 21: Stop FLYWHEEL
.EVS Port1 1980-012-16:22:52.00059 66/1/CFE_TIME 20: Start FLYWHEEL
.EVS Port1 1980-012-16:23:01.00755 66/1/CFE_TIME 21: Stop FLYWHEEL
EVS Port1 1980-012-16:23:02.00062 66/1/CFE_TIME 20: Start FLYWHEEL
.EVS Port1 1980-012-16:23:09.00846 66/1/CFE_TIME 21: Stop FLYWHEEL
.EVS Port1 1980-012-16:23:10.02659 66/1/CFE_TIME 20: Start FLYWHEEL
EVS Port1 1980-012-16:23:11.00750 66/1/CFE_TIME 21: Stop FLYWHEEL
EVS Port1 1980-012-16:23:11.99792 66/1/CFE_TIME 20: Start FLYWHEEL
.EVS Port1 1980-012-16:23:16.00942 66/1/CFE_TIME 21: Stop FLYWHEEL
EVS Port1 1980-012-16:23:17.03192 66/1/CFE_TIME 20: Start FLYWHEEL
EVS Port1 1980-012-16:23:19.30349 66/1/CFE_TIME 20: Start FLYWHEEL
.............EVS Port1 1980-012-16:24:43.02026 66/1/CFE_TIME 21: Stop FLYWHEEL
.EVS Port1 1980-012-16:24:47.00657 66/1/CFE_TIME 21: Stop FLYWHEEL
EVS Port1 1980-012-16:24:48.05810 66/1/CFE_TIME 20: Start FLYWHEEL
EVS Port1 1980-012-16:24:49.01199 66/1/CFE_TIME 21: Stop FLYWHEEL
EVS Port1 1980-012-16:24:50.05499 66/1/CFE_TIME 20: Start FLYWHEEL
.EVS Port1 1980-012-16:24:52.21223 66/1/CFE_TIME 20: Start FLYWHEEL
EVS Port1 1980-012-16:24:53.00407 66/1/CFE_TIME 21: Stop FLYWHEEL
..EVS Port1 1980-012-16:25:03.00614 66/1/CFE_TIME 21: Stop FLYWHEEL
EVS Port1 1980-012-16:25:03.99951 66/1/CFE_TIME 20: Start FLYWHEEL
EVS Port1 1980-012-16:25:07.01005 66/1/CFE_TIME 21: Stop FLYWHEEL
EVS Port1 1980-012-16:25:08.01905 66/1/CFE_TIME 20: Start FLYWHEEL
.EVS Port1 1980-012-16:25:09.00315 66/1/CFE_TIME 21: Stop FLYWHEEL
EVS Port1 1980-012-16:25:09.99919 66/1/CFE_TIME 20: Start FLYWHEEL
.EVS Port1 1980-012-16:25:20.01383 66/1/CFE_TIME 21: Stop FLYWHEEL
.EVS Port1 1980-012-16:25:20.99996 66/1/CFE_TIME 20: Start FLYWHEEL
.EVS Port1 1980-012-16:25:27.01167 66/1/CFE_TIME 21: Stop FLYWHEEL
EVS Port1 1980-012-16:25:27.99267 66/1/CFE_TIME 20: Start FLYWHEEL
...EVS Port1 1980-012-16:25:50.00332 66/1/CFE_TIME 21: Stop FLYWHEEL
.EVS Port1 1980-012-16:25:50.99984 66/1/CFE_TIME 20: Start FLYWHEEL
..EVS Port1 1980-012-16:26:07.00704 66/1/CFE_TIME 21: Stop FLYWHEEL
EVS Port1 1980-012-16:26:08.00112 66/1/CFE_TIME 20: Start FLYWHEEL
.EVS Port1 1980-012-16:26:10.00881 66/1/CFE_TIME 21: Stop FLYWHEEL
EVS Port1 1980-012-16:26:10.99865 66/1/CFE_TIME 20: Start FLYWHEEL
EVS Port1 1980-012-16:26:14.10272 66/1/CFE_TIME 20: Start FLYWHEEL
............EVS Port1 1980-012-16:27:23.01142 66/1/CFE_TIME 21: Stop FLYWHEEL
EVS Port1 1980-012-16:27:25.01425 66/1/CFE_TIME 21: Stop FLYWHEEL
EVS Port1 1980-012-16:27:25.99417 66/1/CFE_TIME 20: Start FLYWHEEL
..EVS Port1 1980-012-16:27:35.00439 66/1/CFE_TIME 21: Stop FLYWHEEL
EVS Port1 1980-012-16:27:35.99732 66/1/CFE_TIME 20: Start FLYWHEEL
..EVS Port1 1980-012-16:27:49.15438 66/1/CFE_TIME 20: Start FLYWHEEL
EVS Port1 1980-012-16:27:51.00436 66/1/CFE_TIME 21: Stop FLYWHEEL
...EVS Port1 1980-012-16:28:09.03710 66/1/CFE_TIME 21: Stop FLYWHEEL
.EVS Port1 1980-012-16:28:09.99542 66/1/CFE_TIME 20: Start FLYWHEEL
.EVS Port1 1980-012-16:28:20.23027 66/1/CFE_TIME 20: Start FLYWHEEL
.EVS Port1 1980-012-16:28:22.01445 66/1/CFE_TIME 21: Stop FLYWHEEL
..EVS Port1 1980-012-16:28:36.01881 66/1/CFE_TIME 21: Stop FLYWHEEL
EVS Port1 1980-012-16:28:36.98806 66/1/CFE_TIME 20: Start FLYWHEEL
..EVS Port1 1980-012-16:28:45.01071 66/1/CFE_TIME 21: Stop FLYWHEEL
EVS Port1 1980-012-16:28:45.98175 66/1/CFE_TIME 20: Start FLYWHEEL
EVS Port1 1980-012-16:28:48.00747 66/1/CFE_TIME 21: Stop FLYWHEEL
EVS Port1 1980-012-16:28:48.99617 66/1/CFE_TIME 20: Start FLYWHEEL
.EVS Port1 1980-012-16:28:52.46980 66/1/CFE_TIME 20: Start FLYWHEEL
EVS Port1 1980-012-16:28:52.01229 66/1/CFE_TIME 21: Stop FLYWHEEL
.EVS Port1 1980-012-16:28:57.15713 66/1/CFE_TIME 20: Start FLYWHEEL
......EVS Port1 1980-012-16:29:34.02964 66/1/CFE_TIME 21: Stop FLYWHEEL
EVS Port1 1980-012-16:29:37.46632 66/1/CFE_TIME 20: Start FLYWHEEL
...EVS Port1 1980-012-16:29:56.00651 66/1/CFE_TIME 21: Stop FLYWHEEL
.EVS Port1 1980-012-16:29:58.00801 66/1/CFE_TIME 21: Stop FLYWHEEL
EVS Port1 1980-012-16:29:59.00395 66/1/CFE_TIME 20: Start FLYWHEEL
...EVS Port1 1980-012-16:30:16.08584 66/1/CFE_TIME 20: Start FLYWHEEL
EVS Port1 1980-012-16:30:17.00607 66/1/CFE_TIME 21: Stop FLYWHEEL
.EVS Port1 1980-012-16:30:24.00282 66/1/CFE_TIME 21: Stop FLYWHEEL
EVS Port1 1980-012-16:30:25.00097 66/1/CFE_TIME 20: Start FLYWHEEL
.EVS Port1 1980-012-16:30:31.01130 66/1/CFE_TIME 21: Stop FLYWHEEL
EVS Port1 1980-012-16:30:31.99530 66/1/CFE_TIME 20: Start FLYWHEEL
...EVS Port1 1980-012-16:30:47.16169 66/1/CFE_TIME 20: Start FLYWHEEL
EVS Port1 1980-012-16:30:47.01504 66/1/CFE_TIME 21: Stop FLYWHEEL
....EVS Port1 1980-012-16:31:13.37922 66/1/CFE_TIME 20: Start FLYWHEEL
.EVS Port1 1980-012-16:31:20.01882 66/1/CFE_TIME 21: Stop FLYWHEEL
.EVS Port1 1980-012-16:31:23.25564 66/1/CFE_TIME 20: Start FLYWHEEL
.EVS Port1 1980-012-16:31:27.00456 66/1/CFE_TIME 21: Stop FLYWHEEL
EVS Port1 1980-012-16:31:30.80671 66/1/CFE_TIME 20: Start FLYWHEEL
.........EVS Port1 1980-012-16:32:23.00814 66/1/CFE_TIME 21: Stop FLYWHEEL
.EVS Port1 1980-012-16:32:28.05957 66/1/CFE_TIME 20: Start FLYWHEEL
EVS Port1 1980-012-16:32:29.01861 66/1/CFE_TIME 21: Stop FLYWHEEL
...EVS Port1 1980-012-16:32:45.16827 66/1/CFE_TIME 20: Start FLYWHEEL
EVS Port1 1980-012-16:32:45.00743 66/1/CFE_TIME 21: Stop FLYWHEEL
..EVS Port1 1980-012-16:33:02.02302 66/1/CFE_TIME 21: Stop FLYWHEEL
.EVS Port1 1980-012-16:33:02.99893 66/1/CFE_TIME 20: Start FLYWHEEL
EVS Port1 1980-012-16:33:08.01087 66/1/CFE_TIME 21: Stop FLYWHEEL
.EVS Port1 1980-012-16:33:08.98591 66/1/CFE_TIME 20: Start FLYWHEEL
EVS Port1 1980-012-16:33:13.12834 66/1/CFE_TIME 20: Start FLYWHEEL
EVS Port1 1980-012-16:33:13.01887 66/1/CFE_TIME 21: Stop FLYWHEEL
.EVS Port1 1980-012-16:33:18.03816 66/1/CFE_TIME 20: Start FLYWHEEL
EVS Port1 1980-012-16:33:19.01252 66/1/CFE_TIME 21: Stop FLYWHEEL
.EVS Port1 1980-012-16:33:21.01992 66/1/CFE_TIME 21: Stop FLYWHEEL
EVS Port1 1980-012-16:33:22.02789 66/1/CFE_TIME 20: Start FLYWHEEL
EVS Port1 1980-012-16:33:24.02891 66/1/CFE_TIME 20: Start FLYWHEEL
EVS Port1 1980-012-16:33:24.01257 66/1/CFE_TIME 21: Stop FLYWHEEL
.EVS Port1 1980-012-16:33:30.63523 66/1/AI_LEARNER 4: AI_LEARNER completed=4/4 mean=1827921049.7us max=1984197767.4us hal_peak=131382784 within_bounded=1
{"app":"AI_LEARNER","stage":"run","model":"wgan","target":"aarch64-unknown-linux-gnu","attempted":4,"completed":4,"fail_input":0,"fail_invoke":0,"fail_output":0,"mean_us":1827921049.71,"max_us":1984197767.36,"last_us":1967237808.11,"out0":-0.04232,"out":[-0.042319,0.048241,0.281023,0.151522,0.015660,-0.020283,0.096897,0.389719,0.018338,-0.019066,0.104275,0.389625,0.042171,-0.018520,0.098739,0.443027,0.321791,0.023203,-0.044679,-0.071117,-0.071020,-0.066950,-0.068116,-0.066540,-0.040164,-0.048246,-0.045375,-0.060699,-0.064462,-0.065118,-0.063723,0.005926,0.003597,-0.036648,-0.053419,-0.050902,-0.047108,-0.039416,-0.039204,0.042763,0.061364,0.090107,0.064892,0.055931,0.057581,0.065402,0.072664,0.082456,0.094396,0.091665,0.083653,0.109543,0.140275,0.139152,0.
{"app":"AI_LEARNER","stage":"mem","model":"wgan","target":"aarch64-unknown-linux-gnu","completed":4,"hal_peak":131382784,"peak_within_bounded":true,"admitted_budget_bytes":135666432,"peak_within_admitted_budget":true,"admission_mode":"unconditional","hal_bytes_per_call_amortized":163626368.0,"process_rss_kb":15704,"process_rss_delta_init_kb":1644}
..EVS Port1 1980-012-16:33:42.00300 66/1/CFE_TIME 21: Stop FLYWHEEL
.EVS Port1 1980-012-16:33:43.00115 66/1/CFE_TIME 20: Start FLYWHEEL
..EVS Port1 1980-012-16:34:00.13816 66/1/CFE_TIME 20: Start FLYWHEEL
........EVS Port1 1980-012-16:34:49.00724 66/1/CFE_TIME 21: Stop FLYWHEEL
.EVS Port1 1980-012-16:34:52.07814 66/1/CFE_TIME 20: Start FLYWHEEL
EVS Port1 1980-012-16:34:52.00599 66/1/CFE_TIME 21: Stop FLYWHEEL
EVS Port1 1980-012-16:34:54.00848 66/1/CFE_TIME 21: Stop FLYWHEEL
EVS Port1 1980-012-16:34:55.00138 66/1/CFE_TIME 20: Start FLYWHEEL
.EVS Port1 1980-012-16:35:01.00755 66/1/CFE_TIME 21: Stop FLYWHEEL
EVS Port1 1980-012-16:35:02.00987 66/1/CFE_TIME 20: Start FLYWHEEL
..EVS Port1 1980-012-16:35:11.01138 66/1/CFE_TIME 21: Stop FLYWHEEL
EVS Port1 1980-012-16:35:11.99742 66/1/CFE_TIME 20: Start FLYWHEEL
.....EVS Port1 1980-012-16:35:41.09815 66/1/CFE_TIME 20: Start FLYWHEEL
EVS Port1 1980-012-16:35:41.00390 66/1/CFE_TIME 21: Stop FLYWHEEL
...EVS Port1 1980-012-16:35:57.00804 66/1/CFE_TIME 21: Stop FLYWHEEL
EVS Port1 1980-012-16:35:58.00845 66/1/CFE_TIME 20: Start FLYWHEEL
EVS Port1 1980-012-16:35:59.00894 66/1/CFE_TIME 21: Stop FLYWHEEL
EVS Port1 1980-012-16:36:00.00175 66/1/CFE_TIME 20: Start FLYWHEEL
.EVS Port1 1980-012-16:36:05.13151 66/1/CFE_TIME 20: Start FLYWHEEL
EVS Port1 1980-012-16:36:06.00898 66/1/CFE_TIME 21: Stop FLYWHEEL
.EVS Port1 1980-012-16:36:10.18601 66/1/CFE_TIME 20: Start FLYWHEEL
.EVS Port1 1980-012-16:36:19.00686 66/1/CFE_TIME 21: Stop FLYWHEEL
.EVS Port1 1980-012-16:36:22.07681 66/1/CFE_TIME 20: Start FLYWHEEL
EVS Port1 1980-012-16:36:23.00485 66/1/CFE_TIME 21: Stop FLYWHEEL
.EVS Port1 1980-012-16:36:26.13215 66/1/CFE_TIME 20: Start FLYWHEEL
.....EVS Port1 1980-012-16:37:01.01496 66/1/CFE_TIME 21: Stop FLYWHEEL
.EVS Port1 1980-012-16:37:06.06097 66/1/CFE_TIME 20: Start FLYWHEEL
EVS Port1 1980-012-16:37:06.00918 66/1/CFE_TIME 21: Stop FLYWHEEL
.EVS Port1 1980-012-16:37:09.48701 66/1/CFE_TIME 20: Start FLYWHEEL
EVS Port1 1980-012-16:37:10.01948 66/1/CFE_TIME 21: Stop FLYWHEEL
..EVS Port1 1980-012-16:37:20.00909 66/1/CFE_TIME 21: Stop FLYWHEEL
EVS Port1 1980-012-16:37:21.00810 66/1/CFE_TIME 20: Start FLYWHEEL
..EVS Port1 1980-012-16:37:35.00694 66/1/CFE_TIME 21: Stop FLYWHEEL
EVS Port1 1980-012-16:37:35.99691 66/1/CFE_TIME 20: Start FLYWHEEL
.EVS Port1 1980-012-16:37:40.07908 66/1/CFE_TIME 20: Start FLYWHEEL
EVS Port1 1980-012-16:37:40.01478 66/1/CFE_TIME 21: Stop FLYWHEEL
....EVS Port1 1980-012-16:38:06.03491 66/1/CFE_TIME 21: Stop FLYWHEEL
EVS Port1 1980-012-16:38:06.98333 66/1/CFE_TIME 20: Start FLYWHEEL
......EVS Port1 1980-012-16:38:38.00825 66/1/CFE_TIME 21: Stop FLYWHEEL
EVS Port1 1980-012-16:38:38.99601 66/1/CFE_TIME 20: Start FLYWHEEL
..EVS Port1 1980-012-16:38:53.28988 66/1/CFE_TIME 20: Start FLYWHEEL
.EVS Port1 1980-012-16:38:55.01535 66/1/CFE_TIME 21: Stop FLYWHEEL
.EVS Port1 1980-012-16:39:02.19714 66/1/CFE_TIME 20: Start FLYWHEEL
EVS Port1 1980-012-16:39:02.01783 66/1/CFE_TIME 21: Stop FLYWHEEL
EVS Port1 1980-012-16:39:05.16307 66/1/CFE_TIME 20: Start FLYWHEEL
.EVS Port1 1980-012-16:39:09.00610 66/1/CFE_TIME 21: Stop FLYWHEEL
.EVS Port1 1980-012-16:39:12.23548 66/1/CFE_TIME 20: Start FLYWHEEL
..EVS Port1 1980-012-16:39:25.00605 66/1/CFE_TIME 21: Stop FLYWHEEL
EVS Port1 1980-012-16:39:28.00570 66/1/CFE_TIME 21: Stop FLYWHEEL
EVS Port1 1980-012-16:39:29.00813 66/1/CFE_TIME 20: Start FLYWHEEL
.EVS Port1 1980-012-16:39:34.12849 66/1/CFE_TIME 20: Start FLYWHEEL
EVS Port1 1980-012-16:39:34.01885 66/1/CFE_TIME 21: Stop FLYWHEEL
.EVS Port1 1980-012-16:39:37.35311 66/1/CFE_TIME 20: Start FLYWHEEL
EVS Port1 1980-012-16:39:37.00808 66/1/CFE_TIME 21: Stop FLYWHEEL
EVS Port1 1980-012-16:39:39.01036 66/1/CFE_TIME 21: Stop FLYWHEEL
EVS Port1 1980-012-16:39:40.00897 66/1/CFE_TIME 20: Start FLYWHEEL
.EVS Port1 1980-012-16:39:45.00585 66/1/CFE_TIME 21: Stop FLYWHEEL
EVS Port1 1980-012-16:39:45.99986 66/1/CFE_TIME 20: Start FLYWHEEL
...EVS Port1 1980-012-16:40:02.00296 66/1/CFE_TIME 21: Stop FLYWHEEL
EVS Port1 1980-012-16:40:03.00965 66/1/CFE_TIME 20: Start FLYWHEEL
.EVS Port1 1980-012-16:40:05.14994 66/1/CFE_TIME 20: Start FLYWHEEL
EVS Port1 1980-012-16:40:06.00573 66/1/CFE_TIME 21: Stop FLYWHEEL
EVS Port1 1980-012-16:40:09.01159 66/1/CFE_TIME 21: Stop FLYWHEEL
EVS Port1 1980-012-16:40:09.99766 66/1/CFE_TIME 20: Start FLYWHEEL
..EVS Port1 1980-012-16:40:22.00947 66/1/CFE_TIME 21: Stop FLYWHEEL
.EVS Port1 1980-012-16:40:22.98605 66/1/CFE_TIME 20: Start FLYWHEEL
EVS Port1 1980-012-16:40:25.00765 66/1/CFE_TIME 21: Stop FLYWHEEL
EVS Port1 1980-012-16:40:26.00753 66/1/CFE_TIME 20: Start FLYWHEEL
.EVS Port1 1980-012-16:40:29.65586 66/1/CFE_TIME 20: Start FLYWHEEL
EVS Port1 1980-012-16:40:29.00878 66/1/CFE_TIME 21: Stop FLYWHEEL
EVS Port1 1980-012-16:40:34.00573 66/1/CFE_TIME 21: Stop FLYWHEEL
.EVS Port1 1980-012-16:40:34.99662 66/1/CFE_TIME 20: Start FLYWHEEL
..EVS Port1 1980-012-16:40:50.00303 66/1/CFE_TIME 20: Start FLYWHEEL
EVS Port1 1980-012-16:40:52.00816 66/1/CFE_TIME 21: Stop FLYWHEEL
.EVS Port1 1980-012-16:40:55.00411 66/1/CFE_TIME 21: Stop FLYWHEEL
EVS Port1 1980-012-16:40:55.99975 66/1/CFE_TIME 20: Start FLYWHEEL
..EVS Port1 1980-012-16:41:05.34806 66/1/CFE_TIME 20: Start FLYWHEEL
EVS Port1 1980-012-16:41:05.00228 66/1/CFE_TIME 21: Stop FLYWHEEL
.....EVS Port1 1980-012-16:41:34.00924 66/1/CFE_TIME 21: Stop FLYWHEEL
EVS Port1 1980-012-16:41:34.99438 66/1/CFE_TIME 20: Start FLYWHEEL
..EVS Port1 1980-012-16:41:51.00733 66/1/CFE_TIME 21: Stop FLYWHEEL
.EVS Port1 1980-012-16:41:51.99731 66/1/CFE_TIME 20: Start FLYWHEEL
.EVS Port1 1980-012-16:41:59.00651 66/1/CFE_TIME 21: Stop FLYWHEEL
EVS Port1 1980-012-16:42:00.00958 66/1/CFE_TIME 20: Start FLYWHEEL
.EVS Port1 1980-012-16:42:03.63204 66/1/CFE_TIME 20: Start FLYWHEEL
EVS Port1 1980-012-16:42:05.01193 66/1/CFE_TIME 21: Stop FLYWHEEL
....EVS Port1 1980-012-16:42:28.00474 66/1/CFE_TIME 21: Stop FLYWHEEL
EVS Port1 1980-012-16:42:28.99887 66/1/CFE_TIME 20: Start FLYWHEEL
.EVS Port1 1980-012-16:42:32.18531 66/1/CFE_TIME 20: Start FLYWHEEL
EVS Port1 1980-012-16:42:32.00605 66/1/CFE_TIME 21: Stop FLYWHEEL
EVS Port1 1980-012-16:42:35.00575 66/1/CFE_TIME 21: Stop FLYWHEEL
EVS Port1 1980-012-16:42:36.00555 66/1/CFE_TIME 20: Start FLYWHEEL
.EVS Port1 1980-012-16:42:38.97463 66/1/CFE_TIME 20: Start FLYWHEEL
EVS Port1 1980-012-16:42:40.01260 66/1/CFE_TIME 21: Stop FLYWHEEL
....EVS Port1 1980-012-16:43:02.32637 66/1/CFE_TIME 20: Start FLYWHEEL
EVS Port1 1980-012-16:43:02.00225 66/1/CFE_TIME 21: Stop FLYWHEEL
...EVS Port1 1980-012-16:43:20.00175 66/1/CFE_TIME 20: Start FLYWHEEL
EVS Port1 1980-012-16:43:20.00808 66/1/CFE_TIME 21: Stop FLYWHEEL
EVS Port1 1980-012-16:43:23.01412 66/1/CFE_TIME 21: Stop FLYWHEEL
EVS Port1 1980-012-16:43:23.99481 66/1/CFE_TIME 20: Start FLYWHEEL
.EVS Port1 1980-012-16:43:27.00405 66/1/CFE_TIME 21: Stop FLYWHEEL
EVS Port1 1980-012-16:43:27.99816 66/1/CFE_TIME 20: Start FLYWHEEL
EVS Port1 1980-012-16:43:31.00331 66/1/CFE_TIME 21: Stop FLYWHEEL
.EVS Port1 1980-012-16:43:32.00390 66/1/CFE_TIME 20: Start FLYWHEEL
.EVS Port1 1980-012-16:43:42.00363 66/1/CFE_TIME 20: Start FLYWHEEL
EVS Port1 1980-012-16:43:42.00886 66/1/CFE_TIME 21: Stop FLYWHEEL
..EVS Port1 1980-012-16:43:52.10289 66/1/CFE_TIME 20: Start FLYWHEEL
EVS Port1 1980-012-16:43:52.00671 66/1/CFE_TIME 21: Stop FLYWHEEL
.EVS Port1 1980-012-16:43:55.01603 66/1/CFE_TIME 21: Stop FLYWHEEL
EVS Port1 1980-012-16:43:56.04635 66/1/CFE_TIME 20: Start FLYWHEEL
EVS Port1 1980-012-16:43:59.20527 66/1/CFE_TIME 20: Start FLYWHEEL
.EVS Port1 1980-012-16:44:05.00326 66/1/CFE_TIME 21: Stop FLYWHEEL
.EVS Port1 1980-012-16:44:08.00550 66/1/CFE_TIME 21: Stop FLYWHEEL
EVS Port1 1980-012-16:44:09.00102 66/1/CFE_TIME 20: Start FLYWHEEL
..EVS Port1 1980-012-16:44:20.00326 66/1/CFE_TIME 21: Stop FLYWHEEL
EVS Port1 1980-012-16:44:20.99189 66/1/CFE_TIME 20: Start FLYWHEEL
EVS Port1 1980-012-16:44:24.15007 66/1/CFE_TIME 20: Start FLYWHEEL
EVS Port1 1980-012-16:44:24.00538 66/1/CFE_TIME 21: Stop FLYWHEEL
.EVS Port1 1980-012-16:44:27.01066 66/1/CFE_TIME 21: Stop FLYWHEEL
EVS Port1 1980-012-16:44:28.22058 66/1/CFE_TIME 20: Start FLYWHEEL
EVS Port1 1980-012-16:44:29.00987 66/1/CFE_TIME 21: Stop FLYWHEEL
EVS Port1 1980-012-16:44:30.03379 66/1/CFE_TIME 20: Start FLYWHEEL
.EVS Port1 1980-012-16:44:31.00628 66/1/CFE_TIME 21: Stop FLYWHEEL
EVS Port1 1980-012-16:44:31.99723 66/1/CFE_TIME 20: Start FLYWHEEL
.EVS Port1 1980-012-16:44:40.00912 66/1/CFE_TIME 21: Stop FLYWHEEL
EVS Port1 1980-012-16:44:41.00099 66/1/CFE_TIME 20: Start FLYWHEEL
.EVS Port1 1980-012-16:44:43.00584 66/1/CFE_TIME 21: Stop FLYWHEEL
EVS Port1 1980-012-16:44:43.99594 66/1/CFE_TIME 20: Start FLYWHEEL
EVS Port1 1980-012-16:44:46.01170 66/1/CFE_TIME 21: Stop FLYWHEEL
EVS Port1 1980-012-16:44:47.03208 66/1/CFE_TIME 20: Start FLYWHEEL
.EVS Port1 1980-012-16:44:48.01039 66/1/CFE_TIME 21: Stop FLYWHEEL
EVS Port1 1980-012-16:44:49.01473 66/1/CFE_TIME 20: Start FLYWHEEL
EVS Port1 1980-012-16:44:50.00816 66/1/CFE_TIME 21: Stop FLYWHEEL
EVS Port1 1980-012-16:44:50.99981 66/1/CFE_TIME 20: Start FLYWHEEL
EVS Port1 1980-012-16:44:53.00463 66/1/CFE_TIME 21: Stop FLYWHEEL
.EVS Port1 1980-012-16:44:53.99699 66/1/CFE_TIME 20: Start FLYWHEEL
EVS Port1 1980-012-16:44:56.00675 66/1/CFE_TIME 21: Stop FLYWHEEL
EVS Port1 1980-012-16:44:57.10227 66/1/CFE_TIME 20: Start FLYWHEEL
EVS Port1 1980-012-16:44:59.08886 66/1/CFE_TIME 20: Start FLYWHEEL
EVS Port1 1980-012-16:44:59.00297 66/1/CFE_TIME 21: Stop FLYWHEEL
...EVS Port1 1980-012-16:45:15.01397 66/1/CFE_TIME 21: Stop FLYWHEEL
EVS Port1 1980-012-16:45:16.00212 66/1/CFE_TIME 20: Start FLYWHEEL
EVS Port1 1980-012-16:45:17.00747 66/1/CFE_TIME 21: Stop FLYWHEEL
.EVS Port1 1980-012-16:45:18.01441 66/1/CFE_TIME 20: Start FLYWHEEL
EVS Port1 1980-012-16:45:19.00434 66/1/CFE_TIME 21: Stop FLYWHEEL
EVS Port1 1980-012-16:45:20.00056 66/1/CFE_TIME 20: Start FLYWHEEL
.EVS Port1 1980-012-16:45:26.02021 66/1/CFE_TIME 21: Stop FLYWHEEL
EVS Port1 1980-012-16:45:27.12371 66/1/CFE_TIME 20: Start FLYWHEEL
EVS Port1 1980-012-16:45:28.01515 66/1/CFE_TIME 21: Stop FLYWHEEL
EVS Port1 1980-012-16:45:28.99002 66/1/CFE_TIME 20: Start FLYWHEEL
..EVS Port1 1980-012-16:45:39.00724 66/1/CFE_TIME 21: Stop FLYWHEEL
EVS Port1 1980-012-16:45:39.98825 66/1/CFE_TIME 20: Start FLYWHEEL
...EVS Port1 1980-012-16:45:58.20133 66/1/CFE_TIME 20: Start FLYWHEEL
EVS Port1 1980-012-16:45:59.00927 66/1/CFE_TIME 21: Stop FLYWHEEL
..EVS Port1 1980-012-16:46:08.00718 66/1/CFE_TIME 20: Start FLYWHEEL
EVS Port1 1980-012-16:46:08.01513 66/1/CFE_TIME 21: Stop FLYWHEEL
...EVS Port1 1980-012-16:46:28.00756 66/1/CFE_TIME 21: Stop FLYWHEEL
EVS Port1 1980-012-16:46:28.99234 66/1/CFE_TIME 20: Start FLYWHEEL
..EVS Port1 1980-012-16:46:37.54313 66/1/CFE_TIME 20: Start FLYWHEEL
EVS Port1 1980-012-16:46:37.00317 66/1/CFE_TIME 21: Stop FLYWHEEL
EVS Port1 1980-012-16:46:39.00872 66/1/CFE_TIME 21: Stop FLYWHEEL
EVS Port1 1980-012-16:46:39.99400 66/1/CFE_TIME 20: Start FLYWHEEL
.EVS Port1 1980-012-16:46:44.00666 66/1/CFE_TIME 21: Stop FLYWHEEL
EVS Port1 1980-012-16:46:45.02090 66/1/CFE_TIME 20: Start FLYWHEEL
.EVS Port1 1980-012-16:46:47.07591 66/1/CFE_TIME 20: Start FLYWHEEL
EVS Port1 1980-012-16:46:47.00926 66/1/CFE_TIME 21: Stop FLYWHEEL
.EVS Port1 1980-012-16:46:54.00614 66/1/CFE_TIME 21: Stop FLYWHEEL
EVS Port1 1980-012-16:46:54.99960 66/1/CFE_TIME 20: Start FLYWHEEL
EVS Port1 1980-012-16:46:57.00663 66/1/CFE_TIME 21: Stop FLYWHEEL
EVS Port1 1980-012-16:46:57.99642 66/1/CFE_TIME 20: Start FLYWHEEL
.EVS Port1 1980-012-16:47:01.00596 66/1/CFE_TIME 21: Stop FLYWHEEL
EVS Port1 1980-012-16:47:01.98934 66/1/CFE_TIME 20: Start FLYWHEEL
.EVS Port1 1980-012-16:47:08.00245 66/1/CFE_TIME 21: Stop FLYWHEEL
EVS Port1 1980-012-16:47:08.99221 66/1/CFE_TIME 20: Start FLYWHEEL
..EVS Port1 1980-012-16:47:17.00700 66/1/CFE_TIME 21: Stop FLYWHEEL
EVS Port1 1980-012-16:47:17.99894 66/1/CFE_TIME 20: Start FLYWHEEL
.EVS Port1 1980-012-16:47:26.33296 66/1/CFE_TIME 20: Start FLYWHEEL
.EVS Port1 1980-012-16:47:28.00401 66/1/CFE_TIME 21: Stop FLYWHEEL
.EVS Port1 1980-012-16:47:36.01695 66/1/CFE_TIME 21: Stop FLYWHEEL
EVS Port1 1980-012-16:47:37.00509 66/1/CFE_TIME 20: Start FLYWHEEL
EVS Port1 1980-012-16:47:39.00656 66/1/CFE_TIME 21: Stop FLYWHEEL
.EVS Port1 1980-012-16:47:40.01141 66/1/CFE_TIME 20: Start FLYWHEEL
EVS Port1 1980-012-16:47:41.01132 66/1/CFE_TIME 21: Stop FLYWHEEL
EVS Port1 1980-012-16:47:41.98512 66/1/CFE_TIME 20: Start FLYWHEEL
.EVS Port1 1980-012-16:47:47.01713 66/1/CFE_TIME 21: Stop FLYWHEEL
EVS Port1 1980-012-16:47:47.98211 66/1/CFE_TIME 20: Start FLYWHEEL
.EVS Port1 1980-012-16:47:52.05116 66/1/CFE_TIME 20: Start FLYWHEEL
EVS Port1 1980-012-16:47:53.01132 66/1/CFE_TIME 21: Stop FLYWHEEL
EVS Port1 1980-012-16:47:56.31449 66/1/CFE_TIME 20: Start FLYWHEEL
EVS Port1 1980-012-16:47:57.01905 66/1/CFE_TIME 21: Stop FLYWHEEL
.EVS Port1 1980-012-16:48:00.00567 66/1/CFE_TIME 21: Stop FLYWHEEL
EVS Port1 1980-012-16:48:00.99830 66/1/CFE_TIME 20: Start FLYWHEEL
..EVS Port1 1980-012-16:48:10.01602 66/1/CFE_TIME 21: Stop FLYWHEEL
EVS Port1 1980-012-16:48:11.00720 66/1/CFE_TIME 20: Start FLYWHEEL
EVS Port1 1980-012-16:48:13.06225 66/1/CFE_TIME 20: Start FLYWHEEL
EVS Port1 1980-012-16:48:13.03742 66/1/CFE_TIME 21: Stop FLYWHEEL
.EVS Port1 1980-012-16:48:16.02708 66/1/CFE_TIME 20: Start FLYWHEEL
EVS Port1 1980-012-16:48:17.01765 66/1/CFE_TIME 21: Stop FLYWHEEL
EVS Port1 1980-012-16:48:20.05503 66/1/CFE_TIME 20: Start FLYWHEEL
EVS Port1 1980-012-16:48:20.01284 66/1/CFE_TIME 21: Stop FLYWHEEL
.EVS Port1 1980-012-16:48:23.00885 66/1/CFE_TIME 21: Stop FLYWHEEL
EVS Port1 1980-012-16:48:24.46896 66/1/CFE_TIME 20: Start FLYWHEEL
EVS Port1 1980-012-16:48:26.50433 66/1/CFE_TIME 20: Start FLYWHEEL
.EVS Port1 1980-012-16:48:27.03788 66/1/CFE_TIME 21: Stop FLYWHEEL
EVS Port1 1980-012-16:48:29.01260 66/1/CFE_TIME 21: Stop FLYWHEEL
EVS Port1 1980-012-16:48:30.03770 66/1/CFE_TIME 20: Start FLYWHEEL
EVS Port1 1980-012-16:48:32.12860 66/1/CFE_TIME 20: Start FLYWHEEL
EVS Port1 1980-012-16:48:32.00447 66/1/CFE_TIME 21: Stop FLYWHEEL
.EVS Port1 1980-012-16:48:35.12910 66/1/CFE_TIME 20: Start FLYWHEEL
EVS Port1 1980-012-16:48:37.04924 66/1/CFE_TIME 21: Stop FLYWHEEL
.EVS Port1 1980-012-16:48:40.10096 66/1/CFE_TIME 20: Start FLYWHEEL
EVS Port1 1980-012-16:48:40.00662 66/1/CFE_TIME 21: Stop FLYWHEEL
EVS Port1 1980-012-16:48:42.02357 66/1/CFE_TIME 21: Stop FLYWHEEL
EVS Port1 1980-012-16:48:42.98397 66/1/CFE_TIME 20: Start FLYWHEEL
.EVS Port1 1980-012-16:48:49.02395 66/1/CFE_TIME 21: Stop FLYWHEEL
EVS Port1 1980-012-16:48:49.99626 66/1/CFE_TIME 20: Start FLYWHEEL
.EVS Port1 1980-012-16:48:54.01185 66/1/CFE_TIME 21: Stop FLYWHEEL
EVS Port1 1980-012-16:48:55.00772 66/1/CFE_TIME 20: Start FLYWHEEL
....EVS Port1 1980-012-16:49:16.00813 66/1/CFE_TIME 21: Stop FLYWHEEL
EVS Port1 1980-012-16:49:16.98907 66/1/CFE_TIME 20: Start FLYWHEEL
.EVS Port1 1980-012-16:49:24.29634 66/1/CFE_TIME 20: Start FLYWHEEL
EVS Port1 1980-012-16:49:24.00556 66/1/CFE_TIME 21: Stop FLYWHEEL
.EVS Port1 1980-012-16:49:30.00497 66/1/CFE_TIME 21: Stop FLYWHEEL
.EVS Port1 1980-012-16:49:30.99978 66/1/CFE_TIME 20: Start FLYWHEEL
...EVS Port1 1980-012-16:49:49.00401 66/1/CFE_TIME 21: Stop FLYWHEEL
EVS Port1 1980-012-16:49:50.00097 66/1/CFE_TIME 20: Start FLYWHEEL
EVS Port1 1980-012-16:49:52.01261 66/1/CFE_TIME 21: Stop FLYWHEEL
EVS Port1 1980-012-16:49:52.99375 66/1/CFE_TIME 20: Start FLYWHEEL
..EVS Port1 1980-012-16:50:02.00291 66/1/CFE_TIME 21: Stop FLYWHEEL
EVS Port1 1980-012-16:50:02.99790 66/1/CFE_TIME 20: Start FLYWHEEL
...EVS Port1 1980-012-16:50:21.00682 66/1/CFE_TIME 21: Stop FLYWHEEL
EVS Port1 1980-012-16:50:21.99874 66/1/CFE_TIME 20: Start FLYWHEEL
.EVS Port1 1980-012-16:50:24.00758 66/1/CFE_TIME 21: Stop FLYWHEEL
EVS Port1 1980-012-16:50:25.00401 66/1/CFE_TIME 20: Start FLYWHEEL
EVS Port1 1980-012-16:50:26.01124 66/1/CFE_TIME 21: Stop FLYWHEEL
EVS Port1 1980-012-16:50:26.97636 66/1/CFE_TIME 20: Start FLYWHEEL
..EVS Port1 1980-012-16:50:39.05589 66/1/CFE_TIME 20: Start FLYWHEEL
EVS Port1 1980-012-16:50:39.00942 66/1/CFE_TIME 21: Stop FLYWHEEL
..EVS Port1 1980-012-16:50:51.12812 66/1/CFE_TIME 20: Start FLYWHEEL
EVS Port1 1980-012-16:50:51.00843 66/1/CFE_TIME 21: Stop FLYWHEEL
...EVS Port1 1980-012-16:51:08.01261 66/1/CFE_TIME 21: Stop FLYWHEEL
EVS Port1 1980-012-16:51:08.99645 66/1/CFE_TIME 20: Start FLYWHEEL
..EVS Port1 1980-012-16:51:20.29353 66/1/CFE_TIME 20: Start FLYWHEEL
EVS Port1 1980-012-16:51:21.00642 66/1/CFE_TIME 21: Stop FLYWHEEL
..EVS Port1 1980-012-16:51:30.00709 66/1/CFE_TIME 21: Stop FLYWHEEL
EVS Port1 1980-012-16:51:30.99806 66/1/CFE_TIME 20: Start FLYWHEEL
...EVS Port1 1980-012-16:51:50.22013 66/1/CFE_TIME 20: Start FLYWHEEL
EVS Port1 1980-012-16:51:50.01779 66/1/CFE_TIME 21: Stop FLYWHEEL
.EVS Port1 1980-012-16:51:57.00846 66/1/CFE_TIME 21: Stop FLYWHEEL
EVS Port1 1980-012-16:51:58.01686 66/1/CFE_TIME 20: Start FLYWHEEL
.EVS Port1 1980-012-16:51:59.00537 66/1/CFE_TIME 21: Stop FLYWHEEL
EVS Port1 1980-012-16:51:59.99940 66/1/CFE_TIME 20: Start FLYWHEEL
.EVS Port1 1980-012-16:52:07.00672 66/1/CFE_TIME 21: Stop FLYWHEEL
EVS Port1 1980-012-16:52:07.99746 66/1/CFE_TIME 20: Start FLYWHEEL
..EVS Port1 1980-012-16:52:19.00152 66/1/CFE_TIME 21: Stop FLYWHEEL
EVS Port1 1980-012-16:52:20.01011 66/1/CFE_TIME 20: Start FLYWHEEL
EVS Port1 1980-012-16:52:21.00624 66/1/CFE_TIME 21: Stop FLYWHEEL
.EVS Port1 1980-012-16:52:21.99632 66/1/CFE_TIME 20: Start FLYWHEEL
....EVS Port1 1980-012-16:52:48.27717 66/1/CFE_TIME 20: Start FLYWHEEL
EVS Port1 1980-012-16:52:48.00325 66/1/CFE_TIME 21: Stop FLYWHEEL
EVS Port1 1980-012-16:52:50.00273 66/1/CFE_TIME 21: Stop FLYWHEEL
EVS Port1 1980-012-16:52:50.99615 66/1/CFE_TIME 20: Start FLYWHEEL
.EVS Port1 1980-012-16:52:55.01507 66/1/CFE_TIME 21: Stop FLYWHEEL
EVS Port1 1980-012-16:52:55.98416 66/1/CFE_TIME 20: Start FLYWHEEL
.EVS Port1 1980-012-16:53:03.00823 66/1/CFE_TIME 21: Stop FLYWHEEL
.EVS Port1 1980-012-16:53:03.99801 66/1/CFE_TIME 20: Start FLYWHEEL
EVS Port1 1980-012-16:53:09.03105 66/1/CFE_TIME 21: Stop FLYWHEEL
.EVS Port1 1980-012-16:53:09.99114 66/1/CFE_TIME 20: Start FLYWHEEL
EVS Port1 1980-012-16:53:12.02299 66/1/CFE_TIME 21: Stop FLYWHEEL
EVS Port1 1980-012-16:53:12.98522 66/1/CFE_TIME 20: Start FLYWHEEL
.EVS Port1 1980-012-16:53:18.01004 66/1/CFE_TIME 21: Stop FLYWHEEL
EVS Port1 1980-012-16:53:19.03813 66/1/CFE_TIME 20: Start FLYWHEEL
EVS Port1 1980-012-16:53:21.17190 66/1/CFE_TIME 20: Start FLYWHEEL
.EVS Port1 1980-012-16:53:22.00630 66/1/CFE_TIME 21: Stop FLYWHEEL
....EVS Port1 1980-012-16:53:49.41671 66/1/CFE_TIME 20: Start FLYWHEEL
EVS Port1 1980-012-16:53:49.00559 66/1/CFE_TIME 21: Stop FLYWHEEL
...EVS Port1 1980-012-16:54:06.00636 66/1/CFE_TIME 21: Stop FLYWHEEL
EVS Port1 1980-012-16:54:06.99624 66/1/CFE_TIME 20: Start FLYWHEEL
..EVS Port1 1980-012-16:54:18.33035 66/1/CFE_TIME 20: Start FLYWHEEL
EVS Port1 1980-012-16:54:18.00193 66/1/CFE_TIME 21: Stop FLYWHEEL
.EVS Port1 1980-012-16:54:25.01191 66/1/CFE_TIME 21: Stop FLYWHEEL
.EVS Port1 1980-012-16:54:25.99853 66/1/CFE_TIME 20: Start FLYWHEEL
EVS Port1 1980-012-16:54:27.02218 66/1/CFE_TIME 21: Stop FLYWHEEL
EVS Port1 1980-012-16:54:27.97212 66/1/CFE_TIME 20: Start FLYWHEEL
..EVS Port1 1980-012-16:54:39.00978 66/1/CFE_TIME 21: Stop FLYWHEEL
EVS Port1 1980-012-16:54:39.98727 66/1/CFE_TIME 20: Start FLYWHEEL
.EVS Port1 1980-012-16:54:46.35128 66/1/CFE_TIME 20: Start FLYWHEEL
EVS Port1 1980-012-16:54:46.00656 66/1/CFE_TIME 21: Stop FLYWHEEL
.EVS Port1 1980-012-16:54:50.00349 66/1/CFE_TIME 21: Stop FLYWHEEL
EVS Port1 1980-012-16:54:51.01214 66/1/CFE_TIME 20: Start FLYWHEEL
.EVS Port1 1980-012-16:54:56.01936 66/1/CFE_TIME 20: Start FLYWHEEL
EVS Port1 1980-012-16:54:56.00331 66/1/CFE_TIME 21: Stop FLYWHEEL
...EVS Port1 1980-012-16:55:16.26119 66/1/CFE_TIME 20: Start FLYWHEEL
EVS Port1 1980-012-16:55:17.00817 66/1/CFE_TIME 21: Stop FLYWHEEL
...EVS Port1 1980-012-16:55:32.01152 66/1/CFE_TIME 21: Stop FLYWHEEL
EVS Port1 1980-012-16:55:32.99150 66/1/CFE_TIME 20: Start FLYWHEEL
..EVS Port1 1980-012-16:55:46.34767 66/1/CFE_TIME 20: Start FLYWHEEL
EVS Port1 1980-012-16:55:46.00715 66/1/CFE_TIME 21: Stop FLYWHEEL
.EVS Port1 1980-012-16:55:50.00593 66/1/CFE_TIME 21: Stop FLYWHEEL
EVS Port1 1980-012-16:55:51.00932 66/1/CFE_TIME 20: Start FLYWHEEL
EVS Port1 1980-012-16:55:54.05303 66/1/CFE_TIME 20: Start FLYWHEEL
EVS Port1 1980-012-16:55:54.00965 66/1/CFE_TIME 21: Stop FLYWHEEL
..EVS Port1 1980-012-16:56:05.01882 66/1/CFE_TIME 21: Stop FLYWHEEL
EVS Port1 1980-012-16:56:05.99458 66/1/CFE_TIME 20: Start FLYWHEEL
..EVS Port1 1980-012-16:56:14.26997 66/1/CFE_TIME 20: Start FLYWHEEL
EVS Port1 1980-012-16:56:15.00335 66/1/CFE_TIME 21: Stop FLYWHEEL
.....EVS Port1 1980-012-16:56:44.00462 66/1/CFE_TIME 21: Stop FLYWHEEL
EVS Port1 1980-012-16:56:44.98698 66/1/CFE_TIME 20: Start FLYWHEEL
..EVS Port1 1980-012-16:57:00.00599 66/1/CFE_TIME 21: Stop FLYWHEEL
.EVS Port1 1980-012-16:57:00.99629 66/1/CFE_TIME 20: Start FLYWHEEL
..EVS Port1 1980-012-16:57:14.28805 66/1/CFE_TIME 20: Start FLYWHEEL
EVS Port1 1980-012-16:57:14.00361 66/1/CFE_TIME 21: Stop FLYWHEEL
....EVS Port1 1980-012-16:57:40.00590 66/1/CFE_TIME 21: Stop FLYWHEEL
EVS Port1 1980-012-16:57:40.99914 66/1/CFE_TIME 20: Start FLYWHEEL
.EVS Port1 1980-012-16:57:44.38452 66/1/CFE_TIME 20: Start FLYWHEEL
EVS Port1 1980-012-16:57:44.00587 66/1/CFE_TIME 21: Stop FLYWHEEL
.EVS Port1 1980-012-16:57:50.00433 66/1/CFE_TIME 21: Stop FLYWHEEL
EVS Port1 1980-012-16:57:51.00022 66/1/CFE_TIME 20: Start FLYWHEEL
.EVS Port1 1980-012-16:57:54.01126 66/1/CFE_TIME 21: Stop FLYWHEEL
EVS Port1 1980-012-16:57:54.99224 66/1/CFE_TIME 20: Start FLYWHEEL
.EVS Port1 1980-012-16:58:03.00633 66/1/CFE_TIME 21: Stop FLYWHEEL
EVS Port1 1980-012-16:58:04.00524 66/1/CFE_TIME 20: Start FLYWHEEL
.EVS Port1 1980-012-16:58:07.00402 66/1/CFE_TIME 21: Stop FLYWHEEL
EVS Port1 1980-012-16:58:08.00473 66/1/CFE_TIME 20: Start FLYWHEEL
EVS Port1 1980-012-16:58:09.01063 66/1/CFE_TIME 21: Stop FLYWHEEL
EVS Port1 1980-012-16:58:09.99006 66/1/CFE_TIME 20: Start FLYWHEEL
.EVS Port1 1980-012-16:58:14.38687 66/1/CFE_TIME 20: Start FLYWHEEL
EVS Port1 1980-012-16:58:15.01219 66/1/CFE_TIME 21: Stop FLYWHEEL
.EVS Port1 1980-012-16:58:18.01350 66/1/CFE_TIME 20: Start FLYWHEEL
EVS Port1 1980-012-16:58:18.00410 66/1/CFE_TIME 21: Stop FLYWHEEL
.EVS Port1 1980-012-16:58:27.00996 66/1/CFE_TIME 21: Stop FLYWHEEL
EVS Port1 1980-012-16:58:27.99604 66/1/CFE_TIME 20: Start FLYWHEEL
.EVS Port1 1980-012-16:58:35.05621 66/1/CFE_TIME 20: Start FLYWHEEL
.EVS Port1 1980-012-16:58:36.00425 66/1/CFE_TIME 21: Stop FLYWHEEL
.EVS Port1 1980-012-16:58:42.33383 66/1/CFE_TIME 20: Start FLYWHEEL
EVS Port1 1980-012-16:58:42.01048 66/1/CFE_TIME 21: Stop FLYWHEEL
EVS Port1 1980-012-16:58:44.01023 66/1/CFE_TIME 21: Stop FLYWHEEL
EVS Port1 1980-012-16:58:44.99771 66/1/CFE_TIME 20: Start FLYWHEEL
.EVS Port1 1980-012-16:58:49.01901 66/1/CFE_TIME 21: Stop FLYWHEEL
EVS Port1 1980-012-16:58:50.01560 66/1/CFE_TIME 20: Start FLYWHEEL
EVS Port1 1980-012-16:58:51.01080 66/1/CFE_TIME 21: Stop FLYWHEEL
EVS Port1 1980-012-16:58:52.04510 66/1/CFE_TIME 20: Start FLYWHEEL
.EVS Port1 1980-012-16:58:53.00926 66/1/CFE_TIME 21: Stop FLYWHEEL
EVS Port1 1980-012-16:58:53.99581 66/1/CFE_TIME 20: Start FLYWHEEL
.EVS Port1 1980-012-16:59:01.00549 66/1/CFE_TIME 21: Stop FLYWHEEL
EVS Port1 1980-012-16:59:02.01437 66/1/CFE_TIME 20: Start FLYWHEEL
EVS Port1 1980-012-16:59:03.00639 66/1/CFE_TIME 21: Stop FLYWHEEL
EVS Port1 1980-012-16:59:03.99754 66/1/CFE_TIME 20: Start FLYWHEEL
.EVS Port1 1980-012-16:59:10.44628 66/1/CFE_TIME 20: Start FLYWHEEL
.EVS Port1 1980-012-16:59:16.02308 66/1/CFE_TIME 21: Stop FLYWHEEL
.EVS Port1 1980-012-16:59:19.01657 66/1/CFE_TIME 21: Stop FLYWHEEL
EVS Port1 1980-012-16:59:20.02017 66/1/CFE_TIME 20: Start FLYWHEEL
EVS Port1 1980-012-16:59:21.00372 66/1/CFE_TIME 21: Stop FLYWHEEL
EVS Port1 1980-012-16:59:22.02888 66/1/CFE_TIME 20: Start FLYWHEEL
.EVS Port1 1980-012-16:59:24.28999 66/1/CFE_TIME 20: Start FLYWHEEL
.EVS Port1 1980-012-16:59:32.00935 66/1/CFE_TIME 21: Stop FLYWHEEL
..EVS Port1 1980-012-16:59:41.00724 66/1/CFE_TIME 21: Stop FLYWHEEL
EVS Port1 1980-012-16:59:41.98303 66/1/CFE_TIME 20: Start FLYWHEEL
...EVS Port1 1980-012-17:00:02.00241 66/1/CFE_TIME 21: Stop FLYWHEEL
EVS Port1 1980-012-17:00:02.99809 66/1/CFE_TIME 20: Start FLYWHEEL
..EVS Port1 1980-012-17:00:11.22773 66/1/CFE_TIME 20: Start FLYWHEEL
EVS Port1 1980-012-17:00:11.00437 66/1/CFE_TIME 21: Stop FLYWHEEL
...EVS Port1 1980-012-17:00:29.00764 66/1/CFE_TIME 21: Stop FLYWHEEL
EVS Port1 1980-012-17:00:30.00984 66/1/CFE_TIME 20: Start FLYWHEEL
..EVS Port1 1980-012-17:00:40.00413 66/1/CFE_TIME 21: Stop FLYWHEEL
EVS Port1 1980-012-17:00:40.99864 66/1/CFE_TIME 20: Start FLYWHEEL
...EVS Port1 1980-012-17:01:00.00021 66/1/CFE_TIME 20: Start FLYWHEEL
EVS Port1 1980-012-17:01:00.00498 66/1/CFE_TIME 21: Stop FLYWHEEL
.EVS Port1 1980-012-17:01:05.01097 66/1/CFE_TIME 21: Stop FLYWHEEL
EVS Port1 1980-012-17:01:06.01959 66/1/CFE_TIME 20: Start FLYWHEEL
EVS Port1 1980-012-17:01:07.01280 66/1/CFE_TIME 21: Stop FLYWHEEL
EVS Port1 1980-012-17:01:07.99468 66/1/CFE_TIME 20: Start FLYWHEEL
.EVS Port1 1980-012-17:01:10.01127 66/1/CFE_TIME 21: Stop FLYWHEEL
EVS Port1 1980-012-17:01:10.99600 66/1/CFE_TIME 20: Start FLYWHEEL
1980-012-17:01:12.52925 CFE_ES_RunExceptionScan: ExceptionID 0x1110002 in TaskID 0: Caught SIGINT
1980-012-17:01:12.53646 CFE_ES_RunExceptionScan: Processor Reset count not reached (1/2)
CFE_PSP: Exiting cFE with PROCESSOR Reset status.

CFE_PSP: Shutdown initiated - Exiting cFE
CI delete callback -- Closing CI Network socket.
TO delete callback -- Closing TO Network socket.
...EXIT=137
