OS_BSP_Initialize():Maximum user msg queue depth = 512
CFE_PSP: Default Reset SubType = 1
CFE_PSP: Default CPU ID = 1
CFE_PSP: Default Spacecraft ID = 66
CFE_PSP: Default CPU Name: cpu1
OS_Posix_GetSchedulerParams():208:Policy 1: available, min-max: 1-99
OS_Posix_GetSchedulerParams():208:Policy 2: available, min-max: 1-99
OS_Posix_TaskAPI_Impl_Init():401:Selected policy 2 for RT tasks, root task = 99
OS_Posix_TaskAPI_Impl_Init():419:Could not setschedparam in main thread: Operation not permitted (1)
CFE_PSP: initializing module 'soft_timebase' with ID 0110ff00
CFE_PSP: Instantiated software timebase 'cFS-Master' running at 10000 usec
CFE_PSP: initializing module 'timebase_posix_clock' with ID 0110ff01
CFE_PSP: Using POSIX monotonic clock as CFE timebase
CFE_PSP: initializing module 'eeprom_mmap_file' with ID 0110ff02
CFE_PSP: Using MMAP simulated EEPROM implementation
CFE_PSP: initializing module 'port_notimpl' with ID 0110ff03
CFE_PSP: EEPROM Range (2) created: Start Address = E5D54AC5E000, Size = 00080000 Status = 0
CFE_PSP: I/O Port access not implemented
CFE_PSP: initializing module 'iodriver' with ID 0110ff04
CFE_PSP: initializing module 'linux_sysmon' with ID 0110ff05
CFE_PSP: initializing module 'endian_api' with ID 0110ff06
CFE_PSP: Host CPU Endian=LITTLE
CFE_PSP: initializing module 'ram_notimpl' with ID 0110ff07
CFE_PSP: Physical RAM access not implemented
CFE_PSP: Starting the cFE with a POWER ON reset.
CFE_PSP: Clearing out CFE CDS Shared memory segment.
CFE_PSP: Clearing out CFE Reset Shared memory segment.
CFE_PSP: Clearing out CFE User Reserved Shared memory segment.
1980-001-00:23:19.71105 CFE_ES_SetupResetVariables: POWER ON RESET due to Power Cycle (Power Cycle).
1980-001-00:23:19.72336 CFE_ES_Main: CFE_ES_Main in EARLY_INIT state
Number of addresses returned by backtrace = 1
CFE_PSP: CFE_PSP_AttachExceptions called
1980-001-00:23:19.75145 CFE_ES_Main: CFE_ES_Main entering CORE_STARTUP state
1980-001-00:23:19.75160 CFE_ES_CreateObjects: Starting Object Creation calls.
1980-001-00:23:19.75168 CFE_ES_CreateObjects: Calling EarlyInit for CFE_CONFIG
1980-001-00:23:19.75391 CFE_ES_CreateObjects: Calling EarlyInit for CFE_ES
1980-001-00:23:19.75974 CFE_ES_CreateObjects: Calling EarlyInit for CFE_EVS
1980-001-00:23:19.76200 CFE_EVS_EarlyInit: Event Log cleared following power-on reset
1980-001-00:23:19.76264 CFE_ES_CreateObjects: Calling EarlyInit for CFE_FS
1980-001-00:23:19.76294 CFE_ES_CreateObjects: Calling EarlyInit for CFE_SB
1980-001-00:23:19.78858 CFE_ES_CreateObjects: Calling EarlyInit for CFE_TBL
1980-001-00:23:19.81671 CFE_ES_CreateObjects: Calling EarlyInit for CFE_TIME
EVS Port1 1980-012-14:03:20.08558 66/1/CFE_ES 1: cFE ES Initialized: CFE_ES v7.0.1+dev1 (Draco) DEV BUILD, based on v7.0.1, EDS disabled
EVS Port1 1980-012-14:03:20.09120 66/1/CFE_ES 2: cFS Versions: cfe v7.0.1+dev1, osal v7.0.1+dev1, psp v7.0.1+dev1. cFE chksm 31659
EVS Port1 1980-012-14:03:20.09259 66/1/CFE_ES 91: Version Info: Mission SampleMission, version git:v7.0.1-90-g78c23b0-dirty
EVS Port1 1980-012-14:03:20.09313 66/1/CFE_ES 91: Version Info: Module CORE_API, version git:2612eb0
EVS Port1 1980-012-14:03:20.09333 66/1/CFE_ES 91: Version Info: Module CONFIG, version git:2612eb0
EVS Port1 1980-012-14:03:20.09422 66/1/CFE_ES 91: Version Info: Module ES, version git:2612eb0
EVS Port1 1980-012-14:03:20.09446 66/1/CFE_ES 91: Version Info: Module EVS, version git:2612eb0
EVS Port1 1980-012-14:03:20.09466 66/1/CFE_ES 91: Version Info: Module FS, version git:2612eb0
EVS Port1 1980-012-14:03:20.09487 66/1/CFE_ES 91: Version Info: Module SB, version git:2612eb0
EVS Port1 1980-012-14:03:20.09500 66/1/CFE_ES 91: Version Info: Module TBL, version git:2612eb0
EVS Port1 1980-012-14:03:20.09544 66/1/CFE_ES 91: Version Info: Module TIME, version git:2612eb0
EVS Port1 1980-012-14:03:20.09570 66/1/CFE_ES 91: Version Info: Module OSAL, version git:8111e4a
EVS Port1 1980-012-14:03:20.09585 66/1/CFE_ES 91: Version Info: Module PSP, version git:d1da809
EVS Port1 1980-012-14:03:20.09599 66/1/CFE_ES 91: Version Info: Module MSG, version git:2612eb0
EVS Port1 1980-012-14:03:20.09608 66/1/CFE_ES 91: Version Info: Module SBR, version git:2612eb0
EVS Port1 1980-012-14:03:20.09619 66/1/CFE_ES 91: Version Info: Module RESOURCEID, version git:2612eb0
EVS Port1 1980-012-14:03:20.09675 66/1/CFE_ES 92: Build 202609111416 by root@vm, config aarch64
EVS Port1 1980-012-14:03:20.16700 66/1/CFE_EVS 1: cFE EVS Initialized: CFE_EVS v7.0.1+dev1 (Draco) DEV BUILD, based on v7.0.1, EDS disabled
1980-012-14:03:20.26950 CFE_SB_AppInit: Registered 4 events for filtering
EVS Port1 1980-012-14:03:20.27511 66/1/CFE_SB 1: cFE SB Initialized: CFE_SB v7.0.1+dev1 (Draco) DEV BUILD, based on v7.0.1, EDS disabled
EVS Port1 1980-012-14:03:20.27601 66/1/CFE_SB 14: No subscribers for MsgId 0x808,sender CFE_SB
EVS Port1 1980-012-14:03:20.37791 66/1/CFE_TBL 1: cFE TBL Initialized: CFE_TBL v7.0.1+dev1 (Draco) DEV BUILD, based on v7.0.1, EDS disabled
EVS Port1 1980-012-14:03:20.37963 66/1/CFE_SB 14: No subscribers for MsgId 0x808,sender CFE_TBL
EVS Port1 1980-012-14:03:20.49609 66/1/CFE_TIME 1: cFE TIME Initialized: CFE_TIME v7.0.1+dev1 (Draco) DEV BUILD, based on v7.0.1, EDS disabled
EVS Port1 1980-012-14:03:20.49688 66/1/CFE_SB 14: No subscribers for MsgId 0x808,sender CFE_TIME
1980-012-14:03:20.52881 CFE_ES_CreateObjects: Finished ES CreateObject table entries.
1980-012-14:03:20.52920 CFE_ES_Main: CFE_ES_Main entering CORE_READY state
1980-012-14:03:20.53608 CFE_ES_OpenStartupScript: Opened ES App Startup file: /cf/cfe_es_startup.scr
1980-012-14:03:20.58221 CFE_ES_ParseFileEntry: Loading shared library: /cf/cfe_assert.so
1980-012-14:03:20.59588 [BEGIN] CFE FUNCTIONAL TEST
1980-012-14:03:20.59689 [BEGIN] 01 CFE-STARTUP
1980-012-14:03:20.62719 CFE_ES_ParseFileEntry: Loading shared library: /cf/sample_lib.so
SAMPLE Lib Initialized.Sample Lib v7.0.0+dev1 (Draco) DEV BUILD, based on v7.0.1, EDS disabled
1980-012-14:03:20.66526 CFE_ES_ParseFileEntry: Loading file: /cf/sch_lab.so, APP: SCH_LAB
1980-012-14:03:20.70668 CFE_ES_ParseFileEntry: Loading file: /cf/ci_lab.so, APP: CI_LAB
1980-012-14:03:20.74818 CFE_ES_ParseFileEntry: Loading file: /cf/to_lab.so, APP: TO_LAB
SCH Lab Initialized.SCH Lab v7.0.1+dev1 (Draco) DEV BUILD, based on v7.0.1, EDS disabled
1980-012-14:03:20.79080 CFE_ES_ParseFileEntry: Loading file: /cf/sample_app.so, APP: SAMPLE_APP
EVS Port1 1980-012-14:03:20.82934 66/1/TO_LAB 1: TO Lab Initialized.TO Lab v7.0.1+dev1 (Draco) DEV BUILD, based on v7.0.1, EDS disabled, Awaiting enable command.
1980-012-14:03:20.83514 CFE_ES_ParseFileEntry: Loading file: /cf/ai_learner.so, APP: AI_LEARNER
EVS Port1 1980-012-14:03:20.83517 66/1/CFE_SB 14: No subscribers for MsgId 0x808,sender TO_LAB
EVS Port1 1980-012-14:03:20.87625 66/1/SAMPLE_APP 1: Sample App Initialized.Sample App v7.0.0+dev1 (Draco) DEV BUILD, based on v7.0.1, EDS disabled
1980-012-14:03:20.89569 CFE_ES_ParseFileEntry: Loading file: /cf/lc.so, APP: LC
1980-012-14:03:20.91292 CI_LAB listening on UDP port: 1234
{"app":"AI_LEARNER","stage":"build_config","model":"b2_resnet","allow_conditional_map":0,"contract_bounded_bytes":618856,"contract_per_call_bytes":309416,"contract_const_bytes":309440,"contract_bound_known":true,"contract_artifact_sha256":"2e0bc7dc67af80b795ff4847292e51326bf7349a34c434755c365faf4457fabb"}
EVS Port1 1980-012-14:03:20.91510 66/1/CI_LAB 3: CI Lab Initialized.CI Lab App v7.0.1+dev1 (Draco) DEV BUILD, based on v7.0.1, EDS disabled
{"app":"AI_LEARNER","stage":"stack","es_stack_size":263376,"stack_base_bytes":262144,"contract_kernel_stack_bytes":1232,"kernel_stack_accounted":true}
{"app":"AI_LEARNER","stage":"admission","verdict":"ADMIT","model":"b2_resnet","target":"aarch64-unknown-linux-gnu","bounded":618856,"budget":618856,"budget_source":"override","per_call":309416,"constants":309440,"kernel_stack_bytes":1232,"bound_known":true,"scope":"per_app_local_budget"}
EVS Port1 1980-012-14:03:20.91831 66/1/AI_LEARNER 8: AI_LEARNER stack: es=263376 base=262144 kernel=1232 accounted=1
1980-012-14:03:20.94367 CFE_ES_ParseFileEntry: Loading file: /cf/cf.so, APP: CF
1980-012-14:03:20.97912 CFE_ES_ParseFileEntry: Loading file: /cf/ds.so, APP: DS
EVS Port1 1980-012-14:03:20.98007 66/1/LC 56: WDT verify results: good = 0, bad = 0, unused = 176
EVS Port1 1980-012-14:03:20.99826 66/1/LC 66: ADT verify results: good = 0, bad = 0, unused = 176
EVS Port1 1980-012-14:03:21.00093 66/1/LC 23: LC use of Critical Data Store disabled, activity mask = 0x00991990
EVS Port1 1980-012-14:03:21.00592 66/1/LC 2: LC Initialized. Version 7.0.1.255
1980-012-14:03:21.03218 CFE_ES_ParseFileEntry: Loading file: /cf/fm.so, APP: FM
{"app":"AI_LEARNER","stage":"binding","verdict":"MATCH","artifact_bytes":343538,"artifact_sha256":"2e0bc7dc67af80b7","contract_sha256":"2e0bc7dc67af80b7"}
1980-012-14:03:21.07285 CFE_ES_ParseFileEntry: Loading file: /cf/hk.so, APP: HK
EVS Port1 1980-012-14:03:21.07492 66/1/DS 10: Destination file table verify results: good entries = 6, bad = 0, unused = 10
EVS Port1 1980-012-14:03:21.07606 66/1/CF 20: CF Initialized. Version 7.0.1.255
EVS Port1 1980-012-14:03:21.08827 66/1/DS 12: Filter table verify results: good entries = 14, bad = 0, unused = 242
EVS Port1 1980-012-14:03:21.09983 66/1/DS 1: Application initialized, version 7.0.1.255, data at 0xe5d54a520460
EVS Port1 1980-012-14:03:21.12191 66/1/FM 80: Free Space Table verify results: good entries = 3, bad = 0, unused = 5
1980-012-14:03:21.13686 CFE_ES_ParseFileEntry: Loading file: /cf/hs.so, APP: HS
EVS Port1 1980-012-14:03:21.14497 66/1/FM 1: Initialization complete: version 7.0.1.255
{"app":"AI_LEARNER","stage":"map_branch","model":"b2_resnet","module_ptr_mod64":0,"hal_peak_after_append":0,"contract_const_bytes":309440,"contract_per_call_bytes":309416,"arm":"map","admission_mode":"unconditional"}
{"app":"AI_LEARNER","stage":"mem_init","model":"b2_resnet","target":"aarch64-unknown-linux-gnu","hal_peak":12288,"hal_allocated":12288,"bounded":618856,"peak_within_bounded":true,"inferences_so_far":0,"process_rss_kb":7136,"rss_kb_before_runtime":6536,"rss_kb_after_session":6872,"rss_kb_after_init":7136}
EVS Port1 1980-012-14:03:21.17512 66/1/HK 1: HK Initialized.  Version 7.0.1.255
EVS Port1 1980-012-14:03:21.19418 66/1/FM 72: Child Task initialization complete
1980-012-14:03:21.20128 CFE_ES_ParseFileEntry: Loading file: /cf/mm.so, APP: MM
EVS Port1 1980-012-14:03:21.28906 66/1/HS 54: ExeCount verify results: good = 5, bad = 0, unused = 27
1980-012-14:03:21.30511 CFE_ES_ParseFileEntry: Loading file: /cf/sc.so, APP: SC
EVS Port1 1980-012-14:03:21.31086 66/1/MM 1: MM Initialized. Version 7.0.1.255
EVS Port1 1980-012-14:03:21.31938 66/1/HS 50: AppMon verify results: good = 0, bad = 0, unused = 32
EVS Port1 1980-012-14:03:21.35820 66/1/HS 52: EventMon verify results: good = 0, bad = 0, unused = 16
EVS Port1 1980-012-14:03:21.38429 66/1/HS 56: MsgActs verify results: good = 2, bad = 0, unused = 6
1980-012-14:03:21.40405 HS_SysMonInit(): System Monitor using PSP device ID 0110ff05
CFE_PSP(Linux_SysMon): Started CPU utilization monitoring on 2 CPU(s)
EVS Port1 1980-012-14:03:21.46575 66/1/HS 1: HS Initialized.  Version 7.0.1.255
1980-012-14:03:21.49294 CFE_ES_ParseFileEntry: Loading file: /cf/md.so, APP: MD
EVS Port1 1980-012-14:03:21.56629 66/1/SC 21: RTS table files not loaded at initialization = 0 of 4
EVS Port1 1980-012-14:03:21.58406 66/1/SC 9: SC Initialized. Version 7.0.1.255
1980-012-14:03:21.63616 CFE_ES_ParseFileEntry: Loading file: /cf/cs.so, APP: CS
EVS Port1 1980-012-14:03:21.66932 66/1/MD 52: MD Dwell Tbl verify results: good = 0, bad = 0, unused = 25
EVS Port1 1980-012-14:03:21.72323 66/1/MD 52: MD Dwell Tbl verify results: good = 0, bad = 0, unused = 25
EVS Port1 1980-012-14:03:21.76614 66/1/MD 52: MD Dwell Tbl verify results: good = 0, bad = 0, unused = 25
EVS Port1 1980-012-14:03:21.79083 66/1/MD 52: MD Dwell Tbl verify results: good = 0, bad = 0, unused = 25
EVS Port1 1980-012-14:03:21.79432 66/1/CS 144: CS EEPROM Table verification results: good = 0, bad = 0, unused = 16
EVS Port1 1980-012-14:03:21.81715 66/1/CS 107: CS EEPROM Table: No valid entries in the table
EVS Port1 1980-012-14:03:21.81419 66/1/MD 7: Dwell Tables Recovered: 0, Dwell Tables Initialized: 4
EVS Port1 1980-012-14:03:21.83367 66/1/MD 1: MD Initialized.  Version 7.0.1.255
EVS Port1 1980-012-14:03:21.85702 66/1/CS 143: CS Memory Table verification results: good = 0, bad = 0, unused = 16
EVS Port1 1980-012-14:03:21.85888 66/1/CS 107: CS Memory Table: No valid entries in the table
EVS Port1 1980-012-14:03:21.88195 66/1/CS 139: CS Tables Table verification results: good = 1, bad = 0, unused = 23
EVS Port1 1980-012-14:03:21.90423 66/1/CS 142: CS Apps Table verification results: good = 0, bad = 0, unused = 24
EVS Port1 1980-012-14:03:21.91168 66/1/CS 108: CS Apps Table: No valid entries in the table
EVS Port1 1980-012-14:03:21.91291 66/1/CS 127: OS Text Segment disabled due to platform
EVS Port1 1980-012-14:03:21.92404 66/1/CS 1: CS Initialized. Version 7.0.1.255
EVS Port1 1980-012-14:03:22.01126 66/1/CFE_TIME 21: Stop FLYWHEEL
1980-012-14:03:22.73098 CFE_ES_Main: Startup Sync failed - Applications may not have all initialized
1980-012-14:03:22.73150 CFE_ES_Main: CFE_ES_Main entering APPS_INIT state
1980-012-14:03:23.76879 CFE_ES_Main: Startup Sync failed - Applications may not have all started
1980-012-14:03:23.76957 CFE_ES_Main: CFE_ES_Main entering OPERATIONAL state
EVS Port1 1980-012-14:03:23.83302 66/1/TO_LAB 19: L550 TO Lab subscribed to 32 messages from the table
.EVS Port1 1980-012-14:03:32.11909 66/1/CFE_TIME 20: Start FLYWHEEL
EVS Port1 1980-012-14:03:32.01991 66/1/CFE_TIME 21: Stop FLYWHEEL
.....EVS Port1 1980-012-14:04:02.00424 66/1/CFE_TIME 21: Stop FLYWHEEL
EVS Port1 1980-012-14:04:03.01441 66/1/CFE_TIME 20: Start FLYWHEEL
EVS Port1 1980-012-14:04:04.01339 66/1/CFE_TIME 21: Stop FLYWHEEL
EVS Port1 1980-012-14:04:04.99806 66/1/CFE_TIME 20: Start FLYWHEEL
.EVS Port1 1980-012-14:04:10.03216 66/1/CFE_TIME 21: Stop FLYWHEEL
EVS Port1 1980-012-14:04:10.99085 66/1/CFE_TIME 20: Start FLYWHEEL
.EVS Port1 1980-012-14:04:12.04490 66/1/CFE_TIME 21: Stop FLYWHEEL
EVS Port1 1980-012-14:04:13.00698 66/1/CFE_TIME 20: Start FLYWHEEL
EVS Port1 1980-012-14:04:14.01296 66/1/CFE_TIME 21: Stop FLYWHEEL
EVS Port1 1980-012-14:04:14.99693 66/1/CFE_TIME 20: Start FLYWHEEL
EVS Port1 1980-012-14:04:16.00990 66/1/CFE_TIME 21: Stop FLYWHEEL
.EVS Port1 1980-012-14:04:16.99813 66/1/CFE_TIME 20: Start FLYWHEEL
...{"app":"AI_LEARNER","stage":"e25_equivalence","inputs":200,"completed":200,"model":"b2_resnet","target":"aarch64-unknown-linux-gnu","artifact_sha256":"2e0bc7dc67af80b7..."}
{"app":"AI_LEARNER","stage":"e25_mode","active":true,"inputs_path":"/cf/e25_inputs.bin"}
EVS Port1 1980-012-14:04:40.59680 66/1/AI_LEARNER 4: AI_LEARNER: E25 equivalence 200/200 inferences written
EVS Port1 1980-012-14:04:40.60078 66/1/AI_LEARNER 3: AI_LEARNER initialized: model b2_resnet (343538 B), rss_delta_init=600 KB
.EVS Port1 1980-012-14:04:40.97279 66/1/AI_LEARNER 4: AI_LEARNER completed=1/1 mean=316542.0us max=316542.0us hal_peak=309416 within_bounded=1
{"app":"AI_LEARNER","stage":"run","model":"b2_resnet","target":"aarch64-unknown-linux-gnu","attempted":1,"completed":1,"fail_input":0,"fail_invoke":0,"fail_output":0,"mean_us":316541.95,"max_us":316541.95,"last_us":316541.95,"out0":0.34946,"out":[0.349459,0.001114,0.001795,0.065403,0.335932,0.006331,0.201360,0.013375,0.019186,0.006046]}
{"app":"AI_LEARNER","stage":"mem","model":"b2_resnet","target":"aarch64-unknown-linux-gnu","completed":1,"hal_peak":309416,"peak_within_bounded":true,"admitted_budget_bytes":618856,"peak_within_admitted_budget":true,"admission_mode":"unconditional","hal_bytes_per_call_amortized":59735016.0,"process_rss_kb":7804,"process_rss_delta_init_kb":600}
EVS Port1 1980-012-14:04:45.20608 66/1/AI_LEARNER 4: AI_LEARNER completed=2/2 mean=435083.9us max=553625.9us hal_peak=309416 within_bounded=1
{"app":"AI_LEARNER","stage":"run","model":"b2_resnet","target":"aarch64-unknown-linux-gnu","attempted":2,"completed":2,"fail_input":0,"fail_invoke":0,"fail_output":0,"mean_us":435083.93,"max_us":553625.90,"last_us":553625.90,"out0":0.34946,"out":[0.349459,0.001114,0.001795,0.065403,0.335932,0.006331,0.201360,0.013375,0.019186,0.006046]}
{"app":"AI_LEARNER","stage":"mem","model":"b2_resnet","target":"aarch64-unknown-linux-gnu","completed":2,"hal_peak":309416,"peak_within_bounded":true,"admitted_budget_bytes":618856,"peak_within_admitted_budget":true,"admission_mode":"unconditional","hal_bytes_per_call_amortized":30016072.0,"process_rss_kb":7804,"process_rss_delta_init_kb":600}
.EVS Port1 1980-012-14:04:49.01214 66/1/CFE_TIME 21: Stop FLYWHEEL
EVS Port1 1980-012-14:04:49.23611 66/1/AI_LEARNER 4: AI_LEARNER completed=3/3 mean=489733.7us max=599033.2us hal_peak=309416 within_bounded=1
{"app":"AI_LEARNER","stage":"run","model":"b2_resnet","target":"aarch64-unknown-linux-gnu","attempted":3,"completed":3,"fail_input":0,"fail_invoke":0,"fail_output":0,"mean_us":489733.69,"max_us":599033.22,"last_us":599033.22,"out0":0.34946,"out":[0.349459,0.001114,0.001795,0.065403,0.335932,0.006331,0.201360,0.013375,0.019186,0.006046]}
{"app":"AI_LEARNER","stage":"mem","model":"b2_resnet","target":"aarch64-unknown-linux-gnu","completed":3,"hal_peak":309416,"peak_within_bounded":true,"admitted_budget_bytes":618856,"peak_within_admitted_budget":true,"admission_mode":"unconditional","hal_bytes_per_call_amortized":20109757.3,"process_rss_kb":7808,"process_rss_delta_init_kb":600}
EVS Port1 1980-012-14:04:49.98362 66/1/CFE_TIME 20: Start FLYWHEEL
.{"app":"AI_LEARNER","stage":"run","model":"b2_resnet","target":"aarch64-unknown-linux-gnu","attempted":4,"completed":4,"fail_input":0,"fail_invoke":0,"fail_output":0,"mean_us":528327.72,"max_us":644109.79,"last_us":644109.79,"out0":0.34946,"out":[0.349459,0.001114,0.001795,0.065403,0.335932,0.006331,0.201360,0.013375,0.019186,0.006046]}
EVS Port1 1980-012-14:04:53.29907 66/1/AI_LEARNER 4: AI_LEARNER completed=4/4 mean=528327.7us max=644109.8us hal_peak=309416 within_bounded=1
{"app":"AI_LEARNER","stage":"mem","model":"b2_resnet","target":"aarch64-unknown-linux-gnu","completed":4,"hal_peak":309416,"peak_within_bounded":true,"admitted_budget_bytes":618856,"peak_within_admitted_budget":true,"admission_mode":"unconditional","hal_bytes_per_call_amortized":15156600.0,"process_rss_kb":7808,"process_rss_delta_init_kb":600}
EVS Port1 1980-012-14:04:57.28779 66/1/AI_LEARNER 4: AI_LEARNER completed=5/5 mean=549608.7us max=644109.8us hal_peak=309416 within_bounded=1
{"app":"AI_LEARNER","stage":"run","model":"b2_resnet","target":"aarch64-unknown-linux-gnu","attempted":5,"completed":5,"fail_input":0,"fail_invoke":0,"fail_output":0,"mean_us":549608.73,"max_us":644109.79,"last_us":634732.78,"out0":0.34946,"out":[0.349459,0.001114,0.001795,0.065403,0.335932,0.006331,0.201360,0.013375,0.019186,0.006046]}
{"app":"AI_LEARNER","stage":"mem","model":"b2_resnet","target":"aarch64-unknown-linux-gnu","completed":5,"hal_peak":309416,"peak_within_bounded":true,"admitted_budget_bytes":618856,"peak_within_admitted_budget":true,"admission_mode":"unconditional","hal_bytes_per_call_amortized":12184705.6,"process_rss_kb":7808,"process_rss_delta_init_kb":600}
.EVS Port1 1980-012-14:05:01.00778 66/1/CFE_TIME 21: Stop FLYWHEEL
{"app":"AI_LEARNER","stage":"run","model":"b2_resnet","target":"aarch64-unknown-linux-gnu","attempted":6,"completed":6,"fail_input":0,"fail_invoke":0,"fail_output":0,"mean_us":575752.20,"max_us":706469.55,"last_us":706469.55,"out0":0.34946,"out":[0.349459,0.001114,0.001795,0.065403,0.335932,0.006331,0.201360,0.013375,0.019186,0.006046]}
EVS Port1 1980-012-14:05:01.35749 66/1/AI_LEARNER 4: AI_LEARNER completed=6/6 mean=575752.2us max=706469.6us hal_peak=309416 within_bounded=1
{"app":"AI_LEARNER","stage":"mem","model":"b2_resnet","target":"aarch64-unknown-linux-gnu","completed":6,"hal_peak":309416,"peak_within_bounded":true,"admitted_budget_bytes":618856,"peak_within_admitted_budget":true,"admission_mode":"unconditional","hal_bytes_per_call_amortized":10203442.7,"process_rss_kb":7808,"process_rss_delta_init_kb":600}
EVS Port1 1980-012-14:05:02.00695 66/1/CFE_TIME 20: Start FLYWHEEL
.EVS Port1 1980-012-14:05:04.97799 66/1/AI_LEARNER 4: AI_LEARNER completed=7/7 mean=540022.4us max=706469.6us hal_peak=309416 within_bounded=1
{"app":"AI_LEARNER","stage":"run","model":"b2_resnet","target":"aarch64-unknown-linux-gnu","attempted":7,"completed":7,"fail_input":0,"fail_invoke":0,"fail_output":0,"mean_us":540022.37,"max_us":706469.55,"last_us":325643.36,"out0":0.34946,"out":[0.349459,0.001114,0.001795,0.065403,0.335932,0.006331,0.201360,0.013375,0.019186,0.006046]}
{"app":"AI_LEARNER","stage":"mem","model":"b2_resnet","target":"aarch64-unknown-linux-gnu","completed":7,"hal_peak":309416,"peak_within_bounded":true,"admitted_budget_bytes":618856,"peak_within_admitted_budget":true,"admission_mode":"unconditional","hal_bytes_per_call_amortized":8788254.9,"process_rss_kb":7808,"process_rss_delta_init_kb":600}
EVS Port1 1980-012-14:05:08.98202 66/1/AI_LEARNER 4: AI_LEARNER completed=8/8 mean=512946.5us max=706469.6us hal_peak=309416 within_bounded=1
{"app":"AI_LEARNER","stage":"run","model":"b2_resnet","target":"aarch64-unknown-linux-gnu","attempted":8,"completed":8,"fail_input":0,"fail_invoke":0,"fail_output":0,"mean_us":512946.50,"max_us":706469.55,"last_us":323415.46,"out0":0.34946,"out":[0.349459,0.001114,0.001795,0.065403,0.335932,0.006331,0.201360,0.013375,0.019186,0.006046]}
{"app":"AI_LEARNER","stage":"mem","model":"b2_resnet","target":"aarch64-unknown-linux-gnu","completed":8,"hal_peak":309416,"peak_within_bounded":true,"admitted_budget_bytes":618856,"peak_within_admitted_budget":true,"admission_mode":"unconditional","hal_bytes_per_call_amortized":7726864.0,"process_rss_kb":7808,"process_rss_delta_init_kb":600}
.EVS Port1 1980-012-14:05:12.98794 66/1/AI_LEARNER 4: AI_LEARNER completed=9/9 mean=493175.8us max=706469.6us hal_peak=309416 within_bounded=1
{"app":"AI_LEARNER","stage":"run","model":"b2_resnet","target":"aarch64-unknown-linux-gnu","attempted":9,"completed":9,"fail_input":0,"fail_invoke":0,"fail_output":0,"mean_us":493175.84,"max_us":706469.55,"last_us":335010.56,"out0":0.34946,"out":[0.349459,0.001114,0.001795,0.065403,0.335932,0.006331,0.201360,0.013375,0.019186,0.006046]}
{"app":"AI_LEARNER","stage":"mem","model":"b2_resnet","target":"aarch64-unknown-linux-gnu","completed":9,"hal_peak":309416,"peak_within_bounded":true,"admitted_budget_bytes":618856,"peak_within_admitted_budget":true,"admission_mode":"unconditional","hal_bytes_per_call_amortized":6901337.8,"process_rss_kb":7808,"process_rss_delta_init_kb":600}
.{"app":"AI_LEARNER","stage":"run","model":"b2_resnet","target":"aarch64-unknown-linux-gnu","attempted":10,"completed":10,"fail_input":0,"fail_invoke":0,"fail_output":0,"mean_us":481248.72,"max_us":706469.55,"last_us":373904.58,"out0":0.34946,"out":[0.349459,0.001114,0.001795,0.065403,0.335932,0.006331,0.201360,0.013375,0.019186,0.006046]}
EVS Port1 1980-012-14:05:17.01739 66/1/AI_LEARNER 4: AI_LEARNER completed=10/10 mean=481248.7us max=706469.6us hal_peak=309416 within_bounded=1
{"app":"AI_LEARNER","stage":"mem","model":"b2_resnet","target":"aarch64-unknown-linux-gnu","completed":10,"hal_peak":309416,"peak_within_bounded":true,"admitted_budget_bytes":618856,"peak_within_admitted_budget":true,"admission_mode":"unconditional","hal_bytes_per_call_amortized":6240916.8,"process_rss_kb":7808,"process_rss_delta_init_kb":600}
EVS Port1 1980-012-14:05:21.00915 66/1/AI_LEARNER 4: AI_LEARNER completed=11/11 mean=469523.7us max=706469.6us hal_peak=309416 within_bounded=1
{"app":"AI_LEARNER","stage":"run","model":"b2_resnet","target":"aarch64-unknown-linux-gnu","attempted":11,"completed":11,"fail_input":0,"fail_invoke":0,"fail_output":0,"mean_us":469523.71,"max_us":706469.55,"last_us":352273.62,"out0":0.34946,"out":[0.349459,0.001114,0.001795,0.065403,0.335932,0.006331,0.201360,0.013375,0.019186,0.006046]}
{"app":"AI_LEARNER","stage":"mem","model":"b2_resnet","target":"aarch64-unknown-linux-gnu","completed":11,"hal_peak":309416,"peak_within_bounded":true,"admitted_budget_bytes":618856,"peak_within_admitted_budget":true,"admission_mode":"unconditional","hal_bytes_per_call_amortized":5700572.4,"process_rss_kb":7808,"process_rss_delta_init_kb":600}
.EVS Port1 1980-012-14:05:24.97828 66/1/AI_LEARNER 4: AI_LEARNER completed=12/12 mean=457678.2us max=706469.6us hal_peak=309416 within_bounded=1
{"app":"AI_LEARNER","stage":"run","model":"b2_resnet","target":"aarch64-unknown-linux-gnu","attempted":12,"completed":12,"fail_input":0,"fail_invoke":0,"fail_output":0,"mean_us":457678.17,"max_us":706469.55,"last_us":327377.25,"out0":0.34946,"out":[0.349459,0.001114,0.001795,0.065403,0.335932,0.006331,0.201360,0.013375,0.019186,0.006046]}
{"app":"AI_LEARNER","stage":"mem","model":"b2_resnet","target":"aarch64-unknown-linux-gnu","completed":12,"hal_peak":309416,"peak_within_bounded":true,"admitted_budget_bytes":618856,"peak_within_admitted_budget":true,"admission_mode":"unconditional","hal_bytes_per_call_amortized":5250285.3,"process_rss_kb":7808,"process_rss_delta_init_kb":600}
.{"app":"AI_LEARNER","stage":"run","model":"b2_resnet","target":"aarch64-unknown-linux-gnu","attempted":13,"completed":13,"fail_input":0,"fail_invoke":0,"fail_output":0,"mean_us":448864.36,"max_us":706469.55,"last_us":343098.70,"out0":0.34946,"out":[0.349459,0.001114,0.001795,0.065403,0.335932,0.006331,0.201360,0.013375,0.019186,0.006046]}
EVS Port1 1980-012-14:05:28.99630 66/1/AI_LEARNER 4: AI_LEARNER completed=13/13 mean=448864.4us max=706469.6us hal_peak=309416 within_bounded=1
{"app":"AI_LEARNER","stage":"mem","model":"b2_resnet","target":"aarch64-unknown-linux-gnu","completed":13,"hal_peak":309416,"peak_within_bounded":true,"admitted_budget_bytes":618856,"peak_within_admitted_budget":true,"admission_mode":"unconditional","hal_bytes_per_call_amortized":4869273.2,"process_rss_kb":7808,"process_rss_delta_init_kb":600}
EVS Port1 1980-012-14:05:32.99696 66/1/AI_LEARNER 4: AI_LEARNER completed=14/14 mean=441160.6us max=706469.6us hal_peak=309416 within_bounded=1
{"app":"AI_LEARNER","stage":"run","model":"b2_resnet","target":"aarch64-unknown-linux-gnu","attempted":14,"completed":14,"fail_input":0,"fail_invoke":0,"fail_output":0,"mean_us":441160.59,"max_us":706469.55,"last_us":341011.57,"out0":0.34946,"out":[0.349459,0.001114,0.001795,0.065403,0.335932,0.006331,0.201360,0.013375,0.019186,0.006046]}
{"app":"AI_LEARNER","stage":"mem","model":"b2_resnet","target":"aarch64-unknown-linux-gnu","completed":14,"hal_peak":309416,"peak_within_bounded":true,"admitted_budget_bytes":618856,"peak_within_admitted_budget":true,"admission_mode":"unconditional","hal_bytes_per_call_amortized":4542691.4,"process_rss_kb":7808,"process_rss_delta_init_kb":600}
.EVS Port1 1980-012-14:05:36.97839 66/1/AI_LEARNER 4: AI_LEARNER completed=15/15 mean=433407.9us max=706469.6us hal_peak=309416 within_bounded=1
{"app":"AI_LEARNER","stage":"run","model":"b2_resnet","target":"aarch64-unknown-linux-gnu","attempted":15,"completed":15,"fail_input":0,"fail_invoke":0,"fail_output":0,"mean_us":433407.87,"max_us":706469.55,"last_us":324869.81,"out0":0.34946,"out":[0.349459,0.001114,0.001795,0.065403,0.335932,0.006331,0.201360,0.013375,0.019186,0.006046]}
{"app":"AI_LEARNER","stage":"mem","model":"b2_resnet","target":"aarch64-unknown-linux-gnu","completed":15,"hal_peak":309416,"peak_within_bounded":true,"admitted_budget_bytes":618856,"peak_within_admitted_budget":true,"admission_mode":"unconditional","hal_bytes_per_call_amortized":4259653.9,"process_rss_kb":7808,"process_rss_delta_init_kb":600}
.EVS Port1 1980-012-14:05:40.98571 66/1/AI_LEARNER 4: AI_LEARNER completed=16/16 mean=427147.1us max=706469.6us hal_peak=309416 within_bounded=1
{"app":"AI_LEARNER","stage":"run","model":"b2_resnet","target":"aarch64-unknown-linux-gnu","attempted":16,"completed":16,"fail_input":0,"fail_invoke":0,"fail_output":0,"mean_us":427147.15,"max_us":706469.55,"last_us":333236.26,"out0":0.34946,"out":[0.349459,0.001114,0.001795,0.065403,0.335932,0.006331,0.201360,0.013375,0.019186,0.006046]}
{"app":"AI_LEARNER","stage":"mem","model":"b2_resnet","target":"aarch64-unknown-linux-gnu","completed":16,"hal_peak":309416,"peak_within_bounded":true,"admitted_budget_bytes":618856,"peak_within_admitted_budget":true,"admission_mode":"unconditional","hal_bytes_per_call_amortized":4011996.0,"process_rss_kb":7808,"process_rss_delta_init_kb":600}
{"app":"AI_LEARNER","stage":"run","model":"b2_resnet","target":"aarch64-unknown-linux-gnu","attempted":17,"completed":17,"fail_input":0,"fail_invoke":0,"fail_output":0,"mean_us":420839.84,"max_us":706469.55,"last_us":319922.91,"out0":0.34946,"out":[0.349459,0.001114,0.001795,0.065403,0.335932,0.006331,0.201360,0.013375,0.019186,0.006046]}
EVS Port1 1980-012-14:05:44.97134 66/1/AI_LEARNER 4: AI_LEARNER completed=17/17 mean=420839.8us max=706469.6us hal_peak=309416 within_bounded=1
{"app":"AI_LEARNER","stage":"mem","model":"b2_resnet","target":"aarch64-unknown-linux-gnu","completed":17,"hal_peak":309416,"peak_within_bounded":true,"admitted_budget_bytes":618856,"peak_within_admitted_budget":true,"admission_mode":"unconditional","hal_bytes_per_call_amortized":3793474.4,"process_rss_kb":7808,"process_rss_delta_init_kb":600}
.EVS Port1 1980-012-14:05:48.97680 66/1/AI_LEARNER 4: AI_LEARNER completed=18/18 mean=415274.2us max=706469.6us hal_peak=309416 within_bounded=1
{"app":"AI_LEARNER","stage":"run","model":"b2_resnet","target":"aarch64-unknown-linux-gnu","attempted":18,"completed":18,"fail_input":0,"fail_invoke":0,"fail_output":0,"mean_us":415274.19,"max_us":706469.55,"last_us":320658.21,"out0":0.34946,"out":[0.349459,0.001114,0.001795,0.065403,0.335932,0.006331,0.201360,0.013375,0.019186,0.006046]}
{"app":"AI_LEARNER","stage":"mem","model":"b2_resnet","target":"aarch64-unknown-linux-gnu","completed":18,"hal_peak":309416,"peak_within_bounded":true,"admitted_budget_bytes":618856,"peak_within_admitted_budget":true,"admission_mode":"unconditional","hal_bytes_per_call_amortized":3599232.9,"process_rss_kb":7808,"process_rss_delta_init_kb":600}
.EVS Port1 1980-012-14:05:53.00422 66/1/AI_LEARNER 4: AI_LEARNER completed=19/19 mean=411809.1us max=706469.6us hal_peak=309416 within_bounded=1
{"app":"AI_LEARNER","stage":"run","model":"b2_resnet","target":"aarch64-unknown-linux-gnu","attempted":19,"completed":19,"fail_input":0,"fail_invoke":0,"fail_output":0,"mean_us":411809.08,"max_us":706469.55,"last_us":349437.12,"out0":0.34946,"out":[0.349459,0.001114,0.001795,0.065403,0.335932,0.006331,0.201360,0.013375,0.019186,0.006046]}
{"app":"AI_LEARNER","stage":"mem","model":"b2_resnet","target":"aarch64-unknown-linux-gnu","completed":19,"hal_peak":309416,"peak_within_bounded":true,"admitted_budget_bytes":618856,"peak_within_admitted_budget":true,"admission_mode":"unconditional","hal_bytes_per_call_amortized":3425437.9,"process_rss_kb":7808,"process_rss_delta_init_kb":600}
EVS Port1 1980-012-14:05:57.02644 66/1/AI_LEARNER 4: AI_LEARNER completed=20/20 mean=409021.5us max=706469.6us hal_peak=309416 within_bounded=1
{"app":"AI_LEARNER","stage":"run","model":"b2_resnet","target":"aarch64-unknown-linux-gnu","attempted":20,"completed":20,"fail_input":0,"fail_invoke":0,"fail_output":0,"mean_us":409021.52,"max_us":706469.55,"last_us":356057.90,"out0":0.34946,"out":[0.349459,0.001114,0.001795,0.065403,0.335932,0.006331,0.201360,0.013375,0.019186,0.006046]}
{"app":"AI_LEARNER","stage":"mem","model":"b2_resnet","target":"aarch64-unknown-linux-gnu","completed":20,"hal_peak":309416,"peak_within_bounded":true,"admitted_budget_bytes":618856,"peak_within_admitted_budget":true,"admission_mode":"unconditional","hal_bytes_per_call_amortized":3269022.4,"process_rss_kb":7808,"process_rss_delta_init_kb":600}
.EVS Port1 1980-012-14:06:01.00582 66/1/CFE_TIME 21: Stop FLYWHEEL
EVS Port1 1980-012-14:06:01.05514 66/1/AI_LEARNER 4: AI_LEARNER completed=21/21 mean=408732.7us max=706469.6us hal_peak=309416 within_bounded=1
{"app":"AI_LEARNER","stage":"run","model":"b2_resnet","target":"aarch64-unknown-linux-gnu","attempted":21,"completed":21,"fail_input":0,"fail_invoke":0,"fail_output":0,"mean_us":408732.67,"max_us":706469.55,"last_us":402955.58,"out0":0.34946,"out":[0.349459,0.001114,0.001795,0.065403,0.335932,0.006331,0.201360,0.013375,0.019186,0.006046]}
{"app":"AI_LEARNER","stage":"mem","model":"b2_resnet","target":"aarch64-unknown-linux-gnu","completed":21,"hal_peak":309416,"peak_within_bounded":true,"admitted_budget_bytes":618856,"peak_within_admitted_budget":true,"admission_mode":"unconditional","hal_bytes_per_call_amortized":3127503.6,"process_rss_kb":7808,"process_rss_delta_init_kb":600}
EVS Port1 1980-012-14:06:01.99607 66/1/CFE_TIME 20: Start FLYWHEEL
.EVS Port1 1980-012-14:06:04.99693 66/1/AI_LEARNER 4: AI_LEARNER completed=22/22 mean=404763.2us max=706469.6us hal_peak=309416 within_bounded=1
{"app":"AI_LEARNER","stage":"run","model":"b2_resnet","target":"aarch64-unknown-linux-gnu","attempted":22,"completed":22,"fail_input":0,"fail_invoke":0,"fail_output":0,"mean_us":404763.24,"max_us":706469.55,"last_us":321405.30,"out0":0.34946,"out":[0.349459,0.001114,0.001795,0.065403,0.335932,0.006331,0.201360,0.013375,0.019186,0.006046]}
{"app":"AI_LEARNER","stage":"mem","model":"b2_resnet","target":"aarch64-unknown-linux-gnu","completed":22,"hal_peak":309416,"peak_within_bounded":true,"admitted_budget_bytes":618856,"peak_within_admitted_budget":true,"admission_mode":"unconditional","hal_bytes_per_call_amortized":2998850.2,"process_rss_kb":7808,"process_rss_delta_init_kb":600}
EVS Port1 1980-012-14:06:05.00387 66/1/CFE_TIME 21: Stop FLYWHEEL
EVS Port1 1980-012-14:06:05.99594 66/1/CFE_TIME 20: Start FLYWHEEL
EVS Port1 1980-012-14:06:09.05076 66/1/AI_LEARNER 4: AI_LEARNER completed=23/23 mean=403338.9us max=706469.6us hal_peak=309416 within_bounded=1
{"app":"AI_LEARNER","stage":"run","model":"b2_resnet","target":"aarch64-unknown-linux-gnu","attempted":23,"completed":23,"fail_input":0,"fail_invoke":0,"fail_output":0,"mean_us":403338.87,"max_us":706469.55,"last_us":372002.59,"out0":0.34946,"out":[0.349459,0.001114,0.001795,0.065403,0.335932,0.006331,0.201360,0.013375,0.019186,0.006046]}
{"app":"AI_LEARNER","stage":"mem","model":"b2_resnet","target":"aarch64-unknown-linux-gnu","completed":23,"hal_peak":309416,"peak_within_bounded":true,"admitted_budget_bytes":618856,"peak_within_admitted_budget":true,"admission_mode":"unconditional","hal_bytes_per_call_amortized":2881384.0,"process_rss_kb":7808,"process_rss_delta_init_kb":600}
.EVS Port1 1980-012-14:06:13.00213 66/1/AI_LEARNER 4: AI_LEARNER completed=24/24 mean=401112.7us max=706469.6us hal_peak=309416 within_bounded=1
{"app":"AI_LEARNER","stage":"run","model":"b2_resnet","target":"aarch64-unknown-linux-gnu","attempted":24,"completed":24,"fail_input":0,"fail_invoke":0,"fail_output":0,"mean_us":401112.66,"max_us":706469.55,"last_us":349909.86,"out0":0.34946,"out":[0.349459,0.001114,0.001795,0.065403,0.335932,0.006331,0.201360,0.013375,0.019186,0.006046]}
{"app":"AI_LEARNER","stage":"mem","model":"b2_resnet","target":"aarch64-unknown-linux-gnu","completed":24,"hal_peak":309416,"peak_within_bounded":true,"admitted_budget_bytes":618856,"peak_within_admitted_budget":true,"admission_mode":"unconditional","hal_bytes_per_call_amortized":2773706.7,"process_rss_kb":7808,"process_rss_delta_init_kb":600}
.EVS Port1 1980-012-14:06:17.06539 66/1/AI_LEARNER 4: AI_LEARNER completed=25/25 mean=400839.1us max=706469.6us hal_peak=309416 within_bounded=1
{"app":"AI_LEARNER","stage":"run","model":"b2_resnet","target":"aarch64-unknown-linux-gnu","attempted":25,"completed":25,"fail_input":0,"fail_invoke":0,"fail_output":0,"mean_us":400839.08,"max_us":706469.55,"last_us":394273.22,"out0":0.34946,"out":[0.349459,0.001114,0.001795,0.065403,0.335932,0.006331,0.201360,0.013375,0.019186,0.006046]}
{"app":"AI_LEARNER","stage":"mem","model":"b2_resnet","target":"aarch64-unknown-linux-gnu","completed":25,"hal_peak":309416,"peak_within_bounded":true,"admitted_budget_bytes":618856,"peak_within_admitted_budget":true,"admission_mode":"unconditional","hal_bytes_per_call_amortized":2674643.5,"process_rss_kb":7808,"process_rss_delta_init_kb":600}
EVS Port1 1980-012-14:06:21.07183 66/1/AI_LEARNER 4: AI_LEARNER completed=26/26 mean=401499.2us max=706469.6us hal_peak=309416 within_bounded=1
{"app":"AI_LEARNER","stage":"run","model":"b2_resnet","target":"aarch64-unknown-linux-gnu","attempted":26,"completed":26,"fail_input":0,"fail_invoke":0,"fail_output":0,"mean_us":401499.24,"max_us":706469.55,"last_us":418003.28,"out0":0.34946,"out":[0.349459,0.001114,0.001795,0.065403,0.335932,0.006331,0.201360,0.013375,0.019186,0.006046]}
{"app":"AI_LEARNER","stage":"mem","model":"b2_resnet","target":"aarch64-unknown-linux-gnu","completed":26,"hal_peak":309416,"peak_within_bounded":true,"admitted_budget_bytes":618856,"peak_within_admitted_budget":true,"admission_mode":"unconditional","hal_bytes_per_call_amortized":2583200.6,"process_rss_kb":7808,"process_rss_delta_init_kb":600}
.EVS Port1 1980-012-14:06:24.99208 66/1/AI_LEARNER 4: AI_LEARNER completed=27/27 mean=398966.0us max=706469.6us hal_peak=309416 within_bounded=1
{"app":"AI_LEARNER","stage":"run","model":"b2_resnet","target":"aarch64-unknown-linux-gnu","attempted":27,"completed":27,"fail_input":0,"fail_invoke":0,"fail_output":0,"mean_us":398965.96,"max_us":706469.55,"last_us":333100.62,"out0":0.34946,"out":[0.349459,0.001114,0.001795,0.065403,0.335932,0.006331,0.201360,0.013375,0.019186,0.006046]}
{"app":"AI_LEARNER","stage":"mem","model":"b2_resnet","target":"aarch64-unknown-linux-gnu","completed":27,"hal_peak":309416,"peak_within_bounded":true,"admitted_budget_bytes":618856,"peak_within_admitted_budget":true,"admission_mode":"unconditional","hal_bytes_per_call_amortized":2498531.3,"process_rss_kb":7808,"process_rss_delta_init_kb":600}
.EVS Port1 1980-012-14:06:28.97216 66/1/AI_LEARNER 4: AI_LEARNER completed=28/28 mean=396068.8us max=706469.6us hal_peak=309416 within_bounded=1
{"app":"AI_LEARNER","stage":"run","model":"b2_resnet","target":"aarch64-unknown-linux-gnu","attempted":28,"completed":28,"fail_input":0,"fail_invoke":0,"fail_output":0,"mean_us":396068.84,"max_us":706469.55,"last_us":317846.62,"out0":0.34946,"out":[0.349459,0.001114,0.001795,0.065403,0.335932,0.006331,0.201360,0.013375,0.019186,0.006046]}
{"app":"AI_LEARNER","stage":"mem","model":"b2_resnet","target":"aarch64-unknown-linux-gnu","completed":28,"hal_peak":309416,"peak_within_bounded":true,"admitted_budget_bytes":618856,"peak_within_admitted_budget":true,"admission_mode":"unconditional","hal_bytes_per_call_amortized":2419909.7,"process_rss_kb":7808,"process_rss_delta_init_kb":600}
{"app":"AI_LEARNER","stage":"run","model":"b2_resnet","target":"aarch64-unknown-linux-gnu","attempted":29,"completed":29,"fail_input":0,"fail_invoke":0,"fail_output":0,"mean_us":396132.69,"max_us":706469.55,"last_us":397920.40,"out0":0.34946,"out":[0.349459,0.001114,0.001795,0.065403,0.335932,0.006331,0.201360,0.013375,0.019186,0.006046]}
EVS Port1 1980-012-14:06:33.05690 66/1/AI_LEARNER 4: AI_LEARNER completed=29/29 mean=396132.7us max=706469.6us hal_peak=309416 within_bounded=1
{"app":"AI_LEARNER","stage":"mem","model":"b2_resnet","target":"aarch64-unknown-linux-gnu","completed":29,"hal_peak":309416,"peak_within_bounded":true,"admitted_budget_bytes":618856,"peak_within_admitted_budget":true,"admission_mode":"unconditional","hal_bytes_per_call_amortized":2346710.3,"process_rss_kb":7808,"process_rss_delta_init_kb":600}
.EVS Port1 1980-012-14:06:36.99293 66/1/AI_LEARNER 4: AI_LEARNER completed=30/30 mean=394327.1us max=706469.6us hal_peak=309416 within_bounded=1
{"app":"AI_LEARNER","stage":"run","model":"b2_resnet","target":"aarch64-unknown-linux-gnu","attempted":30,"completed":30,"fail_input":0,"fail_invoke":0,"fail_output":0,"mean_us":394327.09,"max_us":706469.55,"last_us":341964.62,"out0":0.34946,"out":[0.349459,0.001114,0.001795,0.065403,0.335932,0.006331,0.201360,0.013375,0.019186,0.006046]}
{"app":"AI_LEARNER","stage":"mem","model":"b2_resnet","target":"aarch64-unknown-linux-gnu","completed":30,"hal_peak":309416,"peak_within_bounded":true,"admitted_budget_bytes":618856,"peak_within_admitted_budget":true,"admission_mode":"unconditional","hal_bytes_per_call_amortized":2278390.9,"process_rss_kb":7808,"process_rss_delta_init_kb":600}
.EVS Port1 1980-012-14:06:40.98104 66/1/AI_LEARNER 4: AI_LEARNER completed=31/31 mean=392180.2us max=706469.6us hal_peak=309416 within_bounded=1
{"app":"AI_LEARNER","stage":"run","model":"b2_resnet","target":"aarch64-unknown-linux-gnu","attempted":31,"completed":31,"fail_input":0,"fail_invoke":0,"fail_output":0,"mean_us":392180.22,"max_us":706469.55,"last_us":327774.08,"out0":0.34946,"out":[0.349459,0.001114,0.001795,0.065403,0.335932,0.006331,0.201360,0.013375,0.019186,0.006046]}
{"app":"AI_LEARNER","stage":"mem","model":"b2_resnet","target":"aarch64-unknown-linux-gnu","completed":31,"hal_peak":309416,"peak_within_bounded":true,"admitted_budget_bytes":618856,"peak_within_admitted_budget":true,"admission_mode":"unconditional","hal_bytes_per_call_amortized":2214479.2,"process_rss_kb":7808,"process_rss_delta_init_kb":600}
EVS Port1 1980-012-14:06:45.01516 66/1/AI_LEARNER 4: AI_LEARNER completed=32/32 mean=391359.3us max=706469.6us hal_peak=309416 within_bounded=1
{"app":"AI_LEARNER","stage":"run","model":"b2_resnet","target":"aarch64-unknown-linux-gnu","attempted":32,"completed":32,"fail_input":0,"fail_invoke":0,"fail_output":0,"mean_us":391359.35,"max_us":706469.55,"last_us":365912.50,"out0":0.34946,"out":[0.349459,0.001114,0.001795,0.065403,0.335932,0.006331,0.201360,0.013375,0.019186,0.006046]}
{"app":"AI_LEARNER","stage":"mem","model":"b2_resnet","target":"aarch64-unknown-linux-gnu","completed":32,"hal_peak":309416,"peak_within_bounded":true,"admitted_budget_bytes":618856,"peak_within_admitted_budget":true,"admission_mode":"unconditional","hal_bytes_per_call_amortized":2154562.0,"process_rss_kb":7808,"process_rss_delta_init_kb":600}
.EVS Port1 1980-012-14:06:48.99090 66/1/AI_LEARNER 4: AI_LEARNER completed=33/33 mean=389616.1us max=706469.6us hal_peak=309416 within_bounded=1
{"app":"AI_LEARNER","stage":"run","model":"b2_resnet","target":"aarch64-unknown-linux-gnu","attempted":33,"completed":33,"fail_input":0,"fail_invoke":0,"fail_output":0,"mean_us":389616.11,"max_us":706469.55,"last_us":333832.56,"out0":0.34946,"out":[0.349459,0.001114,0.001795,0.065403,0.335932,0.006331,0.201360,0.013375,0.019186,0.006046]}
{"app":"AI_LEARNER","stage":"mem","model":"b2_resnet","target":"aarch64-unknown-linux-gnu","completed":33,"hal_peak":309416,"peak_within_bounded":true,"admitted_budget_bytes":618856,"peak_within_admitted_budget":true,"admission_mode":"unconditional","hal_bytes_per_call_amortized":2098276.1,"process_rss_kb":7808,"process_rss_delta_init_kb":600}
.EVS Port1 1980-012-14:06:52.99813 66/1/AI_LEARNER 4: AI_LEARNER completed=34/34 mean=388353.2us max=706469.6us hal_peak=309416 within_bounded=1
{"app":"AI_LEARNER","stage":"run","model":"b2_resnet","target":"aarch64-unknown-linux-gnu","attempted":34,"completed":34,"fail_input":0,"fail_invoke":0,"fail_output":0,"mean_us":388353.24,"max_us":706469.55,"last_us":346678.59,"out0":0.34946,"out":[0.349459,0.001114,0.001795,0.065403,0.335932,0.006331,0.201360,0.013375,0.019186,0.006046]}
{"app":"AI_LEARNER","stage":"mem","model":"b2_resnet","target":"aarch64-unknown-linux-gnu","completed":34,"hal_peak":309416,"peak_within_bounded":true,"admitted_budget_bytes":618856,"peak_within_admitted_budget":true,"admission_mode":"unconditional","hal_bytes_per_call_amortized":2045301.2,"process_rss_kb":7808,"process_rss_delta_init_kb":600}
EVS Port1 1980-012-14:06:57.02612 66/1/AI_LEARNER 4: AI_LEARNER completed=35/35 mean=387878.3us max=706469.6us hal_peak=309416 within_bounded=1
{"app":"AI_LEARNER","stage":"run","model":"b2_resnet","target":"aarch64-unknown-linux-gnu","attempted":35,"completed":35,"fail_input":0,"fail_invoke":0,"fail_output":0,"mean_us":387878.29,"max_us":706469.55,"last_us":371729.81,"out0":0.34946,"out":[0.349459,0.001114,0.001795,0.065403,0.335932,0.006331,0.201360,0.013375,0.019186,0.006046]}
{"app":"AI_LEARNER","stage":"mem","model":"b2_resnet","target":"aarch64-unknown-linux-gnu","completed":35,"hal_peak":309416,"peak_within_bounded":true,"admitted_budget_bytes":618856,"peak_within_admitted_budget":true,"admission_mode":"unconditional","hal_bytes_per_call_amortized":1995353.4,"process_rss_kb":7808,"process_rss_delta_init_kb":600}
.EVS Port1 1980-012-14:07:01.07800 66/1/AI_LEARNER 4: AI_LEARNER completed=36/36 mean=387093.4us max=706469.6us hal_peak=309416 within_bounded=1
{"app":"AI_LEARNER","stage":"run","model":"b2_resnet","target":"aarch64-unknown-linux-gnu","attempted":36,"completed":36,"fail_input":0,"fail_invoke":0,"fail_output":0,"mean_us":387093.40,"max_us":706469.55,"last_us":359622.32,"out0":0.34946,"out":[0.349459,0.001114,0.001795,0.065403,0.335932,0.006331,0.201360,0.013375,0.019186,0.006046]}
EVS Port1 1980-012-14:07:01.00433 66/1/CFE_TIME 21: Stop FLYWHEEL
{"app":"AI_LEARNER","stage":"mem","model":"b2_resnet","target":"aarch64-unknown-linux-gnu","completed":36,"hal_peak":309416,"peak_within_bounded":true,"admitted_budget_bytes":618856,"peak_within_admitted_budget":true,"admission_mode":"unconditional","hal_bytes_per_call_amortized":1948180.4,"process_rss_kb":7808,"process_rss_delta_init_kb":600}
EVS Port1 1980-012-14:07:02.04685 66/1/CFE_TIME 20: Start FLYWHEEL
EVS Port1 1980-012-14:07:03.00418 66/1/CFE_TIME 21: Stop FLYWHEEL
EVS Port1 1980-012-14:07:03.99794 66/1/CFE_TIME 20: Start FLYWHEEL
.EVS Port1 1980-012-14:07:05.26922 66/1/AI_LEARNER 4: AI_LEARNER completed=37/37 mean=393031.5us max=706469.6us hal_peak=309416 within_bounded=1
{"app":"AI_LEARNER","stage":"run","model":"b2_resnet","target":"aarch64-unknown-linux-gnu","attempted":37,"completed":37,"fail_input":0,"fail_invoke":0,"fail_output":0,"mean_us":393031.50,"max_us":706469.55,"last_us":606803.06,"out0":0.34946,"out":[0.349459,0.001114,0.001795,0.065403,0.335932,0.006331,0.201360,0.013375,0.019186,0.006046]}
{"app":"AI_LEARNER","stage":"mem","model":"b2_resnet","target":"aarch64-unknown-linux-gnu","completed":37,"hal_peak":309416,"peak_within_bounded":true,"admitted_budget_bytes":618856,"peak_within_admitted_budget":true,"admission_mode":"unconditional","hal_bytes_per_call_amortized":1903557.4,"process_rss_kb":7808,"process_rss_delta_init_kb":600}
EVS Port1 1980-012-14:07:08.97772 66/1/AI_LEARNER 4: AI_LEARNER completed=38/38 mean=391269.6us max=706469.6us hal_peak=309416 within_bounded=1
{"app":"AI_LEARNER","stage":"run","model":"b2_resnet","target":"aarch64-unknown-linux-gnu","attempted":38,"completed":38,"fail_input":0,"fail_invoke":0,"fail_output":0,"mean_us":391269.63,"max_us":706469.55,"last_us":326080.35,"out0":0.34946,"out":[0.349459,0.001114,0.001795,0.065403,0.335932,0.006331,0.201360,0.013375,0.019186,0.006046]}
{"app":"AI_LEARNER","stage":"mem","model":"b2_resnet","target":"aarch64-unknown-linux-gnu","completed":38,"hal_peak":309416,"peak_within_bounded":true,"admitted_budget_bytes":618856,"peak_within_admitted_budget":true,"admission_mode":"unconditional","hal_bytes_per_call_amortized":1861282.9,"process_rss_kb":7808,"process_rss_delta_init_kb":600}
.EVS Port1 1980-012-14:07:12.99575 66/1/AI_LEARNER 4: AI_LEARNER completed=39/39 mean=389957.8us max=706469.6us hal_peak=309416 within_bounded=1
{"app":"AI_LEARNER","stage":"run","model":"b2_resnet","target":"aarch64-unknown-linux-gnu","attempted":39,"completed":39,"fail_input":0,"fail_invoke":0,"fail_output":0,"mean_us":389957.81,"max_us":706469.55,"last_us":340108.74,"out0":0.34946,"out":[0.349459,0.001114,0.001795,0.065403,0.335932,0.006331,0.201360,0.013375,0.019186,0.006046]}
{"app":"AI_LEARNER","stage":"mem","model":"b2_resnet","target":"aarch64-unknown-linux-gnu","completed":39,"hal_peak":309416,"peak_within_bounded":true,"admitted_budget_bytes":618856,"peak_within_admitted_budget":true,"admission_mode":"unconditional","hal_bytes_per_call_amortized":1821176.4,"process_rss_kb":7808,"process_rss_delta_init_kb":600}
.EVS Port1 1980-012-14:07:16.99786 66/1/AI_LEARNER 4: AI_LEARNER completed=40/40 mean=388735.8us max=706469.6us hal_peak=309416 within_bounded=1
{"app":"AI_LEARNER","stage":"run","model":"b2_resnet","target":"aarch64-unknown-linux-gnu","attempted":40,"completed":40,"fail_input":0,"fail_invoke":0,"fail_output":0,"mean_us":388735.85,"max_us":706469.55,"last_us":341079.23,"out0":0.34946,"out":[0.349459,0.001114,0.001795,0.065403,0.335932,0.006331,0.201360,0.013375,0.019186,0.006046]}
{"app":"AI_LEARNER","stage":"mem","model":"b2_resnet","target":"aarch64-unknown-linux-gnu","completed":40,"hal_peak":309416,"peak_within_bounded":true,"admitted_budget_bytes":618856,"peak_within_admitted_budget":true,"admission_mode":"unconditional","hal_bytes_per_call_amortized":1783075.2,"process_rss_kb":7808,"process_rss_delta_init_kb":600}
EVS Port1 1980-012-14:07:20.97488 66/1/AI_LEARNER 4: AI_LEARNER completed=41/41 mean=387071.3us max=706469.6us hal_peak=309416 within_bounded=1
{"app":"AI_LEARNER","stage":"run","model":"b2_resnet","target":"aarch64-unknown-linux-gnu","attempted":41,"completed":41,"fail_input":0,"fail_invoke":0,"fail_output":0,"mean_us":387071.25,"max_us":706469.55,"last_us":320487.57,"out0":0.34946,"out":[0.349459,0.001114,0.001795,0.065403,0.335932,0.006331,0.201360,0.013375,0.019186,0.006046]}
{"app":"AI_LEARNER","stage":"mem","model":"b2_resnet","target":"aarch64-unknown-linux-gnu","completed":41,"hal_peak":309416,"peak_within_bounded":true,"admitted_budget_bytes":618856,"peak_within_admitted_budget":true,"admission_mode":"unconditional","hal_bytes_per_call_amortized":1746832.6,"process_rss_kb":7808,"process_rss_delta_init_kb":600}
.EVS Port1 1980-012-14:07:25.00784 66/1/AI_LEARNER 4: AI_LEARNER completed=42/42 mean=386359.2us max=706469.6us hal_peak=309416 within_bounded=1
{"app":"AI_LEARNER","stage":"run","model":"b2_resnet","target":"aarch64-unknown-linux-gnu","attempted":42,"completed":42,"fail_input":0,"fail_invoke":0,"fail_output":0,"mean_us":386359.19,"max_us":706469.55,"last_us":357164.77,"out0":0.34946,"out":[0.349459,0.001114,0.001795,0.065403,0.335932,0.006331,0.201360,0.013375,0.019186,0.006046]}
{"app":"AI_LEARNER","stage":"mem","model":"b2_resnet","target":"aarch64-unknown-linux-gnu","completed":42,"hal_peak":309416,"peak_within_bounded":true,"admitted_budget_bytes":618856,"peak_within_admitted_budget":true,"admission_mode":"unconditional","hal_bytes_per_call_amortized":1712315.8,"process_rss_kb":7808,"process_rss_delta_init_kb":600}
.EVS Port1 1980-012-14:07:28.99029 66/1/AI_LEARNER 4: AI_LEARNER completed=43/43 mean=385267.8us max=706469.6us hal_peak=309416 within_bounded=1
{"app":"AI_LEARNER","stage":"run","model":"b2_resnet","target":"aarch64-unknown-linux-gnu","attempted":43,"completed":43,"fail_input":0,"fail_invoke":0,"fail_output":0,"mean_us":385267.76,"max_us":706469.55,"last_us":339427.52,"out0":0.34946,"out":[0.349459,0.001114,0.001795,0.065403,0.335932,0.006331,0.201360,0.013375,0.019186,0.006046]}
{"app":"AI_LEARNER","stage":"mem","model":"b2_resnet","target":"aarch64-unknown-linux-gnu","completed":43,"hal_peak":309416,"peak_within_bounded":true,"admitted_budget_bytes":618856,"peak_within_admitted_budget":true,"admission_mode":"unconditional","hal_bytes_per_call_amortized":1679404.5,"process_rss_kb":7808,"process_rss_delta_init_kb":600}
{"app":"AI_LEARNER","stage":"run","model":"b2_resnet","target":"aarch64-unknown-linux-gnu","attempted":44,"completed":44,"fail_input":0,"fail_invoke":0,"fail_output":0,"mean_us":385341.77,"max_us":706469.55,"last_us":388524.42,"out0":0.34946,"out":[0.349459,0.001114,0.001795,0.065403,0.335932,0.006331,0.201360,0.013375,0.019186,0.006046]}
EVS Port1 1980-012-14:07:33.06781 66/1/AI_LEARNER 4: AI_LEARNER completed=44/44 mean=385341.8us max=706469.6us hal_peak=309416 within_bounded=1
{"app":"AI_LEARNER","stage":"mem","model":"b2_resnet","target":"aarch64-unknown-linux-gnu","completed":44,"hal_peak":309416,"peak_within_bounded":true,"admitted_budget_bytes":618856,"peak_within_admitted_budget":true,"admission_mode":"unconditional","hal_bytes_per_call_amortized":1647989.1,"process_rss_kb":7808,"process_rss_delta_init_kb":600}
.EVS Port1 1980-012-14:07:36.98054 66/1/AI_LEARNER 4: AI_LEARNER completed=45/45 mean=384021.0us max=706469.6us hal_peak=309416 within_bounded=1
{"app":"AI_LEARNER","stage":"run","model":"b2_resnet","target":"aarch64-unknown-linux-gnu","attempted":45,"completed":45,"fail_input":0,"fail_invoke":0,"fail_output":0,"mean_us":384021.01,"max_us":706469.55,"last_us":325907.41,"out0":0.34946,"out":[0.349459,0.001114,0.001795,0.065403,0.335932,0.006331,0.201360,0.013375,0.019186,0.006046]}
{"app":"AI_LEARNER","stage":"mem","model":"b2_resnet","target":"aarch64-unknown-linux-gnu","completed":45,"hal_peak":309416,"peak_within_bounded":true,"admitted_budget_bytes":618856,"peak_within_admitted_budget":true,"admission_mode":"unconditional","hal_bytes_per_call_amortized":1617970.0,"process_rss_kb":7808,"process_rss_delta_init_kb":600}
.EVS Port1 1980-012-14:07:41.05192 66/1/AI_LEARNER 4: AI_LEARNER completed=46/46 mean=384330.2us max=706469.6us hal_peak=309416 within_bounded=1
{"app":"AI_LEARNER","stage":"run","model":"b2_resnet","target":"aarch64-unknown-linux-gnu","attempted":46,"completed":46,"fail_input":0,"fail_invoke":0,"fail_output":0,"mean_us":384330.24,"max_us":706469.55,"last_us":398245.73,"out0":0.34946,"out":[0.349459,0.001114,0.001795,0.065403,0.335932,0.006331,0.201360,0.013375,0.019186,0.006046]}
{"app":"AI_LEARNER","stage":"mem","model":"b2_resnet","target":"aarch64-unknown-linux-gnu","completed":46,"hal_peak":309416,"peak_within_bounded":true,"admitted_budget_bytes":618856,"peak_within_admitted_budget":true,"admission_mode":"unconditional","hal_bytes_per_call_amortized":1589256.0,"process_rss_kb":7808,"process_rss_delta_init_kb":600}
{"app":"AI_LEARNER","stage":"run","model":"b2_resnet","target":"aarch64-unknown-linux-gnu","attempted":47,"completed":47,"fail_input":0,"fail_invoke":0,"fail_output":0,"mean_us":383159.51,"max_us":706469.55,"last_us":329305.65,"out0":0.34946,"out":[0.349459,0.001114,0.001795,0.065403,0.335932,0.006331,0.201360,0.013375,0.019186,0.006046]}
EVS Port1 1980-012-14:07:44.99082 66/1/AI_LEARNER 4: AI_LEARNER completed=47/47 mean=383159.5us max=706469.6us hal_peak=309416 within_bounded=1
{"app":"AI_LEARNER","stage":"mem","model":"b2_resnet","target":"aarch64-unknown-linux-gnu","completed":47,"hal_peak":309416,"peak_within_bounded":true,"admitted_budget_bytes":618856,"peak_within_admitted_budget":true,"admission_mode":"unconditional","hal_bytes_per_call_amortized":1561763.9,"process_rss_kb":7808,"process_rss_delta_init_kb":600}
.EVS Port1 1980-012-14:07:48.96932 66/1/AI_LEARNER 4: AI_LEARNER completed=48/48 mean=381725.5us max=706469.6us hal_peak=309416 within_bounded=1
{"app":"AI_LEARNER","stage":"run","model":"b2_resnet","target":"aarch64-unknown-linux-gnu","attempted":48,"completed":48,"fail_input":0,"fail_invoke":0,"fail_output":0,"mean_us":381725.50,"max_us":706469.55,"last_us":314327.25,"out0":0.34946,"out":[0.349459,0.001114,0.001795,0.065403,0.335932,0.006331,0.201360,0.013375,0.019186,0.006046]}
{"app":"AI_LEARNER","stage":"mem","model":"b2_resnet","target":"aarch64-unknown-linux-gnu","completed":48,"hal_peak":309416,"peak_within_bounded":true,"admitted_budget_bytes":618856,"peak_within_admitted_budget":true,"admission_mode":"unconditional","hal_bytes_per_call_amortized":1535417.3,"process_rss_kb":7808,"process_rss_delta_init_kb":600}
.EVS Port1 1980-012-14:07:53.00798 66/1/AI_LEARNER 4: AI_LEARNER completed=49/49 mean=381107.7us max=706469.6us hal_peak=309416 within_bounded=1
{"app":"AI_LEARNER","stage":"run","model":"b2_resnet","target":"aarch64-unknown-linux-gnu","attempted":49,"completed":49,"fail_input":0,"fail_invoke":0,"fail_output":0,"mean_us":381107.72,"max_us":706469.55,"last_us":351454.10,"out0":0.34946,"out":[0.349459,0.001114,0.001795,0.065403,0.335932,0.006331,0.201360,0.013375,0.019186,0.006046]}
{"app":"AI_LEARNER","stage":"mem","model":"b2_resnet","target":"aarch64-unknown-linux-gnu","completed":49,"hal_peak":309416,"peak_within_bounded":true,"admitted_budget_bytes":618856,"peak_within_admitted_budget":true,"admission_mode":"unconditional","hal_bytes_per_call_amortized":1510146.1,"process_rss_kb":7808,"process_rss_delta_init_kb":600}
EVS Port1 1980-012-14:07:57.00253 66/1/AI_LEARNER 4: AI_LEARNER completed=50/50 mean=380495.7us max=706469.6us hal_peak=309416 within_bounded=1
{"app":"AI_LEARNER","stage":"run","model":"b2_resnet","target":"aarch64-unknown-linux-gnu","attempted":50,"completed":50,"fail_input":0,"fail_invoke":0,"fail_output":0,"mean_us":380495.71,"max_us":706469.55,"last_us":350507.46,"out0":0.34946,"out":[0.349459,0.001114,0.001795,0.065403,0.335932,0.006331,0.201360,0.013375,0.019186,0.006046]}
{"app":"AI_LEARNER","stage":"mem","model":"b2_resnet","target":"aarch64-unknown-linux-gnu","completed":50,"hal_peak":309416,"peak_within_bounded":true,"admitted_budget_bytes":618856,"peak_within_admitted_budget":true,"admission_mode":"unconditional","hal_bytes_per_call_amortized":1485885.8,"process_rss_kb":7808,"process_rss_delta_init_kb":600}
.EVS Port1 1980-012-14:08:01.03155 66/1/AI_LEARNER 4: AI_LEARNER completed=51/51 mean=379668.2us max=706469.6us hal_peak=309416 within_bounded=1
{"app":"AI_LEARNER","stage":"run","model":"b2_resnet","target":"aarch64-unknown-linux-gnu","attempted":51,"completed":51,"fail_input":0,"fail_invoke":0,"fail_output":0,"mean_us":379668.15,"max_us":706469.55,"last_us":338290.11,"out0":0.34946,"out":[0.349459,0.001114,0.001795,0.065403,0.335932,0.006331,0.201360,0.013375,0.019186,0.006046]}
{"app":"AI_LEARNER","stage":"mem","model":"b2_resnet","target":"aarch64-unknown-linux-gnu","completed":51,"hal_peak":309416,"peak_within_bounded":true,"admitted_budget_bytes":618856,"peak_within_admitted_budget":true,"admission_mode":"unconditional","hal_bytes_per_call_amortized":1462576.8,"process_rss_kb":7808,"process_rss_delta_init_kb":600}
EVS Port1 1980-012-14:08:01.00505 66/1/CFE_TIME 21: Stop FLYWHEEL
EVS Port1 1980-012-14:08:01.99873 66/1/CFE_TIME 20: Start FLYWHEEL
.EVS Port1 1980-012-14:08:04.99296 66/1/AI_LEARNER 4: AI_LEARNER completed=52/52 mean=378521.3us max=706469.6us hal_peak=309416 within_bounded=1
{"app":"AI_LEARNER","stage":"run","model":"b2_resnet","target":"aarch64-unknown-linux-gnu","attempted":52,"completed":52,"fail_input":0,"fail_invoke":0,"fail_output":0,"mean_us":378521.26,"max_us":706469.55,"last_us":320029.97,"out0":0.34946,"out":[0.349459,0.001114,0.001795,0.065403,0.335932,0.006331,0.201360,0.013375,0.019186,0.006046]}
{"app":"AI_LEARNER","stage":"mem","model":"b2_resnet","target":"aarch64-unknown-linux-gnu","completed":52,"hal_peak":309416,"peak_within_bounded":true,"admitted_budget_bytes":618856,"peak_within_admitted_budget":true,"admission_mode":"unconditional","hal_bytes_per_call_amortized":1440164.3,"process_rss_kb":7808,"process_rss_delta_init_kb":600}
EVS Port1 1980-012-14:08:08.97525 66/1/AI_LEARNER 4: AI_LEARNER completed=53/53 mean=377494.8us max=706469.6us hal_peak=309416 within_bounded=1
{"app":"AI_LEARNER","stage":"run","model":"b2_resnet","target":"aarch64-unknown-linux-gnu","attempted":53,"completed":53,"fail_input":0,"fail_invoke":0,"fail_output":0,"mean_us":377494.75,"max_us":706469.55,"last_us":324116.19,"out0":0.34946,"out":[0.349459,0.001114,0.001795,0.065403,0.335932,0.006331,0.201360,0.013375,0.019186,0.006046]}
{"app":"AI_LEARNER","stage":"mem","model":"b2_resnet","target":"aarch64-unknown-linux-gnu","completed":53,"hal_peak":309416,"peak_within_bounded":true,"admitted_budget_bytes":618856,"peak_within_admitted_budget":true,"admission_mode":"unconditional","hal_bytes_per_call_amortized":1418597.6,"process_rss_kb":7808,"process_rss_delta_init_kb":600}
.EVS Port1 1980-012-14:08:12.98155 66/1/AI_LEARNER 4: AI_LEARNER completed=54/54 mean=376549.4us max=706469.6us hal_peak=309416 within_bounded=1
{"app":"AI_LEARNER","stage":"run","model":"b2_resnet","target":"aarch64-unknown-linux-gnu","attempted":54,"completed":54,"fail_input":0,"fail_invoke":0,"fail_output":0,"mean_us":376549.42,"max_us":706469.55,"last_us":326446.75,"out0":0.34946,"out":[0.349459,0.001114,0.001795,0.065403,0.335932,0.006331,0.201360,0.013375,0.019186,0.006046]}
{"app":"AI_LEARNER","stage":"mem","model":"b2_resnet","target":"aarch64-unknown-linux-gnu","completed":54,"hal_peak":309416,"peak_within_bounded":true,"admitted_budget_bytes":618856,"peak_within_admitted_budget":true,"admission_mode":"unconditional","hal_bytes_per_call_amortized":1397829.6,"process_rss_kb":7808,"process_rss_delta_init_kb":600}
.EVS Port1 1980-012-14:08:17.00791 66/1/AI_LEARNER 4: AI_LEARNER completed=55/55 mean=376277.6us max=706469.6us hal_peak=309416 within_bounded=1
{"app":"AI_LEARNER","stage":"run","model":"b2_resnet","target":"aarch64-unknown-linux-gnu","attempted":55,"completed":55,"fail_input":0,"fail_invoke":0,"fail_output":0,"mean_us":376277.63,"max_us":706469.55,"last_us":361601.07,"out0":0.34946,"out":[0.349459,0.001114,0.001795,0.065403,0.335932,0.006331,0.201360,0.013375,0.019186,0.006046]}
{"app":"AI_LEARNER","stage":"mem","model":"b2_resnet","target":"aarch64-unknown-linux-gnu","completed":55,"hal_peak":309416,"peak_within_bounded":true,"admitted_budget_bytes":618856,"peak_within_admitted_budget":true,"admission_mode":"unconditional","hal_bytes_per_call_amortized":1377816.9,"process_rss_kb":7808,"process_rss_delta_init_kb":600}
EVS Port1 1980-012-14:08:20.98504 66/1/AI_LEARNER 4: AI_LEARNER completed=56/56 mean=375460.8us max=706469.6us hal_peak=309416 within_bounded=1
{"app":"AI_LEARNER","stage":"run","model":"b2_resnet","target":"aarch64-unknown-linux-gnu","attempted":56,"completed":56,"fail_input":0,"fail_invoke":0,"fail_output":0,"mean_us":375460.77,"max_us":706469.55,"last_us":330533.15,"out0":0.34946,"out":[0.349459,0.001114,0.001795,0.065403,0.335932,0.006331,0.201360,0.013375,0.019186,0.006046]}
{"app":"AI_LEARNER","stage":"mem","model":"b2_resnet","target":"aarch64-unknown-linux-gnu","completed":56,"hal_peak":309416,"peak_within_bounded":true,"admitted_budget_bytes":618856,"peak_within_admitted_budget":true,"admission_mode":"unconditional","hal_bytes_per_call_amortized":1358518.9,"process_rss_kb":7808,"process_rss_delta_init_kb":600}
.EVS Port1 1980-012-14:08:25.01232 66/1/AI_LEARNER 4: AI_LEARNER completed=57/57 mean=375045.2us max=706469.6us hal_peak=309416 within_bounded=1
{"app":"AI_LEARNER","stage":"run","model":"b2_resnet","target":"aarch64-unknown-linux-gnu","attempted":57,"completed":57,"fail_input":0,"fail_invoke":0,"fail_output":0,"mean_us":375045.21,"max_us":706469.55,"last_us":351774.14,"out0":0.34946,"out":[0.349459,0.001114,0.001795,0.065403,0.335932,0.006331,0.201360,0.013375,0.019186,0.006046]}
{"app":"AI_LEARNER","stage":"mem","model":"b2_resnet","target":"aarch64-unknown-linux-gnu","completed":57,"hal_peak":309416,"peak_within_bounded":true,"admitted_budget_bytes":618856,"peak_within_admitted_budget":true,"admission_mode":"unconditional","hal_bytes_per_call_amortized":1339898.0,"process_rss_kb":7808,"process_rss_delta_init_kb":600}
.EVS Port1 1980-012-14:08:29.01396 66/1/AI_LEARNER 4: AI_LEARNER completed=58/58 mean=374959.4us max=706469.6us hal_peak=309416 within_bounded=1
{"app":"AI_LEARNER","stage":"run","model":"b2_resnet","target":"aarch64-unknown-linux-gnu","attempted":58,"completed":58,"fail_input":0,"fail_invoke":0,"fail_output":0,"mean_us":374959.44,"max_us":706469.55,"last_us":370070.62,"out0":0.34946,"out":[0.349459,0.001114,0.001795,0.065403,0.335932,0.006331,0.201360,0.013375,0.019186,0.006046]}
{"app":"AI_LEARNER","stage":"mem","model":"b2_resnet","target":"aarch64-unknown-linux-gnu","completed":58,"hal_peak":309416,"peak_within_bounded":true,"admitted_budget_bytes":618856,"peak_within_admitted_budget":true,"admission_mode":"unconditional","hal_bytes_per_call_amortized":1321919.2,"process_rss_kb":7808,"process_rss_delta_init_kb":600}
EVS Port1 1980-012-14:08:32.11412 66/1/CFE_TIME 20: Start FLYWHEEL
EVS Port1 1980-012-14:08:32.00444 66/1/CFE_TIME 21: Stop FLYWHEEL
{"app":"AI_LEARNER","stage":"run","model":"b2_resnet","target":"aarch64-unknown-linux-gnu","attempted":59,"completed":59,"fail_input":0,"fail_invoke":0,"fail_output":0,"mean_us":374457.81,"max_us":706469.55,"last_us":345363.12,"out0":0.34946,"out":[0.349459,0.001114,0.001795,0.065403,0.335932,0.006331,0.201360,0.013375,0.019186,0.006046]}
EVS Port1 1980-012-14:08:32.99752 66/1/AI_LEARNER 4: AI_LEARNER completed=59/59 mean=374457.8us max=706469.6us hal_peak=309416 within_bounded=1
{"app":"AI_LEARNER","stage":"mem","model":"b2_resnet","target":"aarch64-unknown-linux-gnu","completed":59,"hal_peak":309416,"peak_within_bounded":true,"admitted_budget_bytes":618856,"peak_within_admitted_budget":true,"admission_mode":"unconditional","hal_bytes_per_call_amortized":1304549.8,"process_rss_kb":7808,"process_rss_delta_init_kb":600}
.EVS Port1 1980-012-14:08:37.01243 66/1/AI_LEARNER 4: AI_LEARNER completed=60/60 mean=374253.9us max=706469.6us hal_peak=309416 within_bounded=1
{"app":"AI_LEARNER","stage":"run","model":"b2_resnet","target":"aarch64-unknown-linux-gnu","attempted":60,"completed":60,"fail_input":0,"fail_invoke":0,"fail_output":0,"mean_us":374253.85,"max_us":706469.55,"last_us":362220.40,"out0":0.34946,"out":[0.349459,0.001114,0.001795,0.065403,0.335932,0.006331,0.201360,0.013375,0.019186,0.006046]}
{"app":"AI_LEARNER","stage":"mem","model":"b2_resnet","target":"aarch64-unknown-linux-gnu","completed":60,"hal_peak":309416,"peak_within_bounded":true,"admitted_budget_bytes":618856,"peak_within_admitted_budget":true,"admission_mode":"unconditional","hal_bytes_per_call_amortized":1287759.5,"process_rss_kb":7808,"process_rss_delta_init_kb":600}
.{"app":"AI_LEARNER","stage":"run","model":"b2_resnet","target":"aarch64-unknown-linux-gnu","attempted":61,"completed":61,"fail_input":0,"fail_invoke":0,"fail_output":0,"mean_us":373667.92,"max_us":706469.55,"last_us":338512.02,"out0":0.34946,"out":[0.349459,0.001114,0.001795,0.065403,0.335932,0.006331,0.201360,0.013375,0.019186,0.006046]}
EVS Port1 1980-012-14:08:40.99441 66/1/AI_LEARNER 4: AI_LEARNER completed=61/61 mean=373667.9us max=706469.6us hal_peak=309416 within_bounded=1
{"app":"AI_LEARNER","stage":"mem","model":"b2_resnet","target":"aarch64-unknown-linux-gnu","completed":61,"hal_peak":309416,"peak_within_bounded":true,"admitted_budget_bytes":618856,"peak_within_admitted_budget":true,"admission_mode":"unconditional","hal_bytes_per_call_amortized":1271519.6,"process_rss_kb":7808,"process_rss_delta_init_kb":600}
EVS Port1 1980-012-14:08:44.99322 66/1/AI_LEARNER 4: AI_LEARNER completed=62/62 mean=373117.2us max=706469.6us hal_peak=309416 within_bounded=1
{"app":"AI_LEARNER","stage":"run","model":"b2_resnet","target":"aarch64-unknown-linux-gnu","attempted":62,"completed":62,"fail_input":0,"fail_invoke":0,"fail_output":0,"mean_us":373117.18,"max_us":706469.55,"last_us":339522.19,"out0":0.34946,"out":[0.349459,0.001114,0.001795,0.065403,0.335932,0.006331,0.201360,0.013375,0.019186,0.006046]}
{"app":"AI_LEARNER","stage":"mem","model":"b2_resnet","target":"aarch64-unknown-linux-gnu","completed":62,"hal_peak":309416,"peak_within_bounded":true,"admitted_budget_bytes":618856,"peak_within_admitted_budget":true,"admission_mode":"unconditional","hal_bytes_per_call_amortized":1255803.6,"process_rss_kb":7808,"process_rss_delta_init_kb":600}
.EVS Port1 1980-012-14:08:48.98025 66/1/AI_LEARNER 4: AI_LEARNER completed=63/63 mean=372435.1us max=706469.6us hal_peak=309416 within_bounded=1
{"app":"AI_LEARNER","stage":"run","model":"b2_resnet","target":"aarch64-unknown-linux-gnu","attempted":63,"completed":63,"fail_input":0,"fail_invoke":0,"fail_output":0,"mean_us":372435.09,"max_us":706469.55,"last_us":330145.07,"out0":0.34946,"out":[0.349459,0.001114,0.001795,0.065403,0.335932,0.006331,0.201360,0.013375,0.019186,0.006046]}
{"app":"AI_LEARNER","stage":"mem","model":"b2_resnet","target":"aarch64-unknown-linux-gnu","completed":63,"hal_peak":309416,"peak_within_bounded":true,"admitted_budget_bytes":618856,"peak_within_admitted_budget":true,"admission_mode":"unconditional","hal_bytes_per_call_amortized":1240586.5,"process_rss_kb":7808,"process_rss_delta_init_kb":600}
.{"app":"AI_LEARNER","stage":"run","model":"b2_resnet","target":"aarch64-unknown-linux-gnu","attempted":64,"completed":64,"fail_input":0,"fail_invoke":0,"fail_output":0,"mean_us":371922.13,"max_us":706469.55,"last_us":339605.82,"out0":0.34946,"out":[0.349459,0.001114,0.001795,0.065403,0.335932,0.006331,0.201360,0.013375,0.019186,0.006046]}
EVS Port1 1980-012-14:08:52.99800 66/1/AI_LEARNER 4: AI_LEARNER completed=64/64 mean=371922.1us max=706469.6us hal_peak=309416 within_bounded=1
{"app":"AI_LEARNER","stage":"mem","model":"b2_resnet","target":"aarch64-unknown-linux-gnu","completed":64,"hal_peak":309416,"peak_within_bounded":true,"admitted_budget_bytes":618856,"peak_within_admitted_budget":true,"admission_mode":"unconditional","hal_bytes_per_call_amortized":1225845.0,"process_rss_kb":7808,"process_rss_delta_init_kb":600}
EVS Port1 1980-012-14:08:56.99591 66/1/AI_LEARNER 4: AI_LEARNER completed=65/65 mean=371446.1us max=706469.6us hal_peak=309416 within_bounded=1
{"app":"AI_LEARNER","stage":"run","model":"b2_resnet","target":"aarch64-unknown-linux-gnu","attempted":65,"completed":65,"fail_input":0,"fail_invoke":0,"fail_output":0,"mean_us":371446.08,"max_us":706469.55,"last_us":340978.62,"out0":0.34946,"out":[0.349459,0.001114,0.001795,0.065403,0.335932,0.006331,0.201360,0.013375,0.019186,0.006046]}
{"app":"AI_LEARNER","stage":"mem","model":"b2_resnet","target":"aarch64-unknown-linux-gnu","completed":65,"hal_peak":309416,"peak_within_bounded":true,"admitted_budget_bytes":618856,"peak_within_admitted_budget":true,"admission_mode":"unconditional","hal_bytes_per_call_amortized":1211557.0,"process_rss_kb":7808,"process_rss_delta_init_kb":600}
.EVS Port1 1980-012-14:09:01.00511 66/1/AI_LEARNER 4: AI_LEARNER completed=66/66 mean=371089.5us max=706469.6us hal_peak=309416 within_bounded=1
{"app":"AI_LEARNER","stage":"run","model":"b2_resnet","target":"aarch64-unknown-linux-gnu","attempted":66,"completed":66,"fail_input":0,"fail_invoke":0,"fail_output":0,"mean_us":371089.46,"max_us":706469.55,"last_us":347909.63,"out0":0.34946,"out":[0.349459,0.001114,0.001795,0.065403,0.335932,0.006331,0.201360,0.013375,0.019186,0.006046]}
{"app":"AI_LEARNER","stage":"mem","model":"b2_resnet","target":"aarch64-unknown-linux-gnu","completed":66,"hal_peak":309416,"peak_within_bounded":true,"admitted_budget_bytes":618856,"peak_within_admitted_budget":true,"admission_mode":"unconditional","hal_bytes_per_call_amortized":1197702.1,"process_rss_kb":7808,"process_rss_delta_init_kb":600}
EVS Port1 1980-012-14:09:02.00494 66/1/CFE_TIME 21: Stop FLYWHEEL
EVS Port1 1980-012-14:09:03.00000 66/1/CFE_TIME 20: Start FLYWHEEL
.EVS Port1 1980-012-14:09:04.98262 66/1/AI_LEARNER 4: AI_LEARNER completed=67/67 mean=370446.2us max=706469.6us hal_peak=309416 within_bounded=1
{"app":"AI_LEARNER","stage":"run","model":"b2_resnet","target":"aarch64-unknown-linux-gnu","attempted":67,"completed":67,"fail_input":0,"fail_invoke":0,"fail_output":0,"mean_us":370446.24,"max_us":706469.55,"last_us":327993.79,"out0":0.34946,"out":[0.349459,0.001114,0.001795,0.065403,0.335932,0.006331,0.201360,0.013375,0.019186,0.006046]}
{"app":"AI_LEARNER","stage":"mem","model":"b2_resnet","target":"aarch64-unknown-linux-gnu","completed":67,"hal_peak":309416,"peak_within_bounded":true,"admitted_budget_bytes":618856,"peak_within_admitted_budget":true,"admission_mode":"unconditional","hal_bytes_per_call_amortized":1184260.7,"process_rss_kb":7808,"process_rss_delta_init_kb":600}
EVS Port1 1980-012-14:09:08.00386 66/1/CFE_TIME 21: Stop FLYWHEEL
{"app":"AI_LEARNER","stage":"run","model":"b2_resnet","target":"aarch64-unknown-linux-gnu","attempted":68,"completed":68,"fail_input":0,"fail_invoke":0,"fail_output":0,"mean_us":369821.86,"max_us":706469.55,"last_us":327987.94,"out0":0.34946,"out":[0.349459,0.001114,0.001795,0.065403,0.335932,0.006331,0.201360,0.013375,0.019186,0.006046]}
EVS Port1 1980-012-14:09:08.97897 66/1/AI_LEARNER 4: AI_LEARNER completed=68/68 mean=369821.9us max=706469.6us hal_peak=309416 within_bounded=1
{"app":"AI_LEARNER","stage":"mem","model":"b2_resnet","target":"aarch64-unknown-linux-gnu","completed":68,"hal_peak":309416,"peak_within_bounded":true,"admitted_budget_bytes":618856,"peak_within_admitted_budget":true,"admission_mode":"unconditional","hal_bytes_per_call_amortized":1171214.6,"process_rss_kb":7808,"process_rss_delta_init_kb":600}
EVS Port1 1980-012-14:09:08.99812 66/1/CFE_TIME 20: Start FLYWHEEL
.EVS Port1 1980-012-14:09:12.97767 66/1/AI_LEARNER 4: AI_LEARNER completed=69/69 mean=369159.7us max=706469.6us hal_peak=309416 within_bounded=1
{"app":"AI_LEARNER","stage":"run","model":"b2_resnet","target":"aarch64-unknown-linux-gnu","attempted":69,"completed":69,"fail_input":0,"fail_invoke":0,"fail_output":0,"mean_us":369159.70,"max_us":706469.55,"last_us":324133.01,"out0":0.34946,"out":[0.349459,0.001114,0.001795,0.065403,0.335932,0.006331,0.201360,0.013375,0.019186,0.006046]}
{"app":"AI_LEARNER","stage":"mem","model":"b2_resnet","target":"aarch64-unknown-linux-gnu","completed":69,"hal_peak":309416,"peak_within_bounded":true,"admitted_budget_bytes":618856,"peak_within_admitted_budget":true,"admission_mode":"unconditional","hal_bytes_per_call_amortized":1158546.7,"process_rss_kb":7808,"process_rss_delta_init_kb":600}
.EVS Port1 1980-012-14:09:16.98103 66/1/AI_LEARNER 4: AI_LEARNER completed=70/70 mean=368499.9us max=706469.6us hal_peak=309416 within_bounded=1
{"app":"AI_LEARNER","stage":"run","model":"b2_resnet","target":"aarch64-unknown-linux-gnu","attempted":70,"completed":70,"fail_input":0,"fail_invoke":0,"fail_output":0,"mean_us":368499.94,"max_us":706469.55,"last_us":322976.82,"out0":0.34946,"out":[0.349459,0.001114,0.001795,0.065403,0.335932,0.006331,0.201360,0.013375,0.019186,0.006046]}
{"app":"AI_LEARNER","stage":"mem","model":"b2_resnet","target":"aarch64-unknown-linux-gnu","completed":70,"hal_peak":309416,"peak_within_bounded":true,"admitted_budget_bytes":618856,"peak_within_admitted_budget":true,"admission_mode":"unconditional","hal_bytes_per_call_amortized":1146240.7,"process_rss_kb":7808,"process_rss_delta_init_kb":600}
{"app":"AI_LEARNER","stage":"run","model":"b2_resnet","target":"aarch64-unknown-linux-gnu","attempted":71,"completed":71,"fail_input":0,"fail_invoke":0,"fail_output":0,"mean_us":367910.95,"max_us":706469.55,"last_us":326681.25,"out0":0.34946,"out":[0.349459,0.001114,0.001795,0.065403,0.335932,0.006331,0.201360,0.013375,0.019186,0.006046]}
EVS Port1 1980-012-14:09:20.98190 66/1/AI_LEARNER 4: AI_LEARNER completed=71/71 mean=367910.9us max=706469.6us hal_peak=309416 within_bounded=1
{"app":"AI_LEARNER","stage":"mem","model":"b2_resnet","target":"aarch64-unknown-linux-gnu","completed":71,"hal_peak":309416,"peak_within_bounded":true,"admitted_budget_bytes":618856,"peak_within_admitted_budget":true,"admission_mode":"unconditional","hal_bytes_per_call_amortized":1134281.4,"process_rss_kb":7808,"process_rss_delta_init_kb":600}
.EVS Port1 1980-012-14:09:24.98677 66/1/AI_LEARNER 4: AI_LEARNER completed=72/72 mean=367479.7us max=706469.6us hal_peak=309416 within_bounded=1
{"app":"AI_LEARNER","stage":"run","model":"b2_resnet","target":"aarch64-unknown-linux-gnu","attempted":72,"completed":72,"fail_input":0,"fail_invoke":0,"fail_output":0,"mean_us":367479.75,"max_us":706469.55,"last_us":336864.62,"out0":0.34946,"out":[0.349459,0.001114,0.001795,0.065403,0.335932,0.006331,0.201360,0.013375,0.019186,0.006046]}
{"app":"AI_LEARNER","stage":"mem","model":"b2_resnet","target":"aarch64-unknown-linux-gnu","completed":72,"hal_peak":309416,"peak_within_bounded":true,"admitted_budget_bytes":618856,"peak_within_admitted_budget":true,"admission_mode":"unconditional","hal_bytes_per_call_amortized":1122654.2,"process_rss_kb":7808,"process_rss_delta_init_kb":600}
.EVS Port1 1980-012-14:09:29.03285 66/1/AI_LEARNER 4: AI_LEARNER completed=73/73 mean=367694.6us max=706469.6us hal_peak=309416 within_bounded=1
{"app":"AI_LEARNER","stage":"run","model":"b2_resnet","target":"aarch64-unknown-linux-gnu","attempted":73,"completed":73,"fail_input":0,"fail_invoke":0,"fail_output":0,"mean_us":367694.60,"max_us":706469.55,"last_us":383163.50,"out0":0.34946,"out":[0.349459,0.001114,0.001795,0.065403,0.335932,0.006331,0.201360,0.013375,0.019186,0.006046]}
{"app":"AI_LEARNER","stage":"mem","model":"b2_resnet","target":"aarch64-unknown-linux-gnu","completed":73,"hal_peak":309416,"peak_within_bounded":true,"admitted_budget_bytes":618856,"peak_within_admitted_budget":true,"admission_mode":"unconditional","hal_bytes_per_call_amortized":1111345.6,"process_rss_kb":7808,"process_rss_delta_init_kb":600}
EVS Port1 1980-012-14:09:30.00492 66/1/CFE_TIME 21: Stop FLYWHEEL
EVS Port1 1980-012-14:09:30.99810 66/1/CFE_TIME 20: Start FLYWHEEL
{"app":"AI_LEARNER","stage":"run","model":"b2_resnet","target":"aarch64-unknown-linux-gnu","attempted":74,"completed":74,"fail_input":0,"fail_invoke":0,"fail_output":0,"mean_us":367239.76,"max_us":706469.55,"last_us":334036.77,"out0":0.34946,"out":[0.349459,0.001114,0.001795,0.065403,0.335932,0.006331,0.201360,0.013375,0.019186,0.006046]}
EVS Port1 1980-012-14:09:32.98719 66/1/AI_LEARNER 4: AI_LEARNER completed=74/74 mean=367239.8us max=706469.6us hal_peak=309416 within_bounded=1
{"app":"AI_LEARNER","stage":"mem","model":"b2_resnet","target":"aarch64-unknown-linux-gnu","completed":74,"hal_peak":309416,"peak_within_bounded":true,"admitted_budget_bytes":618856,"peak_within_admitted_budget":true,"admission_mode":"unconditional","hal_bytes_per_call_amortized":1100342.7,"process_rss_kb":7808,"process_rss_delta_init_kb":600}
.{"app":"AI_LEARNER","stage":"run","model":"b2_resnet","target":"aarch64-unknown-linux-gnu","attempted":75,"completed":75,"fail_input":0,"fail_invoke":0,"fail_output":0,"mean_us":366548.57,"max_us":706469.55,"last_us":315400.67,"out0":0.34946,"out":[0.349459,0.001114,0.001795,0.065403,0.335932,0.006331,0.201360,0.013375,0.019186,0.006046]}
EVS Port1 1980-012-14:09:36.97689 66/1/AI_LEARNER 4: AI_LEARNER completed=75/75 mean=366548.6us max=706469.6us hal_peak=309416 within_bounded=1
{"app":"AI_LEARNER","stage":"mem","model":"b2_resnet","target":"aarch64-unknown-linux-gnu","completed":75,"hal_peak":309416,"peak_within_bounded":true,"admitted_budget_bytes":618856,"peak_within_admitted_budget":true,"admission_mode":"unconditional","hal_bytes_per_call_amortized":1089633.2,"process_rss_kb":7808,"process_rss_delta_init_kb":600}
.EVS Port1 1980-012-14:09:40.98908 66/1/AI_LEARNER 4: AI_LEARNER completed=76/76 mean=366071.3us max=706469.6us hal_peak=309416 within_bounded=1
{"app":"AI_LEARNER","stage":"run","model":"b2_resnet","target":"aarch64-unknown-linux-gnu","attempted":76,"completed":76,"fail_input":0,"fail_invoke":0,"fail_output":0,"mean_us":366071.26,"max_us":706469.55,"last_us":330272.56,"out0":0.34946,"out":[0.349459,0.001114,0.001795,0.065403,0.335932,0.006331,0.201360,0.013375,0.019186,0.006046]}
{"app":"AI_LEARNER","stage":"mem","model":"b2_resnet","target":"aarch64-unknown-linux-gnu","completed":76,"hal_peak":309416,"peak_within_bounded":true,"admitted_budget_bytes":618856,"peak_within_admitted_budget":true,"admission_mode":"unconditional","hal_bytes_per_call_amortized":1079205.5,"process_rss_kb":7808,"process_rss_delta_init_kb":600}
{"app":"AI_LEARNER","stage":"run","model":"b2_resnet","target":"aarch64-unknown-linux-gnu","attempted":77,"completed":77,"fail_input":0,"fail_invoke":0,"fail_output":0,"mean_us":365760.44,"max_us":706469.55,"last_us":342138.29,"out0":0.34946,"out":[0.349459,0.001114,0.001795,0.065403,0.335932,0.006331,0.201360,0.013375,0.019186,0.006046]}
EVS Port1 1980-012-14:09:44.99526 66/1/AI_LEARNER 4: AI_LEARNER completed=77/77 mean=365760.4us max=706469.6us hal_peak=309416 within_bounded=1
{"app":"AI_LEARNER","stage":"mem","model":"b2_resnet","target":"aarch64-unknown-linux-gnu","completed":77,"hal_peak":309416,"peak_within_bounded":true,"admitted_budget_bytes":618856,"peak_within_admitted_budget":true,"admission_mode":"unconditional","hal_bytes_per_call_amortized":1069048.6,"process_rss_kb":7808,"process_rss_delta_init_kb":600}
.EVS Port1 1980-012-14:09:48.97860 66/1/AI_LEARNER 4: AI_LEARNER completed=78/78 mean=365250.6us max=706469.6us hal_peak=309416 within_bounded=1
{"app":"AI_LEARNER","stage":"run","model":"b2_resnet","target":"aarch64-unknown-linux-gnu","attempted":78,"completed":78,"fail_input":0,"fail_invoke":0,"fail_output":0,"mean_us":365250.65,"max_us":706469.55,"last_us":325996.88,"out0":0.34946,"out":[0.349459,0.001114,0.001795,0.065403,0.335932,0.006331,0.201360,0.013375,0.019186,0.006046]}
{"app":"AI_LEARNER","stage":"mem","model":"b2_resnet","target":"aarch64-unknown-linux-gnu","completed":78,"hal_peak":309416,"peak_within_bounded":true,"admitted_budget_bytes":618856,"peak_within_admitted_budget":true,"admission_mode":"unconditional","hal_bytes_per_call_amortized":1059152.2,"process_rss_kb":7808,"process_rss_delta_init_kb":600}
.EVS Port1 1980-012-14:09:52.99270 66/1/AI_LEARNER 4: AI_LEARNER completed=79/79 mean=364925.4us max=706469.6us hal_peak=309416 within_bounded=1
{"app":"AI_LEARNER","stage":"run","model":"b2_resnet","target":"aarch64-unknown-linux-gnu","attempted":79,"completed":79,"fail_input":0,"fail_invoke":0,"fail_output":0,"mean_us":364925.43,"max_us":706469.55,"last_us":339558.14,"out0":0.34946,"out":[0.349459,0.001114,0.001795,0.065403,0.335932,0.006331,0.201360,0.013375,0.019186,0.006046]}
{"app":"AI_LEARNER","stage":"mem","model":"b2_resnet","target":"aarch64-unknown-linux-gnu","completed":79,"hal_peak":309416,"peak_within_bounded":true,"admitted_budget_bytes":618856,"peak_within_admitted_budget":true,"admission_mode":"unconditional","hal_bytes_per_call_amortized":1049506.3,"process_rss_kb":7808,"process_rss_delta_init_kb":600}
EVS Port1 1980-012-14:09:56.98324 66/1/AI_LEARNER 4: AI_LEARNER completed=80/80 mean=364462.4us max=706469.6us hal_peak=309416 within_bounded=1
{"app":"AI_LEARNER","stage":"run","model":"b2_resnet","target":"aarch64-unknown-linux-gnu","attempted":80,"completed":80,"fail_input":0,"fail_invoke":0,"fail_output":0,"mean_us":364462.38,"max_us":706469.55,"last_us":327881.74,"out0":0.34946,"out":[0.349459,0.001114,0.001795,0.065403,0.335932,0.006331,0.201360,0.013375,0.019186,0.006046]}
{"app":"AI_LEARNER","stage":"mem","model":"b2_resnet","target":"aarch64-unknown-linux-gnu","completed":80,"hal_peak":309416,"peak_within_bounded":true,"admitted_budget_bytes":618856,"peak_within_admitted_budget":true,"admission_mode":"unconditional","hal_bytes_per_call_amortized":1040101.6,"process_rss_kb":7808,"process_rss_delta_init_kb":600}
.EVS Port1 1980-012-14:10:00.00596 66/1/CFE_TIME 21: Stop FLYWHEEL
EVS Port1 1980-012-14:10:01.00025 66/1/CFE_TIME 20: Start FLYWHEEL
{"app":"AI_LEARNER","stage":"run","model":"b2_resnet","target":"aarch64-unknown-linux-gnu","attempted":81,"completed":81,"fail_input":0,"fail_invoke":0,"fail_output":0,"mean_us":364678.91,"max_us":706469.55,"last_us":382001.41,"out0":0.34946,"out":[0.349459,0.001114,0.001795,0.065403,0.335932,0.006331,0.201360,0.013375,0.019186,0.006046]}
EVS Port1 1980-012-14:10:01.03691 66/1/AI_LEARNER 4: AI_LEARNER completed=81/81 mean=364678.9us max=706469.6us hal_peak=309416 within_bounded=1
{"app":"AI_LEARNER","stage":"mem","model":"b2_resnet","target":"aarch64-unknown-linux-gnu","completed":81,"hal_peak":309416,"peak_within_bounded":true,"admitted_budget_bytes":618856,"peak_within_admitted_budget":true,"admission_mode":"unconditional","hal_bytes_per_call_amortized":1030929.1,"process_rss_kb":7808,"process_rss_delta_init_kb":600}
EVS Port1 1980-012-14:10:03.00405 66/1/CFE_TIME 21: Stop FLYWHEEL
EVS Port1 1980-012-14:10:03.99905 66/1/CFE_TIME 20: Start FLYWHEEL
.{"app":"AI_LEARNER","stage":"run","model":"b2_resnet","target":"aarch64-unknown-linux-gnu","attempted":82,"completed":82,"fail_input":0,"fail_invoke":0,"fail_output":0,"mean_us":364354.03,"max_us":706469.55,"last_us":338038.62,"out0":0.34946,"out":[0.349459,0.001114,0.001795,0.065403,0.335932,0.006331,0.201360,0.013375,0.019186,0.006046]}
EVS Port1 1980-012-14:10:04.98594 66/1/AI_LEARNER 4: AI_LEARNER completed=82/82 mean=364354.0us max=706469.6us hal_peak=309416 within_bounded=1
{"app":"AI_LEARNER","stage":"mem","model":"b2_resnet","target":"aarch64-unknown-linux-gnu","completed":82,"hal_peak":309416,"peak_within_bounded":true,"admitted_budget_bytes":618856,"peak_within_admitted_budget":true,"admission_mode":"unconditional","hal_bytes_per_call_amortized":1021980.3,"process_rss_kb":7808,"process_rss_delta_init_kb":600}
{"app":"AI_LEARNER","stage":"run","model":"b2_resnet","target":"aarch64-unknown-linux-gnu","attempted":83,"completed":83,"fail_input":0,"fail_invoke":0,"fail_output":0,"mean_us":364143.61,"max_us":706469.55,"last_us":346888.82,"out0":0.34946,"out":[0.349459,0.001114,0.001795,0.065403,0.335932,0.006331,0.201360,0.013375,0.019186,0.006046]}
EVS Port1 1980-012-14:10:09.02893 66/1/AI_LEARNER 4: AI_LEARNER completed=83/83 mean=364143.6us max=706469.6us hal_peak=309416 within_bounded=1
{"app":"AI_LEARNER","stage":"mem","model":"b2_resnet","target":"aarch64-unknown-linux-gnu","completed":83,"hal_peak":309416,"peak_within_bounded":true,"admitted_budget_bytes":618856,"peak_within_admitted_budget":true,"admission_mode":"unconditional","hal_bytes_per_call_amortized":1013247.1,"process_rss_kb":7808,"process_rss_delta_init_kb":600}
.EVS Port1 1980-012-14:10:11.05641 66/1/CFE_TIME 20: Start FLYWHEEL
EVS Port1 1980-012-14:10:11.00419 66/1/CFE_TIME 21: Stop FLYWHEEL
EVS Port1 1980-012-14:10:12.97424 66/1/AI_LEARNER 4: AI_LEARNER completed=84/84 mean=363653.8us max=706469.6us hal_peak=309416 within_bounded=1
{"app":"AI_LEARNER","stage":"run","model":"b2_resnet","target":"aarch64-unknown-linux-gnu","attempted":84,"completed":84,"fail_input":0,"fail_invoke":0,"fail_output":0,"mean_us":363653.84,"max_us":706469.55,"last_us":323003.46,"out0":0.34946,"out":[0.349459,0.001114,0.001795,0.065403,0.335932,0.006331,0.201360,0.013375,0.019186,0.006046]}
{"app":"AI_LEARNER","stage":"mem","model":"b2_resnet","target":"aarch64-unknown-linux-gnu","completed":84,"hal_peak":309416,"peak_within_bounded":true,"admitted_budget_bytes":618856,"peak_within_admitted_budget":true,"admission_mode":"unconditional","hal_bytes_per_call_amortized":1004721.9,"process_rss_kb":7808,"process_rss_delta_init_kb":600}
.{"app":"AI_LEARNER","stage":"run","model":"b2_resnet","target":"aarch64-unknown-linux-gnu","attempted":85,"completed":85,"fail_input":0,"fail_invoke":0,"fail_output":0,"mean_us":363714.80,"max_us":706469.55,"last_us":368834.88,"out0":0.34946,"out":[0.349459,0.001114,0.001795,0.065403,0.335932,0.006331,0.201360,0.013375,0.019186,0.006046]}
EVS Port1 1980-012-14:10:17.02445 66/1/AI_LEARNER 4: AI_LEARNER completed=85/85 mean=363714.8us max=706469.6us hal_peak=309416 within_bounded=1
{"app":"AI_LEARNER","stage":"mem","model":"b2_resnet","target":"aarch64-unknown-linux-gnu","completed":85,"hal_peak":309416,"peak_within_bounded":true,"admitted_budget_bytes":618856,"peak_within_admitted_budget":true,"admission_mode":"unconditional","hal_bytes_per_call_amortized":996397.3,"process_rss_kb":7808,"process_rss_delta_init_kb":600}
EVS Port1 1980-012-14:10:21.03147 66/1/AI_LEARNER 4: AI_LEARNER completed=86/86 mean=363866.1us max=706469.6us hal_peak=309416 within_bounded=1
{"app":"AI_LEARNER","stage":"run","model":"b2_resnet","target":"aarch64-unknown-linux-gnu","attempted":86,"completed":86,"fail_input":0,"fail_invoke":0,"fail_output":0,"mean_us":363866.14,"max_us":706469.55,"last_us":376730.66,"out0":0.34946,"out":[0.349459,0.001114,0.001795,0.065403,0.335932,0.006331,0.201360,0.013375,0.019186,0.006046]}
{"app":"AI_LEARNER","stage":"mem","model":"b2_resnet","target":"aarch64-unknown-linux-gnu","completed":86,"hal_peak":309416,"peak_within_bounded":true,"admitted_budget_bytes":618856,"peak_within_admitted_budget":true,"admission_mode":"unconditional","hal_bytes_per_call_amortized":988266.2,"process_rss_kb":7808,"process_rss_delta_init_kb":600}
.{"app":"AI_LEARNER","stage":"run","model":"b2_resnet","target":"aarch64-unknown-linux-gnu","attempted":87,"completed":87,"fail_input":0,"fail_invoke":0,"fail_output":0,"mean_us":363858.49,"max_us":706469.55,"last_us":363200.46,"out0":0.34946,"out":[0.349459,0.001114,0.001795,0.065403,0.335932,0.006331,0.201360,0.013375,0.019186,0.006046]}
EVS Port1 1980-012-14:10:25.01309 66/1/AI_LEARNER 4: AI_LEARNER completed=87/87 mean=363858.5us max=706469.6us hal_peak=309416 within_bounded=1
{"app":"AI_LEARNER","stage":"mem","model":"b2_resnet","target":"aarch64-unknown-linux-gnu","completed":87,"hal_peak":309416,"peak_within_bounded":true,"admitted_budget_bytes":618856,"peak_within_admitted_budget":true,"admission_mode":"unconditional","hal_bytes_per_call_amortized":980322.1,"process_rss_kb":7808,"process_rss_delta_init_kb":600}
.EVS Port1 1980-012-14:10:28.99714 66/1/AI_LEARNER 4: AI_LEARNER completed=88/88 mean=363408.0us max=706469.6us hal_peak=309416 within_bounded=1
{"app":"AI_LEARNER","stage":"run","model":"b2_resnet","target":"aarch64-unknown-linux-gnu","attempted":88,"completed":88,"fail_input":0,"fail_invoke":0,"fail_output":0,"mean_us":363407.96,"max_us":706469.55,"last_us":324211.33,"out0":0.34946,"out":[0.349459,0.001114,0.001795,0.065403,0.335932,0.006331,0.201360,0.013375,0.019186,0.006046]}
{"app":"AI_LEARNER","stage":"mem","model":"b2_resnet","target":"aarch64-unknown-linux-gnu","completed":88,"hal_peak":309416,"peak_within_bounded":true,"admitted_budget_bytes":618856,"peak_within_admitted_budget":true,"admission_mode":"unconditional","hal_bytes_per_call_amortized":972558.5,"process_rss_kb":7808,"process_rss_delta_init_kb":600}
EVS Port1 1980-012-14:10:31.03804 66/1/CFE_TIME 20: Start FLYWHEEL
EVS Port1 1980-012-14:10:31.00389 66/1/CFE_TIME 21: Stop FLYWHEEL
EVS Port1 1980-012-14:10:32.97406 66/1/AI_LEARNER 4: AI_LEARNER completed=89/89 mean=362918.2us max=706469.6us hal_peak=309416 within_bounded=1
{"app":"AI_LEARNER","stage":"run","model":"b2_resnet","target":"aarch64-unknown-linux-gnu","attempted":89,"completed":89,"fail_input":0,"fail_invoke":0,"fail_output":0,"mean_us":362918.19,"max_us":706469.55,"last_us":319819.07,"out0":0.34946,"out":[0.349459,0.001114,0.001795,0.065403,0.335932,0.006331,0.201360,0.013375,0.019186,0.006046]}
{"app":"AI_LEARNER","stage":"mem","model":"b2_resnet","target":"aarch64-unknown-linux-gnu","completed":89,"hal_peak":309416,"peak_within_bounded":true,"admitted_budget_bytes":618856,"peak_within_admitted_budget":true,"admission_mode":"unconditional","hal_bytes_per_call_amortized":964969.4,"process_rss_kb":7808,"process_rss_delta_init_kb":600}
.EVS Port1 1980-012-14:10:37.00392 66/1/AI_LEARNER 4: AI_LEARNER completed=90/90 mean=362643.3us max=706469.6us hal_peak=309416 within_bounded=1
{"app":"AI_LEARNER","stage":"run","model":"b2_resnet","target":"aarch64-unknown-linux-gnu","attempted":90,"completed":90,"fail_input":0,"fail_invoke":0,"fail_output":0,"mean_us":362643.31,"max_us":706469.55,"last_us":338178.82,"out0":0.34946,"out":[0.349459,0.001114,0.001795,0.065403,0.335932,0.006331,0.201360,0.013375,0.019186,0.006046]}
{"app":"AI_LEARNER","stage":"mem","model":"b2_resnet","target":"aarch64-unknown-linux-gnu","completed":90,"hal_peak":309416,"peak_within_bounded":true,"admitted_budget_bytes":618856,"peak_within_admitted_budget":true,"admission_mode":"unconditional","hal_bytes_per_call_amortized":957549.0,"process_rss_kb":7808,"process_rss_delta_init_kb":600}
.EVS Port1 1980-012-14:10:40.98014 66/1/AI_LEARNER 4: AI_LEARNER completed=91/91 mean=362210.7us max=706469.6us hal_peak=309416 within_bounded=1
{"app":"AI_LEARNER","stage":"run","model":"b2_resnet","target":"aarch64-unknown-linux-gnu","attempted":91,"completed":91,"fail_input":0,"fail_invoke":0,"fail_output":0,"mean_us":362210.70,"max_us":706469.55,"last_us":323275.70,"out0":0.34946,"out":[0.349459,0.001114,0.001795,0.065403,0.335932,0.006331,0.201360,0.013375,0.019186,0.006046]}
{"app":"AI_LEARNER","stage":"mem","model":"b2_resnet","target":"aarch64-unknown-linux-gnu","completed":91,"hal_peak":309416,"peak_within_bounded":true,"admitted_budget_bytes":618856,"peak_within_admitted_budget":true,"admission_mode":"unconditional","hal_bytes_per_call_amortized":950291.6,"process_rss_kb":7808,"process_rss_delta_init_kb":600}
EVS Port1 1980-012-14:10:44.97827 66/1/AI_LEARNER 4: AI_LEARNER completed=92/92 mean=361845.7us max=706469.6us hal_peak=309416 within_bounded=1
{"app":"AI_LEARNER","stage":"run","model":"b2_resnet","target":"aarch64-unknown-linux-gnu","attempted":92,"completed":92,"fail_input":0,"fail_invoke":0,"fail_output":0,"mean_us":361845.74,"max_us":706469.55,"last_us":328634.67,"out0":0.34946,"out":[0.349459,0.001114,0.001795,0.065403,0.335932,0.006331,0.201360,0.013375,0.019186,0.006046]}
{"app":"AI_LEARNER","stage":"mem","model":"b2_resnet","target":"aarch64-unknown-linux-gnu","completed":92,"hal_peak":309416,"peak_within_bounded":true,"admitted_budget_bytes":618856,"peak_within_admitted_budget":true,"admission_mode":"unconditional","hal_bytes_per_call_amortized":943192.0,"process_rss_kb":7808,"process_rss_delta_init_kb":600}
.EVS Port1 1980-012-14:10:48.95501 66/1/AI_LEARNER 4: AI_LEARNER completed=93/93 mean=361179.0us max=706469.6us hal_peak=309416 within_bounded=1
{"app":"AI_LEARNER","stage":"run","model":"b2_resnet","target":"aarch64-unknown-linux-gnu","attempted":93,"completed":93,"fail_input":0,"fail_invoke":0,"fail_output":0,"mean_us":361179.00,"max_us":706469.55,"last_us":299838.24,"out0":0.34946,"out":[0.349459,0.001114,0.001795,0.065403,0.335932,0.006331,0.201360,0.013375,0.019186,0.006046]}
{"app":"AI_LEARNER","stage":"mem","model":"b2_resnet","target":"aarch64-unknown-linux-gnu","completed":93,"hal_peak":309416,"peak_within_bounded":true,"admitted_budget_bytes":618856,"peak_within_admitted_budget":true,"admission_mode":"unconditional","hal_bytes_per_call_amortized":936245.1,"process_rss_kb":7808,"process_rss_delta_init_kb":600}
.EVS Port1 1980-012-14:10:52.97077 66/1/AI_LEARNER 4: AI_LEARNER completed=94/94 mean=360739.0us max=706469.6us hal_peak=309416 within_bounded=1
{"app":"AI_LEARNER","stage":"run","model":"b2_resnet","target":"aarch64-unknown-linux-gnu","attempted":94,"completed":94,"fail_input":0,"fail_invoke":0,"fail_output":0,"mean_us":360738.96,"max_us":706469.55,"last_us":319815.30,"out0":0.34946,"out":[0.349459,0.001114,0.001795,0.065403,0.335932,0.006331,0.201360,0.013375,0.019186,0.006046]}
{"app":"AI_LEARNER","stage":"mem","model":"b2_resnet","target":"aarch64-unknown-linux-gnu","completed":94,"hal_peak":309416,"peak_within_bounded":true,"admitted_budget_bytes":618856,"peak_within_admitted_budget":true,"admission_mode":"unconditional","hal_bytes_per_call_amortized":929446.0,"process_rss_kb":7808,"process_rss_delta_init_kb":600}
{"app":"AI_LEARNER","stage":"run","model":"b2_resnet","target":"aarch64-unknown-linux-gnu","attempted":95,"completed":95,"fail_input":0,"fail_invoke":0,"fail_output":0,"mean_us":360835.35,"max_us":706469.55,"last_us":369895.86,"out0":0.34946,"out":[0.349459,0.001114,0.001795,0.065403,0.335932,0.006331,0.201360,0.013375,0.019186,0.006046]}
EVS Port1 1980-012-14:10:57.02136 66/1/AI_LEARNER 4: AI_LEARNER completed=95/95 mean=360835.3us max=706469.6us hal_peak=309416 within_bounded=1
{"app":"AI_LEARNER","stage":"mem","model":"b2_resnet","target":"aarch64-unknown-linux-gnu","completed":95,"hal_peak":309416,"peak_within_bounded":true,"admitted_budget_bytes":618856,"peak_within_admitted_budget":true,"admission_mode":"unconditional","hal_bytes_per_call_amortized":922790.0,"process_rss_kb":7808,"process_rss_delta_init_kb":600}
.EVS Port1 1980-012-14:11:00.06610 66/1/CFE_TIME 20: Start FLYWHEEL
EVS Port1 1980-012-14:11:00.00546 66/1/CFE_TIME 21: Stop FLYWHEEL
EVS Port1 1980-012-14:11:00.99786 66/1/AI_LEARNER 4: AI_LEARNER completed=96/96 mean=360616.3us max=706469.6us hal_peak=309416 within_bounded=1
{"app":"AI_LEARNER","stage":"run","model":"b2_resnet","target":"aarch64-unknown-linux-gnu","attempted":96,"completed":96,"fail_input":0,"fail_invoke":0,"fail_output":0,"mean_us":360616.32,"max_us":706469.55,"last_us":339808.80,"out0":0.34946,"out":[0.349459,0.001114,0.001795,0.065403,0.335932,0.006331,0.201360,0.013375,0.019186,0.006046]}
{"app":"AI_LEARNER","stage":"mem","model":"b2_resnet","target":"aarch64-unknown-linux-gnu","completed":96,"hal_peak":309416,"peak_within_bounded":true,"admitted_budget_bytes":618856,"peak_within_admitted_budget":true,"admission_mode":"unconditional","hal_bytes_per_call_amortized":916272.7,"process_rss_kb":7808,"process_rss_delta_init_kb":600}
.EVS Port1 1980-012-14:11:04.97190 66/1/AI_LEARNER 4: AI_LEARNER completed=97/97 mean=360230.7us max=706469.6us hal_peak=309416 within_bounded=1
{"app":"AI_LEARNER","stage":"run","model":"b2_resnet","target":"aarch64-unknown-linux-gnu","attempted":97,"completed":97,"fail_input":0,"fail_invoke":0,"fail_output":0,"mean_us":360230.68,"max_us":706469.55,"last_us":323209.42,"out0":0.34946,"out":[0.349459,0.001114,0.001795,0.065403,0.335932,0.006331,0.201360,0.013375,0.019186,0.006046]}
{"app":"AI_LEARNER","stage":"mem","model":"b2_resnet","target":"aarch64-unknown-linux-gnu","completed":97,"hal_peak":309416,"peak_within_bounded":true,"admitted_budget_bytes":618856,"peak_within_admitted_budget":true,"admission_mode":"unconditional","hal_bytes_per_call_amortized":909889.7,"process_rss_kb":7808,"process_rss_delta_init_kb":600}
EVS Port1 1980-012-14:11:09.01593 66/1/AI_LEARNER 4: AI_LEARNER completed=98/98 mean=360297.2us max=706469.6us hal_peak=309416 within_bounded=1
{"app":"AI_LEARNER","stage":"run","model":"b2_resnet","target":"aarch64-unknown-linux-gnu","attempted":98,"completed":98,"fail_input":0,"fail_invoke":0,"fail_output":0,"mean_us":360297.20,"max_us":706469.55,"last_us":366749.95,"out0":0.34946,"out":[0.349459,0.001114,0.001795,0.065403,0.335932,0.006331,0.201360,0.013375,0.019186,0.006046]}
{"app":"AI_LEARNER","stage":"mem","model":"b2_resnet","target":"aarch64-unknown-linux-gnu","completed":98,"hal_peak":309416,"peak_within_bounded":true,"admitted_budget_bytes":618856,"peak_within_admitted_budget":true,"admission_mode":"unconditional","hal_bytes_per_call_amortized":903637.1,"process_rss_kb":7808,"process_rss_delta_init_kb":600}
.EVS Port1 1980-012-14:11:12.97685 66/1/AI_LEARNER 4: AI_LEARNER completed=99/99 mean=359978.1us max=706469.6us hal_peak=309416 within_bounded=1
{"app":"AI_LEARNER","stage":"run","model":"b2_resnet","target":"aarch64-unknown-linux-gnu","attempted":99,"completed":99,"fail_input":0,"fail_invoke":0,"fail_output":0,"mean_us":359978.11,"max_us":706469.55,"last_us":328706.43,"out0":0.34946,"out":[0.349459,0.001114,0.001795,0.065403,0.335932,0.006331,0.201360,0.013375,0.019186,0.006046]}
{"app":"AI_LEARNER","stage":"mem","model":"b2_resnet","target":"aarch64-unknown-linux-gnu","completed":99,"hal_peak":309416,"peak_within_bounded":true,"admitted_budget_bytes":618856,"peak_within_admitted_budget":true,"admission_mode":"unconditional","hal_bytes_per_call_amortized":897510.7,"process_rss_kb":7808,"process_rss_delta_init_kb":600}
.EVS Port1 1980-012-14:11:17.01208 66/1/AI_LEARNER 4: AI_LEARNER completed=100/100 mean=359909.0us max=706469.6us hal_peak=309416 within_bounded=1
{"app":"AI_LEARNER","stage":"run","model":"b2_resnet","target":"aarch64-unknown-linux-gnu","attempted":100,"completed":100,"fail_input":0,"fail_invoke":0,"fail_output":0,"mean_us":359908.95,"max_us":706469.55,"last_us":353063.04,"out0":0.34946,"out":[0.349459,0.001114,0.001795,0.065403,0.335932,0.006331,0.201360,0.013375,0.019186,0.006046]}
{"app":"AI_LEARNER","stage":"mem","model":"b2_resnet","target":"aarch64-unknown-linux-gnu","completed":100,"hal_peak":309416,"peak_within_bounded":true,"admitted_budget_bytes":618856,"peak_within_admitted_budget":true,"admission_mode":"unconditional","hal_bytes_per_call_amortized":891506.9,"process_rss_kb":7808,"process_rss_delta_init_kb":600}
EVS Port1 1980-012-14:11:20.99131 66/1/AI_LEARNER 4: AI_LEARNER completed=101/101 mean=359631.1us max=706469.6us hal_peak=309416 within_bounded=1
{"app":"AI_LEARNER","stage":"run","model":"b2_resnet","target":"aarch64-unknown-linux-gnu","attempted":101,"completed":101,"fail_input":0,"fail_invoke":0,"fail_output":0,"mean_us":359631.13,"max_us":706469.55,"last_us":331848.56,"out0":0.34946,"out":[0.349459,0.001114,0.001795,0.065403,0.335932,0.006331,0.201360,0.013375,0.019186,0.006046]}
{"app":"AI_LEARNER","stage":"mem","model":"b2_resnet","target":"aarch64-unknown-linux-gnu","completed":101,"hal_peak":309416,"peak_within_bounded":true,"admitted_budget_bytes":618856,"peak_within_admitted_budget":true,"admission_mode":"unconditional","hal_bytes_per_call_amortized":885621.9,"process_rss_kb":7808,"process_rss_delta_init_kb":600}
.EVS Port1 1980-012-14:11:24.97225 66/1/AI_LEARNER 4: AI_LEARNER completed=102/102 mean=359239.0us max=706469.6us hal_peak=309416 within_bounded=1
{"app":"AI_LEARNER","stage":"run","model":"b2_resnet","target":"aarch64-unknown-linux-gnu","attempted":102,"completed":102,"fail_input":0,"fail_invoke":0,"fail_output":0,"mean_us":359239.04,"max_us":706469.55,"last_us":319637.60,"out0":0.34946,"out":[0.349459,0.001114,0.001795,0.065403,0.335932,0.006331,0.201360,0.013375,0.019186,0.006046]}
{"app":"AI_LEARNER","stage":"mem","model":"b2_resnet","target":"aarch64-unknown-linux-gnu","completed":102,"hal_peak":309416,"peak_within_bounded":true,"admitted_budget_bytes":618856,"peak_within_admitted_budget":true,"admission_mode":"unconditional","hal_bytes_per_call_amortized":879852.4,"process_rss_kb":7808,"process_rss_delta_init_kb":600}
.EVS Port1 1980-012-14:11:28.97293 66/1/AI_LEARNER 4: AI_LEARNER completed=103/103 mean=358741.1us max=706469.6us hal_peak=309416 within_bounded=1
{"app":"AI_LEARNER","stage":"run","model":"b2_resnet","target":"aarch64-unknown-linux-gnu","attempted":103,"completed":103,"fail_input":0,"fail_invoke":0,"fail_output":0,"mean_us":358741.08,"max_us":706469.55,"last_us":307949.38,"out0":0.34946,"out":[0.349459,0.001114,0.001795,0.065403,0.335932,0.006331,0.201360,0.013375,0.019186,0.006046]}
{"app":"AI_LEARNER","stage":"mem","model":"b2_resnet","target":"aarch64-unknown-linux-gnu","completed":103,"hal_peak":309416,"peak_within_bounded":true,"admitted_budget_bytes":618856,"peak_within_admitted_budget":true,"admission_mode":"unconditional","hal_bytes_per_call_amortized":874194.9,"process_rss_kb":7808,"process_rss_delta_init_kb":600}
{"app":"AI_LEARNER","stage":"run","model":"b2_resnet","target":"aarch64-unknown-linux-gnu","attempted":104,"completed":104,"fail_input":0,"fail_invoke":0,"fail_output":0,"mean_us":358314.04,"max_us":706469.55,"last_us":314329.30,"out0":0.34946,"out":[0.349459,0.001114,0.001795,0.065403,0.335932,0.006331,0.201360,0.013375,0.019186,0.006046]}
{"app":"AI_LEARNER","stage":"mem","model":"b2_resnet","target":"aarch64-unknown-linux-gnu","completed":104,"hal_peak":309416,"peak_within_bounded":true,"admitted_budget_bytes":618856,"peak_within_admitted_budget":true,"admission_mode":"unconditional","hal_bytes_per_call_amortized":868646.2,"process_rss_kb":7808,"process_rss_delta_init_kb":600}
EVS Port1 1980-012-14:11:32.96609 66/1/AI_LEARNER 4: AI_LEARNER completed=104/104 mean=358314.0us max=706469.6us hal_peak=309416 within_bounded=1
.EVS Port1 1980-012-14:11:36.99397 66/1/AI_LEARNER 4: AI_LEARNER completed=105/105 mean=358142.7us max=706469.6us hal_peak=309416 within_bounded=1
{"app":"AI_LEARNER","stage":"run","model":"b2_resnet","target":"aarch64-unknown-linux-gnu","attempted":105,"completed":105,"fail_input":0,"fail_invoke":0,"fail_output":0,"mean_us":358142.74,"max_us":706469.55,"last_us":340327.46,"out0":0.34946,"out":[0.349459,0.001114,0.001795,0.065403,0.335932,0.006331,0.201360,0.013375,0.019186,0.006046]}
{"app":"AI_LEARNER","stage":"mem","model":"b2_resnet","target":"aarch64-unknown-linux-gnu","completed":105,"hal_peak":309416,"peak_within_bounded":true,"admitted_budget_bytes":618856,"peak_within_admitted_budget":true,"admission_mode":"unconditional","hal_bytes_per_call_amortized":863203.1,"process_rss_kb":7808,"process_rss_delta_init_kb":600}
.{"app":"AI_LEARNER","stage":"run","model":"b2_resnet","target":"aarch64-unknown-linux-gnu","attempted":106,"completed":106,"fail_input":0,"fail_invoke":0,"fail_output":0,"mean_us":357845.86,"max_us":706469.55,"last_us":326672.88,"out0":0.34946,"out":[0.349459,0.001114,0.001795,0.065403,0.335932,0.006331,0.201360,0.013375,0.019186,0.006046]}
EVS Port1 1980-012-14:11:40.98197 66/1/AI_LEARNER 4: AI_LEARNER completed=106/106 mean=357845.9us max=706469.6us hal_peak=309416 within_bounded=1
{"app":"AI_LEARNER","stage":"mem","model":"b2_resnet","target":"aarch64-unknown-linux-gnu","completed":106,"hal_peak":309416,"peak_within_bounded":true,"admitted_budget_bytes":618856,"peak_within_admitted_budget":true,"admission_mode":"unconditional","hal_bytes_per_call_amortized":857862.8,"process_rss_kb":7808,"process_rss_delta_init_kb":600}
EVS Port1 1980-012-14:11:45.00758 66/1/AI_LEARNER 4: AI_LEARNER completed=107/107 mean=357751.2us max=706469.6us hal_peak=309416 within_bounded=1
{"app":"AI_LEARNER","stage":"run","model":"b2_resnet","target":"aarch64-unknown-linux-gnu","attempted":107,"completed":107,"fail_input":0,"fail_invoke":0,"fail_output":0,"mean_us":357751.24,"max_us":706469.55,"last_us":347722.43,"out0":0.34946,"out":[0.349459,0.001114,0.001795,0.065403,0.335932,0.006331,0.201360,0.013375,0.019186,0.006046]}
{"app":"AI_LEARNER","stage":"mem","model":"b2_resnet","target":"aarch64-unknown-linux-gnu","completed":107,"hal_peak":309416,"peak_within_bounded":true,"admitted_budget_bytes":618856,"peak_within_admitted_budget":true,"admission_mode":"unconditional","hal_bytes_per_call_amortized":852622.3,"process_rss_kb":7808,"process_rss_delta_init_kb":600}
.EVS Port1 1980-012-14:11:48.99316 66/1/AI_LEARNER 4: AI_LEARNER completed=108/108 mean=357585.7us max=706469.6us hal_peak=309416 within_bounded=1
{"app":"AI_LEARNER","stage":"run","model":"b2_resnet","target":"aarch64-unknown-linux-gnu","attempted":108,"completed":108,"fail_input":0,"fail_invoke":0,"fail_output":0,"mean_us":357585.73,"max_us":706469.55,"last_us":339876.21,"out0":0.34946,"out":[0.349459,0.001114,0.001795,0.065403,0.335932,0.006331,0.201360,0.013375,0.019186,0.006046]}
{"app":"AI_LEARNER","stage":"mem","model":"b2_resnet","target":"aarch64-unknown-linux-gnu","completed":108,"hal_peak":309416,"peak_within_bounded":true,"admitted_budget_bytes":618856,"peak_within_admitted_budget":true,"admission_mode":"unconditional","hal_bytes_per_call_amortized":847478.8,"process_rss_kb":7808,"process_rss_delta_init_kb":600}
.EVS Port1 1980-012-14:11:52.98512 66/1/AI_LEARNER 4: AI_LEARNER completed=109/109 mean=357347.9us max=706469.6us hal_peak=309416 within_bounded=1
{"app":"AI_LEARNER","stage":"run","model":"b2_resnet","target":"aarch64-unknown-linux-gnu","attempted":109,"completed":109,"fail_input":0,"fail_invoke":0,"fail_output":0,"mean_us":357347.89,"max_us":706469.55,"last_us":331661.15,"out0":0.34946,"out":[0.349459,0.001114,0.001795,0.065403,0.335932,0.006331,0.201360,0.013375,0.019186,0.006046]}
{"app":"AI_LEARNER","stage":"mem","model":"b2_resnet","target":"aarch64-unknown-linux-gnu","completed":109,"hal_peak":309416,"peak_within_bounded":true,"admitted_budget_bytes":618856,"peak_within_admitted_budget":true,"admission_mode":"unconditional","hal_bytes_per_call_amortized":842429.7,"process_rss_kb":7808,"process_rss_delta_init_kb":600}
EVS Port1 1980-012-14:11:56.96701 66/1/AI_LEARNER 4: AI_LEARNER completed=110/110 mean=356964.4us max=706469.6us hal_peak=309416 within_bounded=1
{"app":"AI_LEARNER","stage":"run","model":"b2_resnet","target":"aarch64-unknown-linux-gnu","attempted":110,"completed":110,"fail_input":0,"fail_invoke":0,"fail_output":0,"mean_us":356964.39,"max_us":706469.55,"last_us":315162.11,"out0":0.34946,"out":[0.349459,0.001114,0.001795,0.065403,0.335932,0.006331,0.201360,0.013375,0.019186,0.006046]}
{"app":"AI_LEARNER","stage":"mem","model":"b2_resnet","target":"aarch64-unknown-linux-gnu","completed":110,"hal_peak":309416,"peak_within_bounded":true,"admitted_budget_bytes":618856,"peak_within_admitted_budget":true,"admission_mode":"unconditional","hal_bytes_per_call_amortized":837472.4,"process_rss_kb":7808,"process_rss_delta_init_kb":600}
.EVS Port1 1980-012-14:12:00.00396 66/1/CFE_TIME 21: Stop FLYWHEEL
EVS Port1 1980-012-14:12:00.97895 66/1/AI_LEARNER 4: AI_LEARNER completed=111/111 mean=356687.2us max=706469.6us hal_peak=309416 within_bounded=1
{"app":"AI_LEARNER","stage":"run","model":"b2_resnet","target":"aarch64-unknown-linux-gnu","attempted":111,"completed":111,"fail_input":0,"fail_invoke":0,"fail_output":0,"mean_us":356687.22,"max_us":706469.55,"last_us":326199.34,"out0":0.34946,"out":[0.349459,0.001114,0.001795,0.065403,0.335932,0.006331,0.201360,0.013375,0.019186,0.006046]}
{"app":"AI_LEARNER","stage":"mem","model":"b2_resnet","target":"aarch64-unknown-linux-gnu","completed":111,"hal_peak":309416,"peak_within_bounded":true,"admitted_budget_bytes":618856,"peak_within_admitted_budget":true,"admission_mode":"unconditional","hal_bytes_per_call_amortized":832604.5,"process_rss_kb":7808,"process_rss_delta_init_kb":600}
EVS Port1 1980-012-14:12:00.99775 66/1/CFE_TIME 20: Start FLYWHEEL
.EVS Port1 1980-012-14:12:04.99597 66/1/AI_LEARNER 4: AI_LEARNER completed=112/112 mean=356541.3us max=706469.6us hal_peak=309416 within_bounded=1
{"app":"AI_LEARNER","stage":"run","model":"b2_resnet","target":"aarch64-unknown-linux-gnu","attempted":112,"completed":112,"fail_input":0,"fail_invoke":0,"fail_output":0,"mean_us":356541.26,"max_us":706469.55,"last_us":340339.60,"out0":0.34946,"out":[0.349459,0.001114,0.001795,0.065403,0.335932,0.006331,0.201360,0.013375,0.019186,0.006046]}
{"app":"AI_LEARNER","stage":"mem","model":"b2_resnet","target":"aarch64-unknown-linux-gnu","completed":112,"hal_peak":309416,"peak_within_bounded":true,"admitted_budget_bytes":618856,"peak_within_admitted_budget":true,"admission_mode":"unconditional","hal_bytes_per_call_amortized":827823.4,"process_rss_kb":7808,"process_rss_delta_init_kb":600}
{"app":"AI_LEARNER","stage":"run","model":"b2_resnet","target":"aarch64-unknown-linux-gnu","attempted":113,"completed":113,"fail_input":0,"fail_invoke":0,"fail_output":0,"mean_us":356441.21,"max_us":706469.55,"last_us":345234.88,"out0":0.34946,"out":[0.349459,0.001114,0.001795,0.065403,0.335932,0.006331,0.201360,0.013375,0.019186,0.006046]}
EVS Port1 1980-012-14:12:09.01562 66/1/AI_LEARNER 4: AI_LEARNER completed=113/113 mean=356441.2us max=706469.6us hal_peak=309416 within_bounded=1
{"app":"AI_LEARNER","stage":"mem","model":"b2_resnet","target":"aarch64-unknown-linux-gnu","completed":113,"hal_peak":309416,"peak_within_bounded":true,"admitted_budget_bytes":618856,"peak_within_admitted_budget":true,"admission_mode":"unconditional","hal_bytes_per_call_amortized":823127.0,"process_rss_kb":7808,"process_rss_delta_init_kb":600}
.EVS Port1 1980-012-14:12:13.02499 66/1/AI_LEARNER 4: AI_LEARNER completed=114/114 mean=356571.8us max=706469.6us hal_peak=309416 within_bounded=1
{"app":"AI_LEARNER","stage":"run","model":"b2_resnet","target":"aarch64-unknown-linux-gnu","attempted":114,"completed":114,"fail_input":0,"fail_invoke":0,"fail_output":0,"mean_us":356571.79,"max_us":706469.55,"last_us":371327.52,"out0":0.34946,"out":[0.349459,0.001114,0.001795,0.065403,0.335932,0.006331,0.201360,0.013375,0.019186,0.006046]}
{"app":"AI_LEARNER","stage":"mem","model":"b2_resnet","target":"aarch64-unknown-linux-gnu","completed":114,"hal_peak":309416,"peak_within_bounded":true,"admitted_budget_bytes":618856,"peak_within_admitted_budget":true,"admission_mode":"unconditional","hal_bytes_per_call_amortized":818513.0,"process_rss_kb":7808,"process_rss_delta_init_kb":600}
.EVS Port1 1980-012-14:12:17.00155 66/1/AI_LEARNER 4: AI_LEARNER completed=115/115 mean=356455.3us max=706469.6us hal_peak=309416 within_bounded=1
{"app":"AI_LEARNER","stage":"run","model":"b2_resnet","target":"aarch64-unknown-linux-gnu","attempted":115,"completed":115,"fail_input":0,"fail_invoke":0,"fail_output":0,"mean_us":356455.34,"max_us":706469.55,"last_us":343179.84,"out0":0.34946,"out":[0.349459,0.001114,0.001795,0.065403,0.335932,0.006331,0.201360,0.013375,0.019186,0.006046]}
{"app":"AI_LEARNER","stage":"mem","model":"b2_resnet","target":"aarch64-unknown-linux-gnu","completed":115,"hal_peak":309416,"peak_within_bounded":true,"admitted_budget_bytes":618856,"peak_within_admitted_budget":true,"admission_mode":"unconditional","hal_bytes_per_call_amortized":813979.2,"process_rss_kb":7808,"process_rss_delta_init_kb":600}
{"app":"AI_LEARNER","stage":"run","model":"b2_resnet","target":"aarch64-unknown-linux-gnu","attempted":116,"completed":116,"fail_input":0,"fail_invoke":0,"fail_output":0,"mean_us":356537.16,"max_us":706469.55,"last_us":365946.72,"out0":0.34946,"out":[0.349459,0.001114,0.001795,0.065403,0.335932,0.006331,0.201360,0.013375,0.019186,0.006046]}
EVS Port1 1980-012-14:12:21.01985 66/1/AI_LEARNER 4: AI_LEARNER completed=116/116 mean=356537.2us max=706469.6us hal_peak=309416 within_bounded=1
{"app":"AI_LEARNER","stage":"mem","model":"b2_resnet","target":"aarch64-unknown-linux-gnu","completed":116,"hal_peak":309416,"peak_within_bounded":true,"admitted_budget_bytes":618856,"peak_within_admitted_budget":true,"admission_mode":"unconditional","hal_bytes_per_call_amortized":809523.6,"process_rss_kb":7808,"process_rss_delta_init_kb":600}
.EVS Port1 1980-012-14:12:24.99728 66/1/AI_LEARNER 4: AI_LEARNER completed=117/117 mean=356420.4us max=706469.6us hal_peak=309416 within_bounded=1
{"app":"AI_LEARNER","stage":"run","model":"b2_resnet","target":"aarch64-unknown-linux-gnu","attempted":117,"completed":117,"fail_input":0,"fail_invoke":0,"fail_output":0,"mean_us":356420.43,"max_us":706469.55,"last_us":342879.74,"out0":0.34946,"out":[0.349459,0.001114,0.001795,0.065403,0.335932,0.006331,0.201360,0.013375,0.019186,0.006046]}
{"app":"AI_LEARNER","stage":"mem","model":"b2_resnet","target":"aarch64-unknown-linux-gnu","completed":117,"hal_peak":309416,"peak_within_bounded":true,"admitted_budget_bytes":618856,"peak_within_admitted_budget":true,"admission_mode":"unconditional","hal_bytes_per_call_amortized":805144.1,"process_rss_kb":7808,"process_rss_delta_init_kb":600}
.EVS Port1 1980-012-14:12:29.05139 66/1/AI_LEARNER 4: AI_LEARNER completed=118/118 mean=356173.7us max=706469.6us hal_peak=309416 within_bounded=1
{"app":"AI_LEARNER","stage":"run","model":"b2_resnet","target":"aarch64-unknown-linux-gnu","attempted":118,"completed":118,"fail_input":0,"fail_invoke":0,"fail_output":0,"mean_us":356173.71,"max_us":706469.55,"last_us":327307.49,"out0":0.34946,"out":[0.349459,0.001114,0.001795,0.065403,0.335932,0.006331,0.201360,0.013375,0.019186,0.006046]}
{"app":"AI_LEARNER","stage":"mem","model":"b2_resnet","target":"aarch64-unknown-linux-gnu","completed":118,"hal_peak":309416,"peak_within_bounded":true,"admitted_budget_bytes":618856,"peak_within_admitted_budget":true,"admission_mode":"unconditional","hal_bytes_per_call_amortized":800838.9,"process_rss_kb":7808,"process_rss_delta_init_kb":600}
EVS Port1 1980-012-14:12:30.00444 66/1/CFE_TIME 21: Stop FLYWHEEL
EVS Port1 1980-012-14:12:30.99868 66/1/CFE_TIME 20: Start FLYWHEEL
EVS Port1 1980-012-14:12:32.98783 66/1/AI_LEARNER 4: AI_LEARNER completed=119/119 mean=355930.2us max=706469.6us hal_peak=309416 within_bounded=1
{"app":"AI_LEARNER","stage":"run","model":"b2_resnet","target":"aarch64-unknown-linux-gnu","attempted":119,"completed":119,"fail_input":0,"fail_invoke":0,"fail_output":0,"mean_us":355930.17,"max_us":706469.55,"last_us":327191.95,"out0":0.34946,"out":[0.349459,0.001114,0.001795,0.065403,0.335932,0.006331,0.201360,0.013375,0.019186,0.006046]}
{"app":"AI_LEARNER","stage":"mem","model":"b2_resnet","target":"aarch64-unknown-linux-gnu","completed":119,"hal_peak":309416,"peak_within_bounded":true,"admitted_budget_bytes":618856,"peak_within_admitted_budget":true,"admission_mode":"unconditional","hal_bytes_per_call_amortized":796606.1,"process_rss_kb":7808,"process_rss_delta_init_kb":600}
.EVS Port1 1980-012-14:12:36.97763 66/1/AI_LEARNER 4: AI_LEARNER completed=120/120 mean=355649.8us max=706469.6us hal_peak=309416 within_bounded=1
{"app":"AI_LEARNER","stage":"run","model":"b2_resnet","target":"aarch64-unknown-linux-gnu","attempted":120,"completed":120,"fail_input":0,"fail_invoke":0,"fail_output":0,"mean_us":355649.82,"max_us":706469.55,"last_us":322288.72,"out0":0.34946,"out":[0.349459,0.001114,0.001795,0.065403,0.335932,0.006331,0.201360,0.013375,0.019186,0.006046]}
{"app":"AI_LEARNER","stage":"mem","model":"b2_resnet","target":"aarch64-unknown-linux-gnu","completed":120,"hal_peak":309416,"peak_within_bounded":true,"admitted_budget_bytes":618856,"peak_within_admitted_budget":true,"admission_mode":"unconditional","hal_bytes_per_call_amortized":792443.7,"process_rss_kb":7808,"process_rss_delta_init_kb":600}
.EVS Port1 1980-012-14:12:41.02082 66/1/AI_LEARNER 4: AI_LEARNER completed=121/121 mean=355751.9us max=706469.6us hal_peak=309416 within_bounded=1
{"app":"AI_LEARNER","stage":"run","model":"b2_resnet","target":"aarch64-unknown-linux-gnu","attempted":121,"completed":121,"fail_input":0,"fail_invoke":0,"fail_output":0,"mean_us":355751.87,"max_us":706469.55,"last_us":367997.50,"out0":0.34946,"out":[0.349459,0.001114,0.001795,0.065403,0.335932,0.006331,0.201360,0.013375,0.019186,0.006046]}
{"app":"AI_LEARNER","stage":"mem","model":"b2_resnet","target":"aarch64-unknown-linux-gnu","completed":121,"hal_peak":309416,"peak_within_bounded":true,"admitted_budget_bytes":618856,"peak_within_admitted_budget":true,"admission_mode":"unconditional","hal_bytes_per_call_amortized":788350.2,"process_rss_kb":7808,"process_rss_delta_init_kb":600}
EVS Port1 1980-012-14:12:45.01063 66/1/AI_LEARNER 4: AI_LEARNER completed=122/122 mean=355761.3us max=706469.6us hal_peak=309416 within_bounded=1
{"app":"AI_LEARNER","stage":"run","model":"b2_resnet","target":"aarch64-unknown-linux-gnu","attempted":122,"completed":122,"fail_input":0,"fail_invoke":0,"fail_output":0,"mean_us":355761.31,"max_us":706469.55,"last_us":356903.63,"out0":0.34946,"out":[0.349459,0.001114,0.001795,0.065403,0.335932,0.006331,0.201360,0.013375,0.019186,0.006046]}
{"app":"AI_LEARNER","stage":"mem","model":"b2_resnet","target":"aarch64-unknown-linux-gnu","completed":122,"hal_peak":309416,"peak_within_bounded":true,"admitted_budget_bytes":618856,"peak_within_admitted_budget":true,"admission_mode":"unconditional","hal_bytes_per_call_amortized":784323.8,"process_rss_kb":7808,"process_rss_delta_init_kb":600}
.EVS Port1 1980-012-14:12:48.97804 66/1/AI_LEARNER 4: AI_LEARNER completed=123/123 mean=355501.8us max=706469.6us hal_peak=309416 within_bounded=1
{"app":"AI_LEARNER","stage":"run","model":"b2_resnet","target":"aarch64-unknown-linux-gnu","attempted":123,"completed":123,"fail_input":0,"fail_invoke":0,"fail_output":0,"mean_us":355501.79,"max_us":706469.55,"last_us":323840.29,"out0":0.34946,"out":[0.349459,0.001114,0.001795,0.065403,0.335932,0.006331,0.201360,0.013375,0.019186,0.006046]}
{"app":"AI_LEARNER","stage":"mem","model":"b2_resnet","target":"aarch64-unknown-linux-gnu","completed":123,"hal_peak":309416,"peak_within_bounded":true,"admitted_budget_bytes":618856,"peak_within_admitted_budget":true,"admission_mode":"unconditional","hal_bytes_per_call_amortized":780362.9,"process_rss_kb":7808,"process_rss_delta_init_kb":600}
.EVS Port1 1980-012-14:12:53.07791 66/1/AI_LEARNER 4: AI_LEARNER completed=124/124 mean=356042.2us max=706469.6us hal_peak=309416 within_bounded=1
{"app":"AI_LEARNER","stage":"run","model":"b2_resnet","target":"aarch64-unknown-linux-gnu","attempted":124,"completed":124,"fail_input":0,"fail_invoke":0,"fail_output":0,"mean_us":356042.22,"max_us":706469.55,"last_us":422515.79,"out0":0.34946,"out":[0.349459,0.001114,0.001795,0.065403,0.335932,0.006331,0.201360,0.013375,0.019186,0.006046]}
{"app":"AI_LEARNER","stage":"mem","model":"b2_resnet","target":"aarch64-unknown-linux-gnu","completed":124,"hal_peak":309416,"peak_within_bounded":true,"admitted_budget_bytes":618856,"peak_within_admitted_budget":true,"admission_mode":"unconditional","hal_bytes_per_call_amortized":776465.8,"process_rss_kb":7808,"process_rss_delta_init_kb":600}
EVS Port1 1980-012-14:12:57.02163 66/1/AI_LEARNER 4: AI_LEARNER completed=125/125 mean=356235.3us max=706469.6us hal_peak=309416 within_bounded=1
{"app":"AI_LEARNER","stage":"run","model":"b2_resnet","target":"aarch64-unknown-linux-gnu","attempted":125,"completed":125,"fail_input":0,"fail_invoke":0,"fail_output":0,"mean_us":356235.34,"max_us":706469.55,"last_us":380182.35,"out0":0.34946,"out":[0.349459,0.001114,0.001795,0.065403,0.335932,0.006331,0.201360,0.013375,0.019186,0.006046]}
{"app":"AI_LEARNER","stage":"mem","model":"b2_resnet","target":"aarch64-unknown-linux-gnu","completed":125,"hal_peak":309416,"peak_within_bounded":true,"admitted_budget_bytes":618856,"peak_within_admitted_budget":true,"admission_mode":"unconditional","hal_bytes_per_call_amortized":772631.1,"process_rss_kb":7808,"process_rss_delta_init_kb":600}
.EVS Port1 1980-012-14:13:00.98431 66/1/AI_LEARNER 4: AI_LEARNER completed=126/126 mean=356024.5us max=706469.6us hal_peak=309416 within_bounded=1
{"app":"AI_LEARNER","stage":"run","model":"b2_resnet","target":"aarch64-unknown-linux-gnu","attempted":126,"completed":126,"fail_input":0,"fail_invoke":0,"fail_output":0,"mean_us":356024.46,"max_us":706469.55,"last_us":329664.64,"out0":0.34946,"out":[0.349459,0.001114,0.001795,0.065403,0.335932,0.006331,0.201360,0.013375,0.019186,0.006046]}
{"app":"AI_LEARNER","stage":"mem","model":"b2_resnet","target":"aarch64-unknown-linux-gnu","completed":126,"hal_peak":309416,"peak_within_bounded":true,"admitted_budget_bytes":618856,"peak_within_admitted_budget":true,"admission_mode":"unconditional","hal_bytes_per_call_amortized":768857.3,"process_rss_kb":7808,"process_rss_delta_init_kb":600}
.EVS Port1 1980-012-14:13:05.00895 66/1/AI_LEARNER 4: AI_LEARNER completed=127/127 mean=356027.6us max=706469.6us hal_peak=309416 within_bounded=1
{"app":"AI_LEARNER","stage":"run","model":"b2_resnet","target":"aarch64-unknown-linux-gnu","attempted":127,"completed":127,"fail_input":0,"fail_invoke":0,"fail_output":0,"mean_us":356027.63,"max_us":706469.55,"last_us":356426.48,"out0":0.34946,"out":[0.349459,0.001114,0.001795,0.065403,0.335932,0.006331,0.201360,0.013375,0.019186,0.006046]}
{"app":"AI_LEARNER","stage":"mem","model":"b2_resnet","target":"aarch64-unknown-linux-gnu","completed":127,"hal_peak":309416,"peak_within_bounded":true,"admitted_budget_bytes":618856,"peak_within_admitted_budget":true,"admission_mode":"unconditional","hal_bytes_per_call_amortized":765142.9,"process_rss_kb":7808,"process_rss_delta_init_kb":600}
EVS Port1 1980-012-14:13:08.99066 66/1/AI_LEARNER 4: AI_LEARNER completed=128/128 mean=355869.2us max=706469.6us hal_peak=309416 within_bounded=1
{"app":"AI_LEARNER","stage":"run","model":"b2_resnet","target":"aarch64-unknown-linux-gnu","attempted":128,"completed":128,"fail_input":0,"fail_invoke":0,"fail_output":0,"mean_us":355869.25,"max_us":706469.55,"last_us":335754.50,"out0":0.34946,"out":[0.349459,0.001114,0.001795,0.065403,0.335932,0.006331,0.201360,0.013375,0.019186,0.006046]}
{"app":"AI_LEARNER","stage":"mem","model":"b2_resnet","target":"aarch64-unknown-linux-gnu","completed":128,"hal_peak":309416,"peak_within_bounded":true,"admitted_budget_bytes":618856,"peak_within_admitted_budget":true,"admission_mode":"unconditional","hal_bytes_per_call_amortized":761486.5,"process_rss_kb":7808,"process_rss_delta_init_kb":600}
.EVS Port1 1980-012-14:13:13.00762 66/1/CFE_TIME 21: Stop FLYWHEEL
EVS Port1 1980-012-14:13:13.01190 66/1/AI_LEARNER 4: AI_LEARNER completed=129/129 mean=355885.6us max=706469.6us hal_peak=309416 within_bounded=1
{"app":"AI_LEARNER","stage":"run","model":"b2_resnet","target":"aarch64-unknown-linux-gnu","attempted":129,"completed":129,"fail_input":0,"fail_invoke":0,"fail_output":0,"mean_us":355885.57,"max_us":706469.55,"last_us":357975.31,"out0":0.34946,"out":[0.349459,0.001114,0.001795,0.065403,0.335932,0.006331,0.201360,0.013375,0.019186,0.006046]}
{"app":"AI_LEARNER","stage":"mem","model":"b2_resnet","target":"aarch64-unknown-linux-gnu","completed":129,"hal_peak":309416,"peak_within_bounded":true,"admitted_budget_bytes":618856,"peak_within_admitted_budget":true,"admission_mode":"unconditional","hal_bytes_per_call_amortized":757886.8,"process_rss_kb":7808,"process_rss_delta_init_kb":600}
EVS Port1 1980-012-14:13:13.99182 66/1/CFE_TIME 20: Start FLYWHEEL
.EVS Port1 1980-012-14:13:17.05702 66/1/AI_LEARNER 4: AI_LEARNER completed=130/130 mean=356329.5us max=706469.6us hal_peak=309416 within_bounded=1
{"app":"AI_LEARNER","stage":"run","model":"b2_resnet","target":"aarch64-unknown-linux-gnu","attempted":130,"completed":130,"fail_input":0,"fail_invoke":0,"fail_output":0,"mean_us":356329.47,"max_us":706469.55,"last_us":413592.27,"out0":0.34946,"out":[0.349459,0.001114,0.001795,0.065403,0.335932,0.006331,0.201360,0.013375,0.019186,0.006046]}
{"app":"AI_LEARNER","stage":"mem","model":"b2_resnet","target":"aarch64-unknown-linux-gnu","completed":130,"hal_peak":309416,"peak_within_bounded":true,"admitted_budget_bytes":618856,"peak_within_admitted_budget":true,"admission_mode":"unconditional","hal_bytes_per_call_amortized":754342.5,"process_rss_kb":7808,"process_rss_delta_init_kb":600}
{"app":"AI_LEARNER","stage":"run","model":"b2_resnet","target":"aarch64-unknown-linux-gnu","attempted":131,"completed":131,"fail_input":0,"fail_invoke":0,"fail_output":0,"mean_us":356355.79,"max_us":706469.55,"last_us":359777.55,"out0":0.34946,"out":[0.349459,0.001114,0.001795,0.065403,0.335932,0.006331,0.201360,0.013375,0.019186,0.006046]}
EVS Port1 1980-012-14:13:21.00999 66/1/AI_LEARNER 4: AI_LEARNER completed=131/131 mean=356355.8us max=706469.6us hal_peak=309416 within_bounded=1
{"app":"AI_LEARNER","stage":"mem","model":"b2_resnet","target":"aarch64-unknown-linux-gnu","completed":131,"hal_peak":309416,"peak_within_bounded":true,"admitted_budget_bytes":618856,"peak_within_admitted_budget":true,"admission_mode":"unconditional","hal_bytes_per_call_amortized":750852.3,"process_rss_kb":7808,"process_rss_delta_init_kb":600}
.EVS Port1 1980-012-14:13:24.97927 66/1/AI_LEARNER 4: AI_LEARNER completed=132/132 mean=356115.5us max=706469.6us hal_peak=309416 within_bounded=1
{"app":"AI_LEARNER","stage":"run","model":"b2_resnet","target":"aarch64-unknown-linux-gnu","attempted":132,"completed":132,"fail_input":0,"fail_invoke":0,"fail_output":0,"mean_us":356115.46,"max_us":706469.55,"last_us":324631.90,"out0":0.34946,"out":[0.349459,0.001114,0.001795,0.065403,0.335932,0.006331,0.201360,0.013375,0.019186,0.006046]}
{"app":"AI_LEARNER","stage":"mem","model":"b2_resnet","target":"aarch64-unknown-linux-gnu","completed":132,"hal_peak":309416,"peak_within_bounded":true,"admitted_budget_bytes":618856,"peak_within_admitted_budget":true,"admission_mode":"unconditional","hal_bytes_per_call_amortized":747415.0,"process_rss_kb":7808,"process_rss_delta_init_kb":600}
.{"app":"AI_LEARNER","stage":"run","model":"b2_resnet","target":"aarch64-unknown-linux-gnu","attempted":133,"completed":133,"fail_input":0,"fail_invoke":0,"fail_output":0,"mean_us":355938.60,"max_us":706469.55,"last_us":332593.63,"out0":0.34946,"out":[0.349459,0.001114,0.001795,0.065403,0.335932,0.006331,0.201360,0.013375,0.019186,0.006046]}
EVS Port1 1980-012-14:13:28.98587 66/1/AI_LEARNER 4: AI_LEARNER completed=133/133 mean=355938.6us max=706469.6us hal_peak=309416 within_bounded=1
{"app":"AI_LEARNER","stage":"mem","model":"b2_resnet","target":"aarch64-unknown-linux-gnu","completed":133,"hal_peak":309416,"peak_within_bounded":true,"admitted_budget_bytes":618856,"peak_within_admitted_budget":true,"admission_mode":"unconditional","hal_bytes_per_call_amortized":744029.4,"process_rss_kb":7808,"process_rss_delta_init_kb":600}
EVS Port1 1980-012-14:13:31.04858 66/1/CFE_TIME 20: Start FLYWHEEL
EVS Port1 1980-012-14:13:31.00366 66/1/CFE_TIME 21: Stop FLYWHEEL
{"app":"AI_LEARNER","stage":"run","model":"b2_resnet","target":"aarch64-unknown-linux-gnu","attempted":134,"completed":134,"fail_input":0,"fail_invoke":0,"fail_output":0,"mean_us":356110.52,"max_us":706469.55,"last_us":378974.93,"out0":0.34946,"out":[0.349459,0.001114,0.001795,0.065403,0.335932,0.006331,0.201360,0.013375,0.019186,0.006046]}
EVS Port1 1980-012-14:13:33.03112 66/1/AI_LEARNER 4: AI_LEARNER completed=134/134 mean=356110.5us max=706469.6us hal_peak=309416 within_bounded=1
{"app":"AI_LEARNER","stage":"mem","model":"b2_resnet","target":"aarch64-unknown-linux-gnu","completed":134,"hal_peak":309416,"peak_within_bounded":true,"admitted_budget_bytes":618856,"peak_within_admitted_budget":true,"admission_mode":"unconditional","hal_bytes_per_call_amortized":740694.3,"process_rss_kb":7808,"process_rss_delta_init_kb":600}
.EVS Port1 1980-012-14:13:36.98245 66/1/AI_LEARNER 4: AI_LEARNER completed=135/135 mean=355869.0us max=706469.6us hal_peak=309416 within_bounded=1
{"app":"AI_LEARNER","stage":"run","model":"b2_resnet","target":"aarch64-unknown-linux-gnu","attempted":135,"completed":135,"fail_input":0,"fail_invoke":0,"fail_output":0,"mean_us":355869.00,"max_us":706469.55,"last_us":323505.41,"out0":0.34946,"out":[0.349459,0.001114,0.001795,0.065403,0.335932,0.006331,0.201360,0.013375,0.019186,0.006046]}
{"app":"AI_LEARNER","stage":"mem","model":"b2_resnet","target":"aarch64-unknown-linux-gnu","completed":135,"hal_peak":309416,"peak_within_bounded":true,"admitted_budget_bytes":618856,"peak_within_admitted_budget":true,"admission_mode":"unconditional","hal_bytes_per_call_amortized":737408.7,"process_rss_kb":7808,"process_rss_delta_init_kb":600}
.{"app":"AI_LEARNER","stage":"run","model":"b2_resnet","target":"aarch64-unknown-linux-gnu","attempted":136,"completed":136,"fail_input":0,"fail_invoke":0,"fail_output":0,"mean_us":355892.56,"max_us":706469.55,"last_us":359074.11,"out0":0.34946,"out":[0.349459,0.001114,0.001795,0.065403,0.335932,0.006331,0.201360,0.013375,0.019186,0.006046]}
{"app":"AI_LEARNER","stage":"mem","model":"b2_resnet","target":"aarch64-unknown-linux-gnu","completed":136,"hal_peak":309416,"peak_within_bounded":true,"admitted_budget_bytes":618856,"peak_within_admitted_budget":true,"admission_mode":"unconditional","hal_bytes_per_call_amortized":734171.3,"process_rss_kb":7808,"process_rss_delta_init_kb":600}
EVS Port1 1980-012-14:13:41.00794 66/1/AI_LEARNER 4: AI_LEARNER completed=136/136 mean=355892.6us max=706469.6us hal_peak=309416 within_bounded=1
EVS Port1 1980-012-14:13:45.18150 66/1/AI_LEARNER 4: AI_LEARNER completed=137/137 mean=357129.4us max=706469.6us hal_peak=309416 within_bounded=1
{"app":"AI_LEARNER","stage":"run","model":"b2_resnet","target":"aarch64-unknown-linux-gnu","attempted":137,"completed":137,"fail_input":0,"fail_invoke":0,"fail_output":0,"mean_us":357129.41,"max_us":706469.55,"last_us":525340.96,"out0":0.34946,"out":[0.349459,0.001114,0.001795,0.065403,0.335932,0.006331,0.201360,0.013375,0.019186,0.006046]}
{"app":"AI_LEARNER","stage":"mem","model":"b2_resnet","target":"aarch64-unknown-linux-gnu","completed":137,"hal_peak":309416,"peak_within_bounded":true,"admitted_budget_bytes":618856,"peak_within_admitted_budget":true,"admission_mode":"unconditional","hal_bytes_per_call_amortized":730981.2,"process_rss_kb":7808,"process_rss_delta_init_kb":600}
.EVS Port1 1980-012-14:13:49.00561 66/1/CFE_TIME 21: Stop FLYWHEEL
EVS Port1 1980-012-14:13:49.03381 66/1/AI_LEARNER 4: AI_LEARNER completed=138/138 mean=357323.0us max=706469.6us hal_peak=309416 within_bounded=1
{"app":"AI_LEARNER","stage":"run","model":"b2_resnet","target":"aarch64-unknown-linux-gnu","attempted":138,"completed":138,"fail_input":0,"fail_invoke":0,"fail_output":0,"mean_us":357323.04,"max_us":706469.55,"last_us":383850.22,"out0":0.34946,"out":[0.349459,0.001114,0.001795,0.065403,0.335932,0.006331,0.201360,0.013375,0.019186,0.006046]}
{"app":"AI_LEARNER","stage":"mem","model":"b2_resnet","target":"aarch64-unknown-linux-gnu","completed":138,"hal_peak":309416,"peak_within_bounded":true,"admitted_budget_bytes":618856,"peak_within_admitted_budget":true,"admission_mode":"unconditional","hal_bytes_per_call_amortized":727837.3,"process_rss_kb":7808,"process_rss_delta_init_kb":600}
EVS Port1 1980-012-14:13:49.99716 66/1/CFE_TIME 20: Start FLYWHEEL
.{"app":"AI_LEARNER","stage":"run","model":"b2_resnet","target":"aarch64-unknown-linux-gnu","attempted":139,"completed":139,"fail_input":0,"fail_invoke":0,"fail_output":0,"mean_us":357983.37,"max_us":706469.55,"last_us":449107.94,"out0":0.34946,"out":[0.349459,0.001114,0.001795,0.065403,0.335932,0.006331,0.201360,0.013375,0.019186,0.006046]}
EVS Port1 1980-012-14:13:53.10090 66/1/AI_LEARNER 4: AI_LEARNER completed=139/139 mean=357983.4us max=706469.6us hal_peak=309416 within_bounded=1
{"app":"AI_LEARNER","stage":"mem","model":"b2_resnet","target":"aarch64-unknown-linux-gnu","completed":139,"hal_peak":309416,"peak_within_bounded":true,"admitted_budget_bytes":618856,"peak_within_admitted_budget":true,"admission_mode":"unconditional","hal_bytes_per_call_amortized":724738.7,"process_rss_kb":7808,"process_rss_delta_init_kb":600}
EVS Port1 1980-012-14:13:57.19645 66/1/AI_LEARNER 4: AI_LEARNER completed=140/140 mean=359306.1us max=706469.6us hal_peak=309416 within_bounded=1
{"app":"AI_LEARNER","stage":"run","model":"b2_resnet","target":"aarch64-unknown-linux-gnu","attempted":140,"completed":140,"fail_input":0,"fail_invoke":0,"fail_output":0,"mean_us":359306.08,"max_us":706469.55,"last_us":543163.04,"out0":0.34946,"out":[0.349459,0.001114,0.001795,0.065403,0.335932,0.006331,0.201360,0.013375,0.019186,0.006046]}
{"app":"AI_LEARNER","stage":"mem","model":"b2_resnet","target":"aarch64-unknown-linux-gnu","completed":140,"hal_peak":309416,"peak_within_bounded":true,"admitted_budget_bytes":618856,"peak_within_admitted_budget":true,"admission_mode":"unconditional","hal_bytes_per_call_amortized":721684.3,"process_rss_kb":7808,"process_rss_delta_init_kb":600}
.EVS Port1 1980-012-14:14:00.00630 66/1/CFE_TIME 21: Stop FLYWHEEL
EVS Port1 1980-012-14:14:00.99591 66/1/CFE_TIME 20: Start FLYWHEEL
EVS Port1 1980-012-14:14:01.18962 66/1/AI_LEARNER 4: AI_LEARNER completed=141/141 mean=360616.9us max=706469.6us hal_peak=309416 within_bounded=1
{"app":"AI_LEARNER","stage":"run","model":"b2_resnet","target":"aarch64-unknown-linux-gnu","attempted":141,"completed":141,"fail_input":0,"fail_invoke":0,"fail_output":0,"mean_us":360616.93,"max_us":706469.55,"last_us":544136.74,"out0":0.34946,"out":[0.349459,0.001114,0.001795,0.065403,0.335932,0.006331,0.201360,0.013375,0.019186,0.006046]}
{"app":"AI_LEARNER","stage":"mem","model":"b2_resnet","target":"aarch64-unknown-linux-gnu","completed":141,"hal_peak":309416,"peak_within_bounded":true,"admitted_budget_bytes":618856,"peak_within_admitted_budget":true,"admission_mode":"unconditional","hal_bytes_per_call_amortized":718673.3,"process_rss_kb":7808,"process_rss_delta_init_kb":600}
.EVS Port1 1980-012-14:14:05.60153 66/1/AI_LEARNER 4: AI_LEARNER completed=142/142 mean=364506.2us max=912898.8us hal_peak=309416 within_bounded=1
{"app":"AI_LEARNER","stage":"run","model":"b2_resnet","target":"aarch64-unknown-linux-gnu","attempted":142,"completed":142,"fail_input":0,"fail_invoke":0,"fail_output":0,"mean_us":364506.24,"max_us":912898.77,"last_us":912898.77,"out0":0.34946,"out":[0.349459,0.001114,0.001795,0.065403,0.335932,0.006331,0.201360,0.013375,0.019186,0.006046]}
{"app":"AI_LEARNER","stage":"mem","model":"b2_resnet","target":"aarch64-unknown-linux-gnu","completed":142,"hal_peak":309416,"peak_within_bounded":true,"admitted_budget_bytes":618856,"peak_within_admitted_budget":true,"admission_mode":"unconditional","hal_bytes_per_call_amortized":715704.7,"process_rss_kb":7808,"process_rss_delta_init_kb":600}
EVS Port1 1980-012-14:14:06.12966 66/1/CFE_TIME 20: Start FLYWHEEL
EVS Port1 1980-012-14:14:07.00682 66/1/CFE_TIME 21: Stop FLYWHEEL
EVS Port1 1980-012-14:14:09.11209 66/1/AI_LEARNER 4: AI_LEARNER completed=143/143 mean=365222.2us max=912898.8us hal_peak=309416 within_bounded=1
{"app":"AI_LEARNER","stage":"run","model":"b2_resnet","target":"aarch64-unknown-linux-gnu","attempted":143,"completed":143,"fail_input":0,"fail_invoke":0,"fail_output":0,"mean_us":365222.18,"max_us":912898.77,"last_us":466886.11,"out0":0.34946,"out":[0.349459,0.001114,0.001795,0.065403,0.335932,0.006331,0.201360,0.013375,0.019186,0.006046]}
{"app":"AI_LEARNER","stage":"mem","model":"b2_resnet","target":"aarch64-unknown-linux-gnu","completed":143,"hal_peak":309416,"peak_within_bounded":true,"admitted_budget_bytes":618856,"peak_within_admitted_budget":true,"admission_mode":"unconditional","hal_bytes_per_call_amortized":712777.6,"process_rss_kb":7808,"process_rss_delta_init_kb":600}
.EVS Port1 1980-012-14:14:12.97680 66/1/AI_LEARNER 4: AI_LEARNER completed=144/144 mean=364932.6us max=912898.8us hal_peak=309416 within_bounded=1
{"app":"AI_LEARNER","stage":"run","model":"b2_resnet","target":"aarch64-unknown-linux-gnu","attempted":144,"completed":144,"fail_input":0,"fail_invoke":0,"fail_output":0,"mean_us":364932.58,"max_us":912898.77,"last_us":323519.66,"out0":0.34946,"out":[0.349459,0.001114,0.001795,0.065403,0.335932,0.006331,0.201360,0.013375,0.019186,0.006046]}
{"app":"AI_LEARNER","stage":"mem","model":"b2_resnet","target":"aarch64-unknown-linux-gnu","completed":144,"hal_peak":309416,"peak_within_bounded":true,"admitted_budget_bytes":618856,"peak_within_admitted_budget":true,"admission_mode":"unconditional","hal_bytes_per_call_amortized":709891.1,"process_rss_kb":7808,"process_rss_delta_init_kb":600}
.EVS Port1 1980-012-14:14:16.99862 66/1/AI_LEARNER 4: AI_LEARNER completed=145/145 mean=364705.7us max=912898.8us hal_peak=309416 within_bounded=1
{"app":"AI_LEARNER","stage":"run","model":"b2_resnet","target":"aarch64-unknown-linux-gnu","attempted":145,"completed":145,"fail_input":0,"fail_invoke":0,"fail_output":0,"mean_us":364705.67,"max_us":912898.77,"last_us":332030.27,"out0":0.34946,"out":[0.349459,0.001114,0.001795,0.065403,0.335932,0.006331,0.201360,0.013375,0.019186,0.006046]}
{"app":"AI_LEARNER","stage":"mem","model":"b2_resnet","target":"aarch64-unknown-linux-gnu","completed":145,"hal_peak":309416,"peak_within_bounded":true,"admitted_budget_bytes":618856,"peak_within_admitted_budget":true,"admission_mode":"unconditional","hal_bytes_per_call_amortized":707044.5,"process_rss_kb":7808,"process_rss_delta_init_kb":600}
EVS Port1 1980-012-14:14:21.02905 66/1/AI_LEARNER 4: AI_LEARNER completed=146/146 mean=364756.7us max=912898.8us hal_peak=309416 within_bounded=1
{"app":"AI_LEARNER","stage":"run","model":"b2_resnet","target":"aarch64-unknown-linux-gnu","attempted":146,"completed":146,"fail_input":0,"fail_invoke":0,"fail_output":0,"mean_us":364756.74,"max_us":912898.77,"last_us":372161.82,"out0":0.34946,"out":[0.349459,0.001114,0.001795,0.065403,0.335932,0.006331,0.201360,0.013375,0.019186,0.006046]}
{"app":"AI_LEARNER","stage":"mem","model":"b2_resnet","target":"aarch64-unknown-linux-gnu","completed":146,"hal_peak":309416,"peak_within_bounded":true,"admitted_budget_bytes":618856,"peak_within_admitted_budget":true,"admission_mode":"unconditional","hal_bytes_per_call_amortized":704236.8,"process_rss_kb":7808,"process_rss_delta_init_kb":600}
.{"app":"AI_LEARNER","stage":"run","model":"b2_resnet","target":"aarch64-unknown-linux-gnu","attempted":147,"completed":147,"fail_input":0,"fail_invoke":0,"fail_output":0,"mean_us":364466.51,"max_us":912898.77,"last_us":322092.21,"out0":0.34946,"out":[0.349459,0.001114,0.001795,0.065403,0.335932,0.006331,0.201360,0.013375,0.019186,0.006046]}
EVS Port1 1980-012-14:14:24.97482 66/1/AI_LEARNER 4: AI_LEARNER completed=147/147 mean=364466.5us max=912898.8us hal_peak=309416 within_bounded=1
{"app":"AI_LEARNER","stage":"mem","model":"b2_resnet","target":"aarch64-unknown-linux-gnu","completed":147,"hal_peak":309416,"peak_within_bounded":true,"admitted_budget_bytes":618856,"peak_within_admitted_budget":true,"admission_mode":"unconditional","hal_bytes_per_call_amortized":701467.4,"process_rss_kb":7808,"process_rss_delta_init_kb":600}
.EVS Port1 1980-012-14:14:29.00508 66/1/CFE_TIME 21: Stop FLYWHEEL
EVS Port1 1980-012-14:14:29.03813 66/1/AI_LEARNER 4: AI_LEARNER completed=148/148 mean=364585.4us max=912898.8us hal_peak=309416 within_bounded=1
{"app":"AI_LEARNER","stage":"run","model":"b2_resnet","target":"aarch64-unknown-linux-gnu","attempted":148,"completed":148,"fail_input":0,"fail_invoke":0,"fail_output":0,"mean_us":364585.39,"max_us":912898.77,"last_us":382060.91,"out0":0.34946,"out":[0.349459,0.001114,0.001795,0.065403,0.335932,0.006331,0.201360,0.013375,0.019186,0.006046]}
{"app":"AI_LEARNER","stage":"mem","model":"b2_resnet","target":"aarch64-unknown-linux-gnu","completed":148,"hal_peak":309416,"peak_within_bounded":true,"admitted_budget_bytes":618856,"peak_within_admitted_budget":true,"admission_mode":"unconditional","hal_bytes_per_call_amortized":698735.4,"process_rss_kb":7808,"process_rss_delta_init_kb":600}
EVS Port1 1980-012-14:14:29.99815 66/1/CFE_TIME 20: Start FLYWHEEL
EVS Port1 1980-012-14:14:33.02124 66/1/AI_LEARNER 4: AI_LEARNER completed=149/149 mean=364440.4us max=912898.8us hal_peak=309416 within_bounded=1
{"app":"AI_LEARNER","stage":"run","model":"b2_resnet","target":"aarch64-unknown-linux-gnu","attempted":149,"completed":149,"fail_input":0,"fail_invoke":0,"fail_output":0,"mean_us":364440.41,"max_us":912898.77,"last_us":342983.42,"out0":0.34946,"out":[0.349459,0.001114,0.001795,0.065403,0.335932,0.006331,0.201360,0.013375,0.019186,0.006046]}
{"app":"AI_LEARNER","stage":"mem","model":"b2_resnet","target":"aarch64-unknown-linux-gnu","completed":149,"hal_peak":309416,"peak_within_bounded":true,"admitted_budget_bytes":618856,"peak_within_admitted_budget":true,"admission_mode":"unconditional","hal_bytes_per_call_amortized":696040.0,"process_rss_kb":7808,"process_rss_delta_init_kb":600}
.EVS Port1 1980-012-14:14:34.00468 66/1/CFE_TIME 21: Stop FLYWHEEL
EVS Port1 1980-012-14:14:35.00000 66/1/CFE_TIME 20: Start FLYWHEEL
{"app":"AI_LEARNER","stage":"run","model":"b2_resnet","target":"aarch64-unknown-linux-gnu","attempted":150,"completed":150,"fail_input":0,"fail_invoke":0,"fail_output":0,"mean_us":364320.62,"max_us":912898.77,"last_us":346472.69,"out0":0.34946,"out":[0.349459,0.001114,0.001795,0.065403,0.335932,0.006331,0.201360,0.013375,0.019186,0.006046]}
EVS Port1 1980-012-14:14:36.99914 66/1/AI_LEARNER 4: AI_LEARNER completed=150/150 mean=364320.6us max=912898.8us hal_peak=309416 within_bounded=1
{"app":"AI_LEARNER","stage":"mem","model":"b2_resnet","target":"aarch64-unknown-linux-gnu","completed":150,"hal_peak":309416,"peak_within_bounded":true,"admitted_budget_bytes":618856,"peak_within_admitted_budget":true,"admission_mode":"unconditional","hal_bytes_per_call_amortized":693380.6,"process_rss_kb":7808,"process_rss_delta_init_kb":600}
.EVS Port1 1980-012-14:14:41.00955 66/1/AI_LEARNER 4: AI_LEARNER completed=151/151 mean=364154.9us max=912898.8us hal_peak=309416 within_bounded=1
{"app":"AI_LEARNER","stage":"run","model":"b2_resnet","target":"aarch64-unknown-linux-gnu","attempted":151,"completed":151,"fail_input":0,"fail_invoke":0,"fail_output":0,"mean_us":364154.87,"max_us":912898.77,"last_us":339292.66,"out0":0.34946,"out":[0.349459,0.001114,0.001795,0.065403,0.335932,0.006331,0.201360,0.013375,0.019186,0.006046]}
{"app":"AI_LEARNER","stage":"mem","model":"b2_resnet","target":"aarch64-unknown-linux-gnu","completed":151,"hal_peak":309416,"peak_within_bounded":true,"admitted_budget_bytes":618856,"peak_within_admitted_budget":true,"admission_mode":"unconditional","hal_bytes_per_call_amortized":690756.4,"process_rss_kb":7808,"process_rss_delta_init_kb":600}
EVS Port1 1980-012-14:14:45.03823 66/1/AI_LEARNER 4: AI_LEARNER completed=152/152 mean=364337.1us max=912898.8us hal_peak=309416 within_bounded=1
{"app":"AI_LEARNER","stage":"run","model":"b2_resnet","target":"aarch64-unknown-linux-gnu","attempted":152,"completed":152,"fail_input":0,"fail_invoke":0,"fail_output":0,"mean_us":364337.13,"max_us":912898.77,"last_us":391858.16,"out0":0.34946,"out":[0.349459,0.001114,0.001795,0.065403,0.335932,0.006331,0.201360,0.013375,0.019186,0.006046]}
{"app":"AI_LEARNER","stage":"mem","model":"b2_resnet","target":"aarch64-unknown-linux-gnu","completed":152,"hal_peak":309416,"peak_within_bounded":true,"admitted_budget_bytes":618856,"peak_within_admitted_budget":true,"admission_mode":"unconditional","hal_bytes_per_call_amortized":688166.7,"process_rss_kb":7808,"process_rss_delta_init_kb":600}
.EVS Port1 1980-012-14:14:48.97576 66/1/AI_LEARNER 4: AI_LEARNER completed=153/153 mean=364047.1us max=912898.8us hal_peak=309416 within_bounded=1
{"app":"AI_LEARNER","stage":"run","model":"b2_resnet","target":"aarch64-unknown-linux-gnu","attempted":153,"completed":153,"fail_input":0,"fail_invoke":0,"fail_output":0,"mean_us":364047.07,"max_us":912898.77,"last_us":319957.81,"out0":0.34946,"out":[0.349459,0.001114,0.001795,0.065403,0.335932,0.006331,0.201360,0.013375,0.019186,0.006046]}
{"app":"AI_LEARNER","stage":"mem","model":"b2_resnet","target":"aarch64-unknown-linux-gnu","completed":153,"hal_peak":309416,"peak_within_bounded":true,"admitted_budget_bytes":618856,"peak_within_admitted_budget":true,"admission_mode":"unconditional","hal_bytes_per_call_amortized":685610.9,"process_rss_kb":7808,"process_rss_delta_init_kb":600}
.EVS Port1 1980-012-14:14:52.99630 66/1/AI_LEARNER 4: AI_LEARNER completed=154/154 mean=363916.4us max=912898.8us hal_peak=309416 within_bounded=1
{"app":"AI_LEARNER","stage":"run","model":"b2_resnet","target":"aarch64-unknown-linux-gnu","attempted":154,"completed":154,"fail_input":0,"fail_invoke":0,"fail_output":0,"mean_us":363916.43,"max_us":912898.77,"last_us":343928.38,"out0":0.34946,"out":[0.349459,0.001114,0.001795,0.065403,0.335932,0.006331,0.201360,0.013375,0.019186,0.006046]}
{"app":"AI_LEARNER","stage":"mem","model":"b2_resnet","target":"aarch64-unknown-linux-gnu","completed":154,"hal_peak":309416,"peak_within_bounded":true,"admitted_budget_bytes":618856,"peak_within_admitted_budget":true,"admission_mode":"unconditional","hal_bytes_per_call_amortized":683088.3,"process_rss_kb":7808,"process_rss_delta_init_kb":600}
EVS Port1 1980-012-14:14:57.02198 66/1/AI_LEARNER 4: AI_LEARNER completed=155/155 mean=363949.2us max=912898.8us hal_peak=309416 within_bounded=1
{"app":"AI_LEARNER","stage":"run","model":"b2_resnet","target":"aarch64-unknown-linux-gnu","attempted":155,"completed":155,"fail_input":0,"fail_invoke":0,"fail_output":0,"mean_us":363949.23,"max_us":912898.77,"last_us":368999.55,"out0":0.34946,"out":[0.349459,0.001114,0.001795,0.065403,0.335932,0.006331,0.201360,0.013375,0.019186,0.006046]}
{"app":"AI_LEARNER","stage":"mem","model":"b2_resnet","target":"aarch64-unknown-linux-gnu","completed":155,"hal_peak":309416,"peak_within_bounded":true,"admitted_budget_bytes":618856,"peak_within_admitted_budget":true,"admission_mode":"unconditional","hal_bytes_per_call_amortized":680598.2,"process_rss_kb":7808,"process_rss_delta_init_kb":600}
.EVS Port1 1980-012-14:15:00.07733 66/1/CFE_TIME 20: Start FLYWHEEL
EVS Port1 1980-012-14:15:00.00776 66/1/CFE_TIME 21: Stop FLYWHEEL
EVS Port1 1980-012-14:15:01.01411 66/1/AI_LEARNER 4: AI_LEARNER completed=156/156 mean=363910.3us max=912898.8us hal_peak=309416 within_bounded=1
{"app":"AI_LEARNER","stage":"run","model":"b2_resnet","target":"aarch64-unknown-linux-gnu","attempted":156,"completed":156,"fail_input":0,"fail_invoke":0,"fail_output":0,"mean_us":363910.34,"max_us":912898.77,"last_us":357883.31,"out0":0.34946,"out":[0.349459,0.001114,0.001795,0.065403,0.335932,0.006331,0.201360,0.013375,0.019186,0.006046]}
{"app":"AI_LEARNER","stage":"mem","model":"b2_resnet","target":"aarch64-unknown-linux-gnu","completed":156,"hal_peak":309416,"peak_within_bounded":true,"admitted_budget_bytes":618856,"peak_within_admitted_budget":true,"admission_mode":"unconditional","hal_bytes_per_call_amortized":678140.1,"process_rss_kb":7808,"process_rss_delta_init_kb":600}
.EVS Port1 1980-012-14:15:04.97798 66/1/AI_LEARNER 4: AI_LEARNER completed=157/157 mean=363651.9us max=912898.8us hal_peak=309416 within_bounded=1
{"app":"AI_LEARNER","stage":"run","model":"b2_resnet","target":"aarch64-unknown-linux-gnu","attempted":157,"completed":157,"fail_input":0,"fail_invoke":0,"fail_output":0,"mean_us":363651.89,"max_us":912898.77,"last_us":323332.66,"out0":0.34946,"out":[0.349459,0.001114,0.001795,0.065403,0.335932,0.006331,0.201360,0.013375,0.019186,0.006046]}
{"app":"AI_LEARNER","stage":"mem","model":"b2_resnet","target":"aarch64-unknown-linux-gnu","completed":157,"hal_peak":309416,"peak_within_bounded":true,"admitted_budget_bytes":618856,"peak_within_admitted_budget":true,"admission_mode":"unconditional","hal_bytes_per_call_amortized":675713.3,"process_rss_kb":7808,"process_rss_delta_init_kb":600}
EVS Port1 1980-012-14:15:08.98124 66/1/AI_LEARNER 4: AI_LEARNER completed=158/158 mean=363426.3us max=912898.8us hal_peak=309416 within_bounded=1
{"app":"AI_LEARNER","stage":"run","model":"b2_resnet","target":"aarch64-unknown-linux-gnu","attempted":158,"completed":158,"fail_input":0,"fail_invoke":0,"fail_output":0,"mean_us":363426.26,"max_us":912898.77,"last_us":328003.09,"out0":0.34946,"out":[0.349459,0.001114,0.001795,0.065403,0.335932,0.006331,0.201360,0.013375,0.019186,0.006046]}
{"app":"AI_LEARNER","stage":"mem","model":"b2_resnet","target":"aarch64-unknown-linux-gnu","completed":158,"hal_peak":309416,"peak_within_bounded":true,"admitted_budget_bytes":618856,"peak_within_admitted_budget":true,"admission_mode":"unconditional","hal_bytes_per_call_amortized":673317.2,"process_rss_kb":7808,"process_rss_delta_init_kb":600}
.EVS Port1 1980-012-14:15:12.97589 66/1/AI_LEARNER 4: AI_LEARNER completed=159/159 mean=363173.3us max=912898.8us hal_peak=309416 within_bounded=1
{"app":"AI_LEARNER","stage":"run","model":"b2_resnet","target":"aarch64-unknown-linux-gnu","attempted":159,"completed":159,"fail_input":0,"fail_invoke":0,"fail_output":0,"mean_us":363173.35,"max_us":912898.77,"last_us":323213.26,"out0":0.34946,"out":[0.349459,0.001114,0.001795,0.065403,0.335932,0.006331,0.201360,0.013375,0.019186,0.006046]}
{"app":"AI_LEARNER","stage":"mem","model":"b2_resnet","target":"aarch64-unknown-linux-gnu","completed":159,"hal_peak":309416,"peak_within_bounded":true,"admitted_budget_bytes":618856,"peak_within_admitted_budget":true,"admission_mode":"unconditional","hal_bytes_per_call_amortized":670951.2,"process_rss_kb":7808,"process_rss_delta_init_kb":600}
.EVS Port1 1980-012-14:15:16.00299 66/1/CFE_TIME 21: Stop FLYWHEEL
EVS Port1 1980-012-14:15:16.99885 66/1/CFE_TIME 20: Start FLYWHEEL
{"app":"AI_LEARNER","stage":"run","model":"b2_resnet","target":"aarch64-unknown-linux-gnu","attempted":160,"completed":160,"fail_input":0,"fail_invoke":0,"fail_output":0,"mean_us":363108.73,"max_us":912898.77,"last_us":352834.18,"out0":0.34946,"out":[0.349459,0.001114,0.001795,0.065403,0.335932,0.006331,0.201360,0.013375,0.019186,0.006046]}
EVS Port1 1980-012-14:15:17.00692 66/1/AI_LEARNER 4: AI_LEARNER completed=160/160 mean=363108.7us max=912898.8us hal_peak=309416 within_bounded=1
{"app":"AI_LEARNER","stage":"mem","model":"b2_resnet","target":"aarch64-unknown-linux-gnu","completed":160,"hal_peak":309416,"peak_within_bounded":true,"admitted_budget_bytes":618856,"peak_within_admitted_budget":true,"admission_mode":"unconditional","hal_bytes_per_call_amortized":668614.8,"process_rss_kb":7808,"process_rss_delta_init_kb":600}
EVS Port1 1980-012-14:15:21.04367 66/1/AI_LEARNER 4: AI_LEARNER completed=161/161 mean=363281.6us max=912898.8us hal_peak=309416 within_bounded=1
{"app":"AI_LEARNER","stage":"run","model":"b2_resnet","target":"aarch64-unknown-linux-gnu","attempted":161,"completed":161,"fail_input":0,"fail_invoke":0,"fail_output":0,"mean_us":363281.61,"max_us":912898.77,"last_us":390942.24,"out0":0.34946,"out":[0.349459,0.001114,0.001795,0.065403,0.335932,0.006331,0.201360,0.013375,0.019186,0.006046]}
{"app":"AI_LEARNER","stage":"mem","model":"b2_resnet","target":"aarch64-unknown-linux-gnu","completed":161,"hal_peak":309416,"peak_within_bounded":true,"admitted_budget_bytes":618856,"peak_within_admitted_budget":true,"admission_mode":"unconditional","hal_bytes_per_call_amortized":666307.4,"process_rss_kb":7808,"process_rss_delta_init_kb":600}
.EVS Port1 1980-012-14:15:25.02996 66/1/AI_LEARNER 4: AI_LEARNER completed=162/162 mean=363310.4us max=912898.8us hal_peak=309416 within_bounded=1
{"app":"AI_LEARNER","stage":"run","model":"b2_resnet","target":"aarch64-unknown-linux-gnu","attempted":162,"completed":162,"fail_input":0,"fail_invoke":0,"fail_output":0,"mean_us":363310.40,"max_us":912898.77,"last_us":367945.50,"out0":0.34946,"out":[0.349459,0.001114,0.001795,0.065403,0.335932,0.006331,0.201360,0.013375,0.019186,0.006046]}
{"app":"AI_LEARNER","stage":"mem","model":"b2_resnet","target":"aarch64-unknown-linux-gnu","completed":162,"hal_peak":309416,"peak_within_bounded":true,"admitted_budget_bytes":618856,"peak_within_admitted_budget":true,"admission_mode":"unconditional","hal_bytes_per_call_amortized":664028.5,"process_rss_kb":7808,"process_rss_delta_init_kb":600}
.EVS Port1 1980-012-14:15:29.04980 66/1/AI_LEARNER 4: AI_LEARNER completed=163/163 mean=363222.8us max=912898.8us hal_peak=309416 within_bounded=1
{"app":"AI_LEARNER","stage":"run","model":"b2_resnet","target":"aarch64-unknown-linux-gnu","attempted":163,"completed":163,"fail_input":0,"fail_invoke":0,"fail_output":0,"mean_us":363222.75,"max_us":912898.77,"last_us":349024.45,"out0":0.34946,"out":[0.349459,0.001114,0.001795,0.065403,0.335932,0.006331,0.201360,0.013375,0.019186,0.006046]}
EVS Port1 1980-012-14:15:29.00897 66/1/CFE_TIME 21: Stop FLYWHEEL
{"app":"AI_LEARNER","stage":"mem","model":"b2_resnet","target":"aarch64-unknown-linux-gnu","completed":163,"hal_peak":309416,"peak_within_bounded":true,"admitted_budget_bytes":618856,"peak_within_admitted_budget":true,"admission_mode":"unconditional","hal_bytes_per_call_amortized":661777.6,"process_rss_kb":7808,"process_rss_delta_init_kb":600}
EVS Port1 1980-012-14:15:29.99816 66/1/CFE_TIME 20: Start FLYWHEEL
EVS Port1 1980-012-14:15:32.98805 66/1/AI_LEARNER 4: AI_LEARNER completed=164/164 mean=363002.8us max=912898.8us hal_peak=309416 within_bounded=1
{"app":"AI_LEARNER","stage":"run","model":"b2_resnet","target":"aarch64-unknown-linux-gnu","attempted":164,"completed":164,"fail_input":0,"fail_invoke":0,"fail_output":0,"mean_us":363002.78,"max_us":912898.77,"last_us":327148.00,"out0":0.34946,"out":[0.349459,0.001114,0.001795,0.065403,0.335932,0.006331,0.201360,0.013375,0.019186,0.006046]}
{"app":"AI_LEARNER","stage":"mem","model":"b2_resnet","target":"aarch64-unknown-linux-gnu","completed":164,"hal_peak":309416,"peak_within_bounded":true,"admitted_budget_bytes":618856,"peak_within_admitted_budget":true,"admission_mode":"unconditional","hal_bytes_per_call_amortized":659554.1,"process_rss_kb":7808,"process_rss_delta_init_kb":600}
.EVS Port1 1980-012-14:15:36.98707 66/1/AI_LEARNER 4: AI_LEARNER completed=165/165 mean=362771.1us max=912898.8us hal_peak=309416 within_bounded=1
{"app":"AI_LEARNER","stage":"run","model":"b2_resnet","target":"aarch64-unknown-linux-gnu","attempted":165,"completed":165,"fail_input":0,"fail_invoke":0,"fail_output":0,"mean_us":362771.09,"max_us":912898.77,"last_us":324773.47,"out0":0.34946,"out":[0.349459,0.001114,0.001795,0.065403,0.335932,0.006331,0.201360,0.013375,0.019186,0.006046]}
{"app":"AI_LEARNER","stage":"mem","model":"b2_resnet","target":"aarch64-unknown-linux-gnu","completed":165,"hal_peak":309416,"peak_within_bounded":true,"admitted_budget_bytes":618856,"peak_within_admitted_budget":true,"admission_mode":"unconditional","hal_bytes_per_call_amortized":657357.6,"process_rss_kb":7808,"process_rss_delta_init_kb":600}
.EVS Port1 1980-012-14:15:40.97834 66/1/AI_LEARNER 4: AI_LEARNER completed=166/166 mean=362547.6us max=912898.8us hal_peak=309416 within_bounded=1
{"app":"AI_LEARNER","stage":"run","model":"b2_resnet","target":"aarch64-unknown-linux-gnu","attempted":166,"completed":166,"fail_input":0,"fail_invoke":0,"fail_output":0,"mean_us":362547.63,"max_us":912898.77,"last_us":325675.62,"out0":0.34946,"out":[0.349459,0.001114,0.001795,0.065403,0.335932,0.006331,0.201360,0.013375,0.019186,0.006046]}
{"app":"AI_LEARNER","stage":"mem","model":"b2_resnet","target":"aarch64-unknown-linux-gnu","completed":166,"hal_peak":309416,"peak_within_bounded":true,"admitted_budget_bytes":618856,"peak_within_admitted_budget":true,"admission_mode":"unconditional","hal_bytes_per_call_amortized":655187.6,"process_rss_kb":7808,"process_rss_delta_init_kb":600}
EVS Port1 1980-012-14:15:45.02427 66/1/AI_LEARNER 4: AI_LEARNER completed=167/167 mean=362604.8us max=912898.8us hal_peak=309416 within_bounded=1
{"app":"AI_LEARNER","stage":"run","model":"b2_resnet","target":"aarch64-unknown-linux-gnu","attempted":167,"completed":167,"fail_input":0,"fail_invoke":0,"fail_output":0,"mean_us":362604.76,"max_us":912898.77,"last_us":372089.94,"out0":0.34946,"out":[0.349459,0.001114,0.001795,0.065403,0.335932,0.006331,0.201360,0.013375,0.019186,0.006046]}
{"app":"AI_LEARNER","stage":"mem","model":"b2_resnet","target":"aarch64-unknown-linux-gnu","completed":167,"hal_peak":309416,"peak_within_bounded":true,"admitted_budget_bytes":618856,"peak_within_admitted_budget":true,"admission_mode":"unconditional","hal_bytes_per_call_amortized":653043.5,"process_rss_kb":7808,"process_rss_delta_init_kb":600}
.EVS Port1 1980-012-14:15:49.02285 66/1/AI_LEARNER 4: AI_LEARNER completed=168/168 mean=362651.6us max=912898.8us hal_peak=309416 within_bounded=1
{"app":"AI_LEARNER","stage":"run","model":"b2_resnet","target":"aarch64-unknown-linux-gnu","attempted":168,"completed":168,"fail_input":0,"fail_invoke":0,"fail_output":0,"mean_us":362651.64,"max_us":912898.77,"last_us":370480.58,"out0":0.34946,"out":[0.349459,0.001114,0.001795,0.065403,0.335932,0.006331,0.201360,0.013375,0.019186,0.006046]}
{"app":"AI_LEARNER","stage":"mem","model":"b2_resnet","target":"aarch64-unknown-linux-gnu","completed":168,"hal_peak":309416,"peak_within_bounded":true,"admitted_budget_bytes":618856,"peak_within_admitted_budget":true,"admission_mode":"unconditional","hal_bytes_per_call_amortized":650925.0,"process_rss_kb":7808,"process_rss_delta_init_kb":600}
.{"app":"AI_LEARNER","stage":"run","model":"b2_resnet","target":"aarch64-unknown-linux-gnu","attempted":169,"completed":169,"fail_input":0,"fail_invoke":0,"fail_output":0,"mean_us":362614.29,"max_us":912898.77,"last_us":356339.23,"out0":0.34946,"out":[0.349459,0.001114,0.001795,0.065403,0.335932,0.006331,0.201360,0.013375,0.019186,0.006046]}
EVS Port1 1980-012-14:15:53.02662 66/1/AI_LEARNER 4: AI_LEARNER completed=169/169 mean=362614.3us max=912898.8us hal_peak=309416 within_bounded=1
{"app":"AI_LEARNER","stage":"mem","model":"b2_resnet","target":"aarch64-unknown-linux-gnu","completed":169,"hal_peak":309416,"peak_within_bounded":true,"admitted_budget_bytes":618856,"peak_within_admitted_budget":true,"admission_mode":"unconditional","hal_bytes_per_call_amortized":648831.5,"process_rss_kb":7808,"process_rss_delta_init_kb":600}
EVS Port1 1980-012-14:15:57.04112 66/1/AI_LEARNER 4: AI_LEARNER completed=170/170 mean=362658.2us max=912898.8us hal_peak=309416 within_bounded=1
{"app":"AI_LEARNER","stage":"run","model":"b2_resnet","target":"aarch64-unknown-linux-gnu","attempted":170,"completed":170,"fail_input":0,"fail_invoke":0,"fail_output":0,"mean_us":362658.20,"max_us":912898.77,"last_us":370078.32,"out0":0.34946,"out":[0.349459,0.001114,0.001795,0.065403,0.335932,0.006331,0.201360,0.013375,0.019186,0.006046]}
{"app":"AI_LEARNER","stage":"mem","model":"b2_resnet","target":"aarch64-unknown-linux-gnu","completed":170,"hal_peak":309416,"peak_within_bounded":true,"admitted_budget_bytes":618856,"peak_within_admitted_budget":true,"admission_mode":"unconditional","hal_bytes_per_call_amortized":646762.6,"process_rss_kb":7808,"process_rss_delta_init_kb":600}
.EVS Port1 1980-012-14:15:59.08778 66/1/CFE_TIME 20: Start FLYWHEEL
EVS Port1 1980-012-14:15:59.00387 66/1/CFE_TIME 21: Stop FLYWHEEL
EVS Port1 1980-012-14:16:01.00570 66/1/AI_LEARNER 4: AI_LEARNER completed=171/171 mean=362585.4us max=912898.8us hal_peak=309416 within_bounded=1
{"app":"AI_LEARNER","stage":"run","model":"b2_resnet","target":"aarch64-unknown-linux-gnu","attempted":171,"completed":171,"fail_input":0,"fail_invoke":0,"fail_output":0,"mean_us":362585.36,"max_us":912898.77,"last_us":350201.89,"out0":0.34946,"out":[0.349459,0.001114,0.001795,0.065403,0.335932,0.006331,0.201360,0.013375,0.019186,0.006046]}
{"app":"AI_LEARNER","stage":"mem","model":"b2_resnet","target":"aarch64-unknown-linux-gnu","completed":171,"hal_peak":309416,"peak_within_bounded":true,"admitted_budget_bytes":618856,"peak_within_admitted_budget":true,"admission_mode":"unconditional","hal_bytes_per_call_amortized":644718.0,"process_rss_kb":7808,"process_rss_delta_init_kb":600}
.EVS Port1 1980-012-14:16:04.98632 66/1/AI_LEARNER 4: AI_LEARNER completed=172/172 mean=362383.0us max=912898.8us hal_peak=309416 within_bounded=1
{"app":"AI_LEARNER","stage":"run","model":"b2_resnet","target":"aarch64-unknown-linux-gnu","attempted":172,"completed":172,"fail_input":0,"fail_invoke":0,"fail_output":0,"mean_us":362382.97,"max_us":912898.77,"last_us":327775.36,"out0":0.34946,"out":[0.349459,0.001114,0.001795,0.065403,0.335932,0.006331,0.201360,0.013375,0.019186,0.006046]}
{"app":"AI_LEARNER","stage":"mem","model":"b2_resnet","target":"aarch64-unknown-linux-gnu","completed":172,"hal_peak":309416,"peak_within_bounded":true,"admitted_budget_bytes":618856,"peak_within_admitted_budget":true,"admission_mode":"unconditional","hal_bytes_per_call_amortized":642697.1,"process_rss_kb":7808,"process_rss_delta_init_kb":600}
EVS Port1 1980-012-14:16:08.99552 66/1/AI_LEARNER 4: AI_LEARNER completed=173/173 mean=362230.4us max=912898.8us hal_peak=309416 within_bounded=1
{"app":"AI_LEARNER","stage":"run","model":"b2_resnet","target":"aarch64-unknown-linux-gnu","attempted":173,"completed":173,"fail_input":0,"fail_invoke":0,"fail_output":0,"mean_us":362230.42,"max_us":912898.77,"last_us":335991.20,"out0":0.34946,"out":[0.349459,0.001114,0.001795,0.065403,0.335932,0.006331,0.201360,0.013375,0.019186,0.006046]}
{"app":"AI_LEARNER","stage":"mem","model":"b2_resnet","target":"aarch64-unknown-linux-gnu","completed":173,"hal_peak":309416,"peak_within_bounded":true,"admitted_budget_bytes":618856,"peak_within_admitted_budget":true,"admission_mode":"unconditional","hal_bytes_per_call_amortized":640699.6,"process_rss_kb":7808,"process_rss_delta_init_kb":600}
.EVS Port1 1980-012-14:16:13.01651 66/1/AI_LEARNER 4: AI_LEARNER completed=174/174 mean=362255.6us max=912898.8us hal_peak=309416 within_bounded=1
{"app":"AI_LEARNER","stage":"run","model":"b2_resnet","target":"aarch64-unknown-linux-gnu","attempted":174,"completed":174,"fail_input":0,"fail_invoke":0,"fail_output":0,"mean_us":362255.61,"max_us":912898.77,"last_us":366614.32,"out0":0.34946,"out":[0.349459,0.001114,0.001795,0.065403,0.335932,0.006331,0.201360,0.013375,0.019186,0.006046]}
{"app":"AI_LEARNER","stage":"mem","model":"b2_resnet","target":"aarch64-unknown-linux-gnu","completed":174,"hal_peak":309416,"peak_within_bounded":true,"admitted_budget_bytes":618856,"peak_within_admitted_budget":true,"admission_mode":"unconditional","hal_bytes_per_call_amortized":638725.1,"process_rss_kb":7808,"process_rss_delta_init_kb":600}
.EVS Port1 1980-012-14:16:17.01293 66/1/AI_LEARNER 4: AI_LEARNER completed=175/175 mean=362260.9us max=912898.8us hal_peak=309416 within_bounded=1
{"app":"AI_LEARNER","stage":"run","model":"b2_resnet","target":"aarch64-unknown-linux-gnu","attempted":175,"completed":175,"fail_input":0,"fail_invoke":0,"fail_output":0,"mean_us":362260.91,"max_us":912898.77,"last_us":363181.95,"out0":0.34946,"out":[0.349459,0.001114,0.001795,0.065403,0.335932,0.006331,0.201360,0.013375,0.019186,0.006046]}
{"app":"AI_LEARNER","stage":"mem","model":"b2_resnet","target":"aarch64-unknown-linux-gnu","completed":175,"hal_peak":309416,"peak_within_bounded":true,"admitted_budget_bytes":618856,"peak_within_admitted_budget":true,"admission_mode":"unconditional","hal_bytes_per_call_amortized":636773.1,"process_rss_kb":7808,"process_rss_delta_init_kb":600}
{"app":"AI_LEARNER","stage":"run","model":"b2_resnet","target":"aarch64-unknown-linux-gnu","attempted":176,"completed":176,"fail_input":0,"fail_invoke":0,"fail_output":0,"mean_us":362264.44,"max_us":912898.77,"last_us":362883.25,"out0":0.34946,"out":[0.349459,0.001114,0.001795,0.065403,0.335932,0.006331,0.201360,0.013375,0.019186,0.006046]}
EVS Port1 1980-012-14:16:21.01678 66/1/AI_LEARNER 4: AI_LEARNER completed=176/176 mean=362264.4us max=912898.8us hal_peak=309416 within_bounded=1
{"app":"AI_LEARNER","stage":"mem","model":"b2_resnet","target":"aarch64-unknown-linux-gnu","completed":176,"hal_peak":309416,"peak_within_bounded":true,"admitted_budget_bytes":618856,"peak_within_admitted_budget":true,"admission_mode":"unconditional","hal_bytes_per_call_amortized":634843.3,"process_rss_kb":7808,"process_rss_delta_init_kb":600}
.{"app":"AI_LEARNER","stage":"run","model":"b2_resnet","target":"aarch64-unknown-linux-gnu","attempted":177,"completed":177,"fail_input":0,"fail_invoke":0,"fail_output":0,"mean_us":362004.76,"max_us":912898.77,"last_us":316300.59,"out0":0.34946,"out":[0.349459,0.001114,0.001795,0.065403,0.335932,0.006331,0.201360,0.013375,0.019186,0.006046]}
EVS Port1 1980-012-14:16:24.97361 66/1/AI_LEARNER 4: AI_LEARNER completed=177/177 mean=362004.8us max=912898.8us hal_peak=309416 within_bounded=1
{"app":"AI_LEARNER","stage":"mem","model":"b2_resnet","target":"aarch64-unknown-linux-gnu","completed":177,"hal_peak":309416,"peak_within_bounded":true,"admitted_budget_bytes":618856,"peak_within_admitted_budget":true,"admission_mode":"unconditional","hal_bytes_per_call_amortized":632935.3,"process_rss_kb":7808,"process_rss_delta_init_kb":600}
.EVS Port1 1980-012-14:16:29.13113 66/1/AI_LEARNER 4: AI_LEARNER completed=178/178 mean=361920.2us max=912898.8us hal_peak=309416 within_bounded=1
{"app":"AI_LEARNER","stage":"run","model":"b2_resnet","target":"aarch64-unknown-linux-gnu","attempted":178,"completed":178,"fail_input":0,"fail_invoke":0,"fail_output":0,"mean_us":361920.23,"max_us":912898.77,"last_us":346958.34,"out0":0.34946,"out":[0.349459,0.001114,0.001795,0.065403,0.335932,0.006331,0.201360,0.013375,0.019186,0.006046]}
{"app":"AI_LEARNER","stage":"mem","model":"b2_resnet","target":"aarch64-unknown-linux-gnu","completed":178,"hal_peak":309416,"peak_within_bounded":true,"admitted_budget_bytes":618856,"peak_within_admitted_budget":true,"admission_mode":"unconditional","hal_bytes_per_call_amortized":631048.7,"process_rss_kb":7808,"process_rss_delta_init_kb":600}
EVS Port1 1980-012-14:16:29.00679 66/1/CFE_TIME 21: Stop FLYWHEEL
EVS Port1 1980-012-14:16:29.99699 66/1/CFE_TIME 20: Start FLYWHEEL
EVS Port1 1980-012-14:16:32.97393 66/1/AI_LEARNER 4: AI_LEARNER completed=179/179 mean=361696.3us max=912898.8us hal_peak=309416 within_bounded=1
{"app":"AI_LEARNER","stage":"run","model":"b2_resnet","target":"aarch64-unknown-linux-gnu","attempted":179,"completed":179,"fail_input":0,"fail_invoke":0,"fail_output":0,"mean_us":361696.26,"max_us":912898.77,"last_us":321829.55,"out0":0.34946,"out":[0.349459,0.001114,0.001795,0.065403,0.335932,0.006331,0.201360,0.013375,0.019186,0.006046]}
{"app":"AI_LEARNER","stage":"mem","model":"b2_resnet","target":"aarch64-unknown-linux-gnu","completed":179,"hal_peak":309416,"peak_within_bounded":true,"admitted_budget_bytes":618856,"peak_within_admitted_budget":true,"admission_mode":"unconditional","hal_bytes_per_call_amortized":629183.2,"process_rss_kb":7808,"process_rss_delta_init_kb":600}
.EVS Port1 1980-012-14:16:36.98107 66/1/AI_LEARNER 4: AI_LEARNER completed=180/180 mean=361496.2us max=912898.8us hal_peak=309416 within_bounded=1
{"app":"AI_LEARNER","stage":"run","model":"b2_resnet","target":"aarch64-unknown-linux-gnu","attempted":180,"completed":180,"fail_input":0,"fail_invoke":0,"fail_output":0,"mean_us":361496.16,"max_us":912898.77,"last_us":325677.70,"out0":0.34946,"out":[0.349459,0.001114,0.001795,0.065403,0.335932,0.006331,0.201360,0.013375,0.019186,0.006046]}
{"app":"AI_LEARNER","stage":"mem","model":"b2_resnet","target":"aarch64-unknown-linux-gnu","completed":180,"hal_peak":309416,"peak_within_bounded":true,"admitted_budget_bytes":618856,"peak_within_admitted_budget":true,"admission_mode":"unconditional","hal_bytes_per_call_amortized":627338.5,"process_rss_kb":7808,"process_rss_delta_init_kb":600}
.EVS Port1 1980-012-14:16:41.00698 66/1/AI_LEARNER 4: AI_LEARNER completed=181/181 mean=361449.5us max=912898.8us hal_peak=309416 within_bounded=1
{"app":"AI_LEARNER","stage":"run","model":"b2_resnet","target":"aarch64-unknown-linux-gnu","attempted":181,"completed":181,"fail_input":0,"fail_invoke":0,"fail_output":0,"mean_us":361449.50,"max_us":912898.77,"last_us":353050.74,"out0":0.34946,"out":[0.349459,0.001114,0.001795,0.065403,0.335932,0.006331,0.201360,0.013375,0.019186,0.006046]}
{"app":"AI_LEARNER","stage":"mem","model":"b2_resnet","target":"aarch64-unknown-linux-gnu","completed":181,"hal_peak":309416,"peak_within_bounded":true,"admitted_budget_bytes":618856,"peak_within_admitted_budget":true,"admission_mode":"unconditional","hal_bytes_per_call_amortized":625514.1,"process_rss_kb":7808,"process_rss_delta_init_kb":600}
EVS Port1 1980-012-14:16:45.03088 66/1/AI_LEARNER 4: AI_LEARNER completed=182/182 mean=361535.9us max=912898.8us hal_peak=309416 within_bounded=1
{"app":"AI_LEARNER","stage":"run","model":"b2_resnet","target":"aarch64-unknown-linux-gnu","attempted":182,"completed":182,"fail_input":0,"fail_invoke":0,"fail_output":0,"mean_us":361535.85,"max_us":912898.77,"last_us":377166.16,"out0":0.34946,"out":[0.349459,0.001114,0.001795,0.065403,0.335932,0.006331,0.201360,0.013375,0.019186,0.006046]}
{"app":"AI_LEARNER","stage":"mem","model":"b2_resnet","target":"aarch64-unknown-linux-gnu","completed":182,"hal_peak":309416,"peak_within_bounded":true,"admitted_budget_bytes":618856,"peak_within_admitted_budget":true,"admission_mode":"unconditional","hal_bytes_per_call_amortized":623709.8,"process_rss_kb":7808,"process_rss_delta_init_kb":600}
.EVS Port1 1980-012-14:16:49.04931 66/1/AI_LEARNER 4: AI_LEARNER completed=183/183 mean=361700.0us max=912898.8us hal_peak=309416 within_bounded=1
{"app":"AI_LEARNER","stage":"run","model":"b2_resnet","target":"aarch64-unknown-linux-gnu","attempted":183,"completed":183,"fail_input":0,"fail_invoke":0,"fail_output":0,"mean_us":361699.97,"max_us":912898.77,"last_us":391569.14,"out0":0.34946,"out":[0.349459,0.001114,0.001795,0.065403,0.335932,0.006331,0.201360,0.013375,0.019186,0.006046]}
{"app":"AI_LEARNER","stage":"mem","model":"b2_resnet","target":"aarch64-unknown-linux-gnu","completed":183,"hal_peak":309416,"peak_within_bounded":true,"admitted_budget_bytes":618856,"peak_within_admitted_budget":true,"admission_mode":"unconditional","hal_bytes_per_call_amortized":621925.2,"process_rss_kb":7808,"process_rss_delta_init_kb":600}
.{"app":"AI_LEARNER","stage":"run","model":"b2_resnet","target":"aarch64-unknown-linux-gnu","attempted":184,"completed":184,"fail_input":0,"fail_invoke":0,"fail_output":0,"mean_us":361524.55,"max_us":912898.77,"last_us":329422.64,"out0":0.34946,"out":[0.349459,0.001114,0.001795,0.065403,0.335932,0.006331,0.201360,0.013375,0.019186,0.006046]}
EVS Port1 1980-012-14:16:52.98400 66/1/AI_LEARNER 4: AI_LEARNER completed=184/184 mean=361524.5us max=912898.8us hal_peak=309416 within_bounded=1
{"app":"AI_LEARNER","stage":"mem","model":"b2_resnet","target":"aarch64-unknown-linux-gnu","completed":184,"hal_peak":309416,"peak_within_bounded":true,"admitted_budget_bytes":618856,"peak_within_admitted_budget":true,"admission_mode":"unconditional","hal_bytes_per_call_amortized":620160.0,"process_rss_kb":7808,"process_rss_delta_init_kb":600}
EVS Port1 1980-012-14:16:57.02941 66/1/AI_LEARNER 4: AI_LEARNER completed=185/185 mean=361587.4us max=912898.8us hal_peak=309416 within_bounded=1
{"app":"AI_LEARNER","stage":"run","model":"b2_resnet","target":"aarch64-unknown-linux-gnu","attempted":185,"completed":185,"fail_input":0,"fail_invoke":0,"fail_output":0,"mean_us":361587.37,"max_us":912898.77,"last_us":373146.70,"out0":0.34946,"out":[0.349459,0.001114,0.001795,0.065403,0.335932,0.006331,0.201360,0.013375,0.019186,0.006046]}
{"app":"AI_LEARNER","stage":"mem","model":"b2_resnet","target":"aarch64-unknown-linux-gnu","completed":185,"hal_peak":309416,"peak_within_bounded":true,"admitted_budget_bytes":618856,"peak_within_admitted_budget":true,"admission_mode":"unconditional","hal_bytes_per_call_amortized":618413.9,"process_rss_kb":7808,"process_rss_delta_init_kb":600}
.EVS Port1 1980-012-14:16:59.00350 66/1/CFE_TIME 21: Stop FLYWHEEL
EVS Port1 1980-012-14:16:59.99876 66/1/CFE_TIME 20: Start FLYWHEEL
{"app":"AI_LEARNER","stage":"run","model":"b2_resnet","target":"aarch64-unknown-linux-gnu","attempted":186,"completed":186,"fail_input":0,"fail_invoke":0,"fail_output":0,"mean_us":361342.64,"max_us":912898.77,"last_us":316067.71,"out0":0.34946,"out":[0.349459,0.001114,0.001795,0.065403,0.335932,0.006331,0.201360,0.013375,0.019186,0.006046]}
EVS Port1 1980-012-14:17:00.97225 66/1/AI_LEARNER 4: AI_LEARNER completed=186/186 mean=361342.6us max=912898.8us hal_peak=309416 within_bounded=1
{"app":"AI_LEARNER","stage":"mem","model":"b2_resnet","target":"aarch64-unknown-linux-gnu","completed":186,"hal_peak":309416,"peak_within_bounded":true,"admitted_budget_bytes":618856,"peak_within_admitted_budget":true,"admission_mode":"unconditional","hal_bytes_per_call_amortized":616686.5,"process_rss_kb":7808,"process_rss_delta_init_kb":600}
.EVS Port1 1980-012-14:17:05.00500 66/1/AI_LEARNER 4: AI_LEARNER completed=187/187 mean=361251.6us max=912898.8us hal_peak=309416 within_bounded=1
{"app":"AI_LEARNER","stage":"run","model":"b2_resnet","target":"aarch64-unknown-linux-gnu","attempted":187,"completed":187,"fail_input":0,"fail_invoke":0,"fail_output":0,"mean_us":361251.63,"max_us":912898.77,"last_us":344324.21,"out0":0.34946,"out":[0.349459,0.001114,0.001795,0.065403,0.335932,0.006331,0.201360,0.013375,0.019186,0.006046]}
{"app":"AI_LEARNER","stage":"mem","model":"b2_resnet","target":"aarch64-unknown-linux-gnu","completed":187,"hal_peak":309416,"peak_within_bounded":true,"admitted_budget_bytes":618856,"peak_within_admitted_budget":true,"admission_mode":"unconditional","hal_bytes_per_call_amortized":614977.7,"process_rss_kb":7808,"process_rss_delta_init_kb":600}
{"app":"AI_LEARNER","stage":"run","model":"b2_resnet","target":"aarch64-unknown-linux-gnu","attempted":188,"completed":188,"fail_input":0,"fail_invoke":0,"fail_output":0,"mean_us":361133.95,"max_us":912898.77,"last_us":339127.58,"out0":0.34946,"out":[0.349459,0.001114,0.001795,0.065403,0.335932,0.006331,0.201360,0.013375,0.019186,0.006046]}
EVS Port1 1980-012-14:17:08.99580 66/1/AI_LEARNER 4: AI_LEARNER completed=188/188 mean=361134.0us max=912898.8us hal_peak=309416 within_bounded=1
{"app":"AI_LEARNER","stage":"mem","model":"b2_resnet","target":"aarch64-unknown-linux-gnu","completed":188,"hal_peak":309416,"peak_within_bounded":true,"admitted_budget_bytes":618856,"peak_within_admitted_budget":true,"admission_mode":"unconditional","hal_bytes_per_call_amortized":613287.0,"process_rss_kb":7808,"process_rss_delta_init_kb":600}
.EVS Port1 1980-012-14:17:10.00518 66/1/CFE_TIME 21: Stop FLYWHEEL
EVS Port1 1980-012-14:17:10.99812 66/1/CFE_TIME 20: Start FLYWHEEL
EVS Port1 1980-012-14:17:13.01980 66/1/AI_LEARNER 4: AI_LEARNER completed=189/189 mean=361127.8us max=912898.8us hal_peak=309416 within_bounded=1
{"app":"AI_LEARNER","stage":"run","model":"b2_resnet","target":"aarch64-unknown-linux-gnu","attempted":189,"completed":189,"fail_input":0,"fail_invoke":0,"fail_output":0,"mean_us":361127.85,"max_us":912898.77,"last_us":359980.35,"out0":0.34946,"out":[0.349459,0.001114,0.001795,0.065403,0.335932,0.006331,0.201360,0.013375,0.019186,0.006046]}
{"app":"AI_LEARNER","stage":"mem","model":"b2_resnet","target":"aarch64-unknown-linux-gnu","completed":189,"hal_peak":309416,"peak_within_bounded":true,"admitted_budget_bytes":618856,"peak_within_admitted_budget":true,"admission_mode":"unconditional","hal_bytes_per_call_amortized":611614.2,"process_rss_kb":7808,"process_rss_delta_init_kb":600}
.{"app":"AI_LEARNER","stage":"run","model":"b2_resnet","target":"aarch64-unknown-linux-gnu","attempted":190,"completed":190,"fail_input":0,"fail_invoke":0,"fail_output":0,"mean_us":361299.83,"max_us":912898.77,"last_us":393804.32,"out0":0.34946,"out":[0.349459,0.001114,0.001795,0.065403,0.335932,0.006331,0.201360,0.013375,0.019186,0.006046]}
EVS Port1 1980-012-14:17:17.03849 66/1/AI_LEARNER 4: AI_LEARNER completed=190/190 mean=361299.8us max=912898.8us hal_peak=309416 within_bounded=1
{"app":"AI_LEARNER","stage":"mem","model":"b2_resnet","target":"aarch64-unknown-linux-gnu","completed":190,"hal_peak":309416,"peak_within_bounded":true,"admitted_budget_bytes":618856,"peak_within_admitted_budget":true,"admission_mode":"unconditional","hal_bytes_per_call_amortized":609959.0,"process_rss_kb":7808,"process_rss_delta_init_kb":600}
EVS Port1 1980-012-14:17:20.97248 66/1/AI_LEARNER 4: AI_LEARNER completed=191/191 mean=361064.8us max=912898.8us hal_peak=309416 within_bounded=1
{"app":"AI_LEARNER","stage":"run","model":"b2_resnet","target":"aarch64-unknown-linux-gnu","attempted":191,"completed":191,"fail_input":0,"fail_invoke":0,"fail_output":0,"mean_us":361064.78,"max_us":912898.77,"last_us":316406.26,"out0":0.34946,"out":[0.349459,0.001114,0.001795,0.065403,0.335932,0.006331,0.201360,0.013375,0.019186,0.006046]}
{"app":"AI_LEARNER","stage":"mem","model":"b2_resnet","target":"aarch64-unknown-linux-gnu","completed":191,"hal_peak":309416,"peak_within_bounded":true,"admitted_budget_bytes":618856,"peak_within_admitted_budget":true,"admission_mode":"unconditional","hal_bytes_per_call_amortized":608321.1,"process_rss_kb":7808,"process_rss_delta_init_kb":600}
.EVS Port1 1980-012-14:17:24.97554 66/1/AI_LEARNER 4: AI_LEARNER completed=192/192 mean=360867.2us max=912898.8us hal_peak=309416 within_bounded=1
{"app":"AI_LEARNER","stage":"run","model":"b2_resnet","target":"aarch64-unknown-linux-gnu","attempted":192,"completed":192,"fail_input":0,"fail_invoke":0,"fail_output":0,"mean_us":360867.16,"max_us":912898.77,"last_us":323121.28,"out0":0.34946,"out":[0.349459,0.001114,0.001795,0.065403,0.335932,0.006331,0.201360,0.013375,0.019186,0.006046]}
{"app":"AI_LEARNER","stage":"mem","model":"b2_resnet","target":"aarch64-unknown-linux-gnu","completed":192,"hal_peak":309416,"peak_within_bounded":true,"admitted_budget_bytes":618856,"peak_within_admitted_budget":true,"admission_mode":"unconditional","hal_bytes_per_call_amortized":606700.3,"process_rss_kb":7808,"process_rss_delta_init_kb":600}
.EVS Port1 1980-012-14:17:29.00540 66/1/CFE_TIME 21: Stop FLYWHEEL
EVS Port1 1980-012-14:17:29.03265 66/1/AI_LEARNER 4: AI_LEARNER completed=193/193 mean=360858.2us max=912898.8us hal_peak=309416 within_bounded=1
{"app":"AI_LEARNER","stage":"run","model":"b2_resnet","target":"aarch64-unknown-linux-gnu","attempted":193,"completed":193,"fail_input":0,"fail_invoke":0,"fail_output":0,"mean_us":360858.20,"max_us":912898.77,"last_us":359138.10,"out0":0.34946,"out":[0.349459,0.001114,0.001795,0.065403,0.335932,0.006331,0.201360,0.013375,0.019186,0.006046]}
{"app":"AI_LEARNER","stage":"mem","model":"b2_resnet","target":"aarch64-unknown-linux-gnu","completed":193,"hal_peak":309416,"peak_within_bounded":true,"admitted_budget_bytes":618856,"peak_within_admitted_budget":true,"admission_mode":"unconditional","hal_bytes_per_call_amortized":605096.3,"process_rss_kb":7808,"process_rss_delta_init_kb":600}
EVS Port1 1980-012-14:17:29.99842 66/1/CFE_TIME 20: Start FLYWHEEL
EVS Port1 1980-012-14:17:32.99472 66/1/AI_LEARNER 4: AI_LEARNER completed=194/194 mean=360679.7us max=912898.8us hal_peak=309416 within_bounded=1
{"app":"AI_LEARNER","stage":"run","model":"b2_resnet","target":"aarch64-unknown-linux-gnu","attempted":194,"completed":194,"fail_input":0,"fail_invoke":0,"fail_output":0,"mean_us":360679.69,"max_us":912898.77,"last_us":326226.22,"out0":0.34946,"out":[0.349459,0.001114,0.001795,0.065403,0.335932,0.006331,0.201360,0.013375,0.019186,0.006046]}
{"app":"AI_LEARNER","stage":"mem","model":"b2_resnet","target":"aarch64-unknown-linux-gnu","completed":194,"hal_peak":309416,"peak_within_bounded":true,"admitted_budget_bytes":618856,"peak_within_admitted_budget":true,"admission_mode":"unconditional","hal_bytes_per_call_amortized":603508.9,"process_rss_kb":7808,"process_rss_delta_init_kb":600}
.EVS Port1 1980-012-14:17:37.04669 66/1/AI_LEARNER 4: AI_LEARNER completed=195/195 mean=360839.7us max=912898.8us hal_peak=309416 within_bounded=1
{"app":"AI_LEARNER","stage":"run","model":"b2_resnet","target":"aarch64-unknown-linux-gnu","attempted":195,"completed":195,"fail_input":0,"fail_invoke":0,"fail_output":0,"mean_us":360839.66,"max_us":912898.77,"last_us":391875.06,"out0":0.34946,"out":[0.349459,0.001114,0.001795,0.065403,0.335932,0.006331,0.201360,0.013375,0.019186,0.006046]}
{"app":"AI_LEARNER","stage":"mem","model":"b2_resnet","target":"aarch64-unknown-linux-gnu","completed":195,"hal_peak":309416,"peak_within_bounded":true,"admitted_budget_bytes":618856,"peak_within_admitted_budget":true,"admission_mode":"unconditional","hal_bytes_per_call_amortized":601937.7,"process_rss_kb":7808,"process_rss_delta_init_kb":600}
.{"app":"AI_LEARNER","stage":"run","model":"b2_resnet","target":"aarch64-unknown-linux-gnu","attempted":196,"completed":196,"fail_input":0,"fail_invoke":0,"fail_output":0,"mean_us":360691.63,"max_us":912898.77,"last_us":331824.19,"out0":0.34946,"out":[0.349459,0.001114,0.001795,0.065403,0.335932,0.006331,0.201360,0.013375,0.019186,0.006046]}
EVS Port1 1980-012-14:17:40.98825 66/1/AI_LEARNER 4: AI_LEARNER completed=196/196 mean=360691.6us max=912898.8us hal_peak=309416 within_bounded=1
{"app":"AI_LEARNER","stage":"mem","model":"b2_resnet","target":"aarch64-unknown-linux-gnu","completed":196,"hal_peak":309416,"peak_within_bounded":true,"admitted_budget_bytes":618856,"peak_within_admitted_budget":true,"admission_mode":"unconditional","hal_bytes_per_call_amortized":600382.5,"process_rss_kb":7808,"process_rss_delta_init_kb":600}
{"app":"AI_LEARNER","stage":"run","model":"b2_resnet","target":"aarch64-unknown-linux-gnu","attempted":197,"completed":197,"fail_input":0,"fail_invoke":0,"fail_output":0,"mean_us":360659.08,"max_us":912898.77,"last_us":354280.11,"out0":0.34946,"out":[0.349459,0.001114,0.001795,0.065403,0.335932,0.006331,0.201360,0.013375,0.019186,0.006046]}
EVS Port1 1980-012-14:17:45.00534 66/1/AI_LEARNER 4: AI_LEARNER completed=197/197 mean=360659.1us max=912898.8us hal_peak=309416 within_bounded=1
{"app":"AI_LEARNER","stage":"mem","model":"b2_resnet","target":"aarch64-unknown-linux-gnu","completed":197,"hal_peak":309416,"peak_within_bounded":true,"admitted_budget_bytes":618856,"peak_within_admitted_budget":true,"admission_mode":"unconditional","hal_bytes_per_call_amortized":598843.2,"process_rss_kb":7808,"process_rss_delta_init_kb":600}
.EVS Port1 1980-012-14:17:49.00682 66/1/AI_LEARNER 4: AI_LEARNER completed=198/198 mean=360606.1us max=912898.8us hal_peak=309416 within_bounded=1
{"app":"AI_LEARNER","stage":"run","model":"b2_resnet","target":"aarch64-unknown-linux-gnu","attempted":198,"completed":198,"fail_input":0,"fail_invoke":0,"fail_output":0,"mean_us":360606.09,"max_us":912898.77,"last_us":350167.44,"out0":0.34946,"out":[0.349459,0.001114,0.001795,0.065403,0.335932,0.006331,0.201360,0.013375,0.019186,0.006046]}
{"app":"AI_LEARNER","stage":"mem","model":"b2_resnet","target":"aarch64-unknown-linux-gnu","completed":198,"hal_peak":309416,"peak_within_bounded":true,"admitted_budget_bytes":618856,"peak_within_admitted_budget":true,"admission_mode":"unconditional","hal_bytes_per_call_amortized":597319.4,"process_rss_kb":7808,"process_rss_delta_init_kb":600}
.EVS Port1 1980-012-14:17:53.00711 66/1/AI_LEARNER 4: AI_LEARNER completed=199/199 mean=360568.3us max=912898.8us hal_peak=309416 within_bounded=1
{"app":"AI_LEARNER","stage":"run","model":"b2_resnet","target":"aarch64-unknown-linux-gnu","attempted":199,"completed":199,"fail_input":0,"fail_invoke":0,"fail_output":0,"mean_us":360568.30,"max_us":912898.77,"last_us":353085.57,"out0":0.34946,"out":[0.349459,0.001114,0.001795,0.065403,0.335932,0.006331,0.201360,0.013375,0.019186,0.006046]}
{"app":"AI_LEARNER","stage":"mem","model":"b2_resnet","target":"aarch64-unknown-linux-gnu","completed":199,"hal_peak":309416,"peak_within_bounded":true,"admitted_budget_bytes":618856,"peak_within_admitted_budget":true,"admission_mode":"unconditional","hal_bytes_per_call_amortized":595810.9,"process_rss_kb":7808,"process_rss_delta_init_kb":600}
EVS Port1 1980-012-14:17:56.99397 66/1/AI_LEARNER 4: AI_LEARNER completed=200/200 mean=360463.2us max=912898.8us hal_peak=309416 within_bounded=1
{"app":"AI_LEARNER","stage":"run","model":"b2_resnet","target":"aarch64-unknown-linux-gnu","attempted":200,"completed":200,"fail_input":0,"fail_invoke":0,"fail_output":0,"mean_us":360463.17,"max_us":912898.77,"last_us":339541.55,"out0":0.34946,"out":[0.349459,0.001114,0.001795,0.065403,0.335932,0.006331,0.201360,0.013375,0.019186,0.006046]}
{"app":"AI_LEARNER","stage":"mem","model":"b2_resnet","target":"aarch64-unknown-linux-gnu","completed":200,"hal_peak":309416,"peak_within_bounded":true,"admitted_budget_bytes":618856,"peak_within_admitted_budget":true,"admission_mode":"unconditional","hal_bytes_per_call_amortized":594317.4,"process_rss_kb":7808,"process_rss_delta_init_kb":600}
.EVS Port1 1980-012-14:18:00.01496 66/1/CFE_TIME 21: Stop FLYWHEEL
EVS Port1 1980-012-14:18:00.99641 66/1/CFE_TIME 20: Start FLYWHEEL
{"app":"AI_LEARNER","stage":"run","model":"b2_resnet","target":"aarch64-unknown-linux-gnu","attempted":201,"completed":201,"fail_input":0,"fail_invoke":0,"fail_output":0,"mean_us":360484.22,"max_us":912898.77,"last_us":364694.94,"out0":0.34946,"out":[0.349459,0.001114,0.001795,0.065403,0.335932,0.006331,0.201360,0.013375,0.019186,0.006046]}
EVS Port1 1980-012-14:18:01.01304 66/1/AI_LEARNER 4: AI_LEARNER completed=201/201 mean=360484.2us max=912898.8us hal_peak=309416 within_bounded=1
{"app":"AI_LEARNER","stage":"mem","model":"b2_resnet","target":"aarch64-unknown-linux-gnu","completed":201,"hal_peak":309416,"peak_within_bounded":true,"admitted_budget_bytes":618856,"peak_within_admitted_budget":true,"admission_mode":"unconditional","hal_bytes_per_call_amortized":592838.9,"process_rss_kb":7808,"process_rss_delta_init_kb":600}
.EVS Port1 1980-012-14:18:05.00900 66/1/AI_LEARNER 4: AI_LEARNER completed=202/202 mean=360476.8us max=912898.8us hal_peak=309416 within_bounded=1
{"app":"AI_LEARNER","stage":"run","model":"b2_resnet","target":"aarch64-unknown-linux-gnu","attempted":202,"completed":202,"fail_input":0,"fail_invoke":0,"fail_output":0,"mean_us":360476.76,"max_us":912898.77,"last_us":358976.91,"out0":0.34946,"out":[0.349459,0.001114,0.001795,0.065403,0.335932,0.006331,0.201360,0.013375,0.019186,0.006046]}
{"app":"AI_LEARNER","stage":"mem","model":"b2_resnet","target":"aarch64-unknown-linux-gnu","completed":202,"hal_peak":309416,"peak_within_bounded":true,"admitted_budget_bytes":618856,"peak_within_admitted_budget":true,"admission_mode":"unconditional","hal_bytes_per_call_amortized":591375.0,"process_rss_kb":7808,"process_rss_delta_init_kb":600}
EVS Port1 1980-012-14:18:08.99685 66/1/AI_LEARNER 4: AI_LEARNER completed=203/203 mean=360372.1us max=912898.8us hal_peak=309416 within_bounded=1
{"app":"AI_LEARNER","stage":"run","model":"b2_resnet","target":"aarch64-unknown-linux-gnu","attempted":203,"completed":203,"fail_input":0,"fail_invoke":0,"fail_output":0,"mean_us":360372.14,"max_us":912898.77,"last_us":339238.43,"out0":0.34946,"out":[0.349459,0.001114,0.001795,0.065403,0.335932,0.006331,0.201360,0.013375,0.019186,0.006046]}
{"app":"AI_LEARNER","stage":"mem","model":"b2_resnet","target":"aarch64-unknown-linux-gnu","completed":203,"hal_peak":309416,"peak_within_bounded":true,"admitted_budget_bytes":618856,"peak_within_admitted_budget":true,"admission_mode":"unconditional","hal_bytes_per_call_amortized":589925.5,"process_rss_kb":7808,"process_rss_delta_init_kb":600}
.EVS Port1 1980-012-14:18:12.96620 66/1/AI_LEARNER 4: AI_LEARNER completed=204/204 mean=360142.4us max=912898.8us hal_peak=309416 within_bounded=1
{"app":"AI_LEARNER","stage":"run","model":"b2_resnet","target":"aarch64-unknown-linux-gnu","attempted":204,"completed":204,"fail_input":0,"fail_invoke":0,"fail_output":0,"mean_us":360142.45,"max_us":912898.77,"last_us":313515.82,"out0":0.34946,"out":[0.349459,0.001114,0.001795,0.065403,0.335932,0.006331,0.201360,0.013375,0.019186,0.006046]}
{"app":"AI_LEARNER","stage":"mem","model":"b2_resnet","target":"aarch64-unknown-linux-gnu","completed":204,"hal_peak":309416,"peak_within_bounded":true,"admitted_budget_bytes":618856,"peak_within_admitted_budget":true,"admission_mode":"unconditional","hal_bytes_per_call_amortized":588490.2,"process_rss_kb":7808,"process_rss_delta_init_kb":600}
1980-012-14:18:15.00509 CFE_ES_RunExceptionScan: ExceptionID 0x1110000 in TaskID 0: Caught SIGINT
1980-012-14:18:15.00614 CFE_ES_RunExceptionScan: Processor Reset count not reached (0/2)
CFE_PSP: Exiting cFE with PROCESSOR Reset status.

CFE_PSP: Shutdown initiated - Exiting cFE
CI delete callback -- Closing CI Network socket.
TO delete callback -- Closing TO Network socket.
EXIT=124
