OS_BSP_Initialize():Maximum user msg queue depth = 512
CFE_PSP: Default Reset SubType = 1
CFE_PSP: Default CPU ID = 1
CFE_PSP: Default Spacecraft ID = 66
CFE_PSP: Default CPU Name: cpu1
OS_Posix_GetSchedulerParams():208:Policy 1: available, min-max: 1-99
OS_Posix_GetSchedulerParams():208:Policy 2: available, min-max: 1-99
OS_Posix_TaskAPI_Impl_Init():401:Selected policy 2 for RT tasks, root task = 99
OS_Posix_TaskAPI_Impl_Init():419:Could not setschedparam in main thread: Operation not permitted (1)
CFE_PSP: initializing module 'soft_timebase' with ID 0110ff00
CFE_PSP: Instantiated software timebase 'cFS-Master' running at 10000 usec
CFE_PSP: initializing module 'timebase_posix_clock' with ID 0110ff01
CFE_PSP: Using POSIX monotonic clock as CFE timebase
CFE_PSP: initializing module 'eeprom_mmap_file' with ID 0110ff02
CFE_PSP: Using MMAP simulated EEPROM implementation
CFE_PSP: initializing module 'port_notimpl' with ID 0110ff03
CFE_PSP: EEPROM Range (2) created: Start Address = EC126CA3E000, Size = 00080000 Status = 0
CFE_PSP: I/O Port access not implemented
CFE_PSP: initializing module 'iodriver' with ID 0110ff04
CFE_PSP: initializing module 'linux_sysmon' with ID 0110ff05
CFE_PSP: initializing module 'endian_api' with ID 0110ff06
CFE_PSP: Host CPU Endian=LITTLE
CFE_PSP: initializing module 'ram_notimpl' with ID 0110ff07
CFE_PSP: Physical RAM access not implemented
CFE_PSP: Normal exit from previous cFE instance
CFE_PSP: Starting the cFE with a PROCESSOR reset.
1980-001-00:53:13.31599 CFE_ES_Main: CFE_ES_Main in EARLY_INIT state
1980-001-00:53:13.33405 CFE_ES_InitializeFileSystems: Volatile Disk has 100 Percent free space.
Number of addresses returned by backtrace = 1
CFE_PSP: CFE_PSP_AttachExceptions called
1980-001-00:53:13.36165 CFE_ES_Main: CFE_ES_Main entering CORE_STARTUP state
1980-001-00:53:13.36187 CFE_ES_CreateObjects: Starting Object Creation calls.
1980-001-00:53:13.36196 CFE_ES_CreateObjects: Calling EarlyInit for CFE_CONFIG
1980-001-00:53:13.36447 CFE_ES_CreateObjects: Calling EarlyInit for CFE_ES
1980-001-00:53:13.36975 CFE_ES_CreateObjects: Calling EarlyInit for CFE_EVS
1980-001-00:53:13.37239 CFE_EVS_EarlyInit: Event Log restored, n=0, c=20, f=1, m=1, o=70
1980-001-00:53:13.37274 CFE_ES_CreateObjects: Calling EarlyInit for CFE_FS
1980-001-00:53:13.37304 CFE_ES_CreateObjects: Calling EarlyInit for CFE_SB
1980-001-00:53:13.40099 CFE_ES_CreateObjects: Calling EarlyInit for CFE_TBL
1980-001-00:53:13.43650 CFE_ES_CreateObjects: Calling EarlyInit for CFE_TIME
EVS Port1 1980-012-14:06:17.83135 66/1/CFE_ES 1: cFE ES Initialized: CFE_ES v7.0.1+dev1 (Draco) DEV BUILD, based on v7.0.1, EDS disabled
EVS Port1 1980-012-14:06:17.83740 66/1/CFE_ES 2: cFS Versions: cfe v7.0.1+dev1, osal v7.0.1+dev1, psp v7.0.1+dev1. cFE chksm 31659
EVS Port1 1980-012-14:06:17.83888 66/1/CFE_ES 91: Version Info: Mission SampleMission, version git:v7.0.1-90-g78c23b0-dirty
EVS Port1 1980-012-14:06:17.83992 66/1/CFE_ES 91: Version Info: Module CORE_API, version git:2612eb0
EVS Port1 1980-012-14:06:17.84037 66/1/CFE_ES 91: Version Info: Module CONFIG, version git:2612eb0
EVS Port1 1980-012-14:06:17.84094 66/1/CFE_ES 91: Version Info: Module ES, version git:2612eb0
EVS Port1 1980-012-14:06:17.84130 66/1/CFE_ES 91: Version Info: Module EVS, version git:2612eb0
EVS Port1 1980-012-14:06:17.84184 66/1/CFE_ES 91: Version Info: Module FS, version git:2612eb0
EVS Port1 1980-012-14:06:17.84204 66/1/CFE_ES 91: Version Info: Module SB, version git:2612eb0
EVS Port1 1980-012-14:06:17.84220 66/1/CFE_ES 91: Version Info: Module TBL, version git:2612eb0
EVS Port1 1980-012-14:06:17.84233 66/1/CFE_ES 91: Version Info: Module TIME, version git:2612eb0
EVS Port1 1980-012-14:06:17.84243 66/1/CFE_ES 91: Version Info: Module OSAL, version git:8111e4a
EVS Port1 1980-012-14:06:17.84289 66/1/CFE_ES 91: Version Info: Module PSP, version git:d1da809
EVS Port1 1980-012-14:06:17.84306 66/1/CFE_ES 91: Version Info: Module MSG, version git:2612eb0
EVS Port1 1980-012-14:06:17.84326 66/1/CFE_ES 91: Version Info: Module SBR, version git:2612eb0
EVS Port1 1980-012-14:06:17.84338 66/1/CFE_ES 91: Version Info: Module RESOURCEID, version git:2612eb0
EVS Port1 1980-012-14:06:17.84400 66/1/CFE_ES 92: Build 202609111416 by root@vm, config aarch64
EVS Port1 1980-012-14:06:17.91902 66/1/CFE_EVS 1: cFE EVS Initialized: CFE_EVS v7.0.1+dev1 (Draco) DEV BUILD, based on v7.0.1, EDS disabled
1980-012-14:06:18.02431 CFE_SB_AppInit: Registered 4 events for filtering
EVS Port1 1980-012-14:06:18.02806 66/1/CFE_SB 1: cFE SB Initialized: CFE_SB v7.0.1+dev1 (Draco) DEV BUILD, based on v7.0.1, EDS disabled
EVS Port1 1980-012-14:06:18.02888 66/1/CFE_SB 14: No subscribers for MsgId 0x808,sender CFE_SB
EVS Port1 1980-012-14:06:18.13540 66/1/CFE_TBL 1: cFE TBL Initialized: CFE_TBL v7.0.1+dev1 (Draco) DEV BUILD, based on v7.0.1, EDS disabled
EVS Port1 1980-012-14:06:18.13706 66/1/CFE_SB 14: No subscribers for MsgId 0x808,sender CFE_TBL
EVS Port1 1980-012-14:06:18.26103 66/1/CFE_TIME 1: cFE TIME Initialized: CFE_TIME v7.0.1+dev1 (Draco) DEV BUILD, based on v7.0.1, EDS disabled
EVS Port1 1980-012-14:06:18.26229 66/1/CFE_SB 14: No subscribers for MsgId 0x808,sender CFE_TIME
1980-012-14:06:18.28584 CFE_ES_CreateObjects: Finished ES CreateObject table entries.
1980-012-14:06:18.28624 CFE_ES_Main: CFE_ES_Main entering CORE_READY state
OS_FileOpen_Impl():110:open(/dev/shm/osal:RAM/cfe_es_startup.scr): No such file or directory
1980-012-14:06:18.29177 CFE_ES_OpenStartupScript: Cannot Open Volatile Startup file: /ram/cfe_es_startup.scr, Trying Nonvolatile.
1980-012-14:06:18.29299 CFE_ES_OpenStartupScript: Opened ES App Startup file: /cf/cfe_es_startup.scr
1980-012-14:06:18.32825 CFE_ES_ParseFileEntry: Loading shared library: /cf/cfe_assert.so
1980-012-14:06:18.34232 [BEGIN] CFE FUNCTIONAL TEST
1980-012-14:06:18.34397 [BEGIN] 01 CFE-STARTUP
1980-012-14:06:18.37723 CFE_ES_ParseFileEntry: Loading shared library: /cf/sample_lib.so
SAMPLE Lib Initialized.Sample Lib v7.0.0+dev1 (Draco) DEV BUILD, based on v7.0.1, EDS disabled
1980-012-14:06:18.41607 CFE_ES_ParseFileEntry: Loading file: /cf/sch_lab.so, APP: SCH_LAB
1980-012-14:06:18.45609 CFE_ES_ParseFileEntry: Loading file: /cf/ci_lab.so, APP: CI_LAB
1980-012-14:06:18.49642 CFE_ES_ParseFileEntry: Loading file: /cf/to_lab.so, APP: TO_LAB
SCH Lab Initialized.SCH Lab v7.0.1+dev1 (Draco) DEV BUILD, based on v7.0.1, EDS disabled
1980-012-14:06:18.54329 CFE_ES_ParseFileEntry: Loading file: /cf/sample_app.so, APP: SAMPLE_APP
EVS Port1 1980-012-14:06:18.58506 66/1/TO_LAB 1: TO Lab Initialized.TO Lab v7.0.1+dev1 (Draco) DEV BUILD, based on v7.0.1, EDS disabled, Awaiting enable command.
EVS Port1 1980-012-14:06:18.58604 66/1/CFE_SB 14: No subscribers for MsgId 0x808,sender TO_LAB
1980-012-14:06:18.61426 CI_LAB listening on UDP port: 1234
EVS Port1 1980-012-14:06:18.61512 66/1/CI_LAB 3: CI Lab Initialized.CI Lab App v7.0.1+dev1 (Draco) DEV BUILD, based on v7.0.1, EDS disabled
1980-012-14:06:18.61980 CFE_ES_ParseFileEntry: Loading file: /cf/ai_learner.so, APP: AI_LEARNER
EVS Port1 1980-012-14:06:18.62524 66/1/SAMPLE_APP 1: Sample App Initialized.Sample App v7.0.0+dev1 (Draco) DEV BUILD, based on v7.0.1, EDS disabled
1980-012-14:06:18.68500 CFE_ES_ParseFileEntry: Loading file: /cf/lc.so, APP: LC
{"app":"AI_LEARNER","stage":"build_config","model":"b3_deepae","allow_conditional_map":0,"contract_bounded_bytes":1069632,"contract_per_call_bytes":6208,"contract_const_bytes":1063424,"contract_bound_known":true,"contract_artifact_sha256":"9ff64bd168e07135c196423d44408e7780984c977912b67c8240c0db522c4d7c"}
{"app":"AI_LEARNER","stage":"stack","es_stack_size":262160,"stack_base_bytes":262144,"contract_kernel_stack_bytes":16,"kernel_stack_accounted":true}
EVS Port1 1980-012-14:06:18.70802 66/1/AI_LEARNER 8: AI_LEARNER stack: es=262160 base=262144 kernel=16 accounted=1
{"app":"AI_LEARNER","stage":"admission","verdict":"ADMIT","model":"b3_deepae","target":"aarch64-unknown-linux-gnu","bounded":1069632,"budget":1069632,"budget_source":"override","per_call":6208,"constants":1063424,"kernel_stack_bytes":16,"bound_known":true,"scope":"per_app_local_budget"}
1980-012-14:06:18.72121 CFE_ES_ParseFileEntry: Loading file: /cf/cf.so, APP: CF
1980-012-14:06:18.76334 CFE_ES_ParseFileEntry: Loading file: /cf/ds.so, APP: DS
EVS Port1 1980-012-14:06:18.77804 66/1/LC 56: WDT verify results: good = 0, bad = 0, unused = 176
EVS Port1 1980-012-14:06:18.78904 66/1/LC 66: ADT verify results: good = 0, bad = 0, unused = 176
EVS Port1 1980-012-14:06:18.79804 66/1/LC 23: LC use of Critical Data Store disabled, activity mask = 0x00991990
EVS Port1 1980-012-14:06:18.80033 66/1/LC 2: LC Initialized. Version 7.0.1.255
1980-012-14:06:18.82586 CFE_ES_ParseFileEntry: Loading file: /cf/fm.so, APP: FM
EVS Port1 1980-012-14:06:18.89643 66/1/DS 10: Destination file table verify results: good entries = 6, bad = 0, unused = 10
1980-012-14:06:18.92418 CFE_ES_ParseFileEntry: Loading file: /cf/hk.so, APP: HK
EVS Port1 1980-012-14:06:18.93615 66/1/CF 20: CF Initialized. Version 7.0.1.255
EVS Port1 1980-012-14:06:18.94529 66/1/DS 12: Filter table verify results: good entries = 14, bad = 0, unused = 242
EVS Port1 1980-012-14:06:18.95733 66/1/FM 80: Free Space Table verify results: good entries = 3, bad = 0, unused = 5
EVS Port1 1980-012-14:06:18.97698 66/1/DS 1: Application initialized, version 7.0.1.255, data at 0xec126c240460
EVS Port1 1980-012-14:06:18.97904 66/1/FM 1: Initialization complete: version 7.0.1.255
1980-012-14:06:19.00317 CFE_ES_ParseFileEntry: Loading file: /cf/hs.so, APP: HS
EVS Port1 1980-012-14:06:19.03381 66/1/HK 1: HK Initialized.  Version 7.0.1.255
EVS Port1 1980-012-14:06:19.03811 66/1/FM 72: Child Task initialization complete
1980-012-14:06:19.04792 CFE_ES_ParseFileEntry: Loading file: /cf/mm.so, APP: MM
EVS Port1 1980-012-14:06:19.09683 66/1/HS 54: ExeCount verify results: good = 5, bad = 0, unused = 27
EVS Port1 1980-012-14:06:19.10934 66/1/HS 50: AppMon verify results: good = 0, bad = 0, unused = 32
1980-012-14:06:19.11202 CFE_ES_ParseFileEntry: Loading file: /cf/sc.so, APP: SC
EVS Port1 1980-012-14:06:19.12225 66/1/MM 1: MM Initialized. Version 7.0.1.255
EVS Port1 1980-012-14:06:19.12933 66/1/HS 52: EventMon verify results: good = 0, bad = 0, unused = 16
{"app":"AI_LEARNER","stage":"binding","verdict":"MATCH","artifact_bytes":1080730,"artifact_sha256":"9ff64bd168e07135","contract_sha256":"9ff64bd168e07135"}
EVS Port1 1980-012-14:06:19.14625 66/1/HS 56: MsgActs verify results: good = 2, bad = 0, unused = 6
1980-012-14:06:19.15724 HS_SysMonInit(): System Monitor using PSP device ID 0110ff05
CFE_PSP(Linux_SysMon): Started CPU utilization monitoring on 2 CPU(s)
EVS Port1 1980-012-14:06:19.18614 66/1/HS 1: HS Initialized.  Version 7.0.1.255
1980-012-14:06:19.19309 CFE_ES_ParseFileEntry: Loading file: /cf/md.so, APP: MD
{"app":"AI_LEARNER","stage":"map_branch","model":"b3_deepae","module_ptr_mod64":0,"hal_peak_after_append":0,"contract_const_bytes":1063424,"contract_per_call_bytes":6208,"arm":"map","admission_mode":"unconditional"}
{"app":"AI_LEARNER","stage":"mem_init","model":"b3_deepae","target":"aarch64-unknown-linux-gnu","hal_peak":2560,"hal_allocated":2560,"bounded":1069632,"peak_within_bounded":true,"inferences_so_far":0,"process_rss_kb":6848,"rss_kb_before_runtime":6308,"rss_kb_after_session":6608,"rss_kb_after_init":6848}
EVS Port1 1980-012-14:06:19.27436 66/1/SC 21: RTS table files not loaded at initialization = 0 of 4
EVS Port1 1980-012-14:06:19.27775 66/1/MD 52: MD Dwell Tbl verify results: good = 0, bad = 0, unused = 25
1980-012-14:06:19.27991 CFE_ES_ParseFileEntry: Loading file: /cf/cs.so, APP: CS
EVS Port1 1980-012-14:06:19.28273 66/1/MD 3: Recovered Dwell Table #1 is valid and has been copied to the MD App
EVS Port1 1980-012-14:06:19.28692 66/1/MD 52: MD Dwell Tbl verify results: good = 0, bad = 0, unused = 25
EVS Port1 1980-012-14:06:19.28536 66/1/SC 9: SC Initialized. Version 7.0.1.255
EVS Port1 1980-012-14:06:19.29409 66/1/MD 3: Recovered Dwell Table #2 is valid and has been copied to the MD App
EVS Port1 1980-012-14:06:19.29821 66/1/MD 52: MD Dwell Tbl verify results: good = 0, bad = 0, unused = 25
EVS Port1 1980-012-14:06:19.30413 66/1/MD 3: Recovered Dwell Table #3 is valid and has been copied to the MD App
EVS Port1 1980-012-14:06:19.31221 66/1/MD 52: MD Dwell Tbl verify results: good = 0, bad = 0, unused = 25
EVS Port1 1980-012-14:06:19.31336 66/1/MD 3: Recovered Dwell Table #4 is valid and has been copied to the MD App
EVS Port1 1980-012-14:06:19.31434 66/1/MD 7: Dwell Tables Recovered: 4, Dwell Tables Initialized: 0
EVS Port1 1980-012-14:06:19.31533 66/1/MD 1: MD Initialized.  Version 7.0.1.255
EVS Port1 1980-012-14:06:19.36877 66/1/CS 144: CS EEPROM Table verification results: good = 0, bad = 0, unused = 16
EVS Port1 1980-012-14:06:19.37344 66/1/CS 107: CS EEPROM Table: No valid entries in the table
EVS Port1 1980-012-14:06:19.38093 66/1/CS 143: CS Memory Table verification results: good = 0, bad = 0, unused = 16
EVS Port1 1980-012-14:06:19.38406 66/1/CS 107: CS Memory Table: No valid entries in the table
EVS Port1 1980-012-14:06:19.39140 66/1/CS 139: CS Tables Table verification results: good = 1, bad = 0, unused = 23
EVS Port1 1980-012-14:06:19.39820 66/1/CS 142: CS Apps Table verification results: good = 0, bad = 0, unused = 24
EVS Port1 1980-012-14:06:19.40084 66/1/CS 108: CS Apps Table: No valid entries in the table
EVS Port1 1980-012-14:06:19.40374 66/1/CS 127: OS Text Segment disabled due to platform
EVS Port1 1980-012-14:06:19.40476 66/1/CS 1: CS Initialized. Version 7.0.1.255
{"app":"AI_LEARNER","stage":"e25_equivalence","inputs":34,"completed":34,"model":"b3_deepae","target":"aarch64-unknown-linux-gnu","artifact_sha256":"9ff64bd168e07135..."}
EVS Port1 1980-012-14:06:19.56336 66/1/AI_LEARNER 4: AI_LEARNER: E25 equivalence 34/34 inferences written
{"app":"AI_LEARNER","stage":"e25_mode","active":true,"inputs_path":"/cf/e25_inputs.bin"}
EVS Port1 1980-012-14:06:19.56828 66/1/AI_LEARNER 3: AI_LEARNER initialized: model b3_deepae (1080730 B), rss_delta_init=540 KB
1980-012-14:06:19.61820 CFE_ES_Main: CFE_ES_Main entering APPS_INIT state
1980-012-14:06:19.61914 CFE_ES_Main: CFE_ES_Main entering OPERATIONAL state
EVS Port1 1980-012-14:06:19.63677 66/1/TO_LAB 19: L550 TO Lab subscribed to 32 messages from the table
EVS Port1 1980-012-14:06:19.00514 66/1/CFE_TIME 21: Stop FLYWHEEL
EVS Port1 1980-012-14:06:22.68991 66/1/AI_LEARNER 4: AI_LEARNER completed=1/1 mean=12473.1us max=12473.1us hal_peak=6208 within_bounded=1
{"app":"AI_LEARNER","stage":"run","model":"b3_deepae","target":"aarch64-unknown-linux-gnu","attempted":1,"completed":1,"fail_input":0,"fail_invoke":0,"fail_output":0,"mean_us":12473.14,"max_us":12473.14,"last_us":12473.14,"out0":-34.90329,"out":[-34.903290,-19.268223,-10.719254,-6.073514,-3.169238,1.479501,-0.871328,-2.374014,-5.888675,-6.856013,-8.321491,-7.674998,-7.146251,-5.634534,-7.484629,-9.514545,-12.106692,-10.702136,-9.057628,-7.310637,-8.942656,-10.107818,-15.072726,-13.587442,-11.934404,-14.829638,-20.845142,-20.659678,-18.235455,-15.081455,-15.753881,-15.622186,-16.931751,-16.272202,-17.655043,-17.578808,-16.173872,-13.403781,-14.795506,-15.314590,-15.381740,-14.617736,-16.251841,-13.655582,-13.537686,-15.436557,-14.893420,-16.880266,-16.73458
{"app":"AI_LEARNER","stage":"mem","model":"b3_deepae","target":"aarch64-unknown-linux-gnu","completed":1,"hal_peak":6208,"peak_within_bounded":true,"admitted_budget_bytes":1069632,"peak_within_admitted_budget":true,"admission_mode":"unconditional","hal_bytes_per_call_amortized":130240.0,"process_rss_kb":7092,"process_rss_delta_init_kb":540}
.EVS Port1 1980-012-14:06:26.67617 66/1/AI_LEARNER 4: AI_LEARNER completed=2/2 mean=9907.0us max=12473.1us hal_peak=6208 within_bounded=1
{"app":"AI_LEARNER","stage":"run","model":"b3_deepae","target":"aarch64-unknown-linux-gnu","attempted":2,"completed":2,"fail_input":0,"fail_invoke":0,"fail_output":0,"mean_us":9906.96,"max_us":12473.14,"last_us":7340.78,"out0":-34.90329,"out":[-34.903290,-19.268223,-10.719254,-6.073514,-3.169238,1.479501,-0.871328,-2.374014,-5.888675,-6.856013,-8.321491,-7.674998,-7.146251,-5.634534,-7.484629,-9.514545,-12.106692,-10.702136,-9.057628,-7.310637,-8.942656,-10.107818,-15.072726,-13.587442,-11.934404,-14.829638,-20.845142,-20.659678,-18.235455,-15.081455,-15.753881,-15.622186,-16.931751,-16.272202,-17.655043,-17.578808,-16.173872,-13.403781,-14.795506,-15.314590,-15.381740,-14.617736,-16.251841,-13.655582,-13.537686,-15.436557,-14.893420,-16.880266,-16.734587,
{"app":"AI_LEARNER","stage":"mem","model":"b3_deepae","target":"aarch64-unknown-linux-gnu","completed":2,"hal_peak":6208,"peak_within_bounded":true,"admitted_budget_bytes":1069632,"peak_within_admitted_budget":true,"admission_mode":"unconditional","hal_bytes_per_call_amortized":66944.0,"process_rss_kb":7092,"process_rss_delta_init_kb":540}
EVS Port1 1980-012-14:06:30.66326 66/1/AI_LEARNER 4: AI_LEARNER completed=3/3 mean=9881.2us max=12473.1us hal_peak=6208 within_bounded=1
{"app":"AI_LEARNER","stage":"run","model":"b3_deepae","target":"aarch64-unknown-linux-gnu","attempted":3,"completed":3,"fail_input":0,"fail_invoke":0,"fail_output":0,"mean_us":9881.22,"max_us":12473.14,"last_us":9829.74,"out0":-34.90329,"out":[-34.903290,-19.268223,-10.719254,-6.073514,-3.169238,1.479501,-0.871328,-2.374014,-5.888675,-6.856013,-8.321491,-7.674998,-7.146251,-5.634534,-7.484629,-9.514545,-12.106692,-10.702136,-9.057628,-7.310637,-8.942656,-10.107818,-15.072726,-13.587442,-11.934404,-14.829638,-20.845142,-20.659678,-18.235455,-15.081455,-15.753881,-15.622186,-16.931751,-16.272202,-17.655043,-17.578808,-16.173872,-13.403781,-14.795506,-15.314590,-15.381740,-14.617736,-16.251841,-13.655582,-13.537686,-15.436557,-14.893420,-16.880266,-16.734587,
{"app":"AI_LEARNER","stage":"mem","model":"b3_deepae","target":"aarch64-unknown-linux-gnu","completed":3,"hal_peak":6208,"peak_within_bounded":true,"admitted_budget_bytes":1069632,"peak_within_admitted_budget":true,"admission_mode":"unconditional","hal_bytes_per_call_amortized":45845.3,"process_rss_kb":7092,"process_rss_delta_init_kb":540}
.EVS Port1 1980-012-14:06:34.67308 66/1/AI_LEARNER 4: AI_LEARNER completed=4/4 mean=9857.4us max=12473.1us hal_peak=6208 within_bounded=1
{"app":"AI_LEARNER","stage":"run","model":"b3_deepae","target":"aarch64-unknown-linux-gnu","attempted":4,"completed":4,"fail_input":0,"fail_invoke":0,"fail_output":0,"mean_us":9857.37,"max_us":12473.14,"last_us":9785.81,"out0":-34.90329,"out":[-34.903290,-19.268223,-10.719254,-6.073514,-3.169238,1.479501,-0.871328,-2.374014,-5.888675,-6.856013,-8.321491,-7.674998,-7.146251,-5.634534,-7.484629,-9.514545,-12.106692,-10.702136,-9.057628,-7.310637,-8.942656,-10.107818,-15.072726,-13.587442,-11.934404,-14.829638,-20.845142,-20.659678,-18.235455,-15.081455,-15.753881,-15.622186,-16.931751,-16.272202,-17.655043,-17.578808,-16.173872,-13.403781,-14.795506,-15.314590,-15.381740,-14.617736,-16.251841,-13.655582,-13.537686,-15.436557,-14.893420,-16.880266,-16.734587,
{"app":"AI_LEARNER","stage":"mem","model":"b3_deepae","target":"aarch64-unknown-linux-gnu","completed":4,"hal_peak":6208,"peak_within_bounded":true,"admitted_budget_bytes":1069632,"peak_within_admitted_budget":true,"admission_mode":"unconditional","hal_bytes_per_call_amortized":35296.0,"process_rss_kb":7092,"process_rss_delta_init_kb":540}
.EVS Port1 1980-012-14:06:38.66708 66/1/AI_LEARNER 4: AI_LEARNER completed=5/5 mean=10876.0us max=14950.7us hal_peak=6208 within_bounded=1
{"app":"AI_LEARNER","stage":"run","model":"b3_deepae","target":"aarch64-unknown-linux-gnu","attempted":5,"completed":5,"fail_input":0,"fail_invoke":0,"fail_output":0,"mean_us":10876.03,"max_us":14950.67,"last_us":14950.67,"out0":-34.90329,"out":[-34.903290,-19.268223,-10.719254,-6.073514,-3.169238,1.479501,-0.871328,-2.374014,-5.888675,-6.856013,-8.321491,-7.674998,-7.146251,-5.634534,-7.484629,-9.514545,-12.106692,-10.702136,-9.057628,-7.310637,-8.942656,-10.107818,-15.072726,-13.587442,-11.934404,-14.829638,-20.845142,-20.659678,-18.235455,-15.081455,-15.753881,-15.622186,-16.931751,-16.272202,-17.655043,-17.578808,-16.173872,-13.403781,-14.795506,-15.314590,-15.381740,-14.617736,-16.251841,-13.655582,-13.537686,-15.436557,-14.893420,-16.880266,-16.73458
{"app":"AI_LEARNER","stage":"mem","model":"b3_deepae","target":"aarch64-unknown-linux-gnu","completed":5,"hal_peak":6208,"peak_within_bounded":true,"admitted_budget_bytes":1069632,"peak_within_admitted_budget":true,"admission_mode":"unconditional","hal_bytes_per_call_amortized":28966.4,"process_rss_kb":7092,"process_rss_delta_init_kb":540}
EVS Port1 1980-012-14:06:42.65722 66/1/AI_LEARNER 4: AI_LEARNER completed=6/6 mean=10447.9us max=14950.7us hal_peak=6208 within_bounded=1
{"app":"AI_LEARNER","stage":"run","model":"b3_deepae","target":"aarch64-unknown-linux-gnu","attempted":6,"completed":6,"fail_input":0,"fail_invoke":0,"fail_output":0,"mean_us":10447.87,"max_us":14950.67,"last_us":8307.06,"out0":-34.90329,"out":[-34.903290,-19.268223,-10.719254,-6.073514,-3.169238,1.479501,-0.871328,-2.374014,-5.888675,-6.856013,-8.321491,-7.674998,-7.146251,-5.634534,-7.484629,-9.514545,-12.106692,-10.702136,-9.057628,-7.310637,-8.942656,-10.107818,-15.072726,-13.587442,-11.934404,-14.829638,-20.845142,-20.659678,-18.235455,-15.081455,-15.753881,-15.622186,-16.931751,-16.272202,-17.655043,-17.578808,-16.173872,-13.403781,-14.795506,-15.314590,-15.381740,-14.617736,-16.251841,-13.655582,-13.537686,-15.436557,-14.893420,-16.880266,-16.734587
{"app":"AI_LEARNER","stage":"mem","model":"b3_deepae","target":"aarch64-unknown-linux-gnu","completed":6,"hal_peak":6208,"peak_within_bounded":true,"admitted_budget_bytes":1069632,"peak_within_admitted_budget":true,"admission_mode":"unconditional","hal_bytes_per_call_amortized":24746.7,"process_rss_kb":7092,"process_rss_delta_init_kb":540}
.EVS Port1 1980-012-14:06:46.67077 66/1/AI_LEARNER 4: AI_LEARNER completed=7/7 mean=10741.1us max=14950.7us hal_peak=6208 within_bounded=1
{"app":"AI_LEARNER","stage":"run","model":"b3_deepae","target":"aarch64-unknown-linux-gnu","attempted":7,"completed":7,"fail_input":0,"fail_invoke":0,"fail_output":0,"mean_us":10741.09,"max_us":14950.67,"last_us":12500.40,"out0":-34.90329,"out":[-34.903290,-19.268223,-10.719254,-6.073514,-3.169238,1.479501,-0.871328,-2.374014,-5.888675,-6.856013,-8.321491,-7.674998,-7.146251,-5.634534,-7.484629,-9.514545,-12.106692,-10.702136,-9.057628,-7.310637,-8.942656,-10.107818,-15.072726,-13.587442,-11.934404,-14.829638,-20.845142,-20.659678,-18.235455,-15.081455,-15.753881,-15.622186,-16.931751,-16.272202,-17.655043,-17.578808,-16.173872,-13.403781,-14.795506,-15.314590,-15.381740,-14.617736,-16.251841,-13.655582,-13.537686,-15.436557,-14.893420,-16.880266,-16.73458
{"app":"AI_LEARNER","stage":"mem","model":"b3_deepae","target":"aarch64-unknown-linux-gnu","completed":7,"hal_peak":6208,"peak_within_bounded":true,"admitted_budget_bytes":1069632,"peak_within_admitted_budget":true,"admission_mode":"unconditional","hal_bytes_per_call_amortized":21732.6,"process_rss_kb":7092,"process_rss_delta_init_kb":540}
EVS Port1 1980-012-14:06:48.00358 66/1/CFE_TIME 21: Stop FLYWHEEL
.EVS Port1 1980-012-14:06:49.00054 66/1/CFE_TIME 20: Start FLYWHEEL
EVS Port1 1980-012-14:06:50.65708 66/1/AI_LEARNER 4: AI_LEARNER completed=8/8 mean=10553.3us max=14950.7us hal_peak=6208 within_bounded=1
{"app":"AI_LEARNER","stage":"run","model":"b3_deepae","target":"aarch64-unknown-linux-gnu","attempted":8,"completed":8,"fail_input":0,"fail_invoke":0,"fail_output":0,"mean_us":10553.30,"max_us":14950.67,"last_us":9238.82,"out0":-34.90329,"out":[-34.903290,-19.268223,-10.719254,-6.073514,-3.169238,1.479501,-0.871328,-2.374014,-5.888675,-6.856013,-8.321491,-7.674998,-7.146251,-5.634534,-7.484629,-9.514545,-12.106692,-10.702136,-9.057628,-7.310637,-8.942656,-10.107818,-15.072726,-13.587442,-11.934404,-14.829638,-20.845142,-20.659678,-18.235455,-15.081455,-15.753881,-15.622186,-16.931751,-16.272202,-17.655043,-17.578808,-16.173872,-13.403781,-14.795506,-15.314590,-15.381740,-14.617736,-16.251841,-13.655582,-13.537686,-15.436557,-14.893420,-16.880266,-16.734587
{"app":"AI_LEARNER","stage":"mem","model":"b3_deepae","target":"aarch64-unknown-linux-gnu","completed":8,"hal_peak":6208,"peak_within_bounded":true,"admitted_budget_bytes":1069632,"peak_within_admitted_budget":true,"admission_mode":"unconditional","hal_bytes_per_call_amortized":19472.0,"process_rss_kb":7100,"process_rss_delta_init_kb":540}
EVS Port1 1980-012-14:06:54.00595 66/1/CFE_TIME 21: Stop FLYWHEEL
EVS Port1 1980-012-14:06:54.69186 66/1/AI_LEARNER 4: AI_LEARNER completed=9/9 mean=12459.6us max=27709.7us hal_peak=6208 within_bounded=1
{"app":"AI_LEARNER","stage":"run","model":"b3_deepae","target":"aarch64-unknown-linux-gnu","attempted":9,"completed":9,"fail_input":0,"fail_invoke":0,"fail_output":0,"mean_us":12459.57,"max_us":27709.70,"last_us":27709.70,"out0":-34.90329,"out":[-34.903290,-19.268223,-10.719254,-6.073514,-3.169238,1.479501,-0.871328,-2.374014,-5.888675,-6.856013,-8.321491,-7.674998,-7.146251,-5.634534,-7.484629,-9.514545,-12.106692,-10.702136,-9.057628,-7.310637,-8.942656,-10.107818,-15.072726,-13.587442,-11.934404,-14.829638,-20.845142,-20.659678,-18.235455,-15.081455,-15.753881,-15.622186,-16.931751,-16.272202,-17.655043,-17.578808,-16.173872,-13.403781,-14.795506,-15.314590,-15.381740,-14.617736,-16.251841,-13.655582,-13.537686,-15.436557,-14.893420,-16.880266,-16.73458
{"app":"AI_LEARNER","stage":"mem","model":"b3_deepae","target":"aarch64-unknown-linux-gnu","completed":9,"hal_peak":6208,"peak_within_bounded":true,"admitted_budget_bytes":1069632,"peak_within_admitted_budget":true,"admission_mode":"unconditional","hal_bytes_per_call_amortized":17713.8,"process_rss_kb":7100,"process_rss_delta_init_kb":540}
.EVS Port1 1980-012-14:06:55.00173 66/1/CFE_TIME 20: Start FLYWHEEL
EVS Port1 1980-012-14:06:58.66209 66/1/AI_LEARNER 4: AI_LEARNER completed=10/10 mean=12318.8us max=27709.7us hal_peak=6208 within_bounded=1
{"app":"AI_LEARNER","stage":"run","model":"b3_deepae","target":"aarch64-unknown-linux-gnu","attempted":10,"completed":10,"fail_input":0,"fail_invoke":0,"fail_output":0,"mean_us":12318.83,"max_us":27709.70,"last_us":11052.18,"out0":-34.90329,"out":[-34.903290,-19.268223,-10.719254,-6.073514,-3.169238,1.479501,-0.871328,-2.374014,-5.888675,-6.856013,-8.321491,-7.674998,-7.146251,-5.634534,-7.484629,-9.514545,-12.106692,-10.702136,-9.057628,-7.310637,-8.942656,-10.107818,-15.072726,-13.587442,-11.934404,-14.829638,-20.845142,-20.659678,-18.235455,-15.081455,-15.753881,-15.622186,-16.931751,-16.272202,-17.655043,-17.578808,-16.173872,-13.403781,-14.795506,-15.314590,-15.381740,-14.617736,-16.251841,-13.655582,-13.537686,-15.436557,-14.893420,-16.880266,-16.734
{"app":"AI_LEARNER","stage":"mem","model":"b3_deepae","target":"aarch64-unknown-linux-gnu","completed":10,"hal_peak":6208,"peak_within_bounded":true,"admitted_budget_bytes":1069632,"peak_within_admitted_budget":true,"admission_mode":"unconditional","hal_bytes_per_call_amortized":16307.2,"process_rss_kb":7100,"process_rss_delta_init_kb":540}
.EVS Port1 1980-012-14:07:02.67102 66/1/AI_LEARNER 4: AI_LEARNER completed=11/11 mean=12585.0us max=27709.7us hal_peak=6208 within_bounded=1
{"app":"AI_LEARNER","stage":"run","model":"b3_deepae","target":"aarch64-unknown-linux-gnu","attempted":11,"completed":11,"fail_input":0,"fail_invoke":0,"fail_output":0,"mean_us":12584.99,"max_us":27709.70,"last_us":15246.62,"out0":-34.90329,"out":[-34.903290,-19.268223,-10.719254,-6.073514,-3.169238,1.479501,-0.871328,-2.374014,-5.888675,-6.856013,-8.321491,-7.674998,-7.146251,-5.634534,-7.484629,-9.514545,-12.106692,-10.702136,-9.057628,-7.310637,-8.942656,-10.107818,-15.072726,-13.587442,-11.934404,-14.829638,-20.845142,-20.659678,-18.235455,-15.081455,-15.753881,-15.622186,-16.931751,-16.272202,-17.655043,-17.578808,-16.173872,-13.403781,-14.795506,-15.314590,-15.381740,-14.617736,-16.251841,-13.655582,-13.537686,-15.436557,-14.893420,-16.880266,-16.734
{"app":"AI_LEARNER","stage":"mem","model":"b3_deepae","target":"aarch64-unknown-linux-gnu","completed":11,"hal_peak":6208,"peak_within_bounded":true,"admitted_budget_bytes":1069632,"peak_within_admitted_budget":true,"admission_mode":"unconditional","hal_bytes_per_call_amortized":15156.4,"process_rss_kb":7100,"process_rss_delta_init_kb":540}
EVS Port1 1980-012-14:07:06.11837 66/1/CFE_TIME 20: Start FLYWHEEL
EVS Port1 1980-012-14:07:06.81062 66/1/AI_LEARNER 4: AI_LEARNER completed=12/12 mean=12598.2us max=27709.7us hal_peak=6208 within_bounded=1
{"app":"AI_LEARNER","stage":"run","model":"b3_deepae","target":"aarch64-unknown-linux-gnu","attempted":12,"completed":12,"fail_input":0,"fail_invoke":0,"fail_output":0,"mean_us":12598.20,"max_us":27709.70,"last_us":12743.47,"out0":-34.90329,"out":[-34.903290,-19.268223,-10.719254,-6.073514,-3.169238,1.479501,-0.871328,-2.374014,-5.888675,-6.856013,-8.321491,-7.674998,-7.146251,-5.634534,-7.484629,-9.514545,-12.106692,-10.702136,-9.057628,-7.310637,-8.942656,-10.107818,-15.072726,-13.587442,-11.934404,-14.829638,-20.845142,-20.659678,-18.235455,-15.081455,-15.753881,-15.622186,-16.931751,-16.272202,-17.655043,-17.578808,-16.173872,-13.403781,-14.795506,-15.314590,-15.381740,-14.617736,-16.251841,-13.655582,-13.537686,-15.436557,-14.893420,-16.880266,-16.734
{"app":"AI_LEARNER","stage":"mem","model":"b3_deepae","target":"aarch64-unknown-linux-gnu","completed":12,"hal_peak":6208,"peak_within_bounded":true,"admitted_budget_bytes":1069632,"peak_within_admitted_budget":true,"admission_mode":"unconditional","hal_bytes_per_call_amortized":14197.3,"process_rss_kb":7100,"process_rss_delta_init_kb":540}
.EVS Port1 1980-012-14:07:07.00335 66/1/CFE_TIME 21: Stop FLYWHEEL
EVS Port1 1980-012-14:07:10.66918 66/1/AI_LEARNER 4: AI_LEARNER completed=13/13 mean=12260.6us max=27709.7us hal_peak=6208 within_bounded=1
{"app":"AI_LEARNER","stage":"run","model":"b3_deepae","target":"aarch64-unknown-linux-gnu","attempted":13,"completed":13,"fail_input":0,"fail_invoke":0,"fail_output":0,"mean_us":12260.64,"max_us":27709.70,"last_us":8210.00,"out0":-34.90329,"out":[-34.903290,-19.268223,-10.719254,-6.073514,-3.169238,1.479501,-0.871328,-2.374014,-5.888675,-6.856013,-8.321491,-7.674998,-7.146251,-5.634534,-7.484629,-9.514545,-12.106692,-10.702136,-9.057628,-7.310637,-8.942656,-10.107818,-15.072726,-13.587442,-11.934404,-14.829638,-20.845142,-20.659678,-18.235455,-15.081455,-15.753881,-15.622186,-16.931751,-16.272202,-17.655043,-17.578808,-16.173872,-13.403781,-14.795506,-15.314590,-15.381740,-14.617736,-16.251841,-13.655582,-13.537686,-15.436557,-14.893420,-16.880266,-16.7345
{"app":"AI_LEARNER","stage":"mem","model":"b3_deepae","target":"aarch64-unknown-linux-gnu","completed":13,"hal_peak":6208,"peak_within_bounded":true,"admitted_budget_bytes":1069632,"peak_within_admitted_budget":true,"admission_mode":"unconditional","hal_bytes_per_call_amortized":13385.8,"process_rss_kb":7100,"process_rss_delta_init_kb":540}
.EVS Port1 1980-012-14:07:14.65670 66/1/AI_LEARNER 4: AI_LEARNER completed=14/14 mean=12098.3us max=27709.7us hal_peak=6208 within_bounded=1
{"app":"AI_LEARNER","stage":"run","model":"b3_deepae","target":"aarch64-unknown-linux-gnu","attempted":14,"completed":14,"fail_input":0,"fail_invoke":0,"fail_output":0,"mean_us":12098.35,"max_us":27709.70,"last_us":9988.51,"out0":-34.90329,"out":[-34.903290,-19.268223,-10.719254,-6.073514,-3.169238,1.479501,-0.871328,-2.374014,-5.888675,-6.856013,-8.321491,-7.674998,-7.146251,-5.634534,-7.484629,-9.514545,-12.106692,-10.702136,-9.057628,-7.310637,-8.942656,-10.107818,-15.072726,-13.587442,-11.934404,-14.829638,-20.845142,-20.659678,-18.235455,-15.081455,-15.753881,-15.622186,-16.931751,-16.272202,-17.655043,-17.578808,-16.173872,-13.403781,-14.795506,-15.314590,-15.381740,-14.617736,-16.251841,-13.655582,-13.537686,-15.436557,-14.893420,-16.880266,-16.7345
{"app":"AI_LEARNER","stage":"mem","model":"b3_deepae","target":"aarch64-unknown-linux-gnu","completed":14,"hal_peak":6208,"peak_within_bounded":true,"admitted_budget_bytes":1069632,"peak_within_admitted_budget":true,"admission_mode":"unconditional","hal_bytes_per_call_amortized":12690.3,"process_rss_kb":7100,"process_rss_delta_init_kb":540}
EVS Port1 1980-012-14:07:18.68093 66/1/AI_LEARNER 4: AI_LEARNER completed=15/15 mean=12479.8us max=27709.7us hal_peak=6208 within_bounded=1
{"app":"AI_LEARNER","stage":"run","model":"b3_deepae","target":"aarch64-unknown-linux-gnu","attempted":15,"completed":15,"fail_input":0,"fail_invoke":0,"fail_output":0,"mean_us":12479.76,"max_us":27709.70,"last_us":17819.57,"out0":-34.90329,"out":[-34.903290,-19.268223,-10.719254,-6.073514,-3.169238,1.479501,-0.871328,-2.374014,-5.888675,-6.856013,-8.321491,-7.674998,-7.146251,-5.634534,-7.484629,-9.514545,-12.106692,-10.702136,-9.057628,-7.310637,-8.942656,-10.107818,-15.072726,-13.587442,-11.934404,-14.829638,-20.845142,-20.659678,-18.235455,-15.081455,-15.753881,-15.622186,-16.931751,-16.272202,-17.655043,-17.578808,-16.173872,-13.403781,-14.795506,-15.314590,-15.381740,-14.617736,-16.251841,-13.655582,-13.537686,-15.436557,-14.893420,-16.880266,-16.734
{"app":"AI_LEARNER","stage":"mem","model":"b3_deepae","target":"aarch64-unknown-linux-gnu","completed":15,"hal_peak":6208,"peak_within_bounded":true,"admitted_budget_bytes":1069632,"peak_within_admitted_budget":true,"admission_mode":"unconditional","hal_bytes_per_call_amortized":12087.5,"process_rss_kb":7100,"process_rss_delta_init_kb":540}
.{"app":"AI_LEARNER","stage":"run","model":"b3_deepae","target":"aarch64-unknown-linux-gnu","attempted":16,"completed":16,"fail_input":0,"fail_invoke":0,"fail_output":0,"mean_us":12222.94,"max_us":27709.70,"last_us":8370.53,"out0":-34.90329,"out":[-34.903290,-19.268223,-10.719254,-6.073514,-3.169238,1.479501,-0.871328,-2.374014,-5.888675,-6.856013,-8.321491,-7.674998,-7.146251,-5.634534,-7.484629,-9.514545,-12.106692,-10.702136,-9.057628,-7.310637,-8.942656,-10.107818,-15.072726,-13.587442,-11.934404,-14.829638,-20.845142,-20.659678,-18.235455,-15.081455,-15.753881,-15.622186,-16.931751,-16.272202,-17.655043,-17.578808,-16.173872,-13.403781,-14.795506,-15.314590,-15.381740,-14.617736,-16.251841,-13.655582,-13.537686,-15.436557,-14.893420,-16.880266,-16.7345
EVS Port1 1980-012-14:07:22.66656 66/1/AI_LEARNER 4: AI_LEARNER completed=16/16 mean=12222.9us max=27709.7us hal_peak=6208 within_bounded=1
{"app":"AI_LEARNER","stage":"mem","model":"b3_deepae","target":"aarch64-unknown-linux-gnu","completed":16,"hal_peak":6208,"peak_within_bounded":true,"admitted_budget_bytes":1069632,"peak_within_admitted_budget":true,"admission_mode":"unconditional","hal_bytes_per_call_amortized":11560.0,"process_rss_kb":7100,"process_rss_delta_init_kb":540}
.EVS Port1 1980-012-14:07:26.65797 66/1/AI_LEARNER 4: AI_LEARNER completed=17/17 mean=12075.2us max=27709.7us hal_peak=6208 within_bounded=1
{"app":"AI_LEARNER","stage":"run","model":"b3_deepae","target":"aarch64-unknown-linux-gnu","attempted":17,"completed":17,"fail_input":0,"fail_invoke":0,"fail_output":0,"mean_us":12075.23,"max_us":27709.70,"last_us":9711.86,"out0":-34.90329,"out":[-34.903290,-19.268223,-10.719254,-6.073514,-3.169238,1.479501,-0.871328,-2.374014,-5.888675,-6.856013,-8.321491,-7.674998,-7.146251,-5.634534,-7.484629,-9.514545,-12.106692,-10.702136,-9.057628,-7.310637,-8.942656,-10.107818,-15.072726,-13.587442,-11.934404,-14.829638,-20.845142,-20.659678,-18.235455,-15.081455,-15.753881,-15.622186,-16.931751,-16.272202,-17.655043,-17.578808,-16.173872,-13.403781,-14.795506,-15.314590,-15.381740,-14.617736,-16.251841,-13.655582,-13.537686,-15.436557,-14.893420,-16.880266,-16.7345
{"app":"AI_LEARNER","stage":"mem","model":"b3_deepae","target":"aarch64-unknown-linux-gnu","completed":17,"hal_peak":6208,"peak_within_bounded":true,"admitted_budget_bytes":1069632,"peak_within_admitted_budget":true,"admission_mode":"unconditional","hal_bytes_per_call_amortized":11094.6,"process_rss_kb":7100,"process_rss_delta_init_kb":540}
EVS Port1 1980-012-14:07:30.65896 66/1/AI_LEARNER 4: AI_LEARNER completed=18/18 mean=12093.2us max=27709.7us hal_peak=6208 within_bounded=1
{"app":"AI_LEARNER","stage":"run","model":"b3_deepae","target":"aarch64-unknown-linux-gnu","attempted":18,"completed":18,"fail_input":0,"fail_invoke":0,"fail_output":0,"mean_us":12093.17,"max_us":27709.70,"last_us":12398.14,"out0":-34.90329,"out":[-34.903290,-19.268223,-10.719254,-6.073514,-3.169238,1.479501,-0.871328,-2.374014,-5.888675,-6.856013,-8.321491,-7.674998,-7.146251,-5.634534,-7.484629,-9.514545,-12.106692,-10.702136,-9.057628,-7.310637,-8.942656,-10.107818,-15.072726,-13.587442,-11.934404,-14.829638,-20.845142,-20.659678,-18.235455,-15.081455,-15.753881,-15.622186,-16.931751,-16.272202,-17.655043,-17.578808,-16.173872,-13.403781,-14.795506,-15.314590,-15.381740,-14.617736,-16.251841,-13.655582,-13.537686,-15.436557,-14.893420,-16.880266,-16.734
{"app":"AI_LEARNER","stage":"mem","model":"b3_deepae","target":"aarch64-unknown-linux-gnu","completed":18,"hal_peak":6208,"peak_within_bounded":true,"admitted_budget_bytes":1069632,"peak_within_admitted_budget":true,"admission_mode":"unconditional","hal_bytes_per_call_amortized":10680.9,"process_rss_kb":7100,"process_rss_delta_init_kb":540}
.EVS Port1 1980-012-14:07:34.71803 66/1/AI_LEARNER 4: AI_LEARNER completed=19/19 mean=12244.3us max=27709.7us hal_peak=6208 within_bounded=1
{"app":"AI_LEARNER","stage":"run","model":"b3_deepae","target":"aarch64-unknown-linux-gnu","attempted":19,"completed":19,"fail_input":0,"fail_invoke":0,"fail_output":0,"mean_us":12244.34,"max_us":27709.70,"last_us":14965.54,"out0":-34.90329,"out":[-34.903290,-19.268223,-10.719254,-6.073514,-3.169238,1.479501,-0.871328,-2.374014,-5.888675,-6.856013,-8.321491,-7.674998,-7.146251,-5.634534,-7.484629,-9.514545,-12.106692,-10.702136,-9.057628,-7.310637,-8.942656,-10.107818,-15.072726,-13.587442,-11.934404,-14.829638,-20.845142,-20.659678,-18.235455,-15.081455,-15.753881,-15.622186,-16.931751,-16.272202,-17.655043,-17.578808,-16.173872,-13.403781,-14.795506,-15.314590,-15.381740,-14.617736,-16.251841,-13.655582,-13.537686,-15.436557,-14.893420,-16.880266,-16.734
{"app":"AI_LEARNER","stage":"mem","model":"b3_deepae","target":"aarch64-unknown-linux-gnu","completed":19,"hal_peak":6208,"peak_within_bounded":true,"admitted_budget_bytes":1069632,"peak_within_admitted_budget":true,"admission_mode":"unconditional","hal_bytes_per_call_amortized":10310.7,"process_rss_kb":7100,"process_rss_delta_init_kb":540}
EVS Port1 1980-012-14:07:35.00393 66/1/CFE_TIME 21: Stop FLYWHEEL
EVS Port1 1980-012-14:07:35.99963 66/1/CFE_TIME 20: Start FLYWHEEL
.EVS Port1 1980-012-14:07:38.65605 66/1/AI_LEARNER 4: AI_LEARNER completed=20/20 mean=12026.9us max=27709.7us hal_peak=6208 within_bounded=1
{"app":"AI_LEARNER","stage":"run","model":"b3_deepae","target":"aarch64-unknown-linux-gnu","attempted":20,"completed":20,"fail_input":0,"fail_invoke":0,"fail_output":0,"mean_us":12026.86,"max_us":27709.70,"last_us":7894.67,"out0":-34.90329,"out":[-34.903290,-19.268223,-10.719254,-6.073514,-3.169238,1.479501,-0.871328,-2.374014,-5.888675,-6.856013,-8.321491,-7.674998,-7.146251,-5.634534,-7.484629,-9.514545,-12.106692,-10.702136,-9.057628,-7.310637,-8.942656,-10.107818,-15.072726,-13.587442,-11.934404,-14.829638,-20.845142,-20.659678,-18.235455,-15.081455,-15.753881,-15.622186,-16.931751,-16.272202,-17.655043,-17.578808,-16.173872,-13.403781,-14.795506,-15.314590,-15.381740,-14.617736,-16.251841,-13.655582,-13.537686,-15.436557,-14.893420,-16.880266,-16.7345
{"app":"AI_LEARNER","stage":"mem","model":"b3_deepae","target":"aarch64-unknown-linux-gnu","completed":20,"hal_peak":6208,"peak_within_bounded":true,"admitted_budget_bytes":1069632,"peak_within_admitted_budget":true,"admission_mode":"unconditional","hal_bytes_per_call_amortized":9977.6,"process_rss_kb":7100,"process_rss_delta_init_kb":540}
EVS Port1 1980-012-14:07:42.67724 66/1/AI_LEARNER 4: AI_LEARNER completed=21/21 mean=11939.7us max=27709.7us hal_peak=6208 within_bounded=1
{"app":"AI_LEARNER","stage":"run","model":"b3_deepae","target":"aarch64-unknown-linux-gnu","attempted":21,"completed":21,"fail_input":0,"fail_invoke":0,"fail_output":0,"mean_us":11939.75,"max_us":27709.70,"last_us":10197.50,"out0":-34.90329,"out":[-34.903290,-19.268223,-10.719254,-6.073514,-3.169238,1.479501,-0.871328,-2.374014,-5.888675,-6.856013,-8.321491,-7.674998,-7.146251,-5.634534,-7.484629,-9.514545,-12.106692,-10.702136,-9.057628,-7.310637,-8.942656,-10.107818,-15.072726,-13.587442,-11.934404,-14.829638,-20.845142,-20.659678,-18.235455,-15.081455,-15.753881,-15.622186,-16.931751,-16.272202,-17.655043,-17.578808,-16.173872,-13.403781,-14.795506,-15.314590,-15.381740,-14.617736,-16.251841,-13.655582,-13.537686,-15.436557,-14.893420,-16.880266,-16.734
{"app":"AI_LEARNER","stage":"mem","model":"b3_deepae","target":"aarch64-unknown-linux-gnu","completed":21,"hal_peak":6208,"peak_within_bounded":true,"admitted_budget_bytes":1069632,"peak_within_admitted_budget":true,"admission_mode":"unconditional","hal_bytes_per_call_amortized":9676.2,"process_rss_kb":7100,"process_rss_delta_init_kb":540}
.EVS Port1 1980-012-14:07:46.65745 66/1/AI_LEARNER 4: AI_LEARNER completed=22/22 mean=11986.8us max=27709.7us hal_peak=6208 within_bounded=1
{"app":"AI_LEARNER","stage":"run","model":"b3_deepae","target":"aarch64-unknown-linux-gnu","attempted":22,"completed":22,"fail_input":0,"fail_invoke":0,"fail_output":0,"mean_us":11986.81,"max_us":27709.70,"last_us":12975.22,"out0":-34.90329,"out":[-34.903290,-19.268223,-10.719254,-6.073514,-3.169238,1.479501,-0.871328,-2.374014,-5.888675,-6.856013,-8.321491,-7.674998,-7.146251,-5.634534,-7.484629,-9.514545,-12.106692,-10.702136,-9.057628,-7.310637,-8.942656,-10.107818,-15.072726,-13.587442,-11.934404,-14.829638,-20.845142,-20.659678,-18.235455,-15.081455,-15.753881,-15.622186,-16.931751,-16.272202,-17.655043,-17.578808,-16.173872,-13.403781,-14.795506,-15.314590,-15.381740,-14.617736,-16.251841,-13.655582,-13.537686,-15.436557,-14.893420,-16.880266,-16.734
{"app":"AI_LEARNER","stage":"mem","model":"b3_deepae","target":"aarch64-unknown-linux-gnu","completed":22,"hal_peak":6208,"peak_within_bounded":true,"admitted_budget_bytes":1069632,"peak_within_admitted_budget":true,"admission_mode":"unconditional","hal_bytes_per_call_amortized":9402.2,"process_rss_kb":7100,"process_rss_delta_init_kb":540}
.EVS Port1 1980-012-14:07:50.66088 66/1/AI_LEARNER 4: AI_LEARNER completed=23/23 mean=11987.5us max=27709.7us hal_peak=6208 within_bounded=1
{"app":"AI_LEARNER","stage":"run","model":"b3_deepae","target":"aarch64-unknown-linux-gnu","attempted":23,"completed":23,"fail_input":0,"fail_invoke":0,"fail_output":0,"mean_us":11987.48,"max_us":27709.70,"last_us":12002.19,"out0":-34.90329,"out":[-34.903290,-19.268223,-10.719254,-6.073514,-3.169238,1.479501,-0.871328,-2.374014,-5.888675,-6.856013,-8.321491,-7.674998,-7.146251,-5.634534,-7.484629,-9.514545,-12.106692,-10.702136,-9.057628,-7.310637,-8.942656,-10.107818,-15.072726,-13.587442,-11.934404,-14.829638,-20.845142,-20.659678,-18.235455,-15.081455,-15.753881,-15.622186,-16.931751,-16.272202,-17.655043,-17.578808,-16.173872,-13.403781,-14.795506,-15.314590,-15.381740,-14.617736,-16.251841,-13.655582,-13.537686,-15.436557,-14.893420,-16.880266,-16.734
{"app":"AI_LEARNER","stage":"mem","model":"b3_deepae","target":"aarch64-unknown-linux-gnu","completed":23,"hal_peak":6208,"peak_within_bounded":true,"admitted_budget_bytes":1069632,"peak_within_admitted_budget":true,"admission_mode":"unconditional","hal_bytes_per_call_amortized":9152.0,"process_rss_kb":7100,"process_rss_delta_init_kb":540}
EVS Port1 1980-012-14:07:54.65690 66/1/AI_LEARNER 4: AI_LEARNER completed=24/24 mean=11965.6us max=27709.7us hal_peak=6208 within_bounded=1
{"app":"AI_LEARNER","stage":"run","model":"b3_deepae","target":"aarch64-unknown-linux-gnu","attempted":24,"completed":24,"fail_input":0,"fail_invoke":0,"fail_output":0,"mean_us":11965.61,"max_us":27709.70,"last_us":11462.45,"out0":-34.90329,"out":[-34.903290,-19.268223,-10.719254,-6.073514,-3.169238,1.479501,-0.871328,-2.374014,-5.888675,-6.856013,-8.321491,-7.674998,-7.146251,-5.634534,-7.484629,-9.514545,-12.106692,-10.702136,-9.057628,-7.310637,-8.942656,-10.107818,-15.072726,-13.587442,-11.934404,-14.829638,-20.845142,-20.659678,-18.235455,-15.081455,-15.753881,-15.622186,-16.931751,-16.272202,-17.655043,-17.578808,-16.173872,-13.403781,-14.795506,-15.314590,-15.381740,-14.617736,-16.251841,-13.655582,-13.537686,-15.436557,-14.893420,-16.880266,-16.734
{"app":"AI_LEARNER","stage":"mem","model":"b3_deepae","target":"aarch64-unknown-linux-gnu","completed":24,"hal_peak":6208,"peak_within_bounded":true,"admitted_budget_bytes":1069632,"peak_within_admitted_budget":true,"admission_mode":"unconditional","hal_bytes_per_call_amortized":8922.7,"process_rss_kb":7100,"process_rss_delta_init_kb":540}
.EVS Port1 1980-012-14:07:58.66091 66/1/AI_LEARNER 4: AI_LEARNER completed=25/25 mean=11922.5us max=27709.7us hal_peak=6208 within_bounded=1
{"app":"AI_LEARNER","stage":"run","model":"b3_deepae","target":"aarch64-unknown-linux-gnu","attempted":25,"completed":25,"fail_input":0,"fail_invoke":0,"fail_output":0,"mean_us":11922.46,"max_us":27709.70,"last_us":10886.82,"out0":-34.90329,"out":[-34.903290,-19.268223,-10.719254,-6.073514,-3.169238,1.479501,-0.871328,-2.374014,-5.888675,-6.856013,-8.321491,-7.674998,-7.146251,-5.634534,-7.484629,-9.514545,-12.106692,-10.702136,-9.057628,-7.310637,-8.942656,-10.107818,-15.072726,-13.587442,-11.934404,-14.829638,-20.845142,-20.659678,-18.235455,-15.081455,-15.753881,-15.622186,-16.931751,-16.272202,-17.655043,-17.578808,-16.173872,-13.403781,-14.795506,-15.314590,-15.381740,-14.617736,-16.251841,-13.655582,-13.537686,-15.436557,-14.893420,-16.880266,-16.734
{"app":"AI_LEARNER","stage":"mem","model":"b3_deepae","target":"aarch64-unknown-linux-gnu","completed":25,"hal_peak":6208,"peak_within_bounded":true,"admitted_budget_bytes":1069632,"peak_within_admitted_budget":true,"admission_mode":"unconditional","hal_bytes_per_call_amortized":8711.7,"process_rss_kb":7100,"process_rss_delta_init_kb":540}
.EVS Port1 1980-012-14:08:02.66091 66/1/AI_LEARNER 4: AI_LEARNER completed=26/26 mean=11924.4us max=27709.7us hal_peak=6208 within_bounded=1
{"app":"AI_LEARNER","stage":"run","model":"b3_deepae","target":"aarch64-unknown-linux-gnu","attempted":26,"completed":26,"fail_input":0,"fail_invoke":0,"fail_output":0,"mean_us":11924.42,"max_us":27709.70,"last_us":11973.46,"out0":-34.90329,"out":[-34.903290,-19.268223,-10.719254,-6.073514,-3.169238,1.479501,-0.871328,-2.374014,-5.888675,-6.856013,-8.321491,-7.674998,-7.146251,-5.634534,-7.484629,-9.514545,-12.106692,-10.702136,-9.057628,-7.310637,-8.942656,-10.107818,-15.072726,-13.587442,-11.934404,-14.829638,-20.845142,-20.659678,-18.235455,-15.081455,-15.753881,-15.622186,-16.931751,-16.272202,-17.655043,-17.578808,-16.173872,-13.403781,-14.795506,-15.314590,-15.381740,-14.617736,-16.251841,-13.655582,-13.537686,-15.436557,-14.893420,-16.880266,-16.734
{"app":"AI_LEARNER","stage":"mem","model":"b3_deepae","target":"aarch64-unknown-linux-gnu","completed":26,"hal_peak":6208,"peak_within_bounded":true,"admitted_budget_bytes":1069632,"peak_within_admitted_budget":true,"admission_mode":"unconditional","hal_bytes_per_call_amortized":8516.9,"process_rss_kb":7100,"process_rss_delta_init_kb":540}
EVS Port1 1980-012-14:08:06.00431 66/1/CFE_TIME 21: Stop FLYWHEEL
EVS Port1 1980-012-14:08:06.66076 66/1/AI_LEARNER 4: AI_LEARNER completed=27/27 mean=11975.8us max=27709.7us hal_peak=6208 within_bounded=1
{"app":"AI_LEARNER","stage":"run","model":"b3_deepae","target":"aarch64-unknown-linux-gnu","attempted":27,"completed":27,"fail_input":0,"fail_invoke":0,"fail_output":0,"mean_us":11975.84,"max_us":27709.70,"last_us":13312.80,"out0":-34.90329,"out":[-34.903290,-19.268223,-10.719254,-6.073514,-3.169238,1.479501,-0.871328,-2.374014,-5.888675,-6.856013,-8.321491,-7.674998,-7.146251,-5.634534,-7.484629,-9.514545,-12.106692,-10.702136,-9.057628,-7.310637,-8.942656,-10.107818,-15.072726,-13.587442,-11.934404,-14.829638,-20.845142,-20.659678,-18.235455,-15.081455,-15.753881,-15.622186,-16.931751,-16.272202,-17.655043,-17.578808,-16.173872,-13.403781,-14.795506,-15.314590,-15.381740,-14.617736,-16.251841,-13.655582,-13.537686,-15.436557,-14.893420,-16.880266,-16.734
{"app":"AI_LEARNER","stage":"mem","model":"b3_deepae","target":"aarch64-unknown-linux-gnu","completed":27,"hal_peak":6208,"peak_within_bounded":true,"admitted_budget_bytes":1069632,"peak_within_admitted_budget":true,"admission_mode":"unconditional","hal_bytes_per_call_amortized":8336.6,"process_rss_kb":7100,"process_rss_delta_init_kb":540}
.EVS Port1 1980-012-14:08:06.99884 66/1/CFE_TIME 20: Start FLYWHEEL
EVS Port1 1980-012-14:08:10.67593 66/1/AI_LEARNER 4: AI_LEARNER completed=28/28 mean=11762.2us max=27709.7us hal_peak=6208 within_bounded=1
{"app":"AI_LEARNER","stage":"run","model":"b3_deepae","target":"aarch64-unknown-linux-gnu","attempted":28,"completed":28,"fail_input":0,"fail_invoke":0,"fail_output":0,"mean_us":11762.21,"max_us":27709.70,"last_us":5994.26,"out0":-34.90329,"out":[-34.903290,-19.268223,-10.719254,-6.073514,-3.169238,1.479501,-0.871328,-2.374014,-5.888675,-6.856013,-8.321491,-7.674998,-7.146251,-5.634534,-7.484629,-9.514545,-12.106692,-10.702136,-9.057628,-7.310637,-8.942656,-10.107818,-15.072726,-13.587442,-11.934404,-14.829638,-20.845142,-20.659678,-18.235455,-15.081455,-15.753881,-15.622186,-16.931751,-16.272202,-17.655043,-17.578808,-16.173872,-13.403781,-14.795506,-15.314590,-15.381740,-14.617736,-16.251841,-13.655582,-13.537686,-15.436557,-14.893420,-16.880266,-16.7345
{"app":"AI_LEARNER","stage":"mem","model":"b3_deepae","target":"aarch64-unknown-linux-gnu","completed":28,"hal_peak":6208,"peak_within_bounded":true,"admitted_budget_bytes":1069632,"peak_within_admitted_budget":true,"admission_mode":"unconditional","hal_bytes_per_call_amortized":8169.1,"process_rss_kb":7100,"process_rss_delta_init_kb":540}
.EVS Port1 1980-012-14:08:14.65516 66/1/AI_LEARNER 4: AI_LEARNER completed=29/29 mean=11631.8us max=27709.7us hal_peak=6208 within_bounded=1
{"app":"AI_LEARNER","stage":"run","model":"b3_deepae","target":"aarch64-unknown-linux-gnu","attempted":29,"completed":29,"fail_input":0,"fail_invoke":0,"fail_output":0,"mean_us":11631.78,"max_us":27709.70,"last_us":7979.70,"out0":-34.90329,"out":[-34.903290,-19.268223,-10.719254,-6.073514,-3.169238,1.479501,-0.871328,-2.374014,-5.888675,-6.856013,-8.321491,-7.674998,-7.146251,-5.634534,-7.484629,-9.514545,-12.106692,-10.702136,-9.057628,-7.310637,-8.942656,-10.107818,-15.072726,-13.587442,-11.934404,-14.829638,-20.845142,-20.659678,-18.235455,-15.081455,-15.753881,-15.622186,-16.931751,-16.272202,-17.655043,-17.578808,-16.173872,-13.403781,-14.795506,-15.314590,-15.381740,-14.617736,-16.251841,-13.655582,-13.537686,-15.436557,-14.893420,-16.880266,-16.7345
{"app":"AI_LEARNER","stage":"mem","model":"b3_deepae","target":"aarch64-unknown-linux-gnu","completed":29,"hal_peak":6208,"peak_within_bounded":true,"admitted_budget_bytes":1069632,"peak_within_admitted_budget":true,"admission_mode":"unconditional","hal_bytes_per_call_amortized":8013.2,"process_rss_kb":7100,"process_rss_delta_init_kb":540}
EVS Port1 1980-012-14:08:18.67869 66/1/AI_LEARNER 4: AI_LEARNER completed=30/30 mean=11511.6us max=27709.7us hal_peak=6208 within_bounded=1
{"app":"AI_LEARNER","stage":"run","model":"b3_deepae","target":"aarch64-unknown-linux-gnu","attempted":30,"completed":30,"fail_input":0,"fail_invoke":0,"fail_output":0,"mean_us":11511.59,"max_us":27709.70,"last_us":8026.00,"out0":-34.90329,"out":[-34.903290,-19.268223,-10.719254,-6.073514,-3.169238,1.479501,-0.871328,-2.374014,-5.888675,-6.856013,-8.321491,-7.674998,-7.146251,-5.634534,-7.484629,-9.514545,-12.106692,-10.702136,-9.057628,-7.310637,-8.942656,-10.107818,-15.072726,-13.587442,-11.934404,-14.829638,-20.845142,-20.659678,-18.235455,-15.081455,-15.753881,-15.622186,-16.931751,-16.272202,-17.655043,-17.578808,-16.173872,-13.403781,-14.795506,-15.314590,-15.381740,-14.617736,-16.251841,-13.655582,-13.537686,-15.436557,-14.893420,-16.880266,-16.7345
{"app":"AI_LEARNER","stage":"mem","model":"b3_deepae","target":"aarch64-unknown-linux-gnu","completed":30,"hal_peak":6208,"peak_within_bounded":true,"admitted_budget_bytes":1069632,"peak_within_admitted_budget":true,"admission_mode":"unconditional","hal_bytes_per_call_amortized":7867.7,"process_rss_kb":7100,"process_rss_delta_init_kb":540}
.{"app":"AI_LEARNER","stage":"run","model":"b3_deepae","target":"aarch64-unknown-linux-gnu","attempted":31,"completed":31,"fail_input":0,"fail_invoke":0,"fail_output":0,"mean_us":11526.41,"max_us":27709.70,"last_us":11971.14,"out0":-34.90329,"out":[-34.903290,-19.268223,-10.719254,-6.073514,-3.169238,1.479501,-0.871328,-2.374014,-5.888675,-6.856013,-8.321491,-7.674998,-7.146251,-5.634534,-7.484629,-9.514545,-12.106692,-10.702136,-9.057628,-7.310637,-8.942656,-10.107818,-15.072726,-13.587442,-11.934404,-14.829638,-20.845142,-20.659678,-18.235455,-15.081455,-15.753881,-15.622186,-16.931751,-16.272202,-17.655043,-17.578808,-16.173872,-13.403781,-14.795506,-15.314590,-15.381740,-14.617736,-16.251841,-13.655582,-13.537686,-15.436557,-14.893420,-16.880266,-16.734
EVS Port1 1980-012-14:08:22.66133 66/1/AI_LEARNER 4: AI_LEARNER completed=31/31 mean=11526.4us max=27709.7us hal_peak=6208 within_bounded=1
{"app":"AI_LEARNER","stage":"mem","model":"b3_deepae","target":"aarch64-unknown-linux-gnu","completed":31,"hal_peak":6208,"peak_within_bounded":true,"admitted_budget_bytes":1069632,"peak_within_admitted_budget":true,"admission_mode":"unconditional","hal_bytes_per_call_amortized":7731.6,"process_rss_kb":7100,"process_rss_delta_init_kb":540}
.EVS Port1 1980-012-14:08:26.65769 66/1/AI_LEARNER 4: AI_LEARNER completed=32/32 mean=11422.7us max=27709.7us hal_peak=6208 within_bounded=1
{"app":"AI_LEARNER","stage":"run","model":"b3_deepae","target":"aarch64-unknown-linux-gnu","attempted":32,"completed":32,"fail_input":0,"fail_invoke":0,"fail_output":0,"mean_us":11422.72,"max_us":27709.70,"last_us":8208.46,"out0":-34.90329,"out":[-34.903290,-19.268223,-10.719254,-6.073514,-3.169238,1.479501,-0.871328,-2.374014,-5.888675,-6.856013,-8.321491,-7.674998,-7.146251,-5.634534,-7.484629,-9.514545,-12.106692,-10.702136,-9.057628,-7.310637,-8.942656,-10.107818,-15.072726,-13.587442,-11.934404,-14.829638,-20.845142,-20.659678,-18.235455,-15.081455,-15.753881,-15.622186,-16.931751,-16.272202,-17.655043,-17.578808,-16.173872,-13.403781,-14.795506,-15.314590,-15.381740,-14.617736,-16.251841,-13.655582,-13.537686,-15.436557,-14.893420,-16.880266,-16.7345
{"app":"AI_LEARNER","stage":"mem","model":"b3_deepae","target":"aarch64-unknown-linux-gnu","completed":32,"hal_peak":6208,"peak_within_bounded":true,"admitted_budget_bytes":1069632,"peak_within_admitted_budget":true,"admission_mode":"unconditional","hal_bytes_per_call_amortized":7604.0,"process_rss_kb":7100,"process_rss_delta_init_kb":540}
EVS Port1 1980-012-14:08:30.65737 66/1/AI_LEARNER 4: AI_LEARNER completed=33/33 mean=11466.1us max=27709.7us hal_peak=6208 within_bounded=1
{"app":"AI_LEARNER","stage":"run","model":"b3_deepae","target":"aarch64-unknown-linux-gnu","attempted":33,"completed":33,"fail_input":0,"fail_invoke":0,"fail_output":0,"mean_us":11466.07,"max_us":27709.70,"last_us":12853.07,"out0":-34.90329,"out":[-34.903290,-19.268223,-10.719254,-6.073514,-3.169238,1.479501,-0.871328,-2.374014,-5.888675,-6.856013,-8.321491,-7.674998,-7.146251,-5.634534,-7.484629,-9.514545,-12.106692,-10.702136,-9.057628,-7.310637,-8.942656,-10.107818,-15.072726,-13.587442,-11.934404,-14.829638,-20.845142,-20.659678,-18.235455,-15.081455,-15.753881,-15.622186,-16.931751,-16.272202,-17.655043,-17.578808,-16.173872,-13.403781,-14.795506,-15.314590,-15.381740,-14.617736,-16.251841,-13.655582,-13.537686,-15.436557,-14.893420,-16.880266,-16.734
{"app":"AI_LEARNER","stage":"mem","model":"b3_deepae","target":"aarch64-unknown-linux-gnu","completed":33,"hal_peak":6208,"peak_within_bounded":true,"admitted_budget_bytes":1069632,"peak_within_admitted_budget":true,"admission_mode":"unconditional","hal_bytes_per_call_amortized":7484.1,"process_rss_kb":7100,"process_rss_delta_init_kb":540}
.{"app":"AI_LEARNER","stage":"run","model":"b3_deepae","target":"aarch64-unknown-linux-gnu","attempted":34,"completed":34,"fail_input":0,"fail_invoke":0,"fail_output":0,"mean_us":11465.95,"max_us":27709.70,"last_us":11461.95,"out0":-34.90329,"out":[-34.903290,-19.268223,-10.719254,-6.073514,-3.169238,1.479501,-0.871328,-2.374014,-5.888675,-6.856013,-8.321491,-7.674998,-7.146251,-5.634534,-7.484629,-9.514545,-12.106692,-10.702136,-9.057628,-7.310637,-8.942656,-10.107818,-15.072726,-13.587442,-11.934404,-14.829638,-20.845142,-20.659678,-18.235455,-15.081455,-15.753881,-15.622186,-16.931751,-16.272202,-17.655043,-17.578808,-16.173872,-13.403781,-14.795506,-15.314590,-15.381740,-14.617736,-16.251841,-13.655582,-13.537686,-15.436557,-14.893420,-16.880266,-16.734
EVS Port1 1980-012-14:08:34.76129 66/1/AI_LEARNER 4: AI_LEARNER completed=34/34 mean=11465.9us max=27709.7us hal_peak=6208 within_bounded=1
{"app":"AI_LEARNER","stage":"mem","model":"b3_deepae","target":"aarch64-unknown-linux-gnu","completed":34,"hal_peak":6208,"peak_within_bounded":true,"admitted_budget_bytes":1069632,"peak_within_admitted_budget":true,"admission_mode":"unconditional","hal_bytes_per_call_amortized":7371.3,"process_rss_kb":7100,"process_rss_delta_init_kb":540}
EVS Port1 1980-012-14:08:35.00338 66/1/CFE_TIME 21: Stop FLYWHEEL
EVS Port1 1980-012-14:08:35.99888 66/1/CFE_TIME 20: Start FLYWHEEL
.EVS Port1 1980-012-14:08:38.65803 66/1/AI_LEARNER 4: AI_LEARNER completed=35/35 mean=11390.4us max=27709.7us hal_peak=6208 within_bounded=1
{"app":"AI_LEARNER","stage":"run","model":"b3_deepae","target":"aarch64-unknown-linux-gnu","attempted":35,"completed":35,"fail_input":0,"fail_invoke":0,"fail_output":0,"mean_us":11390.40,"max_us":27709.70,"last_us":8821.76,"out0":-34.90329,"out":[-34.903290,-19.268223,-10.719254,-6.073514,-3.169238,1.479501,-0.871328,-2.374014,-5.888675,-6.856013,-8.321491,-7.674998,-7.146251,-5.634534,-7.484629,-9.514545,-12.106692,-10.702136,-9.057628,-7.310637,-8.942656,-10.107818,-15.072726,-13.587442,-11.934404,-14.829638,-20.845142,-20.659678,-18.235455,-15.081455,-15.753881,-15.622186,-16.931751,-16.272202,-17.655043,-17.578808,-16.173872,-13.403781,-14.795506,-15.314590,-15.381740,-14.617736,-16.251841,-13.655582,-13.537686,-15.436557,-14.893420,-16.880266,-16.7345
{"app":"AI_LEARNER","stage":"mem","model":"b3_deepae","target":"aarch64-unknown-linux-gnu","completed":35,"hal_peak":6208,"peak_within_bounded":true,"admitted_budget_bytes":1069632,"peak_within_admitted_budget":true,"admission_mode":"unconditional","hal_bytes_per_call_amortized":7264.9,"process_rss_kb":7100,"process_rss_delta_init_kb":540}
EVS Port1 1980-012-14:08:42.65985 66/1/AI_LEARNER 4: AI_LEARNER completed=36/36 mean=11428.3us max=27709.7us hal_peak=6208 within_bounded=1
{"app":"AI_LEARNER","stage":"run","model":"b3_deepae","target":"aarch64-unknown-linux-gnu","attempted":36,"completed":36,"fail_input":0,"fail_invoke":0,"fail_output":0,"mean_us":11428.31,"max_us":27709.70,"last_us":12755.18,"out0":-34.90329,"out":[-34.903290,-19.268223,-10.719254,-6.073514,-3.169238,1.479501,-0.871328,-2.374014,-5.888675,-6.856013,-8.321491,-7.674998,-7.146251,-5.634534,-7.484629,-9.514545,-12.106692,-10.702136,-9.057628,-7.310637,-8.942656,-10.107818,-15.072726,-13.587442,-11.934404,-14.829638,-20.845142,-20.659678,-18.235455,-15.081455,-15.753881,-15.622186,-16.931751,-16.272202,-17.655043,-17.578808,-16.173872,-13.403781,-14.795506,-15.314590,-15.381740,-14.617736,-16.251841,-13.655582,-13.537686,-15.436557,-14.893420,-16.880266,-16.734
{"app":"AI_LEARNER","stage":"mem","model":"b3_deepae","target":"aarch64-unknown-linux-gnu","completed":36,"hal_peak":6208,"peak_within_bounded":true,"admitted_budget_bytes":1069632,"peak_within_admitted_budget":true,"admission_mode":"unconditional","hal_bytes_per_call_amortized":7164.4,"process_rss_kb":7100,"process_rss_delta_init_kb":540}
.EVS Port1 1980-012-14:08:46.67715 66/1/AI_LEARNER 4: AI_LEARNER completed=37/37 mean=11394.9us max=27709.7us hal_peak=6208 within_bounded=1
{"app":"AI_LEARNER","stage":"run","model":"b3_deepae","target":"aarch64-unknown-linux-gnu","attempted":37,"completed":37,"fail_input":0,"fail_invoke":0,"fail_output":0,"mean_us":11394.87,"max_us":27709.70,"last_us":10191.07,"out0":-34.90329,"out":[-34.903290,-19.268223,-10.719254,-6.073514,-3.169238,1.479501,-0.871328,-2.374014,-5.888675,-6.856013,-8.321491,-7.674998,-7.146251,-5.634534,-7.484629,-9.514545,-12.106692,-10.702136,-9.057628,-7.310637,-8.942656,-10.107818,-15.072726,-13.587442,-11.934404,-14.829638,-20.845142,-20.659678,-18.235455,-15.081455,-15.753881,-15.622186,-16.931751,-16.272202,-17.655043,-17.578808,-16.173872,-13.403781,-14.795506,-15.314590,-15.381740,-14.617736,-16.251841,-13.655582,-13.537686,-15.436557,-14.893420,-16.880266,-16.734
{"app":"AI_LEARNER","stage":"mem","model":"b3_deepae","target":"aarch64-unknown-linux-gnu","completed":37,"hal_peak":6208,"peak_within_bounded":true,"admitted_budget_bytes":1069632,"peak_within_admitted_budget":true,"admission_mode":"unconditional","hal_bytes_per_call_amortized":7069.4,"process_rss_kb":7100,"process_rss_delta_init_kb":540}
.EVS Port1 1980-012-14:08:50.00329 66/1/CFE_TIME 21: Stop FLYWHEEL
EVS Port1 1980-012-14:08:50.65635 66/1/AI_LEARNER 4: AI_LEARNER completed=38/38 mean=11339.1us max=27709.7us hal_peak=6208 within_bounded=1
{"app":"AI_LEARNER","stage":"run","model":"b3_deepae","target":"aarch64-unknown-linux-gnu","attempted":38,"completed":38,"fail_input":0,"fail_invoke":0,"fail_output":0,"mean_us":11339.10,"max_us":27709.70,"last_us":9275.41,"out0":-34.90329,"out":[-34.903290,-19.268223,-10.719254,-6.073514,-3.169238,1.479501,-0.871328,-2.374014,-5.888675,-6.856013,-8.321491,-7.674998,-7.146251,-5.634534,-7.484629,-9.514545,-12.106692,-10.702136,-9.057628,-7.310637,-8.942656,-10.107818,-15.072726,-13.587442,-11.934404,-14.829638,-20.845142,-20.659678,-18.235455,-15.081455,-15.753881,-15.622186,-16.931751,-16.272202,-17.655043,-17.578808,-16.173872,-13.403781,-14.795506,-15.314590,-15.381740,-14.617736,-16.251841,-13.655582,-13.537686,-15.436557,-14.893420,-16.880266,-16.7345
{"app":"AI_LEARNER","stage":"mem","model":"b3_deepae","target":"aarch64-unknown-linux-gnu","completed":38,"hal_peak":6208,"peak_within_bounded":true,"admitted_budget_bytes":1069632,"peak_within_admitted_budget":true,"admission_mode":"unconditional","hal_bytes_per_call_amortized":6979.4,"process_rss_kb":7100,"process_rss_delta_init_kb":540}
EVS Port1 1980-012-14:08:50.99580 66/1/CFE_TIME 20: Start FLYWHEEL
EVS Port1 1980-012-14:08:54.65913 66/1/AI_LEARNER 4: AI_LEARNER completed=39/39 mean=11353.2us max=27709.7us hal_peak=6208 within_bounded=1
{"app":"AI_LEARNER","stage":"run","model":"b3_deepae","target":"aarch64-unknown-linux-gnu","attempted":39,"completed":39,"fail_input":0,"fail_invoke":0,"fail_output":0,"mean_us":11353.25,"max_us":27709.70,"last_us":11890.94,"out0":-34.90329,"out":[-34.903290,-19.268223,-10.719254,-6.073514,-3.169238,1.479501,-0.871328,-2.374014,-5.888675,-6.856013,-8.321491,-7.674998,-7.146251,-5.634534,-7.484629,-9.514545,-12.106692,-10.702136,-9.057628,-7.310637,-8.942656,-10.107818,-15.072726,-13.587442,-11.934404,-14.829638,-20.845142,-20.659678,-18.235455,-15.081455,-15.753881,-15.622186,-16.931751,-16.272202,-17.655043,-17.578808,-16.173872,-13.403781,-14.795506,-15.314590,-15.381740,-14.617736,-16.251841,-13.655582,-13.537686,-15.436557,-14.893420,-16.880266,-16.734
{"app":"AI_LEARNER","stage":"mem","model":"b3_deepae","target":"aarch64-unknown-linux-gnu","completed":39,"hal_peak":6208,"peak_within_bounded":true,"admitted_budget_bytes":1069632,"peak_within_admitted_budget":true,"admission_mode":"unconditional","hal_bytes_per_call_amortized":6893.9,"process_rss_kb":7100,"process_rss_delta_init_kb":540}
.EVS Port1 1980-012-14:08:58.66003 66/1/AI_LEARNER 4: AI_LEARNER completed=40/40 mean=11270.5us max=27709.7us hal_peak=6208 within_bounded=1
{"app":"AI_LEARNER","stage":"run","model":"b3_deepae","target":"aarch64-unknown-linux-gnu","attempted":40,"completed":40,"fail_input":0,"fail_invoke":0,"fail_output":0,"mean_us":11270.48,"max_us":27709.70,"last_us":8042.69,"out0":-34.90329,"out":[-34.903290,-19.268223,-10.719254,-6.073514,-3.169238,1.479501,-0.871328,-2.374014,-5.888675,-6.856013,-8.321491,-7.674998,-7.146251,-5.634534,-7.484629,-9.514545,-12.106692,-10.702136,-9.057628,-7.310637,-8.942656,-10.107818,-15.072726,-13.587442,-11.934404,-14.829638,-20.845142,-20.659678,-18.235455,-15.081455,-15.753881,-15.622186,-16.931751,-16.272202,-17.655043,-17.578808,-16.173872,-13.403781,-14.795506,-15.314590,-15.381740,-14.617736,-16.251841,-13.655582,-13.537686,-15.436557,-14.893420,-16.880266,-16.7345
{"app":"AI_LEARNER","stage":"mem","model":"b3_deepae","target":"aarch64-unknown-linux-gnu","completed":40,"hal_peak":6208,"peak_within_bounded":true,"admitted_budget_bytes":1069632,"peak_within_admitted_budget":true,"admission_mode":"unconditional","hal_bytes_per_call_amortized":6812.8,"process_rss_kb":7100,"process_rss_delta_init_kb":540}
.EVS Port1 1980-012-14:09:02.65597 66/1/AI_LEARNER 4: AI_LEARNER completed=41/41 mean=11191.4us max=27709.7us hal_peak=6208 within_bounded=1
{"app":"AI_LEARNER","stage":"run","model":"b3_deepae","target":"aarch64-unknown-linux-gnu","attempted":41,"completed":41,"fail_input":0,"fail_invoke":0,"fail_output":0,"mean_us":11191.37,"max_us":27709.70,"last_us":8026.99,"out0":-34.90329,"out":[-34.903290,-19.268223,-10.719254,-6.073514,-3.169238,1.479501,-0.871328,-2.374014,-5.888675,-6.856013,-8.321491,-7.674998,-7.146251,-5.634534,-7.484629,-9.514545,-12.106692,-10.702136,-9.057628,-7.310637,-8.942656,-10.107818,-15.072726,-13.587442,-11.934404,-14.829638,-20.845142,-20.659678,-18.235455,-15.081455,-15.753881,-15.622186,-16.931751,-16.272202,-17.655043,-17.578808,-16.173872,-13.403781,-14.795506,-15.314590,-15.381740,-14.617736,-16.251841,-13.655582,-13.537686,-15.436557,-14.893420,-16.880266,-16.7345
{"app":"AI_LEARNER","stage":"mem","model":"b3_deepae","target":"aarch64-unknown-linux-gnu","completed":41,"hal_peak":6208,"peak_within_bounded":true,"admitted_budget_bytes":1069632,"peak_within_admitted_budget":true,"admission_mode":"unconditional","hal_bytes_per_call_amortized":6735.6,"process_rss_kb":7100,"process_rss_delta_init_kb":540}
EVS Port1 1980-012-14:09:05.00439 66/1/CFE_TIME 21: Stop FLYWHEEL
EVS Port1 1980-012-14:09:05.99598 66/1/CFE_TIME 20: Start FLYWHEEL
.EVS Port1 1980-012-14:09:06.66059 66/1/AI_LEARNER 4: AI_LEARNER completed=42/42 mean=11213.4us max=27709.7us hal_peak=6208 within_bounded=1
{"app":"AI_LEARNER","stage":"run","model":"b3_deepae","target":"aarch64-unknown-linux-gnu","attempted":42,"completed":42,"fail_input":0,"fail_invoke":0,"fail_output":0,"mean_us":11213.42,"max_us":27709.70,"last_us":12117.57,"out0":-34.90329,"out":[-34.903290,-19.268223,-10.719254,-6.073514,-3.169238,1.479501,-0.871328,-2.374014,-5.888675,-6.856013,-8.321491,-7.674998,-7.146251,-5.634534,-7.484629,-9.514545,-12.106692,-10.702136,-9.057628,-7.310637,-8.942656,-10.107818,-15.072726,-13.587442,-11.934404,-14.829638,-20.845142,-20.659678,-18.235455,-15.081455,-15.753881,-15.622186,-16.931751,-16.272202,-17.655043,-17.578808,-16.173872,-13.403781,-14.795506,-15.314590,-15.381740,-14.617736,-16.251841,-13.655582,-13.537686,-15.436557,-14.893420,-16.880266,-16.734
{"app":"AI_LEARNER","stage":"mem","model":"b3_deepae","target":"aarch64-unknown-linux-gnu","completed":42,"hal_peak":6208,"peak_within_bounded":true,"admitted_budget_bytes":1069632,"peak_within_admitted_budget":true,"admission_mode":"unconditional","hal_bytes_per_call_amortized":6662.1,"process_rss_kb":7100,"process_rss_delta_init_kb":540}
EVS Port1 1980-012-14:09:09.00341 66/1/CFE_TIME 21: Stop FLYWHEEL
EVS Port1 1980-012-14:09:09.99900 66/1/CFE_TIME 20: Start FLYWHEEL
EVS Port1 1980-012-14:09:10.67449 66/1/AI_LEARNER 4: AI_LEARNER completed=43/43 mean=11440.5us max=27709.7us hal_peak=6208 within_bounded=1
{"app":"AI_LEARNER","stage":"run","model":"b3_deepae","target":"aarch64-unknown-linux-gnu","attempted":43,"completed":43,"fail_input":0,"fail_invoke":0,"fail_output":0,"mean_us":11440.53,"max_us":27709.70,"last_us":20978.90,"out0":-34.90329,"out":[-34.903290,-19.268223,-10.719254,-6.073514,-3.169238,1.479501,-0.871328,-2.374014,-5.888675,-6.856013,-8.321491,-7.674998,-7.146251,-5.634534,-7.484629,-9.514545,-12.106692,-10.702136,-9.057628,-7.310637,-8.942656,-10.107818,-15.072726,-13.587442,-11.934404,-14.829638,-20.845142,-20.659678,-18.235455,-15.081455,-15.753881,-15.622186,-16.931751,-16.272202,-17.655043,-17.578808,-16.173872,-13.403781,-14.795506,-15.314590,-15.381740,-14.617736,-16.251841,-13.655582,-13.537686,-15.436557,-14.893420,-16.880266,-16.734
{"app":"AI_LEARNER","stage":"mem","model":"b3_deepae","target":"aarch64-unknown-linux-gnu","completed":43,"hal_peak":6208,"peak_within_bounded":true,"admitted_budget_bytes":1069632,"peak_within_admitted_budget":true,"admission_mode":"unconditional","hal_bytes_per_call_amortized":6592.0,"process_rss_kb":7100,"process_rss_delta_init_kb":540}
.EVS Port1 1980-012-14:09:14.70399 66/1/AI_LEARNER 4: AI_LEARNER completed=44/44 mean=11625.8us max=27709.7us hal_peak=6208 within_bounded=1
{"app":"AI_LEARNER","stage":"run","model":"b3_deepae","target":"aarch64-unknown-linux-gnu","attempted":44,"completed":44,"fail_input":0,"fail_invoke":0,"fail_output":0,"mean_us":11625.85,"max_us":27709.70,"last_us":19594.66,"out0":-34.90329,"out":[-34.903290,-19.268223,-10.719254,-6.073514,-3.169238,1.479501,-0.871328,-2.374014,-5.888675,-6.856013,-8.321491,-7.674998,-7.146251,-5.634534,-7.484629,-9.514545,-12.106692,-10.702136,-9.057628,-7.310637,-8.942656,-10.107818,-15.072726,-13.587442,-11.934404,-14.829638,-20.845142,-20.659678,-18.235455,-15.081455,-15.753881,-15.622186,-16.931751,-16.272202,-17.655043,-17.578808,-16.173872,-13.403781,-14.795506,-15.314590,-15.381740,-14.617736,-16.251841,-13.655582,-13.537686,-15.436557,-14.893420,-16.880266,-16.734
{"app":"AI_LEARNER","stage":"mem","model":"b3_deepae","target":"aarch64-unknown-linux-gnu","completed":44,"hal_peak":6208,"peak_within_bounded":true,"admitted_budget_bytes":1069632,"peak_within_admitted_budget":true,"admission_mode":"unconditional","hal_bytes_per_call_amortized":6525.1,"process_rss_kb":7100,"process_rss_delta_init_kb":540}
.EVS Port1 1980-012-14:09:18.66706 66/1/AI_LEARNER 4: AI_LEARNER completed=45/45 mean=11719.4us max=27709.7us hal_peak=6208 within_bounded=1
{"app":"AI_LEARNER","stage":"run","model":"b3_deepae","target":"aarch64-unknown-linux-gnu","attempted":45,"completed":45,"fail_input":0,"fail_invoke":0,"fail_output":0,"mean_us":11719.35,"max_us":27709.70,"last_us":15833.47,"out0":-34.90329,"out":[-34.903290,-19.268223,-10.719254,-6.073514,-3.169238,1.479501,-0.871328,-2.374014,-5.888675,-6.856013,-8.321491,-7.674998,-7.146251,-5.634534,-7.484629,-9.514545,-12.106692,-10.702136,-9.057628,-7.310637,-8.942656,-10.107818,-15.072726,-13.587442,-11.934404,-14.829638,-20.845142,-20.659678,-18.235455,-15.081455,-15.753881,-15.622186,-16.931751,-16.272202,-17.655043,-17.578808,-16.173872,-13.403781,-14.795506,-15.314590,-15.381740,-14.617736,-16.251841,-13.655582,-13.537686,-15.436557,-14.893420,-16.880266,-16.734
{"app":"AI_LEARNER","stage":"mem","model":"b3_deepae","target":"aarch64-unknown-linux-gnu","completed":45,"hal_peak":6208,"peak_within_bounded":true,"admitted_budget_bytes":1069632,"peak_within_admitted_budget":true,"admission_mode":"unconditional","hal_bytes_per_call_amortized":6461.2,"process_rss_kb":7100,"process_rss_delta_init_kb":540}
EVS Port1 1980-012-14:09:22.65797 66/1/AI_LEARNER 4: AI_LEARNER completed=46/46 mean=11730.8us max=27709.7us hal_peak=6208 within_bounded=1
{"app":"AI_LEARNER","stage":"run","model":"b3_deepae","target":"aarch64-unknown-linux-gnu","attempted":46,"completed":46,"fail_input":0,"fail_invoke":0,"fail_output":0,"mean_us":11730.79,"max_us":27709.70,"last_us":12245.52,"out0":-34.90329,"out":[-34.903290,-19.268223,-10.719254,-6.073514,-3.169238,1.479501,-0.871328,-2.374014,-5.888675,-6.856013,-8.321491,-7.674998,-7.146251,-5.634534,-7.484629,-9.514545,-12.106692,-10.702136,-9.057628,-7.310637,-8.942656,-10.107818,-15.072726,-13.587442,-11.934404,-14.829638,-20.845142,-20.659678,-18.235455,-15.081455,-15.753881,-15.622186,-16.931751,-16.272202,-17.655043,-17.578808,-16.173872,-13.403781,-14.795506,-15.314590,-15.381740,-14.617736,-16.251841,-13.655582,-13.537686,-15.436557,-14.893420,-16.880266,-16.734
{"app":"AI_LEARNER","stage":"mem","model":"b3_deepae","target":"aarch64-unknown-linux-gnu","completed":46,"hal_peak":6208,"peak_within_bounded":true,"admitted_budget_bytes":1069632,"peak_within_admitted_budget":true,"admission_mode":"unconditional","hal_bytes_per_call_amortized":6400.0,"process_rss_kb":7100,"process_rss_delta_init_kb":540}
.EVS Port1 1980-012-14:09:26.66058 66/1/AI_LEARNER 4: AI_LEARNER completed=47/47 mean=11737.7us max=27709.7us hal_peak=6208 within_bounded=1
{"app":"AI_LEARNER","stage":"run","model":"b3_deepae","target":"aarch64-unknown-linux-gnu","attempted":47,"completed":47,"fail_input":0,"fail_invoke":0,"fail_output":0,"mean_us":11737.74,"max_us":27709.70,"last_us":12057.44,"out0":-34.90329,"out":[-34.903290,-19.268223,-10.719254,-6.073514,-3.169238,1.479501,-0.871328,-2.374014,-5.888675,-6.856013,-8.321491,-7.674998,-7.146251,-5.634534,-7.484629,-9.514545,-12.106692,-10.702136,-9.057628,-7.310637,-8.942656,-10.107818,-15.072726,-13.587442,-11.934404,-14.829638,-20.845142,-20.659678,-18.235455,-15.081455,-15.753881,-15.622186,-16.931751,-16.272202,-17.655043,-17.578808,-16.173872,-13.403781,-14.795506,-15.314590,-15.381740,-14.617736,-16.251841,-13.655582,-13.537686,-15.436557,-14.893420,-16.880266,-16.734
{"app":"AI_LEARNER","stage":"mem","model":"b3_deepae","target":"aarch64-unknown-linux-gnu","completed":47,"hal_peak":6208,"peak_within_bounded":true,"admitted_budget_bytes":1069632,"peak_within_admitted_budget":true,"admission_mode":"unconditional","hal_bytes_per_call_amortized":6341.4,"process_rss_kb":7100,"process_rss_delta_init_kb":540}
.EVS Port1 1980-012-14:09:30.66261 66/1/AI_LEARNER 4: AI_LEARNER completed=48/48 mean=11659.7us max=27709.7us hal_peak=6208 within_bounded=1
{"app":"AI_LEARNER","stage":"run","model":"b3_deepae","target":"aarch64-unknown-linux-gnu","attempted":48,"completed":48,"fail_input":0,"fail_invoke":0,"fail_output":0,"mean_us":11659.73,"max_us":27709.70,"last_us":7993.06,"out0":-34.90329,"out":[-34.903290,-19.268223,-10.719254,-6.073514,-3.169238,1.479501,-0.871328,-2.374014,-5.888675,-6.856013,-8.321491,-7.674998,-7.146251,-5.634534,-7.484629,-9.514545,-12.106692,-10.702136,-9.057628,-7.310637,-8.942656,-10.107818,-15.072726,-13.587442,-11.934404,-14.829638,-20.845142,-20.659678,-18.235455,-15.081455,-15.753881,-15.622186,-16.931751,-16.272202,-17.655043,-17.578808,-16.173872,-13.403781,-14.795506,-15.314590,-15.381740,-14.617736,-16.251841,-13.655582,-13.537686,-15.436557,-14.893420,-16.880266,-16.7345
{"app":"AI_LEARNER","stage":"mem","model":"b3_deepae","target":"aarch64-unknown-linux-gnu","completed":48,"hal_peak":6208,"peak_within_bounded":true,"admitted_budget_bytes":1069632,"peak_within_admitted_budget":true,"admission_mode":"unconditional","hal_bytes_per_call_amortized":6285.3,"process_rss_kb":7100,"process_rss_delta_init_kb":540}
EVS Port1 1980-012-14:09:34.73097 66/1/AI_LEARNER 4: AI_LEARNER completed=49/49 mean=11635.5us max=27709.7us hal_peak=6208 within_bounded=1
{"app":"AI_LEARNER","stage":"run","model":"b3_deepae","target":"aarch64-unknown-linux-gnu","attempted":49,"completed":49,"fail_input":0,"fail_invoke":0,"fail_output":0,"mean_us":11635.54,"max_us":27709.70,"last_us":10474.54,"out0":-34.90329,"out":[-34.903290,-19.268223,-10.719254,-6.073514,-3.169238,1.479501,-0.871328,-2.374014,-5.888675,-6.856013,-8.321491,-7.674998,-7.146251,-5.634534,-7.484629,-9.514545,-12.106692,-10.702136,-9.057628,-7.310637,-8.942656,-10.107818,-15.072726,-13.587442,-11.934404,-14.829638,-20.845142,-20.659678,-18.235455,-15.081455,-15.753881,-15.622186,-16.931751,-16.272202,-17.655043,-17.578808,-16.173872,-13.403781,-14.795506,-15.314590,-15.381740,-14.617736,-16.251841,-13.655582,-13.537686,-15.436557,-14.893420,-16.880266,-16.734
{"app":"AI_LEARNER","stage":"mem","model":"b3_deepae","target":"aarch64-unknown-linux-gnu","completed":49,"hal_peak":6208,"peak_within_bounded":true,"admitted_budget_bytes":1069632,"peak_within_admitted_budget":true,"admission_mode":"unconditional","hal_bytes_per_call_amortized":6231.5,"process_rss_kb":7100,"process_rss_delta_init_kb":540}
EVS Port1 1980-012-14:09:35.00344 66/1/CFE_TIME 21: Stop FLYWHEEL
EVS Port1 1980-012-14:09:35.99789 66/1/CFE_TIME 20: Start FLYWHEEL
.EVS Port1 1980-012-14:09:38.65827 66/1/AI_LEARNER 4: AI_LEARNER completed=50/50 mean=11640.5us max=27709.7us hal_peak=6208 within_bounded=1
{"app":"AI_LEARNER","stage":"run","model":"b3_deepae","target":"aarch64-unknown-linux-gnu","attempted":50,"completed":50,"fail_input":0,"fail_invoke":0,"fail_output":0,"mean_us":11640.53,"max_us":27709.70,"last_us":11885.07,"out0":-34.90329,"out":[-34.903290,-19.268223,-10.719254,-6.073514,-3.169238,1.479501,-0.871328,-2.374014,-5.888675,-6.856013,-8.321491,-7.674998,-7.146251,-5.634534,-7.484629,-9.514545,-12.106692,-10.702136,-9.057628,-7.310637,-8.942656,-10.107818,-15.072726,-13.587442,-11.934404,-14.829638,-20.845142,-20.659678,-18.235455,-15.081455,-15.753881,-15.622186,-16.931751,-16.272202,-17.655043,-17.578808,-16.173872,-13.403781,-14.795506,-15.314590,-15.381740,-14.617736,-16.251841,-13.655582,-13.537686,-15.436557,-14.893420,-16.880266,-16.734
{"app":"AI_LEARNER","stage":"mem","model":"b3_deepae","target":"aarch64-unknown-linux-gnu","completed":50,"hal_peak":6208,"peak_within_bounded":true,"admitted_budget_bytes":1069632,"peak_within_admitted_budget":true,"admission_mode":"unconditional","hal_bytes_per_call_amortized":6179.8,"process_rss_kb":7100,"process_rss_delta_init_kb":540}
.EVS Port1 1980-012-14:09:42.66828 66/1/AI_LEARNER 4: AI_LEARNER completed=51/51 mean=11761.3us max=27709.7us hal_peak=6208 within_bounded=1
{"app":"AI_LEARNER","stage":"run","model":"b3_deepae","target":"aarch64-unknown-linux-gnu","attempted":51,"completed":51,"fail_input":0,"fail_invoke":0,"fail_output":0,"mean_us":11761.32,"max_us":27709.70,"last_us":17801.09,"out0":-34.90329,"out":[-34.903290,-19.268223,-10.719254,-6.073514,-3.169238,1.479501,-0.871328,-2.374014,-5.888675,-6.856013,-8.321491,-7.674998,-7.146251,-5.634534,-7.484629,-9.514545,-12.106692,-10.702136,-9.057628,-7.310637,-8.942656,-10.107818,-15.072726,-13.587442,-11.934404,-14.829638,-20.845142,-20.659678,-18.235455,-15.081455,-15.753881,-15.622186,-16.931751,-16.272202,-17.655043,-17.578808,-16.173872,-13.403781,-14.795506,-15.314590,-15.381740,-14.617736,-16.251841,-13.655582,-13.537686,-15.436557,-14.893420,-16.880266,-16.734
{"app":"AI_LEARNER","stage":"mem","model":"b3_deepae","target":"aarch64-unknown-linux-gnu","completed":51,"hal_peak":6208,"peak_within_bounded":true,"admitted_budget_bytes":1069632,"peak_within_admitted_budget":true,"admission_mode":"unconditional","hal_bytes_per_call_amortized":6130.2,"process_rss_kb":7100,"process_rss_delta_init_kb":540}
EVS Port1 1980-012-14:09:46.66854 66/1/AI_LEARNER 4: AI_LEARNER completed=52/52 mean=11901.3us max=27709.7us hal_peak=6208 within_bounded=1
{"app":"AI_LEARNER","stage":"run","model":"b3_deepae","target":"aarch64-unknown-linux-gnu","attempted":52,"completed":52,"fail_input":0,"fail_invoke":0,"fail_output":0,"mean_us":11901.26,"max_us":27709.70,"last_us":19037.95,"out0":-34.90329,"out":[-34.903290,-19.268223,-10.719254,-6.073514,-3.169238,1.479501,-0.871328,-2.374014,-5.888675,-6.856013,-8.321491,-7.674998,-7.146251,-5.634534,-7.484629,-9.514545,-12.106692,-10.702136,-9.057628,-7.310637,-8.942656,-10.107818,-15.072726,-13.587442,-11.934404,-14.829638,-20.845142,-20.659678,-18.235455,-15.081455,-15.753881,-15.622186,-16.931751,-16.272202,-17.655043,-17.578808,-16.173872,-13.403781,-14.795506,-15.314590,-15.381740,-14.617736,-16.251841,-13.655582,-13.537686,-15.436557,-14.893420,-16.880266,-16.734
{"app":"AI_LEARNER","stage":"mem","model":"b3_deepae","target":"aarch64-unknown-linux-gnu","completed":52,"hal_peak":6208,"peak_within_bounded":true,"admitted_budget_bytes":1069632,"peak_within_admitted_budget":true,"admission_mode":"unconditional","hal_bytes_per_call_amortized":6082.5,"process_rss_kb":7100,"process_rss_delta_init_kb":540}
.{"app":"AI_LEARNER","stage":"run","model":"b3_deepae","target":"aarch64-unknown-linux-gnu","attempted":53,"completed":53,"fail_input":0,"fail_invoke":0,"fail_output":0,"mean_us":11830.49,"max_us":27709.70,"last_us":8150.24,"out0":-34.90329,"out":[-34.903290,-19.268223,-10.719254,-6.073514,-3.169238,1.479501,-0.871328,-2.374014,-5.888675,-6.856013,-8.321491,-7.674998,-7.146251,-5.634534,-7.484629,-9.514545,-12.106692,-10.702136,-9.057628,-7.310637,-8.942656,-10.107818,-15.072726,-13.587442,-11.934404,-14.829638,-20.845142,-20.659678,-18.235455,-15.081455,-15.753881,-15.622186,-16.931751,-16.272202,-17.655043,-17.578808,-16.173872,-13.403781,-14.795506,-15.314590,-15.381740,-14.617736,-16.251841,-13.655582,-13.537686,-15.436557,-14.893420,-16.880266,-16.7345
EVS Port1 1980-012-14:09:50.66534 66/1/AI_LEARNER 4: AI_LEARNER completed=53/53 mean=11830.5us max=27709.7us hal_peak=6208 within_bounded=1
{"app":"AI_LEARNER","stage":"mem","model":"b3_deepae","target":"aarch64-unknown-linux-gnu","completed":53,"hal_peak":6208,"peak_within_bounded":true,"admitted_budget_bytes":1069632,"peak_within_admitted_budget":true,"admission_mode":"unconditional","hal_bytes_per_call_amortized":6036.5,"process_rss_kb":7100,"process_rss_delta_init_kb":540}
.EVS Port1 1980-012-14:09:54.66244 66/1/AI_LEARNER 4: AI_LEARNER completed=54/54 mean=11760.1us max=27709.7us hal_peak=6208 within_bounded=1
{"app":"AI_LEARNER","stage":"run","model":"b3_deepae","target":"aarch64-unknown-linux-gnu","attempted":54,"completed":54,"fail_input":0,"fail_invoke":0,"fail_output":0,"mean_us":11760.06,"max_us":27709.70,"last_us":8027.57,"out0":-34.90329,"out":[-34.903290,-19.268223,-10.719254,-6.073514,-3.169238,1.479501,-0.871328,-2.374014,-5.888675,-6.856013,-8.321491,-7.674998,-7.146251,-5.634534,-7.484629,-9.514545,-12.106692,-10.702136,-9.057628,-7.310637,-8.942656,-10.107818,-15.072726,-13.587442,-11.934404,-14.829638,-20.845142,-20.659678,-18.235455,-15.081455,-15.753881,-15.622186,-16.931751,-16.272202,-17.655043,-17.578808,-16.173872,-13.403781,-14.795506,-15.314590,-15.381740,-14.617736,-16.251841,-13.655582,-13.537686,-15.436557,-14.893420,-16.880266,-16.7345
{"app":"AI_LEARNER","stage":"mem","model":"b3_deepae","target":"aarch64-unknown-linux-gnu","completed":54,"hal_peak":6208,"peak_within_bounded":true,"admitted_budget_bytes":1069632,"peak_within_admitted_budget":true,"admission_mode":"unconditional","hal_bytes_per_call_amortized":5992.3,"process_rss_kb":7100,"process_rss_delta_init_kb":540}
EVS Port1 1980-012-14:09:58.65956 66/1/AI_LEARNER 4: AI_LEARNER completed=55/55 mean=11683.0us max=27709.7us hal_peak=6208 within_bounded=1
{"app":"AI_LEARNER","stage":"run","model":"b3_deepae","target":"aarch64-unknown-linux-gnu","attempted":55,"completed":55,"fail_input":0,"fail_invoke":0,"fail_output":0,"mean_us":11683.04,"max_us":27709.70,"last_us":7523.87,"out0":-34.90329,"out":[-34.903290,-19.268223,-10.719254,-6.073514,-3.169238,1.479501,-0.871328,-2.374014,-5.888675,-6.856013,-8.321491,-7.674998,-7.146251,-5.634534,-7.484629,-9.514545,-12.106692,-10.702136,-9.057628,-7.310637,-8.942656,-10.107818,-15.072726,-13.587442,-11.934404,-14.829638,-20.845142,-20.659678,-18.235455,-15.081455,-15.753881,-15.622186,-16.931751,-16.272202,-17.655043,-17.578808,-16.173872,-13.403781,-14.795506,-15.314590,-15.381740,-14.617736,-16.251841,-13.655582,-13.537686,-15.436557,-14.893420,-16.880266,-16.7345
{"app":"AI_LEARNER","stage":"mem","model":"b3_deepae","target":"aarch64-unknown-linux-gnu","completed":55,"hal_peak":6208,"peak_within_bounded":true,"admitted_budget_bytes":1069632,"peak_within_admitted_budget":true,"admission_mode":"unconditional","hal_bytes_per_call_amortized":5949.7,"process_rss_kb":7100,"process_rss_delta_init_kb":540}
.EVS Port1 1980-012-14:10:02.68251 66/1/AI_LEARNER 4: AI_LEARNER completed=56/56 mean=11955.8us max=27709.7us hal_peak=6208 within_bounded=1
{"app":"AI_LEARNER","stage":"run","model":"b3_deepae","target":"aarch64-unknown-linux-gnu","attempted":56,"completed":56,"fail_input":0,"fail_invoke":0,"fail_output":0,"mean_us":11955.85,"max_us":27709.70,"last_us":26960.21,"out0":-34.90329,"out":[-34.903290,-19.268223,-10.719254,-6.073514,-3.169238,1.479501,-0.871328,-2.374014,-5.888675,-6.856013,-8.321491,-7.674998,-7.146251,-5.634534,-7.484629,-9.514545,-12.106692,-10.702136,-9.057628,-7.310637,-8.942656,-10.107818,-15.072726,-13.587442,-11.934404,-14.829638,-20.845142,-20.659678,-18.235455,-15.081455,-15.753881,-15.622186,-16.931751,-16.272202,-17.655043,-17.578808,-16.173872,-13.403781,-14.795506,-15.314590,-15.381740,-14.617736,-16.251841,-13.655582,-13.537686,-15.436557,-14.893420,-16.880266,-16.734
{"app":"AI_LEARNER","stage":"mem","model":"b3_deepae","target":"aarch64-unknown-linux-gnu","completed":56,"hal_peak":6208,"peak_within_bounded":true,"admitted_budget_bytes":1069632,"peak_within_admitted_budget":true,"admission_mode":"unconditional","hal_bytes_per_call_amortized":5908.6,"process_rss_kb":7100,"process_rss_delta_init_kb":540}
EVS Port1 1980-012-14:10:05.00286 66/1/CFE_TIME 21: Stop FLYWHEEL
EVS Port1 1980-012-14:10:05.99891 66/1/CFE_TIME 20: Start FLYWHEEL
.{"app":"AI_LEARNER","stage":"run","model":"b3_deepae","target":"aarch64-unknown-linux-gnu","attempted":57,"completed":57,"fail_input":0,"fail_invoke":0,"fail_output":0,"mean_us":11904.42,"max_us":27709.70,"last_us":9024.46,"out0":-34.90329,"out":[-34.903290,-19.268223,-10.719254,-6.073514,-3.169238,1.479501,-0.871328,-2.374014,-5.888675,-6.856013,-8.321491,-7.674998,-7.146251,-5.634534,-7.484629,-9.514545,-12.106692,-10.702136,-9.057628,-7.310637,-8.942656,-10.107818,-15.072726,-13.587442,-11.934404,-14.829638,-20.845142,-20.659678,-18.235455,-15.081455,-15.753881,-15.622186,-16.931751,-16.272202,-17.655043,-17.578808,-16.173872,-13.403781,-14.795506,-15.314590,-15.381740,-14.617736,-16.251841,-13.655582,-13.537686,-15.436557,-14.893420,-16.880266,-16.7345
EVS Port1 1980-012-14:10:06.66784 66/1/AI_LEARNER 4: AI_LEARNER completed=57/57 mean=11904.4us max=27709.7us hal_peak=6208 within_bounded=1
{"app":"AI_LEARNER","stage":"mem","model":"b3_deepae","target":"aarch64-unknown-linux-gnu","completed":57,"hal_peak":6208,"peak_within_bounded":true,"admitted_budget_bytes":1069632,"peak_within_admitted_budget":true,"admission_mode":"unconditional","hal_bytes_per_call_amortized":5868.9,"process_rss_kb":7100,"process_rss_delta_init_kb":540}
EVS Port1 1980-012-14:10:10.66085 66/1/AI_LEARNER 4: AI_LEARNER completed=58/58 mean=11899.6us max=27709.7us hal_peak=6208 within_bounded=1
{"app":"AI_LEARNER","stage":"run","model":"b3_deepae","target":"aarch64-unknown-linux-gnu","attempted":58,"completed":58,"fail_input":0,"fail_invoke":0,"fail_output":0,"mean_us":11899.60,"max_us":27709.70,"last_us":11625.17,"out0":-34.90329,"out":[-34.903290,-19.268223,-10.719254,-6.073514,-3.169238,1.479501,-0.871328,-2.374014,-5.888675,-6.856013,-8.321491,-7.674998,-7.146251,-5.634534,-7.484629,-9.514545,-12.106692,-10.702136,-9.057628,-7.310637,-8.942656,-10.107818,-15.072726,-13.587442,-11.934404,-14.829638,-20.845142,-20.659678,-18.235455,-15.081455,-15.753881,-15.622186,-16.931751,-16.272202,-17.655043,-17.578808,-16.173872,-13.403781,-14.795506,-15.314590,-15.381740,-14.617736,-16.251841,-13.655582,-13.537686,-15.436557,-14.893420,-16.880266,-16.734
{"app":"AI_LEARNER","stage":"mem","model":"b3_deepae","target":"aarch64-unknown-linux-gnu","completed":58,"hal_peak":6208,"peak_within_bounded":true,"admitted_budget_bytes":1069632,"peak_within_admitted_budget":true,"admission_mode":"unconditional","hal_bytes_per_call_amortized":5830.6,"process_rss_kb":7100,"process_rss_delta_init_kb":540}
.EVS Port1 1980-012-14:10:14.66104 66/1/AI_LEARNER 4: AI_LEARNER completed=59/59 mean=11925.4us max=27709.7us hal_peak=6208 within_bounded=1
{"app":"AI_LEARNER","stage":"run","model":"b3_deepae","target":"aarch64-unknown-linux-gnu","attempted":59,"completed":59,"fail_input":0,"fail_invoke":0,"fail_output":0,"mean_us":11925.39,"max_us":27709.70,"last_us":13420.88,"out0":-34.90329,"out":[-34.903290,-19.268223,-10.719254,-6.073514,-3.169238,1.479501,-0.871328,-2.374014,-5.888675,-6.856013,-8.321491,-7.674998,-7.146251,-5.634534,-7.484629,-9.514545,-12.106692,-10.702136,-9.057628,-7.310637,-8.942656,-10.107818,-15.072726,-13.587442,-11.934404,-14.829638,-20.845142,-20.659678,-18.235455,-15.081455,-15.753881,-15.622186,-16.931751,-16.272202,-17.655043,-17.578808,-16.173872,-13.403781,-14.795506,-15.314590,-15.381740,-14.617736,-16.251841,-13.655582,-13.537686,-15.436557,-14.893420,-16.880266,-16.734
{"app":"AI_LEARNER","stage":"mem","model":"b3_deepae","target":"aarch64-unknown-linux-gnu","completed":59,"hal_peak":6208,"peak_within_bounded":true,"admitted_budget_bytes":1069632,"peak_within_admitted_budget":true,"admission_mode":"unconditional","hal_bytes_per_call_amortized":5793.6,"process_rss_kb":7100,"process_rss_delta_init_kb":540}
.EVS Port1 1980-012-14:10:18.69181 66/1/AI_LEARNER 4: AI_LEARNER completed=60/60 mean=12194.7us max=28086.5us hal_peak=6208 within_bounded=1
{"app":"AI_LEARNER","stage":"run","model":"b3_deepae","target":"aarch64-unknown-linux-gnu","attempted":60,"completed":60,"fail_input":0,"fail_invoke":0,"fail_output":0,"mean_us":12194.74,"max_us":28086.46,"last_us":28086.46,"out0":-34.90329,"out":[-34.903290,-19.268223,-10.719254,-6.073514,-3.169238,1.479501,-0.871328,-2.374014,-5.888675,-6.856013,-8.321491,-7.674998,-7.146251,-5.634534,-7.484629,-9.514545,-12.106692,-10.702136,-9.057628,-7.310637,-8.942656,-10.107818,-15.072726,-13.587442,-11.934404,-14.829638,-20.845142,-20.659678,-18.235455,-15.081455,-15.753881,-15.622186,-16.931751,-16.272202,-17.655043,-17.578808,-16.173872,-13.403781,-14.795506,-15.314590,-15.381740,-14.617736,-16.251841,-13.655582,-13.537686,-15.436557,-14.893420,-16.880266,-16.734
{"app":"AI_LEARNER","stage":"mem","model":"b3_deepae","target":"aarch64-unknown-linux-gnu","completed":60,"hal_peak":6208,"peak_within_bounded":true,"admitted_budget_bytes":1069632,"peak_within_admitted_budget":true,"admission_mode":"unconditional","hal_bytes_per_call_amortized":5757.9,"process_rss_kb":7100,"process_rss_delta_init_kb":540}
EVS Port1 1980-012-14:10:22.66000 66/1/AI_LEARNER 4: AI_LEARNER completed=61/61 mean=12122.9us max=28086.5us hal_peak=6208 within_bounded=1
{"app":"AI_LEARNER","stage":"run","model":"b3_deepae","target":"aarch64-unknown-linux-gnu","attempted":61,"completed":61,"fail_input":0,"fail_invoke":0,"fail_output":0,"mean_us":12122.93,"max_us":28086.46,"last_us":7814.29,"out0":-34.90329,"out":[-34.903290,-19.268223,-10.719254,-6.073514,-3.169238,1.479501,-0.871328,-2.374014,-5.888675,-6.856013,-8.321491,-7.674998,-7.146251,-5.634534,-7.484629,-9.514545,-12.106692,-10.702136,-9.057628,-7.310637,-8.942656,-10.107818,-15.072726,-13.587442,-11.934404,-14.829638,-20.845142,-20.659678,-18.235455,-15.081455,-15.753881,-15.622186,-16.931751,-16.272202,-17.655043,-17.578808,-16.173872,-13.403781,-14.795506,-15.314590,-15.381740,-14.617736,-16.251841,-13.655582,-13.537686,-15.436557,-14.893420,-16.880266,-16.7345
{"app":"AI_LEARNER","stage":"mem","model":"b3_deepae","target":"aarch64-unknown-linux-gnu","completed":61,"hal_peak":6208,"peak_within_bounded":true,"admitted_budget_bytes":1069632,"peak_within_admitted_budget":true,"admission_mode":"unconditional","hal_bytes_per_call_amortized":5723.3,"process_rss_kb":7100,"process_rss_delta_init_kb":540}
.EVS Port1 1980-012-14:10:26.66372 66/1/AI_LEARNER 4: AI_LEARNER completed=62/62 mean=12152.3us max=28086.5us hal_peak=6208 within_bounded=1
{"app":"AI_LEARNER","stage":"run","model":"b3_deepae","target":"aarch64-unknown-linux-gnu","attempted":62,"completed":62,"fail_input":0,"fail_invoke":0,"fail_output":0,"mean_us":12152.34,"max_us":28086.46,"last_us":13946.13,"out0":-34.90329,"out":[-34.903290,-19.268223,-10.719254,-6.073514,-3.169238,1.479501,-0.871328,-2.374014,-5.888675,-6.856013,-8.321491,-7.674998,-7.146251,-5.634534,-7.484629,-9.514545,-12.106692,-10.702136,-9.057628,-7.310637,-8.942656,-10.107818,-15.072726,-13.587442,-11.934404,-14.829638,-20.845142,-20.659678,-18.235455,-15.081455,-15.753881,-15.622186,-16.931751,-16.272202,-17.655043,-17.578808,-16.173872,-13.403781,-14.795506,-15.314590,-15.381740,-14.617736,-16.251841,-13.655582,-13.537686,-15.436557,-14.893420,-16.880266,-16.734
{"app":"AI_LEARNER","stage":"mem","model":"b3_deepae","target":"aarch64-unknown-linux-gnu","completed":62,"hal_peak":6208,"peak_within_bounded":true,"admitted_budget_bytes":1069632,"peak_within_admitted_budget":true,"admission_mode":"unconditional","hal_bytes_per_call_amortized":5689.8,"process_rss_kb":7100,"process_rss_delta_init_kb":540}
.EVS Port1 1980-012-14:10:30.66372 66/1/AI_LEARNER 4: AI_LEARNER completed=63/63 mean=12194.9us max=28086.5us hal_peak=6208 within_bounded=1
{"app":"AI_LEARNER","stage":"run","model":"b3_deepae","target":"aarch64-unknown-linux-gnu","attempted":63,"completed":63,"fail_input":0,"fail_invoke":0,"fail_output":0,"mean_us":12194.89,"max_us":28086.46,"last_us":14833.18,"out0":-34.90329,"out":[-34.903290,-19.268223,-10.719254,-6.073514,-3.169238,1.479501,-0.871328,-2.374014,-5.888675,-6.856013,-8.321491,-7.674998,-7.146251,-5.634534,-7.484629,-9.514545,-12.106692,-10.702136,-9.057628,-7.310637,-8.942656,-10.107818,-15.072726,-13.587442,-11.934404,-14.829638,-20.845142,-20.659678,-18.235455,-15.081455,-15.753881,-15.622186,-16.931751,-16.272202,-17.655043,-17.578808,-16.173872,-13.403781,-14.795506,-15.314590,-15.381740,-14.617736,-16.251841,-13.655582,-13.537686,-15.436557,-14.893420,-16.880266,-16.734
{"app":"AI_LEARNER","stage":"mem","model":"b3_deepae","target":"aarch64-unknown-linux-gnu","completed":63,"hal_peak":6208,"peak_within_bounded":true,"admitted_budget_bytes":1069632,"peak_within_admitted_budget":true,"admission_mode":"unconditional","hal_bytes_per_call_amortized":5657.4,"process_rss_kb":7100,"process_rss_delta_init_kb":540}
EVS Port1 1980-012-14:10:34.75239 66/1/AI_LEARNER 4: AI_LEARNER completed=64/64 mean=12203.2us max=28086.5us hal_peak=6208 within_bounded=1
{"app":"AI_LEARNER","stage":"run","model":"b3_deepae","target":"aarch64-unknown-linux-gnu","attempted":64,"completed":64,"fail_input":0,"fail_invoke":0,"fail_output":0,"mean_us":12203.20,"max_us":28086.46,"last_us":12727.01,"out0":-34.90329,"out":[-34.903290,-19.268223,-10.719254,-6.073514,-3.169238,1.479501,-0.871328,-2.374014,-5.888675,-6.856013,-8.321491,-7.674998,-7.146251,-5.634534,-7.484629,-9.514545,-12.106692,-10.702136,-9.057628,-7.310637,-8.942656,-10.107818,-15.072726,-13.587442,-11.934404,-14.829638,-20.845142,-20.659678,-18.235455,-15.081455,-15.753881,-15.622186,-16.931751,-16.272202,-17.655043,-17.578808,-16.173872,-13.403781,-14.795506,-15.314590,-15.381740,-14.617736,-16.251841,-13.655582,-13.537686,-15.436557,-14.893420,-16.880266,-16.734
{"app":"AI_LEARNER","stage":"mem","model":"b3_deepae","target":"aarch64-unknown-linux-gnu","completed":64,"hal_peak":6208,"peak_within_bounded":true,"admitted_budget_bytes":1069632,"peak_within_admitted_budget":true,"admission_mode":"unconditional","hal_bytes_per_call_amortized":5626.0,"process_rss_kb":7100,"process_rss_delta_init_kb":540}
EVS Port1 1980-012-14:10:35.00395 66/1/CFE_TIME 21: Stop FLYWHEEL
EVS Port1 1980-012-14:10:35.99946 66/1/CFE_TIME 20: Start FLYWHEEL
.EVS Port1 1980-012-14:10:38.66104 66/1/AI_LEARNER 4: AI_LEARNER completed=65/65 mean=12195.2us max=28086.5us hal_peak=6208 within_bounded=1
{"app":"AI_LEARNER","stage":"run","model":"b3_deepae","target":"aarch64-unknown-linux-gnu","attempted":65,"completed":65,"fail_input":0,"fail_invoke":0,"fail_output":0,"mean_us":12195.25,"max_us":28086.46,"last_us":11686.10,"out0":-34.90329,"out":[-34.903290,-19.268223,-10.719254,-6.073514,-3.169238,1.479501,-0.871328,-2.374014,-5.888675,-6.856013,-8.321491,-7.674998,-7.146251,-5.634534,-7.484629,-9.514545,-12.106692,-10.702136,-9.057628,-7.310637,-8.942656,-10.107818,-15.072726,-13.587442,-11.934404,-14.829638,-20.845142,-20.659678,-18.235455,-15.081455,-15.753881,-15.622186,-16.931751,-16.272202,-17.655043,-17.578808,-16.173872,-13.403781,-14.795506,-15.314590,-15.381740,-14.617736,-16.251841,-13.655582,-13.537686,-15.436557,-14.893420,-16.880266,-16.734
{"app":"AI_LEARNER","stage":"mem","model":"b3_deepae","target":"aarch64-unknown-linux-gnu","completed":65,"hal_peak":6208,"peak_within_bounded":true,"admitted_budget_bytes":1069632,"peak_within_admitted_budget":true,"admission_mode":"unconditional","hal_bytes_per_call_amortized":5595.6,"process_rss_kb":7100,"process_rss_delta_init_kb":540}
.EVS Port1 1980-012-14:10:42.66052 66/1/AI_LEARNER 4: AI_LEARNER completed=66/66 mean=12193.3us max=28086.5us hal_peak=6208 within_bounded=1
{"app":"AI_LEARNER","stage":"run","model":"b3_deepae","target":"aarch64-unknown-linux-gnu","attempted":66,"completed":66,"fail_input":0,"fail_invoke":0,"fail_output":0,"mean_us":12193.29,"max_us":28086.46,"last_us":12066.03,"out0":-34.90329,"out":[-34.903290,-19.268223,-10.719254,-6.073514,-3.169238,1.479501,-0.871328,-2.374014,-5.888675,-6.856013,-8.321491,-7.674998,-7.146251,-5.634534,-7.484629,-9.514545,-12.106692,-10.702136,-9.057628,-7.310637,-8.942656,-10.107818,-15.072726,-13.587442,-11.934404,-14.829638,-20.845142,-20.659678,-18.235455,-15.081455,-15.753881,-15.622186,-16.931751,-16.272202,-17.655043,-17.578808,-16.173872,-13.403781,-14.795506,-15.314590,-15.381740,-14.617736,-16.251841,-13.655582,-13.537686,-15.436557,-14.893420,-16.880266,-16.734
{"app":"AI_LEARNER","stage":"mem","model":"b3_deepae","target":"aarch64-unknown-linux-gnu","completed":66,"hal_peak":6208,"peak_within_bounded":true,"admitted_budget_bytes":1069632,"peak_within_admitted_budget":true,"admission_mode":"unconditional","hal_bytes_per_call_amortized":5566.1,"process_rss_kb":7100,"process_rss_delta_init_kb":540}
{"app":"AI_LEARNER","stage":"run","model":"b3_deepae","target":"aarch64-unknown-linux-gnu","attempted":67,"completed":67,"fail_input":0,"fail_invoke":0,"fail_output":0,"mean_us":12183.46,"max_us":28086.46,"last_us":11534.83,"out0":-34.90329,"out":[-34.903290,-19.268223,-10.719254,-6.073514,-3.169238,1.479501,-0.871328,-2.374014,-5.888675,-6.856013,-8.321491,-7.674998,-7.146251,-5.634534,-7.484629,-9.514545,-12.106692,-10.702136,-9.057628,-7.310637,-8.942656,-10.107818,-15.072726,-13.587442,-11.934404,-14.829638,-20.845142,-20.659678,-18.235455,-15.081455,-15.753881,-15.622186,-16.931751,-16.272202,-17.655043,-17.578808,-16.173872,-13.403781,-14.795506,-15.314590,-15.381740,-14.617736,-16.251841,-13.655582,-13.537686,-15.436557,-14.893420,-16.880266,-16.734
EVS Port1 1980-012-14:10:46.66102 66/1/AI_LEARNER 4: AI_LEARNER completed=67/67 mean=12183.5us max=28086.5us hal_peak=6208 within_bounded=1
{"app":"AI_LEARNER","stage":"mem","model":"b3_deepae","target":"aarch64-unknown-linux-gnu","completed":67,"hal_peak":6208,"peak_within_bounded":true,"admitted_budget_bytes":1069632,"peak_within_admitted_budget":true,"admission_mode":"unconditional","hal_bytes_per_call_amortized":5537.4,"process_rss_kb":7100,"process_rss_delta_init_kb":540}
.EVS Port1 1980-012-14:10:50.67861 66/1/AI_LEARNER 4: AI_LEARNER completed=68/68 mean=12112.7us max=28086.5us hal_peak=6208 within_bounded=1
{"app":"AI_LEARNER","stage":"run","model":"b3_deepae","target":"aarch64-unknown-linux-gnu","attempted":68,"completed":68,"fail_input":0,"fail_invoke":0,"fail_output":0,"mean_us":12112.73,"max_us":28086.46,"last_us":7373.81,"out0":-34.90329,"out":[-34.903290,-19.268223,-10.719254,-6.073514,-3.169238,1.479501,-0.871328,-2.374014,-5.888675,-6.856013,-8.321491,-7.674998,-7.146251,-5.634534,-7.484629,-9.514545,-12.106692,-10.702136,-9.057628,-7.310637,-8.942656,-10.107818,-15.072726,-13.587442,-11.934404,-14.829638,-20.845142,-20.659678,-18.235455,-15.081455,-15.753881,-15.622186,-16.931751,-16.272202,-17.655043,-17.578808,-16.173872,-13.403781,-14.795506,-15.314590,-15.381740,-14.617736,-16.251841,-13.655582,-13.537686,-15.436557,-14.893420,-16.880266,-16.7345
{"app":"AI_LEARNER","stage":"mem","model":"b3_deepae","target":"aarch64-unknown-linux-gnu","completed":68,"hal_peak":6208,"peak_within_bounded":true,"admitted_budget_bytes":1069632,"peak_within_admitted_budget":true,"admission_mode":"unconditional","hal_bytes_per_call_amortized":5509.6,"process_rss_kb":7100,"process_rss_delta_init_kb":540}
.EVS Port1 1980-012-14:10:54.67129 66/1/AI_LEARNER 4: AI_LEARNER completed=69/69 mean=12125.4us max=28086.5us hal_peak=6208 within_bounded=1
{"app":"AI_LEARNER","stage":"run","model":"b3_deepae","target":"aarch64-unknown-linux-gnu","attempted":69,"completed":69,"fail_input":0,"fail_invoke":0,"fail_output":0,"mean_us":12125.38,"max_us":28086.46,"last_us":12985.68,"out0":-34.90329,"out":[-34.903290,-19.268223,-10.719254,-6.073514,-3.169238,1.479501,-0.871328,-2.374014,-5.888675,-6.856013,-8.321491,-7.674998,-7.146251,-5.634534,-7.484629,-9.514545,-12.106692,-10.702136,-9.057628,-7.310637,-8.942656,-10.107818,-15.072726,-13.587442,-11.934404,-14.829638,-20.845142,-20.659678,-18.235455,-15.081455,-15.753881,-15.622186,-16.931751,-16.272202,-17.655043,-17.578808,-16.173872,-13.403781,-14.795506,-15.314590,-15.381740,-14.617736,-16.251841,-13.655582,-13.537686,-15.436557,-14.893420,-16.880266,-16.734
{"app":"AI_LEARNER","stage":"mem","model":"b3_deepae","target":"aarch64-unknown-linux-gnu","completed":69,"hal_peak":6208,"peak_within_bounded":true,"admitted_budget_bytes":1069632,"peak_within_admitted_budget":true,"admission_mode":"unconditional","hal_bytes_per_call_amortized":5482.7,"process_rss_kb":7100,"process_rss_delta_init_kb":540}
EVS Port1 1980-012-14:10:58.66891 66/1/AI_LEARNER 4: AI_LEARNER completed=70/70 mean=12248.1us max=28086.5us hal_peak=6208 within_bounded=1
{"app":"AI_LEARNER","stage":"run","model":"b3_deepae","target":"aarch64-unknown-linux-gnu","attempted":70,"completed":70,"fail_input":0,"fail_invoke":0,"fail_output":0,"mean_us":12248.09,"max_us":28086.46,"last_us":20714.83,"out0":-34.90329,"out":[-34.903290,-19.268223,-10.719254,-6.073514,-3.169238,1.479501,-0.871328,-2.374014,-5.888675,-6.856013,-8.321491,-7.674998,-7.146251,-5.634534,-7.484629,-9.514545,-12.106692,-10.702136,-9.057628,-7.310637,-8.942656,-10.107818,-15.072726,-13.587442,-11.934404,-14.829638,-20.845142,-20.659678,-18.235455,-15.081455,-15.753881,-15.622186,-16.931751,-16.272202,-17.655043,-17.578808,-16.173872,-13.403781,-14.795506,-15.314590,-15.381740,-14.617736,-16.251841,-13.655582,-13.537686,-15.436557,-14.893420,-16.880266,-16.734
{"app":"AI_LEARNER","stage":"mem","model":"b3_deepae","target":"aarch64-unknown-linux-gnu","completed":70,"hal_peak":6208,"peak_within_bounded":true,"admitted_budget_bytes":1069632,"peak_within_admitted_budget":true,"admission_mode":"unconditional","hal_bytes_per_call_amortized":5456.5,"process_rss_kb":7100,"process_rss_delta_init_kb":540}
.EVS Port1 1980-012-14:11:02.66038 66/1/AI_LEARNER 4: AI_LEARNER completed=71/71 mean=12183.7us max=28086.5us hal_peak=6208 within_bounded=1
{"app":"AI_LEARNER","stage":"run","model":"b3_deepae","target":"aarch64-unknown-linux-gnu","attempted":71,"completed":71,"fail_input":0,"fail_invoke":0,"fail_output":0,"mean_us":12183.74,"max_us":28086.46,"last_us":7679.47,"out0":-34.90329,"out":[-34.903290,-19.268223,-10.719254,-6.073514,-3.169238,1.479501,-0.871328,-2.374014,-5.888675,-6.856013,-8.321491,-7.674998,-7.146251,-5.634534,-7.484629,-9.514545,-12.106692,-10.702136,-9.057628,-7.310637,-8.942656,-10.107818,-15.072726,-13.587442,-11.934404,-14.829638,-20.845142,-20.659678,-18.235455,-15.081455,-15.753881,-15.622186,-16.931751,-16.272202,-17.655043,-17.578808,-16.173872,-13.403781,-14.795506,-15.314590,-15.381740,-14.617736,-16.251841,-13.655582,-13.537686,-15.436557,-14.893420,-16.880266,-16.7345
{"app":"AI_LEARNER","stage":"mem","model":"b3_deepae","target":"aarch64-unknown-linux-gnu","completed":71,"hal_peak":6208,"peak_within_bounded":true,"admitted_budget_bytes":1069632,"peak_within_admitted_budget":true,"admission_mode":"unconditional","hal_bytes_per_call_amortized":5431.0,"process_rss_kb":7100,"process_rss_delta_init_kb":540}
EVS Port1 1980-012-14:11:05.00433 66/1/CFE_TIME 21: Stop FLYWHEEL
EVS Port1 1980-012-14:11:05.99842 66/1/CFE_TIME 20: Start FLYWHEEL
.EVS Port1 1980-012-14:11:06.66075 66/1/AI_LEARNER 4: AI_LEARNER completed=72/72 mean=12175.9us max=28086.5us hal_peak=6208 within_bounded=1
{"app":"AI_LEARNER","stage":"run","model":"b3_deepae","target":"aarch64-unknown-linux-gnu","attempted":72,"completed":72,"fail_input":0,"fail_invoke":0,"fail_output":0,"mean_us":12175.92,"max_us":28086.46,"last_us":11620.64,"out0":-34.90329,"out":[-34.903290,-19.268223,-10.719254,-6.073514,-3.169238,1.479501,-0.871328,-2.374014,-5.888675,-6.856013,-8.321491,-7.674998,-7.146251,-5.634534,-7.484629,-9.514545,-12.106692,-10.702136,-9.057628,-7.310637,-8.942656,-10.107818,-15.072726,-13.587442,-11.934404,-14.829638,-20.845142,-20.659678,-18.235455,-15.081455,-15.753881,-15.622186,-16.931751,-16.272202,-17.655043,-17.578808,-16.173872,-13.403781,-14.795506,-15.314590,-15.381740,-14.617736,-16.251841,-13.655582,-13.537686,-15.436557,-14.893420,-16.880266,-16.734
{"app":"AI_LEARNER","stage":"mem","model":"b3_deepae","target":"aarch64-unknown-linux-gnu","completed":72,"hal_peak":6208,"peak_within_bounded":true,"admitted_budget_bytes":1069632,"peak_within_admitted_budget":true,"admission_mode":"unconditional","hal_bytes_per_call_amortized":5406.2,"process_rss_kb":7100,"process_rss_delta_init_kb":540}
EVS Port1 1980-012-14:11:10.65905 66/1/AI_LEARNER 4: AI_LEARNER completed=73/73 mean=12109.7us max=28086.5us hal_peak=6208 within_bounded=1
{"app":"AI_LEARNER","stage":"run","model":"b3_deepae","target":"aarch64-unknown-linux-gnu","attempted":73,"completed":73,"fail_input":0,"fail_invoke":0,"fail_output":0,"mean_us":12109.67,"max_us":28086.46,"last_us":7339.76,"out0":-34.90329,"out":[-34.903290,-19.268223,-10.719254,-6.073514,-3.169238,1.479501,-0.871328,-2.374014,-5.888675,-6.856013,-8.321491,-7.674998,-7.146251,-5.634534,-7.484629,-9.514545,-12.106692,-10.702136,-9.057628,-7.310637,-8.942656,-10.107818,-15.072726,-13.587442,-11.934404,-14.829638,-20.845142,-20.659678,-18.235455,-15.081455,-15.753881,-15.622186,-16.931751,-16.272202,-17.655043,-17.578808,-16.173872,-13.403781,-14.795506,-15.314590,-15.381740,-14.617736,-16.251841,-13.655582,-13.537686,-15.436557,-14.893420,-16.880266,-16.7345
{"app":"AI_LEARNER","stage":"mem","model":"b3_deepae","target":"aarch64-unknown-linux-gnu","completed":73,"hal_peak":6208,"peak_within_bounded":true,"admitted_budget_bytes":1069632,"peak_within_admitted_budget":true,"admission_mode":"unconditional","hal_bytes_per_call_amortized":5382.1,"process_rss_kb":7100,"process_rss_delta_init_kb":540}
.EVS Port1 1980-012-14:11:14.66674 66/1/AI_LEARNER 4: AI_LEARNER completed=74/74 mean=12154.8us max=28086.5us hal_peak=6208 within_bounded=1
{"app":"AI_LEARNER","stage":"run","model":"b3_deepae","target":"aarch64-unknown-linux-gnu","attempted":74,"completed":74,"fail_input":0,"fail_invoke":0,"fail_output":0,"mean_us":12154.77,"max_us":28086.46,"last_us":15446.75,"out0":-34.90329,"out":[-34.903290,-19.268223,-10.719254,-6.073514,-3.169238,1.479501,-0.871328,-2.374014,-5.888675,-6.856013,-8.321491,-7.674998,-7.146251,-5.634534,-7.484629,-9.514545,-12.106692,-10.702136,-9.057628,-7.310637,-8.942656,-10.107818,-15.072726,-13.587442,-11.934404,-14.829638,-20.845142,-20.659678,-18.235455,-15.081455,-15.753881,-15.622186,-16.931751,-16.272202,-17.655043,-17.578808,-16.173872,-13.403781,-14.795506,-15.314590,-15.381740,-14.617736,-16.251841,-13.655582,-13.537686,-15.436557,-14.893420,-16.880266,-16.734
{"app":"AI_LEARNER","stage":"mem","model":"b3_deepae","target":"aarch64-unknown-linux-gnu","completed":74,"hal_peak":6208,"peak_within_bounded":true,"admitted_budget_bytes":1069632,"peak_within_admitted_budget":true,"admission_mode":"unconditional","hal_bytes_per_call_amortized":5358.7,"process_rss_kb":7100,"process_rss_delta_init_kb":540}
.EVS Port1 1980-012-14:11:18.66308 66/1/AI_LEARNER 4: AI_LEARNER completed=75/75 mean=12177.6us max=28086.5us hal_peak=6208 within_bounded=1
{"app":"AI_LEARNER","stage":"run","model":"b3_deepae","target":"aarch64-unknown-linux-gnu","attempted":75,"completed":75,"fail_input":0,"fail_invoke":0,"fail_output":0,"mean_us":12177.60,"max_us":28086.46,"last_us":13866.83,"out0":-34.90329,"out":[-34.903290,-19.268223,-10.719254,-6.073514,-3.169238,1.479501,-0.871328,-2.374014,-5.888675,-6.856013,-8.321491,-7.674998,-7.146251,-5.634534,-7.484629,-9.514545,-12.106692,-10.702136,-9.057628,-7.310637,-8.942656,-10.107818,-15.072726,-13.587442,-11.934404,-14.829638,-20.845142,-20.659678,-18.235455,-15.081455,-15.753881,-15.622186,-16.931751,-16.272202,-17.655043,-17.578808,-16.173872,-13.403781,-14.795506,-15.314590,-15.381740,-14.617736,-16.251841,-13.655582,-13.537686,-15.436557,-14.893420,-16.880266,-16.734
{"app":"AI_LEARNER","stage":"mem","model":"b3_deepae","target":"aarch64-unknown-linux-gnu","completed":75,"hal_peak":6208,"peak_within_bounded":true,"admitted_budget_bytes":1069632,"peak_within_admitted_budget":true,"admission_mode":"unconditional","hal_bytes_per_call_amortized":5335.9,"process_rss_kb":7100,"process_rss_delta_init_kb":540}
EVS Port1 1980-012-14:11:22.65811 66/1/AI_LEARNER 4: AI_LEARNER completed=76/76 mean=12180.8us max=28086.5us hal_peak=6208 within_bounded=1
{"app":"AI_LEARNER","stage":"run","model":"b3_deepae","target":"aarch64-unknown-linux-gnu","attempted":76,"completed":76,"fail_input":0,"fail_invoke":0,"fail_output":0,"mean_us":12180.78,"max_us":28086.46,"last_us":12419.33,"out0":-34.90329,"out":[-34.903290,-19.268223,-10.719254,-6.073514,-3.169238,1.479501,-0.871328,-2.374014,-5.888675,-6.856013,-8.321491,-7.674998,-7.146251,-5.634534,-7.484629,-9.514545,-12.106692,-10.702136,-9.057628,-7.310637,-8.942656,-10.107818,-15.072726,-13.587442,-11.934404,-14.829638,-20.845142,-20.659678,-18.235455,-15.081455,-15.753881,-15.622186,-16.931751,-16.272202,-17.655043,-17.578808,-16.173872,-13.403781,-14.795506,-15.314590,-15.381740,-14.617736,-16.251841,-13.655582,-13.537686,-15.436557,-14.893420,-16.880266,-16.734
{"app":"AI_LEARNER","stage":"mem","model":"b3_deepae","target":"aarch64-unknown-linux-gnu","completed":76,"hal_peak":6208,"peak_within_bounded":true,"admitted_budget_bytes":1069632,"peak_within_admitted_budget":true,"admission_mode":"unconditional","hal_bytes_per_call_amortized":5313.7,"process_rss_kb":7100,"process_rss_delta_init_kb":540}
.{"app":"AI_LEARNER","stage":"run","model":"b3_deepae","target":"aarch64-unknown-linux-gnu","attempted":77,"completed":77,"fail_input":0,"fail_invoke":0,"fail_output":0,"mean_us":12127.85,"max_us":28086.46,"last_us":8105.18,"out0":-34.90329,"out":[-34.903290,-19.268223,-10.719254,-6.073514,-3.169238,1.479501,-0.871328,-2.374014,-5.888675,-6.856013,-8.321491,-7.674998,-7.146251,-5.634534,-7.484629,-9.514545,-12.106692,-10.702136,-9.057628,-7.310637,-8.942656,-10.107818,-15.072726,-13.587442,-11.934404,-14.829638,-20.845142,-20.659678,-18.235455,-15.081455,-15.753881,-15.622186,-16.931751,-16.272202,-17.655043,-17.578808,-16.173872,-13.403781,-14.795506,-15.314590,-15.381740,-14.617736,-16.251841,-13.655582,-13.537686,-15.436557,-14.893420,-16.880266,-16.7345
EVS Port1 1980-012-14:11:26.66189 66/1/AI_LEARNER 4: AI_LEARNER completed=77/77 mean=12127.8us max=28086.5us hal_peak=6208 within_bounded=1
{"app":"AI_LEARNER","stage":"mem","model":"b3_deepae","target":"aarch64-unknown-linux-gnu","completed":77,"hal_peak":6208,"peak_within_bounded":true,"admitted_budget_bytes":1069632,"peak_within_admitted_budget":true,"admission_mode":"unconditional","hal_bytes_per_call_amortized":5292.1,"process_rss_kb":7100,"process_rss_delta_init_kb":540}
.EVS Port1 1980-012-14:11:30.67619 66/1/AI_LEARNER 4: AI_LEARNER completed=78/78 mean=12101.5us max=28086.5us hal_peak=6208 within_bounded=1
{"app":"AI_LEARNER","stage":"run","model":"b3_deepae","target":"aarch64-unknown-linux-gnu","attempted":78,"completed":78,"fail_input":0,"fail_invoke":0,"fail_output":0,"mean_us":12101.52,"max_us":28086.46,"last_us":10074.32,"out0":-34.90329,"out":[-34.903290,-19.268223,-10.719254,-6.073514,-3.169238,1.479501,-0.871328,-2.374014,-5.888675,-6.856013,-8.321491,-7.674998,-7.146251,-5.634534,-7.484629,-9.514545,-12.106692,-10.702136,-9.057628,-7.310637,-8.942656,-10.107818,-15.072726,-13.587442,-11.934404,-14.829638,-20.845142,-20.659678,-18.235455,-15.081455,-15.753881,-15.622186,-16.931751,-16.272202,-17.655043,-17.578808,-16.173872,-13.403781,-14.795506,-15.314590,-15.381740,-14.617736,-16.251841,-13.655582,-13.537686,-15.436557,-14.893420,-16.880266,-16.734
{"app":"AI_LEARNER","stage":"mem","model":"b3_deepae","target":"aarch64-unknown-linux-gnu","completed":78,"hal_peak":6208,"peak_within_bounded":true,"admitted_budget_bytes":1069632,"peak_within_admitted_budget":true,"admission_mode":"unconditional","hal_bytes_per_call_amortized":5271.0,"process_rss_kb":7100,"process_rss_delta_init_kb":540}
EVS Port1 1980-012-14:11:34.72085 66/1/AI_LEARNER 4: AI_LEARNER completed=79/79 mean=12123.0us max=28086.5us hal_peak=6208 within_bounded=1
{"app":"AI_LEARNER","stage":"run","model":"b3_deepae","target":"aarch64-unknown-linux-gnu","attempted":79,"completed":79,"fail_input":0,"fail_invoke":0,"fail_output":0,"mean_us":12122.96,"max_us":28086.46,"last_us":13795.04,"out0":-34.90329,"out":[-34.903290,-19.268223,-10.719254,-6.073514,-3.169238,1.479501,-0.871328,-2.374014,-5.888675,-6.856013,-8.321491,-7.674998,-7.146251,-5.634534,-7.484629,-9.514545,-12.106692,-10.702136,-9.057628,-7.310637,-8.942656,-10.107818,-15.072726,-13.587442,-11.934404,-14.829638,-20.845142,-20.659678,-18.235455,-15.081455,-15.753881,-15.622186,-16.931751,-16.272202,-17.655043,-17.578808,-16.173872,-13.403781,-14.795506,-15.314590,-15.381740,-14.617736,-16.251841,-13.655582,-13.537686,-15.436557,-14.893420,-16.880266,-16.734
{"app":"AI_LEARNER","stage":"mem","model":"b3_deepae","target":"aarch64-unknown-linux-gnu","completed":79,"hal_peak":6208,"peak_within_bounded":true,"admitted_budget_bytes":1069632,"peak_within_admitted_budget":true,"admission_mode":"unconditional","hal_bytes_per_call_amortized":5250.4,"process_rss_kb":7100,"process_rss_delta_init_kb":540}
EVS Port1 1980-012-14:11:35.00358 66/1/CFE_TIME 21: Stop FLYWHEEL
EVS Port1 1980-012-14:11:35.99842 66/1/CFE_TIME 20: Start FLYWHEEL
.{"app":"AI_LEARNER","stage":"run","model":"b3_deepae","target":"aarch64-unknown-linux-gnu","attempted":80,"completed":80,"fail_input":0,"fail_invoke":0,"fail_output":0,"mean_us":12137.80,"max_us":28086.46,"last_us":13310.53,"out0":-34.90329,"out":[-34.903290,-19.268223,-10.719254,-6.073514,-3.169238,1.479501,-0.871328,-2.374014,-5.888675,-6.856013,-8.321491,-7.674998,-7.146251,-5.634534,-7.484629,-9.514545,-12.106692,-10.702136,-9.057628,-7.310637,-8.942656,-10.107818,-15.072726,-13.587442,-11.934404,-14.829638,-20.845142,-20.659678,-18.235455,-15.081455,-15.753881,-15.622186,-16.931751,-16.272202,-17.655043,-17.578808,-16.173872,-13.403781,-14.795506,-15.314590,-15.381740,-14.617736,-16.251841,-13.655582,-13.537686,-15.436557,-14.893420,-16.880266,-16.734
EVS Port1 1980-012-14:11:38.66806 66/1/AI_LEARNER 4: AI_LEARNER completed=80/80 mean=12137.8us max=28086.5us hal_peak=6208 within_bounded=1
{"app":"AI_LEARNER","stage":"mem","model":"b3_deepae","target":"aarch64-unknown-linux-gnu","completed":80,"hal_peak":6208,"peak_within_bounded":true,"admitted_budget_bytes":1069632,"peak_within_admitted_budget":true,"admission_mode":"unconditional","hal_bytes_per_call_amortized":5230.4,"process_rss_kb":7100,"process_rss_delta_init_kb":540}
.EVS Port1 1980-012-14:11:42.66387 66/1/AI_LEARNER 4: AI_LEARNER completed=81/81 mean=12096.8us max=28086.5us hal_peak=6208 within_bounded=1
{"app":"AI_LEARNER","stage":"run","model":"b3_deepae","target":"aarch64-unknown-linux-gnu","attempted":81,"completed":81,"fail_input":0,"fail_invoke":0,"fail_output":0,"mean_us":12096.77,"max_us":28086.46,"last_us":8813.84,"out0":-34.90329,"out":[-34.903290,-19.268223,-10.719254,-6.073514,-3.169238,1.479501,-0.871328,-2.374014,-5.888675,-6.856013,-8.321491,-7.674998,-7.146251,-5.634534,-7.484629,-9.514545,-12.106692,-10.702136,-9.057628,-7.310637,-8.942656,-10.107818,-15.072726,-13.587442,-11.934404,-14.829638,-20.845142,-20.659678,-18.235455,-15.081455,-15.753881,-15.622186,-16.931751,-16.272202,-17.655043,-17.578808,-16.173872,-13.403781,-14.795506,-15.314590,-15.381740,-14.617736,-16.251841,-13.655582,-13.537686,-15.436557,-14.893420,-16.880266,-16.7345
{"app":"AI_LEARNER","stage":"mem","model":"b3_deepae","target":"aarch64-unknown-linux-gnu","completed":81,"hal_peak":6208,"peak_within_bounded":true,"admitted_budget_bytes":1069632,"peak_within_admitted_budget":true,"admission_mode":"unconditional","hal_bytes_per_call_amortized":5210.9,"process_rss_kb":7100,"process_rss_delta_init_kb":540}
{"app":"AI_LEARNER","stage":"run","model":"b3_deepae","target":"aarch64-unknown-linux-gnu","attempted":82,"completed":82,"fail_input":0,"fail_invoke":0,"fail_output":0,"mean_us":12046.90,"max_us":28086.46,"last_us":8008.03,"out0":-34.90329,"out":[-34.903290,-19.268223,-10.719254,-6.073514,-3.169238,1.479501,-0.871328,-2.374014,-5.888675,-6.856013,-8.321491,-7.674998,-7.146251,-5.634534,-7.484629,-9.514545,-12.106692,-10.702136,-9.057628,-7.310637,-8.942656,-10.107818,-15.072726,-13.587442,-11.934404,-14.829638,-20.845142,-20.659678,-18.235455,-15.081455,-15.753881,-15.622186,-16.931751,-16.272202,-17.655043,-17.578808,-16.173872,-13.403781,-14.795506,-15.314590,-15.381740,-14.617736,-16.251841,-13.655582,-13.537686,-15.436557,-14.893420,-16.880266,-16.7345
EVS Port1 1980-012-14:11:46.67393 66/1/AI_LEARNER 4: AI_LEARNER completed=82/82 mean=12046.9us max=28086.5us hal_peak=6208 within_bounded=1
{"app":"AI_LEARNER","stage":"mem","model":"b3_deepae","target":"aarch64-unknown-linux-gnu","completed":82,"hal_peak":6208,"peak_within_bounded":true,"admitted_budget_bytes":1069632,"peak_within_admitted_budget":true,"admission_mode":"unconditional","hal_bytes_per_call_amortized":5191.8,"process_rss_kb":7100,"process_rss_delta_init_kb":540}
.{"app":"AI_LEARNER","stage":"run","model":"b3_deepae","target":"aarch64-unknown-linux-gnu","attempted":83,"completed":83,"fail_input":0,"fail_invoke":0,"fail_output":0,"mean_us":12010.14,"max_us":28086.46,"last_us":8995.90,"out0":-34.90329,"out":[-34.903290,-19.268223,-10.719254,-6.073514,-3.169238,1.479501,-0.871328,-2.374014,-5.888675,-6.856013,-8.321491,-7.674998,-7.146251,-5.634534,-7.484629,-9.514545,-12.106692,-10.702136,-9.057628,-7.310637,-8.942656,-10.107818,-15.072726,-13.587442,-11.934404,-14.829638,-20.845142,-20.659678,-18.235455,-15.081455,-15.753881,-15.622186,-16.931751,-16.272202,-17.655043,-17.578808,-16.173872,-13.403781,-14.795506,-15.314590,-15.381740,-14.617736,-16.251841,-13.655582,-13.537686,-15.436557,-14.893420,-16.880266,-16.7345
EVS Port1 1980-012-14:11:50.66172 66/1/AI_LEARNER 4: AI_LEARNER completed=83/83 mean=12010.1us max=28086.5us hal_peak=6208 within_bounded=1
{"app":"AI_LEARNER","stage":"mem","model":"b3_deepae","target":"aarch64-unknown-linux-gnu","completed":83,"hal_peak":6208,"peak_within_bounded":true,"admitted_budget_bytes":1069632,"peak_within_admitted_budget":true,"admission_mode":"unconditional","hal_bytes_per_call_amortized":5173.2,"process_rss_kb":7100,"process_rss_delta_init_kb":540}
.EVS Port1 1980-012-14:11:54.67068 66/1/AI_LEARNER 4: AI_LEARNER completed=84/84 mean=12066.7us max=28086.5us hal_peak=6208 within_bounded=1
{"app":"AI_LEARNER","stage":"run","model":"b3_deepae","target":"aarch64-unknown-linux-gnu","attempted":84,"completed":84,"fail_input":0,"fail_invoke":0,"fail_output":0,"mean_us":12066.68,"max_us":28086.46,"last_us":16759.63,"out0":-34.90329,"out":[-34.903290,-19.268223,-10.719254,-6.073514,-3.169238,1.479501,-0.871328,-2.374014,-5.888675,-6.856013,-8.321491,-7.674998,-7.146251,-5.634534,-7.484629,-9.514545,-12.106692,-10.702136,-9.057628,-7.310637,-8.942656,-10.107818,-15.072726,-13.587442,-11.934404,-14.829638,-20.845142,-20.659678,-18.235455,-15.081455,-15.753881,-15.622186,-16.931751,-16.272202,-17.655043,-17.578808,-16.173872,-13.403781,-14.795506,-15.314590,-15.381740,-14.617736,-16.251841,-13.655582,-13.537686,-15.436557,-14.893420,-16.880266,-16.734
{"app":"AI_LEARNER","stage":"mem","model":"b3_deepae","target":"aarch64-unknown-linux-gnu","completed":84,"hal_peak":6208,"peak_within_bounded":true,"admitted_budget_bytes":1069632,"peak_within_admitted_budget":true,"admission_mode":"unconditional","hal_bytes_per_call_amortized":5155.0,"process_rss_kb":7100,"process_rss_delta_init_kb":540}
EVS Port1 1980-012-14:11:58.66159 66/1/AI_LEARNER 4: AI_LEARNER completed=85/85 mean=12065.0us max=28086.5us hal_peak=6208 within_bounded=1
{"app":"AI_LEARNER","stage":"run","model":"b3_deepae","target":"aarch64-unknown-linux-gnu","attempted":85,"completed":85,"fail_input":0,"fail_invoke":0,"fail_output":0,"mean_us":12064.99,"max_us":28086.46,"last_us":11922.93,"out0":-34.90329,"out":[-34.903290,-19.268223,-10.719254,-6.073514,-3.169238,1.479501,-0.871328,-2.374014,-5.888675,-6.856013,-8.321491,-7.674998,-7.146251,-5.634534,-7.484629,-9.514545,-12.106692,-10.702136,-9.057628,-7.310637,-8.942656,-10.107818,-15.072726,-13.587442,-11.934404,-14.829638,-20.845142,-20.659678,-18.235455,-15.081455,-15.753881,-15.622186,-16.931751,-16.272202,-17.655043,-17.578808,-16.173872,-13.403781,-14.795506,-15.314590,-15.381740,-14.617736,-16.251841,-13.655582,-13.537686,-15.436557,-14.893420,-16.880266,-16.734
{"app":"AI_LEARNER","stage":"mem","model":"b3_deepae","target":"aarch64-unknown-linux-gnu","completed":85,"hal_peak":6208,"peak_within_bounded":true,"admitted_budget_bytes":1069632,"peak_within_admitted_budget":true,"admission_mode":"unconditional","hal_bytes_per_call_amortized":5137.3,"process_rss_kb":7100,"process_rss_delta_init_kb":540}
.EVS Port1 1980-012-14:12:02.66233 66/1/AI_LEARNER 4: AI_LEARNER completed=86/86 mean=12053.9us max=28086.5us hal_peak=6208 within_bounded=1
{"app":"AI_LEARNER","stage":"run","model":"b3_deepae","target":"aarch64-unknown-linux-gnu","attempted":86,"completed":86,"fail_input":0,"fail_invoke":0,"fail_output":0,"mean_us":12053.87,"max_us":28086.46,"last_us":11108.16,"out0":-34.90329,"out":[-34.903290,-19.268223,-10.719254,-6.073514,-3.169238,1.479501,-0.871328,-2.374014,-5.888675,-6.856013,-8.321491,-7.674998,-7.146251,-5.634534,-7.484629,-9.514545,-12.106692,-10.702136,-9.057628,-7.310637,-8.942656,-10.107818,-15.072726,-13.587442,-11.934404,-14.829638,-20.845142,-20.659678,-18.235455,-15.081455,-15.753881,-15.622186,-16.931751,-16.272202,-17.655043,-17.578808,-16.173872,-13.403781,-14.795506,-15.314590,-15.381740,-14.617736,-16.251841,-13.655582,-13.537686,-15.436557,-14.893420,-16.880266,-16.734
{"app":"AI_LEARNER","stage":"mem","model":"b3_deepae","target":"aarch64-unknown-linux-gnu","completed":86,"hal_peak":6208,"peak_within_bounded":true,"admitted_budget_bytes":1069632,"peak_within_admitted_budget":true,"admission_mode":"unconditional","hal_bytes_per_call_amortized":5120.0,"process_rss_kb":7100,"process_rss_delta_init_kb":540}
.EVS Port1 1980-012-14:12:06.66038 66/1/AI_LEARNER 4: AI_LEARNER completed=87/87 mean=12028.4us max=28086.5us hal_peak=6208 within_bounded=1
{"app":"AI_LEARNER","stage":"run","model":"b3_deepae","target":"aarch64-unknown-linux-gnu","attempted":87,"completed":87,"fail_input":0,"fail_invoke":0,"fail_output":0,"mean_us":12028.37,"max_us":28086.46,"last_us":9835.73,"out0":-34.90329,"out":[-34.903290,-19.268223,-10.719254,-6.073514,-3.169238,1.479501,-0.871328,-2.374014,-5.888675,-6.856013,-8.321491,-7.674998,-7.146251,-5.634534,-7.484629,-9.514545,-12.106692,-10.702136,-9.057628,-7.310637,-8.942656,-10.107818,-15.072726,-13.587442,-11.934404,-14.829638,-20.845142,-20.659678,-18.235455,-15.081455,-15.753881,-15.622186,-16.931751,-16.272202,-17.655043,-17.578808,-16.173872,-13.403781,-14.795506,-15.314590,-15.381740,-14.617736,-16.251841,-13.655582,-13.537686,-15.436557,-14.893420,-16.880266,-16.7345
{"app":"AI_LEARNER","stage":"mem","model":"b3_deepae","target":"aarch64-unknown-linux-gnu","completed":87,"hal_peak":6208,"peak_within_bounded":true,"admitted_budget_bytes":1069632,"peak_within_admitted_budget":true,"admission_mode":"unconditional","hal_bytes_per_call_amortized":5103.1,"process_rss_kb":7100,"process_rss_delta_init_kb":540}
EVS Port1 1980-012-14:12:10.65711 66/1/AI_LEARNER 4: AI_LEARNER completed=88/88 mean=12025.1us max=28086.5us hal_peak=6208 within_bounded=1
{"app":"AI_LEARNER","stage":"run","model":"b3_deepae","target":"aarch64-unknown-linux-gnu","attempted":88,"completed":88,"fail_input":0,"fail_invoke":0,"fail_output":0,"mean_us":12025.13,"max_us":28086.46,"last_us":11742.75,"out0":-34.90329,"out":[-34.903290,-19.268223,-10.719254,-6.073514,-3.169238,1.479501,-0.871328,-2.374014,-5.888675,-6.856013,-8.321491,-7.674998,-7.146251,-5.634534,-7.484629,-9.514545,-12.106692,-10.702136,-9.057628,-7.310637,-8.942656,-10.107818,-15.072726,-13.587442,-11.934404,-14.829638,-20.845142,-20.659678,-18.235455,-15.081455,-15.753881,-15.622186,-16.931751,-16.272202,-17.655043,-17.578808,-16.173872,-13.403781,-14.795506,-15.314590,-15.381740,-14.617736,-16.251841,-13.655582,-13.537686,-15.436557,-14.893420,-16.880266,-16.734
{"app":"AI_LEARNER","stage":"mem","model":"b3_deepae","target":"aarch64-unknown-linux-gnu","completed":88,"hal_peak":6208,"peak_within_bounded":true,"admitted_budget_bytes":1069632,"peak_within_admitted_budget":true,"admission_mode":"unconditional","hal_bytes_per_call_amortized":5086.5,"process_rss_kb":7100,"process_rss_delta_init_kb":540}
.EVS Port1 1980-012-14:12:14.66361 66/1/AI_LEARNER 4: AI_LEARNER completed=89/89 mean=12049.7us max=28086.5us hal_peak=6208 within_bounded=1
{"app":"AI_LEARNER","stage":"run","model":"b3_deepae","target":"aarch64-unknown-linux-gnu","attempted":89,"completed":89,"fail_input":0,"fail_invoke":0,"fail_output":0,"mean_us":12049.69,"max_us":28086.46,"last_us":14211.47,"out0":-34.90329,"out":[-34.903290,-19.268223,-10.719254,-6.073514,-3.169238,1.479501,-0.871328,-2.374014,-5.888675,-6.856013,-8.321491,-7.674998,-7.146251,-5.634534,-7.484629,-9.514545,-12.106692,-10.702136,-9.057628,-7.310637,-8.942656,-10.107818,-15.072726,-13.587442,-11.934404,-14.829638,-20.845142,-20.659678,-18.235455,-15.081455,-15.753881,-15.622186,-16.931751,-16.272202,-17.655043,-17.578808,-16.173872,-13.403781,-14.795506,-15.314590,-15.381740,-14.617736,-16.251841,-13.655582,-13.537686,-15.436557,-14.893420,-16.880266,-16.734
{"app":"AI_LEARNER","stage":"mem","model":"b3_deepae","target":"aarch64-unknown-linux-gnu","completed":89,"hal_peak":6208,"peak_within_bounded":true,"admitted_budget_bytes":1069632,"peak_within_admitted_budget":true,"admission_mode":"unconditional","hal_bytes_per_call_amortized":5070.4,"process_rss_kb":7100,"process_rss_delta_init_kb":540}
.EVS Port1 1980-012-14:12:18.68112 66/1/AI_LEARNER 4: AI_LEARNER completed=90/90 mean=12106.7us max=28086.5us hal_peak=6208 within_bounded=1
{"app":"AI_LEARNER","stage":"run","model":"b3_deepae","target":"aarch64-unknown-linux-gnu","attempted":90,"completed":90,"fail_input":0,"fail_invoke":0,"fail_output":0,"mean_us":12106.74,"max_us":28086.46,"last_us":17183.70,"out0":-34.90329,"out":[-34.903290,-19.268223,-10.719254,-6.073514,-3.169238,1.479501,-0.871328,-2.374014,-5.888675,-6.856013,-8.321491,-7.674998,-7.146251,-5.634534,-7.484629,-9.514545,-12.106692,-10.702136,-9.057628,-7.310637,-8.942656,-10.107818,-15.072726,-13.587442,-11.934404,-14.829638,-20.845142,-20.659678,-18.235455,-15.081455,-15.753881,-15.622186,-16.931751,-16.272202,-17.655043,-17.578808,-16.173872,-13.403781,-14.795506,-15.314590,-15.381740,-14.617736,-16.251841,-13.655582,-13.537686,-15.436557,-14.893420,-16.880266,-16.734
{"app":"AI_LEARNER","stage":"mem","model":"b3_deepae","target":"aarch64-unknown-linux-gnu","completed":90,"hal_peak":6208,"peak_within_bounded":true,"admitted_budget_bytes":1069632,"peak_within_admitted_budget":true,"admission_mode":"unconditional","hal_bytes_per_call_amortized":5054.6,"process_rss_kb":7100,"process_rss_delta_init_kb":540}
EVS Port1 1980-012-14:12:22.65969 66/1/AI_LEARNER 4: AI_LEARNER completed=91/91 mean=12089.7us max=28086.5us hal_peak=6208 within_bounded=1
{"app":"AI_LEARNER","stage":"run","model":"b3_deepae","target":"aarch64-unknown-linux-gnu","attempted":91,"completed":91,"fail_input":0,"fail_invoke":0,"fail_output":0,"mean_us":12089.65,"max_us":28086.46,"last_us":10552.24,"out0":-34.90329,"out":[-34.903290,-19.268223,-10.719254,-6.073514,-3.169238,1.479501,-0.871328,-2.374014,-5.888675,-6.856013,-8.321491,-7.674998,-7.146251,-5.634534,-7.484629,-9.514545,-12.106692,-10.702136,-9.057628,-7.310637,-8.942656,-10.107818,-15.072726,-13.587442,-11.934404,-14.829638,-20.845142,-20.659678,-18.235455,-15.081455,-15.753881,-15.622186,-16.931751,-16.272202,-17.655043,-17.578808,-16.173872,-13.403781,-14.795506,-15.314590,-15.381740,-14.617736,-16.251841,-13.655582,-13.537686,-15.436557,-14.893420,-16.880266,-16.734
{"app":"AI_LEARNER","stage":"mem","model":"b3_deepae","target":"aarch64-unknown-linux-gnu","completed":91,"hal_peak":6208,"peak_within_bounded":true,"admitted_budget_bytes":1069632,"peak_within_admitted_budget":true,"admission_mode":"unconditional","hal_bytes_per_call_amortized":5039.1,"process_rss_kb":7100,"process_rss_delta_init_kb":540}
.EVS Port1 1980-012-14:12:26.65817 66/1/AI_LEARNER 4: AI_LEARNER completed=92/92 mean=12077.3us max=28086.5us hal_peak=6208 within_bounded=1
{"app":"AI_LEARNER","stage":"run","model":"b3_deepae","target":"aarch64-unknown-linux-gnu","attempted":92,"completed":92,"fail_input":0,"fail_invoke":0,"fail_output":0,"mean_us":12077.30,"max_us":28086.46,"last_us":10953.49,"out0":-34.90329,"out":[-34.903290,-19.268223,-10.719254,-6.073514,-3.169238,1.479501,-0.871328,-2.374014,-5.888675,-6.856013,-8.321491,-7.674998,-7.146251,-5.634534,-7.484629,-9.514545,-12.106692,-10.702136,-9.057628,-7.310637,-8.942656,-10.107818,-15.072726,-13.587442,-11.934404,-14.829638,-20.845142,-20.659678,-18.235455,-15.081455,-15.753881,-15.622186,-16.931751,-16.272202,-17.655043,-17.578808,-16.173872,-13.403781,-14.795506,-15.314590,-15.381740,-14.617736,-16.251841,-13.655582,-13.537686,-15.436557,-14.893420,-16.880266,-16.734
{"app":"AI_LEARNER","stage":"mem","model":"b3_deepae","target":"aarch64-unknown-linux-gnu","completed":92,"hal_peak":6208,"peak_within_bounded":true,"admitted_budget_bytes":1069632,"peak_within_admitted_budget":true,"admission_mode":"unconditional","hal_bytes_per_call_amortized":5024.0,"process_rss_kb":7100,"process_rss_delta_init_kb":540}
.EVS Port1 1980-012-14:12:30.68867 66/1/AI_LEARNER 4: AI_LEARNER completed=93/93 mean=12105.4us max=28086.5us hal_peak=6208 within_bounded=1
{"app":"AI_LEARNER","stage":"run","model":"b3_deepae","target":"aarch64-unknown-linux-gnu","attempted":93,"completed":93,"fail_input":0,"fail_invoke":0,"fail_output":0,"mean_us":12105.41,"max_us":28086.46,"last_us":14690.70,"out0":-34.90329,"out":[-34.903290,-19.268223,-10.719254,-6.073514,-3.169238,1.479501,-0.871328,-2.374014,-5.888675,-6.856013,-8.321491,-7.674998,-7.146251,-5.634534,-7.484629,-9.514545,-12.106692,-10.702136,-9.057628,-7.310637,-8.942656,-10.107818,-15.072726,-13.587442,-11.934404,-14.829638,-20.845142,-20.659678,-18.235455,-15.081455,-15.753881,-15.622186,-16.931751,-16.272202,-17.655043,-17.578808,-16.173872,-13.403781,-14.795506,-15.314590,-15.381740,-14.617736,-16.251841,-13.655582,-13.537686,-15.436557,-14.893420,-16.880266,-16.734
{"app":"AI_LEARNER","stage":"mem","model":"b3_deepae","target":"aarch64-unknown-linux-gnu","completed":93,"hal_peak":6208,"peak_within_bounded":true,"admitted_budget_bytes":1069632,"peak_within_admitted_budget":true,"admission_mode":"unconditional","hal_bytes_per_call_amortized":5009.2,"process_rss_kb":7100,"process_rss_delta_init_kb":540}
EVS Port1 1980-012-14:12:34.65974 66/1/AI_LEARNER 4: AI_LEARNER completed=94/94 mean=12067.6us max=28086.5us hal_peak=6208 within_bounded=1
{"app":"AI_LEARNER","stage":"run","model":"b3_deepae","target":"aarch64-unknown-linux-gnu","attempted":94,"completed":94,"fail_input":0,"fail_invoke":0,"fail_output":0,"mean_us":12067.64,"max_us":28086.46,"last_us":8555.68,"out0":-34.90329,"out":[-34.903290,-19.268223,-10.719254,-6.073514,-3.169238,1.479501,-0.871328,-2.374014,-5.888675,-6.856013,-8.321491,-7.674998,-7.146251,-5.634534,-7.484629,-9.514545,-12.106692,-10.702136,-9.057628,-7.310637,-8.942656,-10.107818,-15.072726,-13.587442,-11.934404,-14.829638,-20.845142,-20.659678,-18.235455,-15.081455,-15.753881,-15.622186,-16.931751,-16.272202,-17.655043,-17.578808,-16.173872,-13.403781,-14.795506,-15.314590,-15.381740,-14.617736,-16.251841,-13.655582,-13.537686,-15.436557,-14.893420,-16.880266,-16.7345
{"app":"AI_LEARNER","stage":"mem","model":"b3_deepae","target":"aarch64-unknown-linux-gnu","completed":94,"hal_peak":6208,"peak_within_bounded":true,"admitted_budget_bytes":1069632,"peak_within_admitted_budget":true,"admission_mode":"unconditional","hal_bytes_per_call_amortized":4994.7,"process_rss_kb":7100,"process_rss_delta_init_kb":540}
.EVS Port1 1980-012-14:12:38.66009 66/1/AI_LEARNER 4: AI_LEARNER completed=95/95 mean=12038.1us max=28086.5us hal_peak=6208 within_bounded=1
{"app":"AI_LEARNER","stage":"run","model":"b3_deepae","target":"aarch64-unknown-linux-gnu","attempted":95,"completed":95,"fail_input":0,"fail_invoke":0,"fail_output":0,"mean_us":12038.08,"max_us":28086.46,"last_us":9259.58,"out0":-34.90329,"out":[-34.903290,-19.268223,-10.719254,-6.073514,-3.169238,1.479501,-0.871328,-2.374014,-5.888675,-6.856013,-8.321491,-7.674998,-7.146251,-5.634534,-7.484629,-9.514545,-12.106692,-10.702136,-9.057628,-7.310637,-8.942656,-10.107818,-15.072726,-13.587442,-11.934404,-14.829638,-20.845142,-20.659678,-18.235455,-15.081455,-15.753881,-15.622186,-16.931751,-16.272202,-17.655043,-17.578808,-16.173872,-13.403781,-14.795506,-15.314590,-15.381740,-14.617736,-16.251841,-13.655582,-13.537686,-15.436557,-14.893420,-16.880266,-16.7345
{"app":"AI_LEARNER","stage":"mem","model":"b3_deepae","target":"aarch64-unknown-linux-gnu","completed":95,"hal_peak":6208,"peak_within_bounded":true,"admitted_budget_bytes":1069632,"peak_within_admitted_budget":true,"admission_mode":"unconditional","hal_bytes_per_call_amortized":4980.5,"process_rss_kb":7100,"process_rss_delta_init_kb":540}
.EVS Port1 1980-012-14:12:42.68565 66/1/AI_LEARNER 4: AI_LEARNER completed=96/96 mean=12061.0us max=28086.5us hal_peak=6208 within_bounded=1
{"app":"AI_LEARNER","stage":"run","model":"b3_deepae","target":"aarch64-unknown-linux-gnu","attempted":96,"completed":96,"fail_input":0,"fail_invoke":0,"fail_output":0,"mean_us":12061.02,"max_us":28086.46,"last_us":14240.21,"out0":-34.90329,"out":[-34.903290,-19.268223,-10.719254,-6.073514,-3.169238,1.479501,-0.871328,-2.374014,-5.888675,-6.856013,-8.321491,-7.674998,-7.146251,-5.634534,-7.484629,-9.514545,-12.106692,-10.702136,-9.057628,-7.310637,-8.942656,-10.107818,-15.072726,-13.587442,-11.934404,-14.829638,-20.845142,-20.659678,-18.235455,-15.081455,-15.753881,-15.622186,-16.931751,-16.272202,-17.655043,-17.578808,-16.173872,-13.403781,-14.795506,-15.314590,-15.381740,-14.617736,-16.251841,-13.655582,-13.537686,-15.436557,-14.893420,-16.880266,-16.734
{"app":"AI_LEARNER","stage":"mem","model":"b3_deepae","target":"aarch64-unknown-linux-gnu","completed":96,"hal_peak":6208,"peak_within_bounded":true,"admitted_budget_bytes":1069632,"peak_within_admitted_budget":true,"admission_mode":"unconditional","hal_bytes_per_call_amortized":4966.7,"process_rss_kb":7100,"process_rss_delta_init_kb":540}
EVS Port1 1980-012-14:12:46.69284 66/1/AI_LEARNER 4: AI_LEARNER completed=97/97 mean=12021.9us max=28086.5us hal_peak=6208 within_bounded=1
{"app":"AI_LEARNER","stage":"run","model":"b3_deepae","target":"aarch64-unknown-linux-gnu","attempted":97,"completed":97,"fail_input":0,"fail_invoke":0,"fail_output":0,"mean_us":12021.93,"max_us":28086.46,"last_us":8268.83,"out0":-34.90329,"out":[-34.903290,-19.268223,-10.719254,-6.073514,-3.169238,1.479501,-0.871328,-2.374014,-5.888675,-6.856013,-8.321491,-7.674998,-7.146251,-5.634534,-7.484629,-9.514545,-12.106692,-10.702136,-9.057628,-7.310637,-8.942656,-10.107818,-15.072726,-13.587442,-11.934404,-14.829638,-20.845142,-20.659678,-18.235455,-15.081455,-15.753881,-15.622186,-16.931751,-16.272202,-17.655043,-17.578808,-16.173872,-13.403781,-14.795506,-15.314590,-15.381740,-14.617736,-16.251841,-13.655582,-13.537686,-15.436557,-14.893420,-16.880266,-16.7345
{"app":"AI_LEARNER","stage":"mem","model":"b3_deepae","target":"aarch64-unknown-linux-gnu","completed":97,"hal_peak":6208,"peak_within_bounded":true,"admitted_budget_bytes":1069632,"peak_within_admitted_budget":true,"admission_mode":"unconditional","hal_bytes_per_call_amortized":4953.1,"process_rss_kb":7100,"process_rss_delta_init_kb":540}
EVS Port1 1980-012-14:12:48.00897 66/1/CFE_TIME 21: Stop FLYWHEEL
.EVS Port1 1980-012-14:12:48.99610 66/1/CFE_TIME 20: Start FLYWHEEL
EVS Port1 1980-012-14:12:50.65980 66/1/AI_LEARNER 4: AI_LEARNER completed=98/98 mean=11968.2us max=28086.5us hal_peak=6208 within_bounded=1
{"app":"AI_LEARNER","stage":"run","model":"b3_deepae","target":"aarch64-unknown-linux-gnu","attempted":98,"completed":98,"fail_input":0,"fail_invoke":0,"fail_output":0,"mean_us":11968.19,"max_us":28086.46,"last_us":6755.68,"out0":-34.90329,"out":[-34.903290,-19.268223,-10.719254,-6.073514,-3.169238,1.479501,-0.871328,-2.374014,-5.888675,-6.856013,-8.321491,-7.674998,-7.146251,-5.634534,-7.484629,-9.514545,-12.106692,-10.702136,-9.057628,-7.310637,-8.942656,-10.107818,-15.072726,-13.587442,-11.934404,-14.829638,-20.845142,-20.659678,-18.235455,-15.081455,-15.753881,-15.622186,-16.931751,-16.272202,-17.655043,-17.578808,-16.173872,-13.403781,-14.795506,-15.314590,-15.381740,-14.617736,-16.251841,-13.655582,-13.537686,-15.436557,-14.893420,-16.880266,-16.7345
{"app":"AI_LEARNER","stage":"mem","model":"b3_deepae","target":"aarch64-unknown-linux-gnu","completed":98,"hal_peak":6208,"peak_within_bounded":true,"admitted_budget_bytes":1069632,"peak_within_admitted_budget":true,"admission_mode":"unconditional","hal_bytes_per_call_amortized":4939.8,"process_rss_kb":7100,"process_rss_delta_init_kb":540}
.EVS Port1 1980-012-14:12:54.68197 66/1/AI_LEARNER 4: AI_LEARNER completed=99/99 mean=11963.5us max=28086.5us hal_peak=6208 within_bounded=1
{"app":"AI_LEARNER","stage":"run","model":"b3_deepae","target":"aarch64-unknown-linux-gnu","attempted":99,"completed":99,"fail_input":0,"fail_invoke":0,"fail_output":0,"mean_us":11963.46,"max_us":28086.46,"last_us":11499.66,"out0":-34.90329,"out":[-34.903290,-19.268223,-10.719254,-6.073514,-3.169238,1.479501,-0.871328,-2.374014,-5.888675,-6.856013,-8.321491,-7.674998,-7.146251,-5.634534,-7.484629,-9.514545,-12.106692,-10.702136,-9.057628,-7.310637,-8.942656,-10.107818,-15.072726,-13.587442,-11.934404,-14.829638,-20.845142,-20.659678,-18.235455,-15.081455,-15.753881,-15.622186,-16.931751,-16.272202,-17.655043,-17.578808,-16.173872,-13.403781,-14.795506,-15.314590,-15.381740,-14.617736,-16.251841,-13.655582,-13.537686,-15.436557,-14.893420,-16.880266,-16.734
{"app":"AI_LEARNER","stage":"mem","model":"b3_deepae","target":"aarch64-unknown-linux-gnu","completed":99,"hal_peak":6208,"peak_within_bounded":true,"admitted_budget_bytes":1069632,"peak_within_admitted_budget":true,"admission_mode":"unconditional","hal_bytes_per_call_amortized":4926.7,"process_rss_kb":7100,"process_rss_delta_init_kb":540}
EVS Port1 1980-012-14:12:56.00491 66/1/CFE_TIME 21: Stop FLYWHEEL
EVS Port1 1980-012-14:12:57.01016 66/1/CFE_TIME 20: Start FLYWHEEL
EVS Port1 1980-012-14:12:58.66772 66/1/AI_LEARNER 4: AI_LEARNER completed=100/100 mean=11947.0us max=28086.5us hal_peak=6208 within_bounded=1
{"app":"AI_LEARNER","stage":"run","model":"b3_deepae","target":"aarch64-unknown-linux-gnu","attempted":100,"completed":100,"fail_input":0,"fail_invoke":0,"fail_output":0,"mean_us":11946.99,"max_us":28086.46,"last_us":10316.59,"out0":-34.90329,"out":[-34.903290,-19.268223,-10.719254,-6.073514,-3.169238,1.479501,-0.871328,-2.374014,-5.888675,-6.856013,-8.321491,-7.674998,-7.146251,-5.634534,-7.484629,-9.514545,-12.106692,-10.702136,-9.057628,-7.310637,-8.942656,-10.107818,-15.072726,-13.587442,-11.934404,-14.829638,-20.845142,-20.659678,-18.235455,-15.081455,-15.753881,-15.622186,-16.931751,-16.272202,-17.655043,-17.578808,-16.173872,-13.403781,-14.795506,-15.314590,-15.381740,-14.617736,-16.251841,-13.655582,-13.537686,-15.436557,-14.893420,-16.880266,-16.7
{"app":"AI_LEARNER","stage":"mem","model":"b3_deepae","target":"aarch64-unknown-linux-gnu","completed":100,"hal_peak":6208,"peak_within_bounded":true,"admitted_budget_bytes":1069632,"peak_within_admitted_budget":true,"admission_mode":"unconditional","hal_bytes_per_call_amortized":4913.9,"process_rss_kb":7100,"process_rss_delta_init_kb":540}
.EVS Port1 1980-012-14:13:02.66273 66/1/AI_LEARNER 4: AI_LEARNER completed=101/101 mean=11928.0us max=28086.5us hal_peak=6208 within_bounded=1
{"app":"AI_LEARNER","stage":"run","model":"b3_deepae","target":"aarch64-unknown-linux-gnu","attempted":101,"completed":101,"fail_input":0,"fail_invoke":0,"fail_output":0,"mean_us":11927.95,"max_us":28086.46,"last_us":10024.14,"out0":-34.90329,"out":[-34.903290,-19.268223,-10.719254,-6.073514,-3.169238,1.479501,-0.871328,-2.374014,-5.888675,-6.856013,-8.321491,-7.674998,-7.146251,-5.634534,-7.484629,-9.514545,-12.106692,-10.702136,-9.057628,-7.310637,-8.942656,-10.107818,-15.072726,-13.587442,-11.934404,-14.829638,-20.845142,-20.659678,-18.235455,-15.081455,-15.753881,-15.622186,-16.931751,-16.272202,-17.655043,-17.578808,-16.173872,-13.403781,-14.795506,-15.314590,-15.381740,-14.617736,-16.251841,-13.655582,-13.537686,-15.436557,-14.893420,-16.880266,-16.7
{"app":"AI_LEARNER","stage":"mem","model":"b3_deepae","target":"aarch64-unknown-linux-gnu","completed":101,"hal_peak":6208,"peak_within_bounded":true,"admitted_budget_bytes":1069632,"peak_within_admitted_budget":true,"admission_mode":"unconditional","hal_bytes_per_call_amortized":4901.4,"process_rss_kb":7100,"process_rss_delta_init_kb":540}
EVS Port1 1980-012-14:13:05.15809 66/1/CFE_TIME 20: Start FLYWHEEL
EVS Port1 1980-012-14:13:05.00453 66/1/CFE_TIME 21: Stop FLYWHEEL
.EVS Port1 1980-012-14:13:06.66305 66/1/AI_LEARNER 4: AI_LEARNER completed=102/102 mean=11954.7us max=28086.5us hal_peak=6208 within_bounded=1
{"app":"AI_LEARNER","stage":"run","model":"b3_deepae","target":"aarch64-unknown-linux-gnu","attempted":102,"completed":102,"fail_input":0,"fail_invoke":0,"fail_output":0,"mean_us":11954.74,"max_us":28086.46,"last_us":14660.51,"out0":-34.90329,"out":[-34.903290,-19.268223,-10.719254,-6.073514,-3.169238,1.479501,-0.871328,-2.374014,-5.888675,-6.856013,-8.321491,-7.674998,-7.146251,-5.634534,-7.484629,-9.514545,-12.106692,-10.702136,-9.057628,-7.310637,-8.942656,-10.107818,-15.072726,-13.587442,-11.934404,-14.829638,-20.845142,-20.659678,-18.235455,-15.081455,-15.753881,-15.622186,-16.931751,-16.272202,-17.655043,-17.578808,-16.173872,-13.403781,-14.795506,-15.314590,-15.381740,-14.617736,-16.251841,-13.655582,-13.537686,-15.436557,-14.893420,-16.880266,-16.7
{"app":"AI_LEARNER","stage":"mem","model":"b3_deepae","target":"aarch64-unknown-linux-gnu","completed":102,"hal_peak":6208,"peak_within_bounded":true,"admitted_budget_bytes":1069632,"peak_within_admitted_budget":true,"admission_mode":"unconditional","hal_bytes_per_call_amortized":4889.1,"process_rss_kb":7100,"process_rss_delta_init_kb":540}
EVS Port1 1980-012-14:13:10.66052 66/1/AI_LEARNER 4: AI_LEARNER completed=103/103 mean=11943.1us max=28086.5us hal_peak=6208 within_bounded=1
{"app":"AI_LEARNER","stage":"run","model":"b3_deepae","target":"aarch64-unknown-linux-gnu","attempted":103,"completed":103,"fail_input":0,"fail_invoke":0,"fail_output":0,"mean_us":11943.11,"max_us":28086.46,"last_us":10756.43,"out0":-34.90329,"out":[-34.903290,-19.268223,-10.719254,-6.073514,-3.169238,1.479501,-0.871328,-2.374014,-5.888675,-6.856013,-8.321491,-7.674998,-7.146251,-5.634534,-7.484629,-9.514545,-12.106692,-10.702136,-9.057628,-7.310637,-8.942656,-10.107818,-15.072726,-13.587442,-11.934404,-14.829638,-20.845142,-20.659678,-18.235455,-15.081455,-15.753881,-15.622186,-16.931751,-16.272202,-17.655043,-17.578808,-16.173872,-13.403781,-14.795506,-15.314590,-15.381740,-14.617736,-16.251841,-13.655582,-13.537686,-15.436557,-14.893420,-16.880266,-16.7
{"app":"AI_LEARNER","stage":"mem","model":"b3_deepae","target":"aarch64-unknown-linux-gnu","completed":103,"hal_peak":6208,"peak_within_bounded":true,"admitted_budget_bytes":1069632,"peak_within_admitted_budget":true,"admission_mode":"unconditional","hal_bytes_per_call_amortized":4877.0,"process_rss_kb":7100,"process_rss_delta_init_kb":540}
.EVS Port1 1980-012-14:13:14.66499 66/1/AI_LEARNER 4: AI_LEARNER completed=104/104 mean=11915.3us max=28086.5us hal_peak=6208 within_bounded=1
{"app":"AI_LEARNER","stage":"run","model":"b3_deepae","target":"aarch64-unknown-linux-gnu","attempted":104,"completed":104,"fail_input":0,"fail_invoke":0,"fail_output":0,"mean_us":11915.25,"max_us":28086.46,"last_us":9046.08,"out0":-34.90329,"out":[-34.903290,-19.268223,-10.719254,-6.073514,-3.169238,1.479501,-0.871328,-2.374014,-5.888675,-6.856013,-8.321491,-7.674998,-7.146251,-5.634534,-7.484629,-9.514545,-12.106692,-10.702136,-9.057628,-7.310637,-8.942656,-10.107818,-15.072726,-13.587442,-11.934404,-14.829638,-20.845142,-20.659678,-18.235455,-15.081455,-15.753881,-15.622186,-16.931751,-16.272202,-17.655043,-17.578808,-16.173872,-13.403781,-14.795506,-15.314590,-15.381740,-14.617736,-16.251841,-13.655582,-13.537686,-15.436557,-14.893420,-16.880266,-16.73
{"app":"AI_LEARNER","stage":"mem","model":"b3_deepae","target":"aarch64-unknown-linux-gnu","completed":104,"hal_peak":6208,"peak_within_bounded":true,"admitted_budget_bytes":1069632,"peak_within_admitted_budget":true,"admission_mode":"unconditional","hal_bytes_per_call_amortized":4865.2,"process_rss_kb":7100,"process_rss_delta_init_kb":540}
.EVS Port1 1980-012-14:13:18.67573 66/1/AI_LEARNER 4: AI_LEARNER completed=105/105 mean=11938.3us max=28086.5us hal_peak=6208 within_bounded=1
{"app":"AI_LEARNER","stage":"run","model":"b3_deepae","target":"aarch64-unknown-linux-gnu","attempted":105,"completed":105,"fail_input":0,"fail_invoke":0,"fail_output":0,"mean_us":11938.30,"max_us":28086.46,"last_us":14334.86,"out0":-34.90329,"out":[-34.903290,-19.268223,-10.719254,-6.073514,-3.169238,1.479501,-0.871328,-2.374014,-5.888675,-6.856013,-8.321491,-7.674998,-7.146251,-5.634534,-7.484629,-9.514545,-12.106692,-10.702136,-9.057628,-7.310637,-8.942656,-10.107818,-15.072726,-13.587442,-11.934404,-14.829638,-20.845142,-20.659678,-18.235455,-15.081455,-15.753881,-15.622186,-16.931751,-16.272202,-17.655043,-17.578808,-16.173872,-13.403781,-14.795506,-15.314590,-15.381740,-14.617736,-16.251841,-13.655582,-13.537686,-15.436557,-14.893420,-16.880266,-16.7
{"app":"AI_LEARNER","stage":"mem","model":"b3_deepae","target":"aarch64-unknown-linux-gnu","completed":105,"hal_peak":6208,"peak_within_bounded":true,"admitted_budget_bytes":1069632,"peak_within_admitted_budget":true,"admission_mode":"unconditional","hal_bytes_per_call_amortized":4853.6,"process_rss_kb":7100,"process_rss_delta_init_kb":540}
EVS Port1 1980-012-14:13:22.66600 66/1/AI_LEARNER 4: AI_LEARNER completed=106/106 mean=11925.2us max=28086.5us hal_peak=6208 within_bounded=1
{"app":"AI_LEARNER","stage":"run","model":"b3_deepae","target":"aarch64-unknown-linux-gnu","attempted":106,"completed":106,"fail_input":0,"fail_invoke":0,"fail_output":0,"mean_us":11925.24,"max_us":28086.46,"last_us":10554.72,"out0":-34.90329,"out":[-34.903290,-19.268223,-10.719254,-6.073514,-3.169238,1.479501,-0.871328,-2.374014,-5.888675,-6.856013,-8.321491,-7.674998,-7.146251,-5.634534,-7.484629,-9.514545,-12.106692,-10.702136,-9.057628,-7.310637,-8.942656,-10.107818,-15.072726,-13.587442,-11.934404,-14.829638,-20.845142,-20.659678,-18.235455,-15.081455,-15.753881,-15.622186,-16.931751,-16.272202,-17.655043,-17.578808,-16.173872,-13.403781,-14.795506,-15.314590,-15.381740,-14.617736,-16.251841,-13.655582,-13.537686,-15.436557,-14.893420,-16.880266,-16.7
{"app":"AI_LEARNER","stage":"mem","model":"b3_deepae","target":"aarch64-unknown-linux-gnu","completed":106,"hal_peak":6208,"peak_within_bounded":true,"admitted_budget_bytes":1069632,"peak_within_admitted_budget":true,"admission_mode":"unconditional","hal_bytes_per_call_amortized":4842.3,"process_rss_kb":7100,"process_rss_delta_init_kb":540}
.EVS Port1 1980-012-14:13:26.66442 66/1/AI_LEARNER 4: AI_LEARNER completed=107/107 mean=11928.2us max=28086.5us hal_peak=6208 within_bounded=1
{"app":"AI_LEARNER","stage":"run","model":"b3_deepae","target":"aarch64-unknown-linux-gnu","attempted":107,"completed":107,"fail_input":0,"fail_invoke":0,"fail_output":0,"mean_us":11928.24,"max_us":28086.46,"last_us":12245.58,"out0":-34.90329,"out":[-34.903290,-19.268223,-10.719254,-6.073514,-3.169238,1.479501,-0.871328,-2.374014,-5.888675,-6.856013,-8.321491,-7.674998,-7.146251,-5.634534,-7.484629,-9.514545,-12.106692,-10.702136,-9.057628,-7.310637,-8.942656,-10.107818,-15.072726,-13.587442,-11.934404,-14.829638,-20.845142,-20.659678,-18.235455,-15.081455,-15.753881,-15.622186,-16.931751,-16.272202,-17.655043,-17.578808,-16.173872,-13.403781,-14.795506,-15.314590,-15.381740,-14.617736,-16.251841,-13.655582,-13.537686,-15.436557,-14.893420,-16.880266,-16.7
{"app":"AI_LEARNER","stage":"mem","model":"b3_deepae","target":"aarch64-unknown-linux-gnu","completed":107,"hal_peak":6208,"peak_within_bounded":true,"admitted_budget_bytes":1069632,"peak_within_admitted_budget":true,"admission_mode":"unconditional","hal_bytes_per_call_amortized":4831.1,"process_rss_kb":7100,"process_rss_delta_init_kb":540}
.EVS Port1 1980-012-14:13:30.67179 66/1/AI_LEARNER 4: AI_LEARNER completed=108/108 mean=11906.4us max=28086.5us hal_peak=6208 within_bounded=1
{"app":"AI_LEARNER","stage":"run","model":"b3_deepae","target":"aarch64-unknown-linux-gnu","attempted":108,"completed":108,"fail_input":0,"fail_invoke":0,"fail_output":0,"mean_us":11906.37,"max_us":28086.46,"last_us":9567.17,"out0":-34.90329,"out":[-34.903290,-19.268223,-10.719254,-6.073514,-3.169238,1.479501,-0.871328,-2.374014,-5.888675,-6.856013,-8.321491,-7.674998,-7.146251,-5.634534,-7.484629,-9.514545,-12.106692,-10.702136,-9.057628,-7.310637,-8.942656,-10.107818,-15.072726,-13.587442,-11.934404,-14.829638,-20.845142,-20.659678,-18.235455,-15.081455,-15.753881,-15.622186,-16.931751,-16.272202,-17.655043,-17.578808,-16.173872,-13.403781,-14.795506,-15.314590,-15.381740,-14.617736,-16.251841,-13.655582,-13.537686,-15.436557,-14.893420,-16.880266,-16.73
{"app":"AI_LEARNER","stage":"mem","model":"b3_deepae","target":"aarch64-unknown-linux-gnu","completed":108,"hal_peak":6208,"peak_within_bounded":true,"admitted_budget_bytes":1069632,"peak_within_admitted_budget":true,"admission_mode":"unconditional","hal_bytes_per_call_amortized":4820.1,"process_rss_kb":7100,"process_rss_delta_init_kb":540}
EVS Port1 1980-012-14:13:34.65660 66/1/AI_LEARNER 4: AI_LEARNER completed=109/109 mean=11878.5us max=28086.5us hal_peak=6208 within_bounded=1
{"app":"AI_LEARNER","stage":"run","model":"b3_deepae","target":"aarch64-unknown-linux-gnu","attempted":109,"completed":109,"fail_input":0,"fail_invoke":0,"fail_output":0,"mean_us":11878.53,"max_us":28086.46,"last_us":8870.88,"out0":-34.90329,"out":[-34.903290,-19.268223,-10.719254,-6.073514,-3.169238,1.479501,-0.871328,-2.374014,-5.888675,-6.856013,-8.321491,-7.674998,-7.146251,-5.634534,-7.484629,-9.514545,-12.106692,-10.702136,-9.057628,-7.310637,-8.942656,-10.107818,-15.072726,-13.587442,-11.934404,-14.829638,-20.845142,-20.659678,-18.235455,-15.081455,-15.753881,-15.622186,-16.931751,-16.272202,-17.655043,-17.578808,-16.173872,-13.403781,-14.795506,-15.314590,-15.381740,-14.617736,-16.251841,-13.655582,-13.537686,-15.436557,-14.893420,-16.880266,-16.73
{"app":"AI_LEARNER","stage":"mem","model":"b3_deepae","target":"aarch64-unknown-linux-gnu","completed":109,"hal_peak":6208,"peak_within_bounded":true,"admitted_budget_bytes":1069632,"peak_within_admitted_budget":true,"admission_mode":"unconditional","hal_bytes_per_call_amortized":4809.4,"process_rss_kb":7100,"process_rss_delta_init_kb":540}
.EVS Port1 1980-012-14:13:38.71276 66/1/AI_LEARNER 4: AI_LEARNER completed=110/110 mean=11998.4us max=28086.5us hal_peak=6208 within_bounded=1
{"app":"AI_LEARNER","stage":"run","model":"b3_deepae","target":"aarch64-unknown-linux-gnu","attempted":110,"completed":110,"fail_input":0,"fail_invoke":0,"fail_output":0,"mean_us":11998.42,"max_us":28086.46,"last_us":25066.80,"out0":-34.90329,"out":[-34.903290,-19.268223,-10.719254,-6.073514,-3.169238,1.479501,-0.871328,-2.374014,-5.888675,-6.856013,-8.321491,-7.674998,-7.146251,-5.634534,-7.484629,-9.514545,-12.106692,-10.702136,-9.057628,-7.310637,-8.942656,-10.107818,-15.072726,-13.587442,-11.934404,-14.829638,-20.845142,-20.659678,-18.235455,-15.081455,-15.753881,-15.622186,-16.931751,-16.272202,-17.655043,-17.578808,-16.173872,-13.403781,-14.795506,-15.314590,-15.381740,-14.617736,-16.251841,-13.655582,-13.537686,-15.436557,-14.893420,-16.880266,-16.7
{"app":"AI_LEARNER","stage":"mem","model":"b3_deepae","target":"aarch64-unknown-linux-gnu","completed":110,"hal_peak":6208,"peak_within_bounded":true,"admitted_budget_bytes":1069632,"peak_within_admitted_budget":true,"admission_mode":"unconditional","hal_bytes_per_call_amortized":4798.8,"process_rss_kb":7100,"process_rss_delta_init_kb":540}
.EVS Port1 1980-012-14:13:42.65789 66/1/AI_LEARNER 4: AI_LEARNER completed=111/111 mean=11989.8us max=28086.5us hal_peak=6208 within_bounded=1
{"app":"AI_LEARNER","stage":"run","model":"b3_deepae","target":"aarch64-unknown-linux-gnu","attempted":111,"completed":111,"fail_input":0,"fail_invoke":0,"fail_output":0,"mean_us":11989.78,"max_us":28086.46,"last_us":11039.78,"out0":-34.90329,"out":[-34.903290,-19.268223,-10.719254,-6.073514,-3.169238,1.479501,-0.871328,-2.374014,-5.888675,-6.856013,-8.321491,-7.674998,-7.146251,-5.634534,-7.484629,-9.514545,-12.106692,-10.702136,-9.057628,-7.310637,-8.942656,-10.107818,-15.072726,-13.587442,-11.934404,-14.829638,-20.845142,-20.659678,-18.235455,-15.081455,-15.753881,-15.622186,-16.931751,-16.272202,-17.655043,-17.578808,-16.173872,-13.403781,-14.795506,-15.314590,-15.381740,-14.617736,-16.251841,-13.655582,-13.537686,-15.436557,-14.893420,-16.880266,-16.7
{"app":"AI_LEARNER","stage":"mem","model":"b3_deepae","target":"aarch64-unknown-linux-gnu","completed":111,"hal_peak":6208,"peak_within_bounded":true,"admitted_budget_bytes":1069632,"peak_within_admitted_budget":true,"admission_mode":"unconditional","hal_bytes_per_call_amortized":4788.5,"process_rss_kb":7100,"process_rss_delta_init_kb":540}
EVS Port1 1980-012-14:13:46.66375 66/1/AI_LEARNER 4: AI_LEARNER completed=112/112 mean=11963.0us max=28086.5us hal_peak=6208 within_bounded=1
{"app":"AI_LEARNER","stage":"run","model":"b3_deepae","target":"aarch64-unknown-linux-gnu","attempted":112,"completed":112,"fail_input":0,"fail_invoke":0,"fail_output":0,"mean_us":11962.99,"max_us":28086.46,"last_us":8988.53,"out0":-34.90329,"out":[-34.903290,-19.268223,-10.719254,-6.073514,-3.169238,1.479501,-0.871328,-2.374014,-5.888675,-6.856013,-8.321491,-7.674998,-7.146251,-5.634534,-7.484629,-9.514545,-12.106692,-10.702136,-9.057628,-7.310637,-8.942656,-10.107818,-15.072726,-13.587442,-11.934404,-14.829638,-20.845142,-20.659678,-18.235455,-15.081455,-15.753881,-15.622186,-16.931751,-16.272202,-17.655043,-17.578808,-16.173872,-13.403781,-14.795506,-15.314590,-15.381740,-14.617736,-16.251841,-13.655582,-13.537686,-15.436557,-14.893420,-16.880266,-16.73
{"app":"AI_LEARNER","stage":"mem","model":"b3_deepae","target":"aarch64-unknown-linux-gnu","completed":112,"hal_peak":6208,"peak_within_bounded":true,"admitted_budget_bytes":1069632,"peak_within_admitted_budget":true,"admission_mode":"unconditional","hal_bytes_per_call_amortized":4778.3,"process_rss_kb":7100,"process_rss_delta_init_kb":540}
.EVS Port1 1980-012-14:13:50.65684 66/1/AI_LEARNER 4: AI_LEARNER completed=113/113 mean=11945.5us max=28086.5us hal_peak=6208 within_bounded=1
{"app":"AI_LEARNER","stage":"run","model":"b3_deepae","target":"aarch64-unknown-linux-gnu","attempted":113,"completed":113,"fail_input":0,"fail_invoke":0,"fail_output":0,"mean_us":11945.52,"max_us":28086.46,"last_us":9989.30,"out0":-34.90329,"out":[-34.903290,-19.268223,-10.719254,-6.073514,-3.169238,1.479501,-0.871328,-2.374014,-5.888675,-6.856013,-8.321491,-7.674998,-7.146251,-5.634534,-7.484629,-9.514545,-12.106692,-10.702136,-9.057628,-7.310637,-8.942656,-10.107818,-15.072726,-13.587442,-11.934404,-14.829638,-20.845142,-20.659678,-18.235455,-15.081455,-15.753881,-15.622186,-16.931751,-16.272202,-17.655043,-17.578808,-16.173872,-13.403781,-14.795506,-15.314590,-15.381740,-14.617736,-16.251841,-13.655582,-13.537686,-15.436557,-14.893420,-16.880266,-16.73
{"app":"AI_LEARNER","stage":"mem","model":"b3_deepae","target":"aarch64-unknown-linux-gnu","completed":113,"hal_peak":6208,"peak_within_bounded":true,"admitted_budget_bytes":1069632,"peak_within_admitted_budget":true,"admission_mode":"unconditional","hal_bytes_per_call_amortized":4768.3,"process_rss_kb":7100,"process_rss_delta_init_kb":540}
.EVS Port1 1980-012-14:13:54.66592 66/1/AI_LEARNER 4: AI_LEARNER completed=114/114 mean=11975.9us max=28086.5us hal_peak=6208 within_bounded=1
{"app":"AI_LEARNER","stage":"run","model":"b3_deepae","target":"aarch64-unknown-linux-gnu","attempted":114,"completed":114,"fail_input":0,"fail_invoke":0,"fail_output":0,"mean_us":11975.94,"max_us":28086.46,"last_us":15413.36,"out0":-34.90329,"out":[-34.903290,-19.268223,-10.719254,-6.073514,-3.169238,1.479501,-0.871328,-2.374014,-5.888675,-6.856013,-8.321491,-7.674998,-7.146251,-5.634534,-7.484629,-9.514545,-12.106692,-10.702136,-9.057628,-7.310637,-8.942656,-10.107818,-15.072726,-13.587442,-11.934404,-14.829638,-20.845142,-20.659678,-18.235455,-15.081455,-15.753881,-15.622186,-16.931751,-16.272202,-17.655043,-17.578808,-16.173872,-13.403781,-14.795506,-15.314590,-15.381740,-14.617736,-16.251841,-13.655582,-13.537686,-15.436557,-14.893420,-16.880266,-16.7
{"app":"AI_LEARNER","stage":"mem","model":"b3_deepae","target":"aarch64-unknown-linux-gnu","completed":114,"hal_peak":6208,"peak_within_bounded":true,"admitted_budget_bytes":1069632,"peak_within_admitted_budget":true,"admission_mode":"unconditional","hal_bytes_per_call_amortized":4758.5,"process_rss_kb":7100,"process_rss_delta_init_kb":540}
EVS Port1 1980-012-14:13:58.66398 66/1/AI_LEARNER 4: AI_LEARNER completed=115/115 mean=11981.9us max=28086.5us hal_peak=6208 within_bounded=1
{"app":"AI_LEARNER","stage":"run","model":"b3_deepae","target":"aarch64-unknown-linux-gnu","attempted":115,"completed":115,"fail_input":0,"fail_invoke":0,"fail_output":0,"mean_us":11981.93,"max_us":28086.46,"last_us":12664.94,"out0":-34.90329,"out":[-34.903290,-19.268223,-10.719254,-6.073514,-3.169238,1.479501,-0.871328,-2.374014,-5.888675,-6.856013,-8.321491,-7.674998,-7.146251,-5.634534,-7.484629,-9.514545,-12.106692,-10.702136,-9.057628,-7.310637,-8.942656,-10.107818,-15.072726,-13.587442,-11.934404,-14.829638,-20.845142,-20.659678,-18.235455,-15.081455,-15.753881,-15.622186,-16.931751,-16.272202,-17.655043,-17.578808,-16.173872,-13.403781,-14.795506,-15.314590,-15.381740,-14.617736,-16.251841,-13.655582,-13.537686,-15.436557,-14.893420,-16.880266,-16.7
{"app":"AI_LEARNER","stage":"mem","model":"b3_deepae","target":"aarch64-unknown-linux-gnu","completed":115,"hal_peak":6208,"peak_within_bounded":true,"admitted_budget_bytes":1069632,"peak_within_admitted_budget":true,"admission_mode":"unconditional","hal_bytes_per_call_amortized":4748.8,"process_rss_kb":7100,"process_rss_delta_init_kb":540}
.EVS Port1 1980-012-14:14:02.66770 66/1/AI_LEARNER 4: AI_LEARNER completed=116/116 mean=11949.4us max=28086.5us hal_peak=6208 within_bounded=1
{"app":"AI_LEARNER","stage":"run","model":"b3_deepae","target":"aarch64-unknown-linux-gnu","attempted":116,"completed":116,"fail_input":0,"fail_invoke":0,"fail_output":0,"mean_us":11949.41,"max_us":28086.46,"last_us":8208.96,"out0":-34.90329,"out":[-34.903290,-19.268223,-10.719254,-6.073514,-3.169238,1.479501,-0.871328,-2.374014,-5.888675,-6.856013,-8.321491,-7.674998,-7.146251,-5.634534,-7.484629,-9.514545,-12.106692,-10.702136,-9.057628,-7.310637,-8.942656,-10.107818,-15.072726,-13.587442,-11.934404,-14.829638,-20.845142,-20.659678,-18.235455,-15.081455,-15.753881,-15.622186,-16.931751,-16.272202,-17.655043,-17.578808,-16.173872,-13.403781,-14.795506,-15.314590,-15.381740,-14.617736,-16.251841,-13.655582,-13.537686,-15.436557,-14.893420,-16.880266,-16.73
{"app":"AI_LEARNER","stage":"mem","model":"b3_deepae","target":"aarch64-unknown-linux-gnu","completed":116,"hal_peak":6208,"peak_within_bounded":true,"admitted_budget_bytes":1069632,"peak_within_admitted_budget":true,"admission_mode":"unconditional","hal_bytes_per_call_amortized":4739.3,"process_rss_kb":7100,"process_rss_delta_init_kb":540}
EVS Port1 1980-012-14:14:04.00415 66/1/CFE_TIME 21: Stop FLYWHEEL
EVS Port1 1980-012-14:14:04.99763 66/1/CFE_TIME 20: Start FLYWHEEL
.EVS Port1 1980-012-14:14:06.66259 66/1/AI_LEARNER 4: AI_LEARNER completed=117/117 mean=11959.6us max=28086.5us hal_peak=6208 within_bounded=1
{"app":"AI_LEARNER","stage":"run","model":"b3_deepae","target":"aarch64-unknown-linux-gnu","attempted":117,"completed":117,"fail_input":0,"fail_invoke":0,"fail_output":0,"mean_us":11959.56,"max_us":28086.46,"last_us":13137.26,"out0":-34.90329,"out":[-34.903290,-19.268223,-10.719254,-6.073514,-3.169238,1.479501,-0.871328,-2.374014,-5.888675,-6.856013,-8.321491,-7.674998,-7.146251,-5.634534,-7.484629,-9.514545,-12.106692,-10.702136,-9.057628,-7.310637,-8.942656,-10.107818,-15.072726,-13.587442,-11.934404,-14.829638,-20.845142,-20.659678,-18.235455,-15.081455,-15.753881,-15.622186,-16.931751,-16.272202,-17.655043,-17.578808,-16.173872,-13.403781,-14.795506,-15.314590,-15.381740,-14.617736,-16.251841,-13.655582,-13.537686,-15.436557,-14.893420,-16.880266,-16.7
{"app":"AI_LEARNER","stage":"mem","model":"b3_deepae","target":"aarch64-unknown-linux-gnu","completed":117,"hal_peak":6208,"peak_within_bounded":true,"admitted_budget_bytes":1069632,"peak_within_admitted_budget":true,"admission_mode":"unconditional","hal_bytes_per_call_amortized":4730.0,"process_rss_kb":7100,"process_rss_delta_init_kb":540}
EVS Port1 1980-012-14:14:09.00469 66/1/CFE_TIME 21: Stop FLYWHEEL
EVS Port1 1980-012-14:14:09.99993 66/1/CFE_TIME 20: Start FLYWHEEL
EVS Port1 1980-012-14:14:10.65142 66/1/AI_LEARNER 4: AI_LEARNER completed=118/118 mean=11908.2us max=28086.5us hal_peak=6208 within_bounded=1
{"app":"AI_LEARNER","stage":"run","model":"b3_deepae","target":"aarch64-unknown-linux-gnu","attempted":118,"completed":118,"fail_input":0,"fail_invoke":0,"fail_output":0,"mean_us":11908.19,"max_us":28086.46,"last_us":5897.95,"out0":-34.90329,"out":[-34.903290,-19.268223,-10.719254,-6.073514,-3.169238,1.479501,-0.871328,-2.374014,-5.888675,-6.856013,-8.321491,-7.674998,-7.146251,-5.634534,-7.484629,-9.514545,-12.106692,-10.702136,-9.057628,-7.310637,-8.942656,-10.107818,-15.072726,-13.587442,-11.934404,-14.829638,-20.845142,-20.659678,-18.235455,-15.081455,-15.753881,-15.622186,-16.931751,-16.272202,-17.655043,-17.578808,-16.173872,-13.403781,-14.795506,-15.314590,-15.381740,-14.617736,-16.251841,-13.655582,-13.537686,-15.436557,-14.893420,-16.880266,-16.73
{"app":"AI_LEARNER","stage":"mem","model":"b3_deepae","target":"aarch64-unknown-linux-gnu","completed":118,"hal_peak":6208,"peak_within_bounded":true,"admitted_budget_bytes":1069632,"peak_within_admitted_budget":true,"admission_mode":"unconditional","hal_bytes_per_call_amortized":4720.8,"process_rss_kb":7100,"process_rss_delta_init_kb":540}
.EVS Port1 1980-012-14:14:14.67286 66/1/AI_LEARNER 4: AI_LEARNER completed=119/119 mean=11901.0us max=28086.5us hal_peak=6208 within_bounded=1
{"app":"AI_LEARNER","stage":"run","model":"b3_deepae","target":"aarch64-unknown-linux-gnu","attempted":119,"completed":119,"fail_input":0,"fail_invoke":0,"fail_output":0,"mean_us":11900.95,"max_us":28086.46,"last_us":11047.02,"out0":-34.90329,"out":[-34.903290,-19.268223,-10.719254,-6.073514,-3.169238,1.479501,-0.871328,-2.374014,-5.888675,-6.856013,-8.321491,-7.674998,-7.146251,-5.634534,-7.484629,-9.514545,-12.106692,-10.702136,-9.057628,-7.310637,-8.942656,-10.107818,-15.072726,-13.587442,-11.934404,-14.829638,-20.845142,-20.659678,-18.235455,-15.081455,-15.753881,-15.622186,-16.931751,-16.272202,-17.655043,-17.578808,-16.173872,-13.403781,-14.795506,-15.314590,-15.381740,-14.617736,-16.251841,-13.655582,-13.537686,-15.436557,-14.893420,-16.880266,-16.7
{"app":"AI_LEARNER","stage":"mem","model":"b3_deepae","target":"aarch64-unknown-linux-gnu","completed":119,"hal_peak":6208,"peak_within_bounded":true,"admitted_budget_bytes":1069632,"peak_within_admitted_budget":true,"admission_mode":"unconditional","hal_bytes_per_call_amortized":4711.8,"process_rss_kb":7100,"process_rss_delta_init_kb":540}
.EVS Port1 1980-012-14:14:18.65998 66/1/AI_LEARNER 4: AI_LEARNER completed=120/120 mean=11907.6us max=28086.5us hal_peak=6208 within_bounded=1
{"app":"AI_LEARNER","stage":"run","model":"b3_deepae","target":"aarch64-unknown-linux-gnu","attempted":120,"completed":120,"fail_input":0,"fail_invoke":0,"fail_output":0,"mean_us":11907.58,"max_us":28086.46,"last_us":12696.16,"out0":-34.90329,"out":[-34.903290,-19.268223,-10.719254,-6.073514,-3.169238,1.479501,-0.871328,-2.374014,-5.888675,-6.856013,-8.321491,-7.674998,-7.146251,-5.634534,-7.484629,-9.514545,-12.106692,-10.702136,-9.057628,-7.310637,-8.942656,-10.107818,-15.072726,-13.587442,-11.934404,-14.829638,-20.845142,-20.659678,-18.235455,-15.081455,-15.753881,-15.622186,-16.931751,-16.272202,-17.655043,-17.578808,-16.173872,-13.403781,-14.795506,-15.314590,-15.381740,-14.617736,-16.251841,-13.655582,-13.537686,-15.436557,-14.893420,-16.880266,-16.7
{"app":"AI_LEARNER","stage":"mem","model":"b3_deepae","target":"aarch64-unknown-linux-gnu","completed":120,"hal_peak":6208,"peak_within_bounded":true,"admitted_budget_bytes":1069632,"peak_within_admitted_budget":true,"admission_mode":"unconditional","hal_bytes_per_call_amortized":4702.9,"process_rss_kb":7100,"process_rss_delta_init_kb":540}
EVS Port1 1980-012-14:14:22.66201 66/1/AI_LEARNER 4: AI_LEARNER completed=121/121 mean=11914.3us max=28086.5us hal_peak=6208 within_bounded=1
{"app":"AI_LEARNER","stage":"run","model":"b3_deepae","target":"aarch64-unknown-linux-gnu","attempted":121,"completed":121,"fail_input":0,"fail_invoke":0,"fail_output":0,"mean_us":11914.25,"max_us":28086.46,"last_us":12714.93,"out0":-34.90329,"out":[-34.903290,-19.268223,-10.719254,-6.073514,-3.169238,1.479501,-0.871328,-2.374014,-5.888675,-6.856013,-8.321491,-7.674998,-7.146251,-5.634534,-7.484629,-9.514545,-12.106692,-10.702136,-9.057628,-7.310637,-8.942656,-10.107818,-15.072726,-13.587442,-11.934404,-14.829638,-20.845142,-20.659678,-18.235455,-15.081455,-15.753881,-15.622186,-16.931751,-16.272202,-17.655043,-17.578808,-16.173872,-13.403781,-14.795506,-15.314590,-15.381740,-14.617736,-16.251841,-13.655582,-13.537686,-15.436557,-14.893420,-16.880266,-16.7
{"app":"AI_LEARNER","stage":"mem","model":"b3_deepae","target":"aarch64-unknown-linux-gnu","completed":121,"hal_peak":6208,"peak_within_bounded":true,"admitted_budget_bytes":1069632,"peak_within_admitted_budget":true,"admission_mode":"unconditional","hal_bytes_per_call_amortized":4694.2,"process_rss_kb":7100,"process_rss_delta_init_kb":540}
.EVS Port1 1980-012-14:14:26.66448 66/1/AI_LEARNER 4: AI_LEARNER completed=122/122 mean=11898.8us max=28086.5us hal_peak=6208 within_bounded=1
{"app":"AI_LEARNER","stage":"run","model":"b3_deepae","target":"aarch64-unknown-linux-gnu","attempted":122,"completed":122,"fail_input":0,"fail_invoke":0,"fail_output":0,"mean_us":11898.79,"max_us":28086.46,"last_us":10028.02,"out0":-34.90329,"out":[-34.903290,-19.268223,-10.719254,-6.073514,-3.169238,1.479501,-0.871328,-2.374014,-5.888675,-6.856013,-8.321491,-7.674998,-7.146251,-5.634534,-7.484629,-9.514545,-12.106692,-10.702136,-9.057628,-7.310637,-8.942656,-10.107818,-15.072726,-13.587442,-11.934404,-14.829638,-20.845142,-20.659678,-18.235455,-15.081455,-15.753881,-15.622186,-16.931751,-16.272202,-17.655043,-17.578808,-16.173872,-13.403781,-14.795506,-15.314590,-15.381740,-14.617736,-16.251841,-13.655582,-13.537686,-15.436557,-14.893420,-16.880266,-16.7
{"app":"AI_LEARNER","stage":"mem","model":"b3_deepae","target":"aarch64-unknown-linux-gnu","completed":122,"hal_peak":6208,"peak_within_bounded":true,"admitted_budget_bytes":1069632,"peak_within_admitted_budget":true,"admission_mode":"unconditional","hal_bytes_per_call_amortized":4685.6,"process_rss_kb":7100,"process_rss_delta_init_kb":540}
.EVS Port1 1980-012-14:14:30.66015 66/1/AI_LEARNER 4: AI_LEARNER completed=123/123 mean=11897.0us max=28086.5us hal_peak=6208 within_bounded=1
{"app":"AI_LEARNER","stage":"run","model":"b3_deepae","target":"aarch64-unknown-linux-gnu","attempted":123,"completed":123,"fail_input":0,"fail_invoke":0,"fail_output":0,"mean_us":11896.99,"max_us":28086.46,"last_us":11678.05,"out0":-34.90329,"out":[-34.903290,-19.268223,-10.719254,-6.073514,-3.169238,1.479501,-0.871328,-2.374014,-5.888675,-6.856013,-8.321491,-7.674998,-7.146251,-5.634534,-7.484629,-9.514545,-12.106692,-10.702136,-9.057628,-7.310637,-8.942656,-10.107818,-15.072726,-13.587442,-11.934404,-14.829638,-20.845142,-20.659678,-18.235455,-15.081455,-15.753881,-15.622186,-16.931751,-16.272202,-17.655043,-17.578808,-16.173872,-13.403781,-14.795506,-15.314590,-15.381740,-14.617736,-16.251841,-13.655582,-13.537686,-15.436557,-14.893420,-16.880266,-16.7
{"app":"AI_LEARNER","stage":"mem","model":"b3_deepae","target":"aarch64-unknown-linux-gnu","completed":123,"hal_peak":6208,"peak_within_bounded":true,"admitted_budget_bytes":1069632,"peak_within_admitted_budget":true,"admission_mode":"unconditional","hal_bytes_per_call_amortized":4677.2,"process_rss_kb":7100,"process_rss_delta_init_kb":540}
EVS Port1 1980-012-14:14:34.66522 66/1/AI_LEARNER 4: AI_LEARNER completed=124/124 mean=11892.1us max=28086.5us hal_peak=6208 within_bounded=1
{"app":"AI_LEARNER","stage":"run","model":"b3_deepae","target":"aarch64-unknown-linux-gnu","attempted":124,"completed":124,"fail_input":0,"fail_invoke":0,"fail_output":0,"mean_us":11892.15,"max_us":28086.46,"last_us":11296.18,"out0":-34.90329,"out":[-34.903290,-19.268223,-10.719254,-6.073514,-3.169238,1.479501,-0.871328,-2.374014,-5.888675,-6.856013,-8.321491,-7.674998,-7.146251,-5.634534,-7.484629,-9.514545,-12.106692,-10.702136,-9.057628,-7.310637,-8.942656,-10.107818,-15.072726,-13.587442,-11.934404,-14.829638,-20.845142,-20.659678,-18.235455,-15.081455,-15.753881,-15.622186,-16.931751,-16.272202,-17.655043,-17.578808,-16.173872,-13.403781,-14.795506,-15.314590,-15.381740,-14.617736,-16.251841,-13.655582,-13.537686,-15.436557,-14.893420,-16.880266,-16.7
{"app":"AI_LEARNER","stage":"mem","model":"b3_deepae","target":"aarch64-unknown-linux-gnu","completed":124,"hal_peak":6208,"peak_within_bounded":true,"admitted_budget_bytes":1069632,"peak_within_admitted_budget":true,"admission_mode":"unconditional","hal_bytes_per_call_amortized":4668.9,"process_rss_kb":7100,"process_rss_delta_init_kb":540}
.EVS Port1 1980-012-14:14:38.67259 66/1/AI_LEARNER 4: AI_LEARNER completed=125/125 mean=11862.5us max=28086.5us hal_peak=6208 within_bounded=1
{"app":"AI_LEARNER","stage":"run","model":"b3_deepae","target":"aarch64-unknown-linux-gnu","attempted":125,"completed":125,"fail_input":0,"fail_invoke":0,"fail_output":0,"mean_us":11862.47,"max_us":28086.46,"last_us":8182.56,"out0":-34.90329,"out":[-34.903290,-19.268223,-10.719254,-6.073514,-3.169238,1.479501,-0.871328,-2.374014,-5.888675,-6.856013,-8.321491,-7.674998,-7.146251,-5.634534,-7.484629,-9.514545,-12.106692,-10.702136,-9.057628,-7.310637,-8.942656,-10.107818,-15.072726,-13.587442,-11.934404,-14.829638,-20.845142,-20.659678,-18.235455,-15.081455,-15.753881,-15.622186,-16.931751,-16.272202,-17.655043,-17.578808,-16.173872,-13.403781,-14.795506,-15.314590,-15.381740,-14.617736,-16.251841,-13.655582,-13.537686,-15.436557,-14.893420,-16.880266,-16.73
{"app":"AI_LEARNER","stage":"mem","model":"b3_deepae","target":"aarch64-unknown-linux-gnu","completed":125,"hal_peak":6208,"peak_within_bounded":true,"admitted_budget_bytes":1069632,"peak_within_admitted_budget":true,"admission_mode":"unconditional","hal_bytes_per_call_amortized":4660.7,"process_rss_kb":7100,"process_rss_delta_init_kb":540}
.EVS Port1 1980-012-14:14:42.66632 66/1/AI_LEARNER 4: AI_LEARNER completed=126/126 mean=11909.9us max=28086.5us hal_peak=6208 within_bounded=1
{"app":"AI_LEARNER","stage":"run","model":"b3_deepae","target":"aarch64-unknown-linux-gnu","attempted":126,"completed":126,"fail_input":0,"fail_invoke":0,"fail_output":0,"mean_us":11909.93,"max_us":28086.46,"last_us":17842.56,"out0":-34.90329,"out":[-34.903290,-19.268223,-10.719254,-6.073514,-3.169238,1.479501,-0.871328,-2.374014,-5.888675,-6.856013,-8.321491,-7.674998,-7.146251,-5.634534,-7.484629,-9.514545,-12.106692,-10.702136,-9.057628,-7.310637,-8.942656,-10.107818,-15.072726,-13.587442,-11.934404,-14.829638,-20.845142,-20.659678,-18.235455,-15.081455,-15.753881,-15.622186,-16.931751,-16.272202,-17.655043,-17.578808,-16.173872,-13.403781,-14.795506,-15.314590,-15.381740,-14.617736,-16.251841,-13.655582,-13.537686,-15.436557,-14.893420,-16.880266,-16.7
{"app":"AI_LEARNER","stage":"mem","model":"b3_deepae","target":"aarch64-unknown-linux-gnu","completed":126,"hal_peak":6208,"peak_within_bounded":true,"admitted_budget_bytes":1069632,"peak_within_admitted_budget":true,"admission_mode":"unconditional","hal_bytes_per_call_amortized":4652.7,"process_rss_kb":7100,"process_rss_delta_init_kb":540}
EVS Port1 1980-012-14:14:46.67539 66/1/AI_LEARNER 4: AI_LEARNER completed=127/127 mean=11927.2us max=28086.5us hal_peak=6208 within_bounded=1
{"app":"AI_LEARNER","stage":"run","model":"b3_deepae","target":"aarch64-unknown-linux-gnu","attempted":127,"completed":127,"fail_input":0,"fail_invoke":0,"fail_output":0,"mean_us":11927.25,"max_us":28086.46,"last_us":14108.70,"out0":-34.90329,"out":[-34.903290,-19.268223,-10.719254,-6.073514,-3.169238,1.479501,-0.871328,-2.374014,-5.888675,-6.856013,-8.321491,-7.674998,-7.146251,-5.634534,-7.484629,-9.514545,-12.106692,-10.702136,-9.057628,-7.310637,-8.942656,-10.107818,-15.072726,-13.587442,-11.934404,-14.829638,-20.845142,-20.659678,-18.235455,-15.081455,-15.753881,-15.622186,-16.931751,-16.272202,-17.655043,-17.578808,-16.173872,-13.403781,-14.795506,-15.314590,-15.381740,-14.617736,-16.251841,-13.655582,-13.537686,-15.436557,-14.893420,-16.880266,-16.7
{"app":"AI_LEARNER","stage":"mem","model":"b3_deepae","target":"aarch64-unknown-linux-gnu","completed":127,"hal_peak":6208,"peak_within_bounded":true,"admitted_budget_bytes":1069632,"peak_within_admitted_budget":true,"admission_mode":"unconditional","hal_bytes_per_call_amortized":4644.8,"process_rss_kb":7100,"process_rss_delta_init_kb":540}
.EVS Port1 1980-012-14:14:50.65943 66/1/AI_LEARNER 4: AI_LEARNER completed=128/128 mean=11941.8us max=28086.5us hal_peak=6208 within_bounded=1
{"app":"AI_LEARNER","stage":"run","model":"b3_deepae","target":"aarch64-unknown-linux-gnu","attempted":128,"completed":128,"fail_input":0,"fail_invoke":0,"fail_output":0,"mean_us":11941.82,"max_us":28086.46,"last_us":13792.66,"out0":-34.90329,"out":[-34.903290,-19.268223,-10.719254,-6.073514,-3.169238,1.479501,-0.871328,-2.374014,-5.888675,-6.856013,-8.321491,-7.674998,-7.146251,-5.634534,-7.484629,-9.514545,-12.106692,-10.702136,-9.057628,-7.310637,-8.942656,-10.107818,-15.072726,-13.587442,-11.934404,-14.829638,-20.845142,-20.659678,-18.235455,-15.081455,-15.753881,-15.622186,-16.931751,-16.272202,-17.655043,-17.578808,-16.173872,-13.403781,-14.795506,-15.314590,-15.381740,-14.617736,-16.251841,-13.655582,-13.537686,-15.436557,-14.893420,-16.880266,-16.7
{"app":"AI_LEARNER","stage":"mem","model":"b3_deepae","target":"aarch64-unknown-linux-gnu","completed":128,"hal_peak":6208,"peak_within_bounded":true,"admitted_budget_bytes":1069632,"peak_within_admitted_budget":true,"admission_mode":"unconditional","hal_bytes_per_call_amortized":4637.0,"process_rss_kb":7100,"process_rss_delta_init_kb":540}
.EVS Port1 1980-012-14:14:54.68927 66/1/AI_LEARNER 4: AI_LEARNER completed=129/129 mean=12103.6us max=32815.8us hal_peak=6208 within_bounded=1
{"app":"AI_LEARNER","stage":"run","model":"b3_deepae","target":"aarch64-unknown-linux-gnu","attempted":129,"completed":129,"fail_input":0,"fail_invoke":0,"fail_output":0,"mean_us":12103.63,"max_us":32815.76,"last_us":32815.76,"out0":-34.90329,"out":[-34.903290,-19.268223,-10.719254,-6.073514,-3.169238,1.479501,-0.871328,-2.374014,-5.888675,-6.856013,-8.321491,-7.674998,-7.146251,-5.634534,-7.484629,-9.514545,-12.106692,-10.702136,-9.057628,-7.310637,-8.942656,-10.107818,-15.072726,-13.587442,-11.934404,-14.829638,-20.845142,-20.659678,-18.235455,-15.081455,-15.753881,-15.622186,-16.931751,-16.272202,-17.655043,-17.578808,-16.173872,-13.403781,-14.795506,-15.314590,-15.381740,-14.617736,-16.251841,-13.655582,-13.537686,-15.436557,-14.893420,-16.880266,-16.7
{"app":"AI_LEARNER","stage":"mem","model":"b3_deepae","target":"aarch64-unknown-linux-gnu","completed":129,"hal_peak":6208,"peak_within_bounded":true,"admitted_budget_bytes":1069632,"peak_within_admitted_budget":true,"admission_mode":"unconditional","hal_bytes_per_call_amortized":4629.3,"process_rss_kb":7100,"process_rss_delta_init_kb":540}
EVS Port1 1980-012-14:14:58.65788 66/1/AI_LEARNER 4: AI_LEARNER completed=130/130 mean=12082.0us max=32815.8us hal_peak=6208 within_bounded=1
{"app":"AI_LEARNER","stage":"run","model":"b3_deepae","target":"aarch64-unknown-linux-gnu","attempted":130,"completed":130,"fail_input":0,"fail_invoke":0,"fail_output":0,"mean_us":12082.04,"max_us":32815.76,"last_us":9296.94,"out0":-34.90329,"out":[-34.903290,-19.268223,-10.719254,-6.073514,-3.169238,1.479501,-0.871328,-2.374014,-5.888675,-6.856013,-8.321491,-7.674998,-7.146251,-5.634534,-7.484629,-9.514545,-12.106692,-10.702136,-9.057628,-7.310637,-8.942656,-10.107818,-15.072726,-13.587442,-11.934404,-14.829638,-20.845142,-20.659678,-18.235455,-15.081455,-15.753881,-15.622186,-16.931751,-16.272202,-17.655043,-17.578808,-16.173872,-13.403781,-14.795506,-15.314590,-15.381740,-14.617736,-16.251841,-13.655582,-13.537686,-15.436557,-14.893420,-16.880266,-16.73
{"app":"AI_LEARNER","stage":"mem","model":"b3_deepae","target":"aarch64-unknown-linux-gnu","completed":130,"hal_peak":6208,"peak_within_bounded":true,"admitted_budget_bytes":1069632,"peak_within_admitted_budget":true,"admission_mode":"unconditional","hal_bytes_per_call_amortized":4621.8,"process_rss_kb":7100,"process_rss_delta_init_kb":540}
.EVS Port1 1980-012-14:15:02.67680 66/1/AI_LEARNER 4: AI_LEARNER completed=131/131 mean=12117.6us max=32815.8us hal_peak=6208 within_bounded=1
{"app":"AI_LEARNER","stage":"run","model":"b3_deepae","target":"aarch64-unknown-linux-gnu","attempted":131,"completed":131,"fail_input":0,"fail_invoke":0,"fail_output":0,"mean_us":12117.62,"max_us":32815.76,"last_us":16742.32,"out0":-34.90329,"out":[-34.903290,-19.268223,-10.719254,-6.073514,-3.169238,1.479501,-0.871328,-2.374014,-5.888675,-6.856013,-8.321491,-7.674998,-7.146251,-5.634534,-7.484629,-9.514545,-12.106692,-10.702136,-9.057628,-7.310637,-8.942656,-10.107818,-15.072726,-13.587442,-11.934404,-14.829638,-20.845142,-20.659678,-18.235455,-15.081455,-15.753881,-15.622186,-16.931751,-16.272202,-17.655043,-17.578808,-16.173872,-13.403781,-14.795506,-15.314590,-15.381740,-14.617736,-16.251841,-13.655582,-13.537686,-15.436557,-14.893420,-16.880266,-16.7
{"app":"AI_LEARNER","stage":"mem","model":"b3_deepae","target":"aarch64-unknown-linux-gnu","completed":131,"hal_peak":6208,"peak_within_bounded":true,"admitted_budget_bytes":1069632,"peak_within_admitted_budget":true,"admission_mode":"unconditional","hal_bytes_per_call_amortized":4614.4,"process_rss_kb":7100,"process_rss_delta_init_kb":540}
EVS Port1 1980-012-14:15:04.00367 66/1/CFE_TIME 21: Stop FLYWHEEL
EVS Port1 1980-012-14:15:05.01744 66/1/CFE_TIME 20: Start FLYWHEEL
EVS Port1 1980-012-14:15:06.00311 66/1/CFE_TIME 21: Stop FLYWHEEL
.EVS Port1 1980-012-14:15:06.66743 66/1/AI_LEARNER 4: AI_LEARNER completed=132/132 mean=12178.1us max=32815.8us hal_peak=6208 within_bounded=1
{"app":"AI_LEARNER","stage":"run","model":"b3_deepae","target":"aarch64-unknown-linux-gnu","attempted":132,"completed":132,"fail_input":0,"fail_invoke":0,"fail_output":0,"mean_us":12178.05,"max_us":32815.76,"last_us":20094.94,"out0":-34.90329,"out":[-34.903290,-19.268223,-10.719254,-6.073514,-3.169238,1.479501,-0.871328,-2.374014,-5.888675,-6.856013,-8.321491,-7.674998,-7.146251,-5.634534,-7.484629,-9.514545,-12.106692,-10.702136,-9.057628,-7.310637,-8.942656,-10.107818,-15.072726,-13.587442,-11.934404,-14.829638,-20.845142,-20.659678,-18.235455,-15.081455,-15.753881,-15.622186,-16.931751,-16.272202,-17.655043,-17.578808,-16.173872,-13.403781,-14.795506,-15.314590,-15.381740,-14.617736,-16.251841,-13.655582,-13.537686,-15.436557,-14.893420,-16.880266,-16.7
{"app":"AI_LEARNER","stage":"mem","model":"b3_deepae","target":"aarch64-unknown-linux-gnu","completed":132,"hal_peak":6208,"peak_within_bounded":true,"admitted_budget_bytes":1069632,"peak_within_admitted_budget":true,"admission_mode":"unconditional","hal_bytes_per_call_amortized":4607.0,"process_rss_kb":7100,"process_rss_delta_init_kb":540}
EVS Port1 1980-012-14:15:06.99911 66/1/CFE_TIME 20: Start FLYWHEEL
EVS Port1 1980-012-14:15:10.66195 66/1/AI_LEARNER 4: AI_LEARNER completed=133/133 mean=12167.0us max=32815.8us hal_peak=6208 within_bounded=1
{"app":"AI_LEARNER","stage":"run","model":"b3_deepae","target":"aarch64-unknown-linux-gnu","attempted":133,"completed":133,"fail_input":0,"fail_invoke":0,"fail_output":0,"mean_us":12166.98,"max_us":32815.76,"last_us":10705.86,"out0":-34.90329,"out":[-34.903290,-19.268223,-10.719254,-6.073514,-3.169238,1.479501,-0.871328,-2.374014,-5.888675,-6.856013,-8.321491,-7.674998,-7.146251,-5.634534,-7.484629,-9.514545,-12.106692,-10.702136,-9.057628,-7.310637,-8.942656,-10.107818,-15.072726,-13.587442,-11.934404,-14.829638,-20.845142,-20.659678,-18.235455,-15.081455,-15.753881,-15.622186,-16.931751,-16.272202,-17.655043,-17.578808,-16.173872,-13.403781,-14.795506,-15.314590,-15.381740,-14.617736,-16.251841,-13.655582,-13.537686,-15.436557,-14.893420,-16.880266,-16.7
{"app":"AI_LEARNER","stage":"mem","model":"b3_deepae","target":"aarch64-unknown-linux-gnu","completed":133,"hal_peak":6208,"peak_within_bounded":true,"admitted_budget_bytes":1069632,"peak_within_admitted_budget":true,"admission_mode":"unconditional","hal_bytes_per_call_amortized":4599.8,"process_rss_kb":7100,"process_rss_delta_init_kb":540}
.EVS Port1 1980-012-14:15:14.65849 66/1/AI_LEARNER 4: AI_LEARNER completed=134/134 mean=12138.8us max=32815.8us hal_peak=6208 within_bounded=1
{"app":"AI_LEARNER","stage":"run","model":"b3_deepae","target":"aarch64-unknown-linux-gnu","attempted":134,"completed":134,"fail_input":0,"fail_invoke":0,"fail_output":0,"mean_us":12138.80,"max_us":32815.76,"last_us":8390.58,"out0":-34.90329,"out":[-34.903290,-19.268223,-10.719254,-6.073514,-3.169238,1.479501,-0.871328,-2.374014,-5.888675,-6.856013,-8.321491,-7.674998,-7.146251,-5.634534,-7.484629,-9.514545,-12.106692,-10.702136,-9.057628,-7.310637,-8.942656,-10.107818,-15.072726,-13.587442,-11.934404,-14.829638,-20.845142,-20.659678,-18.235455,-15.081455,-15.753881,-15.622186,-16.931751,-16.272202,-17.655043,-17.578808,-16.173872,-13.403781,-14.795506,-15.314590,-15.381740,-14.617736,-16.251841,-13.655582,-13.537686,-15.436557,-14.893420,-16.880266,-16.73
{"app":"AI_LEARNER","stage":"mem","model":"b3_deepae","target":"aarch64-unknown-linux-gnu","completed":134,"hal_peak":6208,"peak_within_bounded":true,"admitted_budget_bytes":1069632,"peak_within_admitted_budget":true,"admission_mode":"unconditional","hal_bytes_per_call_amortized":4592.7,"process_rss_kb":7100,"process_rss_delta_init_kb":540}
.EVS Port1 1980-012-14:15:18.66310 66/1/AI_LEARNER 4: AI_LEARNER completed=135/135 mean=12136.7us max=32815.8us hal_peak=6208 within_bounded=1
{"app":"AI_LEARNER","stage":"run","model":"b3_deepae","target":"aarch64-unknown-linux-gnu","attempted":135,"completed":135,"fail_input":0,"fail_invoke":0,"fail_output":0,"mean_us":12136.72,"max_us":32815.76,"last_us":11857.39,"out0":-34.90329,"out":[-34.903290,-19.268223,-10.719254,-6.073514,-3.169238,1.479501,-0.871328,-2.374014,-5.888675,-6.856013,-8.321491,-7.674998,-7.146251,-5.634534,-7.484629,-9.514545,-12.106692,-10.702136,-9.057628,-7.310637,-8.942656,-10.107818,-15.072726,-13.587442,-11.934404,-14.829638,-20.845142,-20.659678,-18.235455,-15.081455,-15.753881,-15.622186,-16.931751,-16.272202,-17.655043,-17.578808,-16.173872,-13.403781,-14.795506,-15.314590,-15.381740,-14.617736,-16.251841,-13.655582,-13.537686,-15.436557,-14.893420,-16.880266,-16.7
{"app":"AI_LEARNER","stage":"mem","model":"b3_deepae","target":"aarch64-unknown-linux-gnu","completed":135,"hal_peak":6208,"peak_within_bounded":true,"admitted_budget_bytes":1069632,"peak_within_admitted_budget":true,"admission_mode":"unconditional","hal_bytes_per_call_amortized":4585.7,"process_rss_kb":7100,"process_rss_delta_init_kb":540}
EVS Port1 1980-012-14:15:22.66207 66/1/AI_LEARNER 4: AI_LEARNER completed=136/136 mean=12144.0us max=32815.8us hal_peak=6208 within_bounded=1
{"app":"AI_LEARNER","stage":"run","model":"b3_deepae","target":"aarch64-unknown-linux-gnu","attempted":136,"completed":136,"fail_input":0,"fail_invoke":0,"fail_output":0,"mean_us":12143.95,"max_us":32815.76,"last_us":13120.77,"out0":-34.90329,"out":[-34.903290,-19.268223,-10.719254,-6.073514,-3.169238,1.479501,-0.871328,-2.374014,-5.888675,-6.856013,-8.321491,-7.674998,-7.146251,-5.634534,-7.484629,-9.514545,-12.106692,-10.702136,-9.057628,-7.310637,-8.942656,-10.107818,-15.072726,-13.587442,-11.934404,-14.829638,-20.845142,-20.659678,-18.235455,-15.081455,-15.753881,-15.622186,-16.931751,-16.272202,-17.655043,-17.578808,-16.173872,-13.403781,-14.795506,-15.314590,-15.381740,-14.617736,-16.251841,-13.655582,-13.537686,-15.436557,-14.893420,-16.880266,-16.7
{"app":"AI_LEARNER","stage":"mem","model":"b3_deepae","target":"aarch64-unknown-linux-gnu","completed":136,"hal_peak":6208,"peak_within_bounded":true,"admitted_budget_bytes":1069632,"peak_within_admitted_budget":true,"admission_mode":"unconditional","hal_bytes_per_call_amortized":4578.8,"process_rss_kb":7100,"process_rss_delta_init_kb":540}
.EVS Port1 1980-012-14:15:26.67335 66/1/AI_LEARNER 4: AI_LEARNER completed=137/137 mean=12141.1us max=32815.8us hal_peak=6208 within_bounded=1
{"app":"AI_LEARNER","stage":"run","model":"b3_deepae","target":"aarch64-unknown-linux-gnu","attempted":137,"completed":137,"fail_input":0,"fail_invoke":0,"fail_output":0,"mean_us":12141.11,"max_us":32815.76,"last_us":11754.37,"out0":-34.90329,"out":[-34.903290,-19.268223,-10.719254,-6.073514,-3.169238,1.479501,-0.871328,-2.374014,-5.888675,-6.856013,-8.321491,-7.674998,-7.146251,-5.634534,-7.484629,-9.514545,-12.106692,-10.702136,-9.057628,-7.310637,-8.942656,-10.107818,-15.072726,-13.587442,-11.934404,-14.829638,-20.845142,-20.659678,-18.235455,-15.081455,-15.753881,-15.622186,-16.931751,-16.272202,-17.655043,-17.578808,-16.173872,-13.403781,-14.795506,-15.314590,-15.381740,-14.617736,-16.251841,-13.655582,-13.537686,-15.436557,-14.893420,-16.880266,-16.7
{"app":"AI_LEARNER","stage":"mem","model":"b3_deepae","target":"aarch64-unknown-linux-gnu","completed":137,"hal_peak":6208,"peak_within_bounded":true,"admitted_budget_bytes":1069632,"peak_within_admitted_budget":true,"admission_mode":"unconditional","hal_bytes_per_call_amortized":4572.0,"process_rss_kb":7100,"process_rss_delta_init_kb":540}
.EVS Port1 1980-012-14:15:30.66212 66/1/AI_LEARNER 4: AI_LEARNER completed=138/138 mean=12133.4us max=32815.8us hal_peak=6208 within_bounded=1
{"app":"AI_LEARNER","stage":"run","model":"b3_deepae","target":"aarch64-unknown-linux-gnu","attempted":138,"completed":138,"fail_input":0,"fail_invoke":0,"fail_output":0,"mean_us":12133.35,"max_us":32815.76,"last_us":11070.42,"out0":-34.90329,"out":[-34.903290,-19.268223,-10.719254,-6.073514,-3.169238,1.479501,-0.871328,-2.374014,-5.888675,-6.856013,-8.321491,-7.674998,-7.146251,-5.634534,-7.484629,-9.514545,-12.106692,-10.702136,-9.057628,-7.310637,-8.942656,-10.107818,-15.072726,-13.587442,-11.934404,-14.829638,-20.845142,-20.659678,-18.235455,-15.081455,-15.753881,-15.622186,-16.931751,-16.272202,-17.655043,-17.578808,-16.173872,-13.403781,-14.795506,-15.314590,-15.381740,-14.617736,-16.251841,-13.655582,-13.537686,-15.436557,-14.893420,-16.880266,-16.7
{"app":"AI_LEARNER","stage":"mem","model":"b3_deepae","target":"aarch64-unknown-linux-gnu","completed":138,"hal_peak":6208,"peak_within_bounded":true,"admitted_budget_bytes":1069632,"peak_within_admitted_budget":true,"admission_mode":"unconditional","hal_bytes_per_call_amortized":4565.3,"process_rss_kb":7100,"process_rss_delta_init_kb":540}
EVS Port1 1980-012-14:15:34.00495 66/1/CFE_TIME 21: Stop FLYWHEEL
EVS Port1 1980-012-14:15:34.65837 66/1/AI_LEARNER 4: AI_LEARNER completed=139/139 mean=12091.0us max=32815.8us hal_peak=6208 within_bounded=1
{"app":"AI_LEARNER","stage":"run","model":"b3_deepae","target":"aarch64-unknown-linux-gnu","attempted":139,"completed":139,"fail_input":0,"fail_invoke":0,"fail_output":0,"mean_us":12091.03,"max_us":32815.76,"last_us":6251.44,"out0":-34.90329,"out":[-34.903290,-19.268223,-10.719254,-6.073514,-3.169238,1.479501,-0.871328,-2.374014,-5.888675,-6.856013,-8.321491,-7.674998,-7.146251,-5.634534,-7.484629,-9.514545,-12.106692,-10.702136,-9.057628,-7.310637,-8.942656,-10.107818,-15.072726,-13.587442,-11.934404,-14.829638,-20.845142,-20.659678,-18.235455,-15.081455,-15.753881,-15.622186,-16.931751,-16.272202,-17.655043,-17.578808,-16.173872,-13.403781,-14.795506,-15.314590,-15.381740,-14.617736,-16.251841,-13.655582,-13.537686,-15.436557,-14.893420,-16.880266,-16.73
{"app":"AI_LEARNER","stage":"mem","model":"b3_deepae","target":"aarch64-unknown-linux-gnu","completed":139,"hal_peak":6208,"peak_within_bounded":true,"admitted_budget_bytes":1069632,"peak_within_admitted_budget":true,"admission_mode":"unconditional","hal_bytes_per_call_amortized":4558.7,"process_rss_kb":7100,"process_rss_delta_init_kb":540}
EVS Port1 1980-012-14:15:34.99667 66/1/CFE_TIME 20: Start FLYWHEEL
.EVS Port1 1980-012-14:15:38.65838 66/1/AI_LEARNER 4: AI_LEARNER completed=140/140 mean=12048.7us max=32815.8us hal_peak=6208 within_bounded=1
{"app":"AI_LEARNER","stage":"run","model":"b3_deepae","target":"aarch64-unknown-linux-gnu","attempted":140,"completed":140,"fail_input":0,"fail_invoke":0,"fail_output":0,"mean_us":12048.71,"max_us":32815.76,"last_us":6165.30,"out0":-34.90329,"out":[-34.903290,-19.268223,-10.719254,-6.073514,-3.169238,1.479501,-0.871328,-2.374014,-5.888675,-6.856013,-8.321491,-7.674998,-7.146251,-5.634534,-7.484629,-9.514545,-12.106692,-10.702136,-9.057628,-7.310637,-8.942656,-10.107818,-15.072726,-13.587442,-11.934404,-14.829638,-20.845142,-20.659678,-18.235455,-15.081455,-15.753881,-15.622186,-16.931751,-16.272202,-17.655043,-17.578808,-16.173872,-13.403781,-14.795506,-15.314590,-15.381740,-14.617736,-16.251841,-13.655582,-13.537686,-15.436557,-14.893420,-16.880266,-16.73
{"app":"AI_LEARNER","stage":"mem","model":"b3_deepae","target":"aarch64-unknown-linux-gnu","completed":140,"hal_peak":6208,"peak_within_bounded":true,"admitted_budget_bytes":1069632,"peak_within_admitted_budget":true,"admission_mode":"unconditional","hal_bytes_per_call_amortized":4552.2,"process_rss_kb":7100,"process_rss_delta_init_kb":540}
.EVS Port1 1980-012-14:15:42.65925 66/1/AI_LEARNER 4: AI_LEARNER completed=141/141 mean=12055.7us max=32815.8us hal_peak=6208 within_bounded=1
{"app":"AI_LEARNER","stage":"run","model":"b3_deepae","target":"aarch64-unknown-linux-gnu","attempted":141,"completed":141,"fail_input":0,"fail_invoke":0,"fail_output":0,"mean_us":12055.72,"max_us":32815.76,"last_us":13037.63,"out0":-34.90329,"out":[-34.903290,-19.268223,-10.719254,-6.073514,-3.169238,1.479501,-0.871328,-2.374014,-5.888675,-6.856013,-8.321491,-7.674998,-7.146251,-5.634534,-7.484629,-9.514545,-12.106692,-10.702136,-9.057628,-7.310637,-8.942656,-10.107818,-15.072726,-13.587442,-11.934404,-14.829638,-20.845142,-20.659678,-18.235455,-15.081455,-15.753881,-15.622186,-16.931751,-16.272202,-17.655043,-17.578808,-16.173872,-13.403781,-14.795506,-15.314590,-15.381740,-14.617736,-16.251841,-13.655582,-13.537686,-15.436557,-14.893420,-16.880266,-16.7
{"app":"AI_LEARNER","stage":"mem","model":"b3_deepae","target":"aarch64-unknown-linux-gnu","completed":141,"hal_peak":6208,"peak_within_bounded":true,"admitted_budget_bytes":1069632,"peak_within_admitted_budget":true,"admission_mode":"unconditional","hal_bytes_per_call_amortized":4545.8,"process_rss_kb":7100,"process_rss_delta_init_kb":540}
EVS Port1 1980-012-14:15:46.65592 66/1/AI_LEARNER 4: AI_LEARNER completed=142/142 mean=12031.1us max=32815.8us hal_peak=6208 within_bounded=1
{"app":"AI_LEARNER","stage":"run","model":"b3_deepae","target":"aarch64-unknown-linux-gnu","attempted":142,"completed":142,"fail_input":0,"fail_invoke":0,"fail_output":0,"mean_us":12031.08,"max_us":32815.76,"last_us":8556.22,"out0":-34.90329,"out":[-34.903290,-19.268223,-10.719254,-6.073514,-3.169238,1.479501,-0.871328,-2.374014,-5.888675,-6.856013,-8.321491,-7.674998,-7.146251,-5.634534,-7.484629,-9.514545,-12.106692,-10.702136,-9.057628,-7.310637,-8.942656,-10.107818,-15.072726,-13.587442,-11.934404,-14.829638,-20.845142,-20.659678,-18.235455,-15.081455,-15.753881,-15.622186,-16.931751,-16.272202,-17.655043,-17.578808,-16.173872,-13.403781,-14.795506,-15.314590,-15.381740,-14.617736,-16.251841,-13.655582,-13.537686,-15.436557,-14.893420,-16.880266,-16.73
{"app":"AI_LEARNER","stage":"mem","model":"b3_deepae","target":"aarch64-unknown-linux-gnu","completed":142,"hal_peak":6208,"peak_within_bounded":true,"admitted_budget_bytes":1069632,"peak_within_admitted_budget":true,"admission_mode":"unconditional","hal_bytes_per_call_amortized":4539.5,"process_rss_kb":7100,"process_rss_delta_init_kb":540}
.EVS Port1 1980-012-14:15:50.68511 66/1/AI_LEARNER 4: AI_LEARNER completed=143/143 mean=12026.8us max=32815.8us hal_peak=6208 within_bounded=1
{"app":"AI_LEARNER","stage":"run","model":"b3_deepae","target":"aarch64-unknown-linux-gnu","attempted":143,"completed":143,"fail_input":0,"fail_invoke":0,"fail_output":0,"mean_us":12026.75,"max_us":32815.76,"last_us":11412.54,"out0":-34.90329,"out":[-34.903290,-19.268223,-10.719254,-6.073514,-3.169238,1.479501,-0.871328,-2.374014,-5.888675,-6.856013,-8.321491,-7.674998,-7.146251,-5.634534,-7.484629,-9.514545,-12.106692,-10.702136,-9.057628,-7.310637,-8.942656,-10.107818,-15.072726,-13.587442,-11.934404,-14.829638,-20.845142,-20.659678,-18.235455,-15.081455,-15.753881,-15.622186,-16.931751,-16.272202,-17.655043,-17.578808,-16.173872,-13.403781,-14.795506,-15.314590,-15.381740,-14.617736,-16.251841,-13.655582,-13.537686,-15.436557,-14.893420,-16.880266,-16.7
{"app":"AI_LEARNER","stage":"mem","model":"b3_deepae","target":"aarch64-unknown-linux-gnu","completed":143,"hal_peak":6208,"peak_within_bounded":true,"admitted_budget_bytes":1069632,"peak_within_admitted_budget":true,"admission_mode":"unconditional","hal_bytes_per_call_amortized":4533.3,"process_rss_kb":7100,"process_rss_delta_init_kb":540}
.EVS Port1 1980-012-14:15:54.65702 66/1/AI_LEARNER 4: AI_LEARNER completed=144/144 mean=12006.1us max=32815.8us hal_peak=6208 within_bounded=1
{"app":"AI_LEARNER","stage":"run","model":"b3_deepae","target":"aarch64-unknown-linux-gnu","attempted":144,"completed":144,"fail_input":0,"fail_invoke":0,"fail_output":0,"mean_us":12006.07,"max_us":32815.76,"last_us":9048.62,"out0":-34.90329,"out":[-34.903290,-19.268223,-10.719254,-6.073514,-3.169238,1.479501,-0.871328,-2.374014,-5.888675,-6.856013,-8.321491,-7.674998,-7.146251,-5.634534,-7.484629,-9.514545,-12.106692,-10.702136,-9.057628,-7.310637,-8.942656,-10.107818,-15.072726,-13.587442,-11.934404,-14.829638,-20.845142,-20.659678,-18.235455,-15.081455,-15.753881,-15.622186,-16.931751,-16.272202,-17.655043,-17.578808,-16.173872,-13.403781,-14.795506,-15.314590,-15.381740,-14.617736,-16.251841,-13.655582,-13.537686,-15.436557,-14.893420,-16.880266,-16.73
{"app":"AI_LEARNER","stage":"mem","model":"b3_deepae","target":"aarch64-unknown-linux-gnu","completed":144,"hal_peak":6208,"peak_within_bounded":true,"admitted_budget_bytes":1069632,"peak_within_admitted_budget":true,"admission_mode":"unconditional","hal_bytes_per_call_amortized":4527.1,"process_rss_kb":7100,"process_rss_delta_init_kb":540}
EVS Port1 1980-012-14:15:58{"app":"AI_LEARNER","stage":"run","model":"b3_deepae","target":"aarch64-unknown-linux-gnu","attempted":145,"completed":145,"fail_input":0,"fail_invoke":0,"fail_output":0,"mean_us":11977.37,"max_us":32815.76,"last_us":7843.82,"out0":-34.90329,"out":[-34.903290,-19.268223,-10.719254,-6.073514,-3.169238,1.479501,-0.871328,-2.374014,-5.888675,-6.856013,-8.321491,-7.674998,-7.146251,-5.634534,-7.484629,-9.514545,-12.106692,-10.702136,-9.057628,-7.310637,-8.942656,-10.107818,-15.072726,-13.587442,-11.934404,-14.829638,-20.845142,-20.659678,-18.235455,-15.081455,-15.753881,-15.622186,-16.931751,-16.272202,-17.655043,-17.578808,-16.173872,-13.403781,-14.795506,-15.314590,-15.381740,-14.617736,-16.251841,-13.655582,-13.537686,-15.436557,-14.893420,-16.880266,-16.73
.66401 66/1/AI_LEARNER 4: AI_LEARNER completed=145/145 mean=11977.4us max=32815.8us hal_peak=6208 within_bounded=1
{"app":"AI_LEARNER","stage":"mem","model":"b3_deepae","target":"aarch64-unknown-linux-gnu","completed":145,"hal_peak":6208,"peak_within_bounded":true,"admitted_budget_bytes":1069632,"peak_within_admitted_budget":true,"admission_mode":"unconditional","hal_bytes_per_call_amortized":4521.0,"process_rss_kb":7100,"process_rss_delta_init_kb":540}
.EVS Port1 1980-012-14:16:02.69526 66/1/AI_LEARNER 4: AI_LEARNER completed=146/146 mean=11970.9us max=32815.8us hal_peak=6208 within_bounded=1
{"app":"AI_LEARNER","stage":"run","model":"b3_deepae","target":"aarch64-unknown-linux-gnu","attempted":146,"completed":146,"fail_input":0,"fail_invoke":0,"fail_output":0,"mean_us":11970.91,"max_us":32815.76,"last_us":11034.56,"out0":-34.90329,"out":[-34.903290,-19.268223,-10.719254,-6.073514,-3.169238,1.479501,-0.871328,-2.374014,-5.888675,-6.856013,-8.321491,-7.674998,-7.146251,-5.634534,-7.484629,-9.514545,-12.106692,-10.702136,-9.057628,-7.310637,-8.942656,-10.107818,-15.072726,-13.587442,-11.934404,-14.829638,-20.845142,-20.659678,-18.235455,-15.081455,-15.753881,-15.622186,-16.931751,-16.272202,-17.655043,-17.578808,-16.173872,-13.403781,-14.795506,-15.314590,-15.381740,-14.617736,-16.251841,-13.655582,-13.537686,-15.436557,-14.893420,-16.880266,-16.7
{"app":"AI_LEARNER","stage":"mem","model":"b3_deepae","target":"aarch64-unknown-linux-gnu","completed":146,"hal_peak":6208,"peak_within_bounded":true,"admitted_budget_bytes":1069632,"peak_within_admitted_budget":true,"admission_mode":"unconditional","hal_bytes_per_call_amortized":4515.1,"process_rss_kb":7100,"process_rss_delta_init_kb":540}
EVS Port1 1980-012-14:16:04.00395 66/1/CFE_TIME 21: Stop FLYWHEEL
EVS Port1 1980-012-14:16:05.06887 66/1/CFE_TIME 20: Start FLYWHEEL
.EVS Port1 1980-012-14:16:06.00785 66/1/CFE_TIME 21: Stop FLYWHEEL
EVS Port1 1980-012-14:16:06.66871 66/1/AI_LEARNER 4: AI_LEARNER completed=147/147 mean=11950.3us max=32815.8us hal_peak=6208 within_bounded=1
{"app":"AI_LEARNER","stage":"run","model":"b3_deepae","target":"aarch64-unknown-linux-gnu","attempted":147,"completed":147,"fail_input":0,"fail_invoke":0,"fail_output":0,"mean_us":11950.27,"max_us":32815.76,"last_us":8937.65,"out0":-34.90329,"out":[-34.903290,-19.268223,-10.719254,-6.073514,-3.169238,1.479501,-0.871328,-2.374014,-5.888675,-6.856013,-8.321491,-7.674998,-7.146251,-5.634534,-7.484629,-9.514545,-12.106692,-10.702136,-9.057628,-7.310637,-8.942656,-10.107818,-15.072726,-13.587442,-11.934404,-14.829638,-20.845142,-20.659678,-18.235455,-15.081455,-15.753881,-15.622186,-16.931751,-16.272202,-17.655043,-17.578808,-16.173872,-13.403781,-14.795506,-15.314590,-15.381740,-14.617736,-16.251841,-13.655582,-13.537686,-15.436557,-14.893420,-16.880266,-16.73
{"app":"AI_LEARNER","stage":"mem","model":"b3_deepae","target":"aarch64-unknown-linux-gnu","completed":147,"hal_peak":6208,"peak_within_bounded":true,"admitted_budget_bytes":1069632,"peak_within_admitted_budget":true,"admission_mode":"unconditional","hal_bytes_per_call_amortized":4509.2,"process_rss_kb":7100,"process_rss_delta_init_kb":540}
EVS Port1 1980-012-14:16:06.99682 66/1/CFE_TIME 20: Start FLYWHEEL
EVS Port1 1980-012-14:16:10.68228 66/1/AI_LEARNER 4: AI_LEARNER completed=148/148 mean=11952.4us max=32815.8us hal_peak=6208 within_bounded=1
{"app":"AI_LEARNER","stage":"run","model":"b3_deepae","target":"aarch64-unknown-linux-gnu","attempted":148,"completed":148,"fail_input":0,"fail_invoke":0,"fail_output":0,"mean_us":11952.41,"max_us":32815.76,"last_us":12266.27,"out0":-34.90329,"out":[-34.903290,-19.268223,-10.719254,-6.073514,-3.169238,1.479501,-0.871328,-2.374014,-5.888675,-6.856013,-8.321491,-7.674998,-7.146251,-5.634534,-7.484629,-9.514545,-12.106692,-10.702136,-9.057628,-7.310637,-8.942656,-10.107818,-15.072726,-13.587442,-11.934404,-14.829638,-20.845142,-20.659678,-18.235455,-15.081455,-15.753881,-15.622186,-16.931751,-16.272202,-17.655043,-17.578808,-16.173872,-13.403781,-14.795506,-15.314590,-15.381740,-14.617736,-16.251841,-13.655582,-13.537686,-15.436557,-14.893420,-16.880266,-16.7
{"app":"AI_LEARNER","stage":"mem","model":"b3_deepae","target":"aarch64-unknown-linux-gnu","completed":148,"hal_peak":6208,"peak_within_bounded":true,"admitted_budget_bytes":1069632,"peak_within_admitted_budget":true,"admission_mode":"unconditional","hal_bytes_per_call_amortized":4503.4,"process_rss_kb":7100,"process_rss_delta_init_kb":540}
.1980-012-14:16:13.79207 CFE_ES_RunExceptionScan: ExceptionID 0x1110001 in TaskID 0: Caught SIGINT
1980-012-14:16:13.79535 CFE_ES_RunExceptionScan: Processor Reset count not reached (1/2)
CFE_PSP: Exiting cFE with PROCESSOR Reset status.

CFE_PSP: Shutdown initiated - Exiting cFE
CI delete callback -- Closing CI Network socket.
TO delete callback -- Closing TO Network socket.
EXIT=124
