OS_BSP_Initialize():Maximum user msg queue depth = 512
CFE_PSP: Default Reset SubType = 1
CFE_PSP: Default CPU ID = 1
CFE_PSP: Default Spacecraft ID = 66
CFE_PSP: Default CPU Name: cpu1
OS_Posix_GetSchedulerParams():208:Policy 1: available, min-max: 1-99
OS_Posix_GetSchedulerParams():208:Policy 2: available, min-max: 1-99
OS_Posix_TaskAPI_Impl_Init():401:Selected policy 2 for RT tasks, root task = 99
OS_Posix_TaskAPI_Impl_Init():419:Could not setschedparam in main thread: Operation not permitted (1)
CFE_PSP: initializing module 'soft_timebase' with ID 0110ff00
CFE_PSP: Instantiated software timebase 'cFS-Master' running at 10000 usec
CFE_PSP: initializing module 'timebase_posix_clock' with ID 0110ff01
CFE_PSP: Using POSIX monotonic clock as CFE timebase
CFE_PSP: initializing module 'eeprom_mmap_file' with ID 0110ff02
CFE_PSP: Using MMAP simulated EEPROM implementation
CFE_PSP: initializing module 'port_notimpl' with ID 0110ff03
CFE_PSP: EEPROM Range (2) created: Start Address = EDAB1CFCE000, Size = 00080000 Status = 0
CFE_PSP: I/O Port access not implemented
CFE_PSP: initializing module 'iodriver' with ID 0110ff04
CFE_PSP: initializing module 'linux_sysmon' with ID 0110ff05
CFE_PSP: initializing module 'endian_api' with ID 0110ff06
CFE_PSP: Host CPU Endian=LITTLE
CFE_PSP: initializing module 'ram_notimpl' with ID 0110ff07
CFE_PSP: Physical RAM access not implemented
CFE_PSP: Starting the cFE with a POWER ON reset.
CFE_PSP: Clearing out CFE CDS Shared memory segment.
CFE_PSP: Clearing out CFE Reset Shared memory segment.
CFE_PSP: Clearing out CFE User Reserved Shared memory segment.
1980-001-01:08:52.05984 CFE_ES_SetupResetVariables: POWER ON RESET due to Power Cycle (Power Cycle).
1980-001-01:08:52.07203 CFE_ES_Main: CFE_ES_Main in EARLY_INIT state
Number of addresses returned by backtrace = 1
CFE_PSP: CFE_PSP_AttachExceptions called
1980-001-01:08:52.09662 CFE_ES_Main: CFE_ES_Main entering CORE_STARTUP state
1980-001-01:08:52.09705 CFE_ES_CreateObjects: Starting Object Creation calls.
1980-001-01:08:52.09769 CFE_ES_CreateObjects: Calling EarlyInit for CFE_CONFIG
1980-001-01:08:52.10002 CFE_ES_CreateObjects: Calling EarlyInit for CFE_ES
1980-001-01:08:52.10551 CFE_ES_CreateObjects: Calling EarlyInit for CFE_EVS
1980-001-01:08:52.10764 CFE_EVS_EarlyInit: Event Log cleared following power-on reset
1980-001-01:08:52.10833 CFE_ES_CreateObjects: Calling EarlyInit for CFE_FS
1980-001-01:08:52.10863 CFE_ES_CreateObjects: Calling EarlyInit for CFE_SB
1980-001-01:08:52.13246 CFE_ES_CreateObjects: Calling EarlyInit for CFE_TBL
1980-001-01:08:52.16373 CFE_ES_CreateObjects: Calling EarlyInit for CFE_TIME
EVS Port1 1980-012-14:03:20.09126 66/1/CFE_ES 1: cFE ES Initialized: CFE_ES v7.0.1+dev1 (Draco) DEV BUILD, based on v7.0.1, EDS disabled
EVS Port1 1980-012-14:03:20.09780 66/1/CFE_ES 2: cFS Versions: cfe v7.0.1+dev1, osal v7.0.1+dev1, psp v7.0.1+dev1. cFE chksm 31659
EVS Port1 1980-012-14:03:20.09907 66/1/CFE_ES 91: Version Info: Mission SampleMission, version git:v7.0.1-90-g78c23b0-dirty
EVS Port1 1980-012-14:03:20.09986 66/1/CFE_ES 91: Version Info: Module CORE_API, version git:2612eb0
EVS Port1 1980-012-14:03:20.10029 66/1/CFE_ES 91: Version Info: Module CONFIG, version git:2612eb0
EVS Port1 1980-012-14:03:20.10095 66/1/CFE_ES 91: Version Info: Module ES, version git:2612eb0
EVS Port1 1980-012-14:03:20.10116 66/1/CFE_ES 91: Version Info: Module EVS, version git:2612eb0
EVS Port1 1980-012-14:03:20.10130 66/1/CFE_ES 91: Version Info: Module FS, version git:2612eb0
EVS Port1 1980-012-14:03:20.10182 66/1/CFE_ES 91: Version Info: Module SB, version git:2612eb0
EVS Port1 1980-012-14:03:20.10220 66/1/CFE_ES 91: Version Info: Module TBL, version git:2612eb0
EVS Port1 1980-012-14:03:20.10284 66/1/CFE_ES 91: Version Info: Module TIME, version git:2612eb0
EVS Port1 1980-012-14:03:20.10321 66/1/CFE_ES 91: Version Info: Module OSAL, version git:8111e4a
EVS Port1 1980-012-14:03:20.10336 66/1/CFE_ES 91: Version Info: Module PSP, version git:d1da809
EVS Port1 1980-012-14:03:20.10527 66/1/CFE_ES 91: Version Info: Module MSG, version git:2612eb0
EVS Port1 1980-012-14:03:20.10719 66/1/CFE_ES 91: Version Info: Module SBR, version git:2612eb0
EVS Port1 1980-012-14:03:20.10815 66/1/CFE_ES 91: Version Info: Module RESOURCEID, version git:2612eb0
EVS Port1 1980-012-14:03:20.10919 66/1/CFE_ES 92: Build 202609111416 by root@vm, config aarch64
EVS Port1 1980-012-14:03:20.22602 66/1/CFE_EVS 1: cFE EVS Initialized: CFE_EVS v7.0.1+dev1 (Draco) DEV BUILD, based on v7.0.1, EDS disabled
1980-012-14:03:20.32822 CFE_SB_AppInit: Registered 4 events for filtering
EVS Port1 1980-012-14:03:20.33226 66/1/CFE_SB 1: cFE SB Initialized: CFE_SB v7.0.1+dev1 (Draco) DEV BUILD, based on v7.0.1, EDS disabled
EVS Port1 1980-012-14:03:20.33316 66/1/CFE_SB 14: No subscribers for MsgId 0x808,sender CFE_SB
EVS Port1 1980-012-14:03:20.43940 66/1/CFE_TBL 1: cFE TBL Initialized: CFE_TBL v7.0.1+dev1 (Draco) DEV BUILD, based on v7.0.1, EDS disabled
EVS Port1 1980-012-14:03:20.44038 66/1/CFE_SB 14: No subscribers for MsgId 0x808,sender CFE_TBL
EVS Port1 1980-012-14:03:20.55383 66/1/CFE_TIME 1: cFE TIME Initialized: CFE_TIME v7.0.1+dev1 (Draco) DEV BUILD, based on v7.0.1, EDS disabled
EVS Port1 1980-012-14:03:20.55488 66/1/CFE_SB 14: No subscribers for MsgId 0x808,sender CFE_TIME
1980-012-14:03:20.58699 CFE_ES_CreateObjects: Finished ES CreateObject table entries.
1980-012-14:03:20.58735 CFE_ES_Main: CFE_ES_Main entering CORE_READY state
1980-012-14:03:20.59728 CFE_ES_OpenStartupScript: Opened ES App Startup file: /cf/cfe_es_startup.scr
1980-012-14:03:20.63702 CFE_ES_ParseFileEntry: Loading shared library: /cf/cfe_assert.so
1980-012-14:03:20.65570 [BEGIN] CFE FUNCTIONAL TEST
1980-012-14:03:20.65693 [BEGIN] 01 CFE-STARTUP
1980-012-14:03:20.69638 CFE_ES_ParseFileEntry: Loading shared library: /cf/sample_lib.so
SAMPLE Lib Initialized.Sample Lib v7.0.0+dev1 (Draco) DEV BUILD, based on v7.0.1, EDS disabled
1980-012-14:03:20.75582 CFE_ES_ParseFileEntry: Loading file: /cf/sch_lab.so, APP: SCH_LAB
1980-012-14:03:20.80277 CFE_ES_ParseFileEntry: Loading file: /cf/ci_lab.so, APP: CI_LAB
SCH Lab Initialized.SCH Lab v7.0.1+dev1 (Draco) DEV BUILD, based on v7.0.1, EDS disabled
1980-012-14:03:20.84820 CFE_ES_ParseFileEntry: Loading file: /cf/to_lab.so, APP: TO_LAB
1980-012-14:03:20.89784 CFE_ES_ParseFileEntry: Loading file: /cf/sample_app.so, APP: SAMPLE_APP
EVS Port1 1980-012-14:03:20.95597 66/1/TO_LAB 1: TO Lab Initialized.TO Lab v7.0.1+dev1 (Draco) DEV BUILD, based on v7.0.1, EDS disabled, Awaiting enable command.
EVS Port1 1980-012-14:03:20.95916 66/1/CFE_SB 14: No subscribers for MsgId 0x808,sender TO_LAB
EVS Port1 1980-012-14:03:21.01097 66/1/SAMPLE_APP 1: Sample App Initialized.Sample App v7.0.0+dev1 (Draco) DEV BUILD, based on v7.0.1, EDS disabled
1980-012-14:03:21.01428 CI_LAB listening on UDP port: 1234
EVS Port1 1980-012-14:03:21.01506 66/1/CI_LAB 3: CI Lab Initialized.CI Lab App v7.0.1+dev1 (Draco) DEV BUILD, based on v7.0.1, EDS disabled
1980-012-14:03:21.02228 CFE_ES_ParseFileEntry: Loading file: /cf/ai_learner.so, APP: AI_LEARNER
1980-012-14:03:21.07205 CFE_ES_ParseFileEntry: Loading file: /cf/lc.so, APP: LC
{"app":"AI_LEARNER","stage":"build_config","model":"smartcam","allow_conditional_map":0,"contract_bounded_bytes":18222796,"contract_per_call_bytes":9382092,"contract_const_bytes":8840704,"contract_bound_known":true,"contract_artifact_sha256":"ecffe6e0bcbadf51c8482c73ab147e91fa857927d1183955e03a3257041c78f1"}
1980-012-14:03:21.10615 CFE_ES_ParseFileEntry: Loading file: /cf/cf.so, APP: CF
{"app":"AI_LEARNER","stage":"stack","es_stack_size":264063,"stack_base_bytes":262144,"contract_kernel_stack_bytes":1919,"kernel_stack_accounted":true}
EVS Port1 1980-012-14:03:21.11083 66/1/AI_LEARNER 8: AI_LEARNER stack: es=264063 base=262144 kernel=1919 accounted=1
{"app":"AI_LEARNER","stage":"admission","verdict":"ADMIT","model":"smartcam","target":"aarch64-unknown-linux-gnu","bounded":18222796,"budget":18222796,"budget_source":"override","per_call":9382092,"constants":8840704,"kernel_stack_bytes":1919,"bound_known":true,"scope":"per_app_local_budget"}
1980-012-14:03:21.13910 CFE_ES_ParseFileEntry: Loading file: /cf/ds.so, APP: DS
EVS Port1 1980-012-14:03:21.15312 66/1/LC 56: WDT verify results: good = 0, bad = 0, unused = 176
EVS Port1 1980-012-14:03:21.16340 66/1/LC 66: ADT verify results: good = 0, bad = 0, unused = 176
EVS Port1 1980-012-14:03:21.17123 66/1/LC 23: LC use of Critical Data Store disabled, activity mask = 0x00991990
EVS Port1 1980-012-14:03:21.17526 66/1/LC 2: LC Initialized. Version 7.0.1.255
EVS Port1 1980-012-14:03:21.20886 66/1/CF 20: CF Initialized. Version 7.0.1.255
1980-012-14:03:21.21500 CFE_ES_ParseFileEntry: Loading file: /cf/fm.so, APP: FM
EVS Port1 1980-012-14:03:21.23396 66/1/DS 10: Destination file table verify results: good entries = 6, bad = 0, unused = 10
EVS Port1 1980-012-14:03:21.24191 66/1/DS 12: Filter table verify results: good entries = 14, bad = 0, unused = 242
EVS Port1 1980-012-14:03:21.25189 66/1/DS 1: Application initialized, version 7.0.1.255, data at 0xedab1c7b0460
1980-012-14:03:21.27725 CFE_ES_ParseFileEntry: Loading file: /cf/hk.so, APP: HK
EVS Port1 1980-012-14:03:21.32241 66/1/FM 80: Free Space Table verify results: good entries = 3, bad = 0, unused = 5
EVS Port1 1980-012-14:03:21.34524 66/1/FM 1: Initialization complete: version 7.0.1.255
1980-012-14:03:21.35438 CFE_ES_ParseFileEntry: Loading file: /cf/hs.so, APP: HS
EVS Port1 1980-012-14:03:21.38432 66/1/HK 1: HK Initialized.  Version 7.0.1.255
EVS Port1 1980-012-14:03:21.39881 66/1/FM 72: Child Task initialization complete
1980-012-14:03:21.41692 CFE_ES_ParseFileEntry: Loading file: /cf/mm.so, APP: MM
1980-012-14:03:21.46098 CFE_ES_ParseFileEntry: Loading file: /cf/sc.so, APP: SC
EVS Port1 1980-012-14:03:21.46182 66/1/HS 54: ExeCount verify results: good = 5, bad = 0, unused = 27
EVS Port1 1980-012-14:03:21.47499 66/1/HS 50: AppMon verify results: good = 0, bad = 0, unused = 32
EVS Port1 1980-012-14:03:21.48619 66/1/HS 52: EventMon verify results: good = 0, bad = 0, unused = 16
EVS Port1 1980-012-14:03:21.49507 66/1/MM 1: MM Initialized. Version 7.0.1.255
EVS Port1 1980-012-14:03:21.50019 66/1/HS 56: MsgActs verify results: good = 2, bad = 0, unused = 6
1980-012-14:03:21.50701 HS_SysMonInit(): System Monitor using PSP device ID 0110ff05
1980-012-14:03:21.52196 CFE_ES_ParseFileEntry: Loading file: /cf/md.so, APP: MD
CFE_PSP(Linux_SysMon): Started CPU utilization monitoring on 2 CPU(s)
EVS Port1 1980-012-14:03:21.54005 66/1/HS 1: HS Initialized.  Version 7.0.1.255
EVS Port1 1980-012-14:03:21.57015 66/1/SC 21: RTS table files not loaded at initialization = 0 of 4
EVS Port1 1980-012-14:03:21.57609 66/1/SC 9: SC Initialized. Version 7.0.1.255
1980-012-14:03:21.59419 CFE_ES_ParseFileEntry: Loading file: /cf/cs.so, APP: CS
EVS Port1 1980-012-14:03:21.62089 66/1/MD 52: MD Dwell Tbl verify results: good = 0, bad = 0, unused = 25
EVS Port1 1980-012-14:03:21.63603 66/1/MD 52: MD Dwell Tbl verify results: good = 0, bad = 0, unused = 25
EVS Port1 1980-012-14:03:21.64735 66/1/MD 52: MD Dwell Tbl verify results: good = 0, bad = 0, unused = 25
EVS Port1 1980-012-14:03:21.65501 66/1/MD 52: MD Dwell Tbl verify results: good = 0, bad = 0, unused = 25
EVS Port1 1980-012-14:03:21.65882 66/1/MD 7: Dwell Tables Recovered: 0, Dwell Tables Initialized: 4
EVS Port1 1980-012-14:03:21.66001 66/1/MD 1: MD Initialized.  Version 7.0.1.255
EVS Port1 1980-012-14:03:21.69779 66/1/CS 144: CS EEPROM Table verification results: good = 0, bad = 0, unused = 16
EVS Port1 1980-012-14:03:21.70034 66/1/CS 107: CS EEPROM Table: No valid entries in the table
EVS Port1 1980-012-14:03:21.70899 66/1/CS 143: CS Memory Table verification results: good = 0, bad = 0, unused = 16
EVS Port1 1980-012-14:03:21.71096 66/1/CS 107: CS Memory Table: No valid entries in the table
EVS Port1 1980-012-14:03:21.71937 66/1/CS 139: CS Tables Table verification results: good = 1, bad = 0, unused = 23
EVS Port1 1980-012-14:03:21.72772 66/1/CS 142: CS Apps Table verification results: good = 0, bad = 0, unused = 24
EVS Port1 1980-012-14:03:21.72935 66/1/CS 108: CS Apps Table: No valid entries in the table
EVS Port1 1980-012-14:03:21.73294 66/1/CS 127: OS Text Segment disabled due to platform
EVS Port1 1980-012-14:03:21.73715 66/1/CS 1: CS Initialized. Version 7.0.1.255
EVS Port1 1980-012-14:03:22.00599 66/1/CFE_TIME 21: Stop FLYWHEEL
1980-012-14:03:22.60264 CFE_ES_Main: Startup Sync failed - Applications may not have all initialized
1980-012-14:03:22.60309 CFE_ES_Main: CFE_ES_Main entering APPS_INIT state
{"app":"AI_LEARNER","stage":"binding","verdict":"MATCH","artifact_bytes":8991281,"artifact_sha256":"ecffe6e0bcbadf51","contract_sha256":"ecffe6e0bcbadf51"}
{"app":"AI_LEARNER","stage":"map_branch","model":"smartcam","module_ptr_mod64":0,"hal_peak_after_append":0,"contract_const_bytes":8840704,"contract_per_call_bytes":9382092,"arm":"map","admission_mode":"unconditional"}
{"app":"AI_LEARNER","stage":"mem_init","model":"smartcam","target":"aarch64-unknown-linux-gnu","hal_peak":602112,"hal_allocated":602112,"bounded":18222796,"peak_within_bounded":true,"inferences_so_far":0,"process_rss_kb":17160,"rss_kb_before_runtime":15420,"rss_kb_after_session":15708,"rss_kb_after_init":17160}
1980-012-14:03:23.63024 CFE_ES_Main: Startup Sync failed - Applications may not have all started
1980-012-14:03:23.63104 CFE_ES_Main: CFE_ES_Main entering OPERATIONAL state
EVS Port1 1980-012-14:03:23.68714 66/1/TO_LAB 19: L550 TO Lab subscribed to 32 messages from the table
.EVS Port1 1980-012-14:03:31.00451 66/1/CFE_TIME 21: Stop FLYWHEEL
EVS Port1 1980-012-14:03:32.00003 66/1/CFE_TIME 20: Start FLYWHEEL
..........EVS Port1 1980-012-14:04:30.00395 66/1/CFE_TIME 21: Stop FLYWHEEL
EVS Port1 1980-012-14:04:31.02915 66/1/CFE_TIME 20: Start FLYWHEEL
EVS Port1 1980-012-14:04:32.00346 66/1/CFE_TIME 21: Stop FLYWHEEL
EVS Port1 1980-012-14:04:33.00259 66/1/CFE_TIME 20: Start FLYWHEEL
.....EVS Port1 1980-012-14:05:00.00370 66/1/CFE_TIME 21: Stop FLYWHEEL
EVS Port1 1980-012-14:05:00.99870 66/1/CFE_TIME 20: Start FLYWHEEL
.....EVS Port1 1980-012-14:05:30.00569 66/1/CFE_TIME 21: Stop FLYWHEEL
EVS Port1 1980-012-14:05:30.99731 66/1/CFE_TIME 20: Start FLYWHEEL
.EVS Port1 1980-012-14:05:37.00515 66/1/CFE_TIME 21: Stop FLYWHEEL
EVS Port1 1980-012-14:05:38.00434 66/1/CFE_TIME 20: Start FLYWHEEL
EVS Port1 1980-012-14:05:39.99810 66/1/CFE_TIME 20: Start FLYWHEEL
EVS Port1 1980-012-14:05:40.00733 66/1/CFE_TIME 21: Stop FLYWHEEL
..{"app":"AI_LEARNER","stage":"e25_equivalence","inputs":19,"completed":19,"model":"smartcam","target":"aarch64-unknown-linux-gnu","artifact_sha256":"ecffe6e0bcbadf51..."}
EVS Port1 1980-012-14:05:50.75793 66/1/AI_LEARNER 4: AI_LEARNER: E25 equivalence 19/19 inferences written
{"app":"AI_LEARNER","stage":"e25_mode","active":true,"inputs_path":"/cf/e25_inputs.bin"}
EVS Port1 1980-012-14:05:50.76252 66/1/AI_LEARNER 3: AI_LEARNER initialized: model smartcam (8991281 B), rss_delta_init=1740 KB
..EVS Port1 1980-012-14:06:00.00366 66/1/CFE_TIME 21: Stop FLYWHEEL
EVS Port1 1980-012-14:06:00.99493 66/1/CFE_TIME 20: Start FLYWHEEL
EVS Port1 1980-012-14:06:01.25332 66/1/AI_LEARNER 4: AI_LEARNER completed=1/1 mean=7578918.1us max=7578918.1us hal_peak=9382092 within_bounded=1
{"app":"AI_LEARNER","stage":"run","model":"smartcam","target":"aarch64-unknown-linux-gnu","attempted":1,"completed":1,"fail_input":0,"fail_invoke":0,"fail_output":0,"mean_us":7578918.13,"max_us":7578918.13,"last_us":7578918.13,"out0":0.84148,"out":[0.841482,0.111485,0.047032]}
{"app":"AI_LEARNER","stage":"mem","model":"smartcam","target":"aarch64-unknown-linux-gnu","completed":1,"hal_peak":9382092,"peak_within_bounded":true,"admitted_budget_bytes":18222796,"peak_within_admitted_budget":true,"admission_mode":"unconditional","hal_bytes_per_call_amortized":176201712.0,"process_rss_kb":26372,"process_rss_delta_init_kb":1740}
.EVS Port1 1980-012-14:06:09.00350 66/1/AI_LEARNER 4: AI_LEARNER completed=2/2 mean=7655636.5us max=7732354.9us hal_peak=9382092 within_bounded=1
{"app":"AI_LEARNER","stage":"run","model":"smartcam","target":"aarch64-unknown-linux-gnu","attempted":2,"completed":2,"fail_input":0,"fail_invoke":0,"fail_output":0,"mean_us":7655636.51,"max_us":7732354.90,"last_us":7732354.90,"out0":0.84148,"out":[0.841482,0.111485,0.047032]}
{"app":"AI_LEARNER","stage":"mem","model":"smartcam","target":"aarch64-unknown-linux-gnu","completed":2,"hal_peak":9382092,"peak_within_bounded":true,"admitted_budget_bytes":18222796,"peak_within_admitted_budget":true,"admission_mode":"unconditional","hal_bytes_per_call_amortized":92490846.0,"process_rss_kb":26376,"process_rss_delta_init_kb":1740}
.EVS Port1 1980-012-14:06:16.93272 66/1/AI_LEARNER 4: AI_LEARNER completed=3/3 mean=7748628.5us max=7934612.6us hal_peak=9382092 within_bounded=1
{"app":"AI_LEARNER","stage":"run","model":"smartcam","target":"aarch64-unknown-linux-gnu","attempted":3,"completed":3,"fail_input":0,"fail_invoke":0,"fail_output":0,"mean_us":7748628.53,"max_us":7934612.56,"last_us":7934612.56,"out0":0.84148,"out":[0.841482,0.111485,0.047032]}
{"app":"AI_LEARNER","stage":"mem","model":"smartcam","target":"aarch64-unknown-linux-gnu","completed":3,"hal_peak":9382092,"peak_within_bounded":true,"admitted_budget_bytes":18222796,"peak_within_admitted_budget":true,"admission_mode":"unconditional","hal_bytes_per_call_amortized":64587224.0,"process_rss_kb":26376,"process_rss_delta_init_kb":1740}
..EVS Port1 1980-012-14:06:25.03695 66/1/AI_LEARNER 4: AI_LEARNER completed=4/4 mean=7838100.1us max=8106515.0us hal_peak=9382092 within_bounded=1
{"app":"AI_LEARNER","stage":"run","model":"smartcam","target":"aarch64-unknown-linux-gnu","attempted":4,"completed":4,"fail_input":0,"fail_invoke":0,"fail_output":0,"mean_us":7838100.14,"max_us":8106514.99,"last_us":8106514.99,"out0":0.84148,"out":[0.841482,0.111485,0.047032]}
{"app":"AI_LEARNER","stage":"mem","model":"smartcam","target":"aarch64-unknown-linux-gnu","completed":4,"hal_peak":9382092,"peak_within_bounded":true,"admitted_budget_bytes":18222796,"peak_within_admitted_budget":true,"admission_mode":"unconditional","hal_bytes_per_call_amortized":50635413.0,"process_rss_kb":26376,"process_rss_delta_init_kb":1740}
.EVS Port1 1980-012-14:06:29.72680 66/1/CFE_SB 17: Msg Limit Err,MsgId 0x800,pipe AI_LEARNER_PIPE,sender CFE_ES
EVS Port1 1980-012-14:06:30.00486 66/1/CFE_TIME 21: Stop FLYWHEEL
EVS Port1 1980-012-14:06:30.99223 66/1/CFE_TIME 20: Start FLYWHEEL
{"app":"AI_LEARNER","stage":"run","model":"smartcam","target":"aarch64-unknown-linux-gnu","attempted":5,"completed":5,"fail_input":0,"fail_invoke":0,"fail_output":0,"mean_us":7869489.97,"max_us":8106514.99,"last_us":7995049.28,"out0":0.84148,"out":[0.841482,0.111485,0.047032]}
EVS Port1 1980-012-14:06:33.00613 66/1/AI_LEARNER 4: AI_LEARNER completed=5/5 mean=7869490.0us max=8106515.0us hal_peak=9382092 within_bounded=1
{"app":"AI_LEARNER","stage":"mem","model":"smartcam","target":"aarch64-unknown-linux-gnu","completed":5,"hal_peak":9382092,"peak_within_bounded":true,"admitted_budget_bytes":18222796,"peak_within_admitted_budget":true,"admission_mode":"unconditional","hal_bytes_per_call_amortized":42264326.4,"process_rss_kb":26376,"process_rss_delta_init_kb":1740}
.EVS Port1 1980-012-14:06:37.70646 66/1/CFE_SB 17: Msg Limit Err,MsgId 0x800,pipe AI_LEARNER_PIPE,sender CFE_ES
EVS Port1 1980-012-14:06:40.82254 66/1/AI_LEARNER 4: AI_LEARNER completed=6/6 mean=7860081.6us max=8106515.0us hal_peak=9382092 within_bounded=1
{"app":"AI_LEARNER","stage":"run","model":"smartcam","target":"aarch64-unknown-linux-gnu","attempted":6,"completed":6,"fail_input":0,"fail_invoke":0,"fail_output":0,"mean_us":7860081.62,"max_us":8106514.99,"last_us":7813039.84,"out0":0.84148,"out":[0.841482,0.111485,0.047032]}
{"app":"AI_LEARNER","stage":"mem","model":"smartcam","target":"aarch64-unknown-linux-gnu","completed":6,"hal_peak":9382092,"peak_within_bounded":true,"admitted_budget_bytes":18222796,"peak_within_admitted_budget":true,"admission_mode":"unconditional","hal_bytes_per_call_amortized":36683602.0,"process_rss_kb":26376,"process_rss_delta_init_kb":1740}
.EVS Port1 1980-012-14:06:45.69441 66/1/CFE_SB 17: Msg Limit Err,MsgId 0x800,pipe AI_LEARNER_PIPE,sender CFE_ES
.EVS Port1 1980-012-14:06:48.45219 66/1/AI_LEARNER 4: AI_LEARNER completed=7/7 mean=7827229.1us max=8106515.0us hal_peak=9382092 within_bounded=1
{"app":"AI_LEARNER","stage":"run","model":"smartcam","target":"aarch64-unknown-linux-gnu","attempted":7,"completed":7,"fail_input":0,"fail_invoke":0,"fail_output":0,"mean_us":7827229.11,"max_us":8106514.99,"last_us":7630114.08,"out0":0.84148,"out":[0.841482,0.111485,0.047032]}
{"app":"AI_LEARNER","stage":"mem","model":"smartcam","target":"aarch64-unknown-linux-gnu","completed":7,"hal_peak":9382092,"peak_within_bounded":true,"admitted_budget_bytes":18222796,"peak_within_admitted_budget":true,"admission_mode":"unconditional","hal_bytes_per_call_amortized":32697370.3,"process_rss_kb":26376,"process_rss_delta_init_kb":1740}
.EVS Port1 1980-012-14:06:53.69198 66/1/CFE_SB 17: Msg Limit Err,MsgId 0x800,pipe AI_LEARNER_PIPE,sender CFE_ES
{"app":"AI_LEARNER","stage":"run","model":"smartcam","target":"aarch64-unknown-linux-gnu","attempted":8,"completed":8,"fail_input":0,"fail_invoke":0,"fail_output":0,"mean_us":7812606.55,"max_us":8106514.99,"last_us":7710248.62,"out0":0.84148,"out":[0.841482,0.111485,0.047032]}
EVS Port1 1980-012-14:06:56.18576 66/1/AI_LEARNER 4: AI_LEARNER completed=8/8 mean=7812606.5us max=8106515.0us hal_peak=9382092 within_bounded=1
{"app":"AI_LEARNER","stage":"mem","model":"smartcam","target":"aarch64-unknown-linux-gnu","completed":8,"hal_peak":9382092,"peak_within_bounded":true,"admitted_budget_bytes":18222796,"peak_within_admitted_budget":true,"admission_mode":"unconditional","hal_bytes_per_call_amortized":29707696.5,"process_rss_kb":26376,"process_rss_delta_init_kb":1740}
.EVS Port1 1980-012-14:07:00.00370 66/1/CFE_TIME 21: Stop FLYWHEEL
EVS Port1 1980-012-14:07:00.99995 66/1/CFE_TIME 20: Start FLYWHEEL
EVS Port1 1980-012-14:07:01.73307 66/1/CFE_SB 17: Msg Limit Err,MsgId 0x800,pipe AI_LEARNER_PIPE,sender CFE_ES
EVS Port1 1980-012-14:07:03.53405 66/1/AI_LEARNER 4: AI_LEARNER completed=9/9 mean=7766929.7us max=8106515.0us hal_peak=9382092 within_bounded=1
{"app":"AI_LEARNER","stage":"run","model":"smartcam","target":"aarch64-unknown-linux-gnu","attempted":9,"completed":9,"fail_input":0,"fail_invoke":0,"fail_output":0,"mean_us":7766929.75,"max_us":8106514.99,"last_us":7401515.31,"out0":0.84148,"out":[0.841482,0.111485,0.047032]}
{"app":"AI_LEARNER","stage":"mem","model":"smartcam","target":"aarch64-unknown-linux-gnu","completed":9,"hal_peak":9382092,"peak_within_bounded":true,"admitted_budget_bytes":18222796,"peak_within_admitted_budget":true,"admission_mode":"unconditional","hal_bytes_per_call_amortized":27382394.7,"process_rss_kb":26376,"process_rss_delta_init_kb":1740}
.EVS Port1 1980-012-14:07:09.70458 66/1/CFE_SB 17: Msg Limit Err,MsgId 0x800,pipe AI_LEARNER_PIPE,sender CFE_ES
EVS Port1 1980-012-14:07:11.02700 66/1/AI_LEARNER 4: AI_LEARNER completed=10/10 mean=7738367.7us max=8106515.0us hal_peak=9382092 within_bounded=1
{"app":"AI_LEARNER","stage":"run","model":"smartcam","target":"aarch64-unknown-linux-gnu","attempted":10,"completed":10,"fail_input":0,"fail_invoke":0,"fail_output":0,"mean_us":7738367.71,"max_us":8106514.99,"last_us":7481309.38,"out0":0.84148,"out":[0.841482,0.111485,0.047032]}
{"app":"AI_LEARNER","stage":"mem","model":"smartcam","target":"aarch64-unknown-linux-gnu","completed":10,"hal_peak":9382092,"peak_within_bounded":true,"admitted_budget_bytes":18222796,"peak_within_admitted_budget":true,"admission_mode":"unconditional","hal_bytes_per_call_amortized":25522153.2,"process_rss_kb":26376,"process_rss_delta_init_kb":1740}
..EVS Port1 1980-012-14:07:17.69705 66/1/CFE_SB 17: Msg Limit Err,MsgId 0x800,pipe AI_LEARNER_PIPE,sender CFE_ES
{"app":"AI_LEARNER","stage":"run","model":"smartcam","target":"aarch64-unknown-linux-gnu","attempted":11,"completed":11,"fail_input":0,"fail_invoke":0,"fail_output":0,"mean_us":7721328.38,"max_us":8106514.99,"last_us":7550935.14,"out0":0.84148,"out":[0.841482,0.111485,0.047032]}
EVS Port1 1980-012-14:07:18.59532 66/1/AI_LEARNER 4: AI_LEARNER completed=11/11 mean=7721328.4us max=8106515.0us hal_peak=9382092 within_bounded=1
{"app":"AI_LEARNER","stage":"mem","model":"smartcam","target":"aarch64-unknown-linux-gnu","completed":11,"hal_peak":9382092,"peak_within_bounded":true,"admitted_budget_bytes":18222796,"peak_within_admitted_budget":true,"admission_mode":"unconditional","hal_bytes_per_call_amortized":24000137.5,"process_rss_kb":26376,"process_rss_delta_init_kb":1740}
.EVS Port1 1980-012-14:07:25.69264 66/1/CFE_SB 17: Msg Limit Err,MsgId 0x800,pipe AI_LEARNER_PIPE,sender CFE_ES
EVS Port1 1980-012-14:07:26.34750 66/1/AI_LEARNER 4: AI_LEARNER completed=12/12 mean=7722596.3us max=8106515.0us hal_peak=9382092 within_bounded=1
{"app":"AI_LEARNER","stage":"run","model":"smartcam","target":"aarch64-unknown-linux-gnu","attempted":12,"completed":12,"fail_input":0,"fail_invoke":0,"fail_output":0,"mean_us":7722596.29,"max_us":8106514.99,"last_us":7736543.23,"out0":0.84148,"out":[0.841482,0.111485,0.047032]}
{"app":"AI_LEARNER","stage":"mem","model":"smartcam","target":"aarch64-unknown-linux-gnu","completed":12,"hal_peak":9382092,"peak_within_bounded":true,"admitted_budget_bytes":18222796,"peak_within_admitted_budget":true,"admission_mode":"unconditional","hal_bytes_per_call_amortized":22731791.0,"process_rss_kb":26376,"process_rss_delta_init_kb":1740}
.EVS Port1 1980-012-14:07:32.00396 66/1/CFE_TIME 21: Stop FLYWHEEL
EVS Port1 1980-012-14:07:33.00004 66/1/CFE_TIME 20: Start FLYWHEEL
EVS Port1 1980-012-14:07:33.67919 66/1/CFE_SB 17: Msg Limit Err,MsgId 0x800,pipe AI_LEARNER_PIPE,sender CFE_ES
EVS Port1 1980-012-14:07:33.95654 66/1/AI_LEARNER 4: AI_LEARNER completed=13/13 mean=7717992.0us max=8106515.0us hal_peak=9382092 within_bounded=1
{"app":"AI_LEARNER","stage":"run","model":"smartcam","target":"aarch64-unknown-linux-gnu","attempted":13,"completed":13,"fail_input":0,"fail_invoke":0,"fail_output":0,"mean_us":7717992.02,"max_us":8106514.99,"last_us":7662740.86,"out0":0.84148,"out":[0.841482,0.111485,0.047032]}
{"app":"AI_LEARNER","stage":"mem","model":"smartcam","target":"aarch64-unknown-linux-gnu","completed":13,"hal_peak":9382092,"peak_within_bounded":true,"admitted_budget_bytes":18222796,"peak_within_admitted_budget":true,"admission_mode":"unconditional","hal_bytes_per_call_amortized":21658574.8,"process_rss_kb":26376,"process_rss_delta_init_kb":1740}
..EVS Port1 1980-012-14:07:41.68998 66/1/CFE_SB 17: Msg Limit Err,MsgId 0x800,pipe AI_LEARNER_PIPE,sender CFE_ES
EVS Port1 1980-012-14:07:42.02296 66/1/AI_LEARNER 4: AI_LEARNER completed=14/14 mean=7742680.9us max=8106515.0us hal_peak=9382092 within_bounded=1
{"app":"AI_LEARNER","stage":"run","model":"smartcam","target":"aarch64-unknown-linux-gnu","attempted":14,"completed":14,"fail_input":0,"fail_invoke":0,"fail_output":0,"mean_us":7742680.88,"max_us":8106514.99,"last_us":8063635.95,"out0":0.84148,"out":[0.841482,0.111485,0.047032]}
{"app":"AI_LEARNER","stage":"mem","model":"smartcam","target":"aarch64-unknown-linux-gnu","completed":14,"hal_peak":9382092,"peak_within_bounded":true,"admitted_budget_bytes":18222796,"peak_within_admitted_budget":true,"admission_mode":"unconditional","hal_bytes_per_call_amortized":20738675.1,"process_rss_kb":26376,"process_rss_delta_init_kb":1740}
.EVS Port1 1980-012-14:07:49.69772 66/1/CFE_SB 17: Msg Limit Err,MsgId 0x800,pipe AI_LEARNER_PIPE,sender CFE_ES
{"app":"AI_LEARNER","stage":"run","model":"smartcam","target":"aarch64-unknown-linux-gnu","attempted":15,"completed":15,"fail_input":0,"fail_invoke":0,"fail_output":0,"mean_us":7773960.32,"max_us":8211872.46,"last_us":8211872.46,"out0":0.84148,"out":[0.841482,0.111485,0.047032]}
EVS Port1 1980-012-14:07:50.22904 66/1/AI_LEARNER 4: AI_LEARNER completed=15/15 mean=7773960.3us max=8211872.5us hal_peak=9382092 within_bounded=1
{"app":"AI_LEARNER","stage":"mem","model":"smartcam","target":"aarch64-unknown-linux-gnu","completed":15,"hal_peak":9382092,"peak_within_bounded":true,"admitted_budget_bytes":18222796,"peak_within_admitted_budget":true,"admission_mode":"unconditional","hal_bytes_per_call_amortized":19941428.8,"process_rss_kb":26376,"process_rss_delta_init_kb":1740}
.EVS Port1 1980-012-14:07:57.69873 66/1/CFE_SB 17: Msg Limit Err,MsgId 0x800,pipe AI_LEARNER_PIPE,sender CFE_ES
EVS Port1 1980-012-14:07:57.97390 66/1/AI_LEARNER 4: AI_LEARNER completed=16/16 mean=7772395.0us max=8211872.5us hal_peak=9382092 within_bounded=1
{"app":"AI_LEARNER","stage":"run","model":"smartcam","target":"aarch64-unknown-linux-gnu","attempted":16,"completed":16,"fail_input":0,"fail_invoke":0,"fail_output":0,"mean_us":7772394.95,"max_us":8211872.46,"last_us":7748914.53,"out0":0.84148,"out":[0.841482,0.111485,0.047032]}
{"app":"AI_LEARNER","stage":"mem","model":"smartcam","target":"aarch64-unknown-linux-gnu","completed":16,"hal_peak":9382092,"peak_within_bounded":true,"admitted_budget_bytes":18222796,"peak_within_admitted_budget":true,"admission_mode":"unconditional","hal_bytes_per_call_amortized":19243838.2,"process_rss_kb":26376,"process_rss_delta_init_kb":1740}
EVS Port1 1980-012-14:07:59.00721 66/1/CFE_TIME 21: Stop FLYWHEEL
.EVS Port1 1980-012-14:07:59.97721 66/1/CFE_TIME 20: Start FLYWHEEL
.EVS Port1 1980-012-14:08:05.69607 66/1/CFE_SB 17: Msg Limit Err,MsgId 0x800,pipe AI_LEARNER_PIPE,sender CFE_ES
EVS Port1 1980-012-14:08:05.70315 66/1/AI_LEARNER 4: AI_LEARNER completed=17/17 mean=7772836.6us max=8211872.5us hal_peak=9382092 within_bounded=1
{"app":"AI_LEARNER","stage":"run","model":"smartcam","target":"aarch64-unknown-linux-gnu","attempted":17,"completed":17,"fail_input":0,"fail_invoke":0,"fail_output":0,"mean_us":7772836.55,"max_us":8211872.46,"last_us":7779902.16,"out0":0.84148,"out":[0.841482,0.111485,0.047032]}
{"app":"AI_LEARNER","stage":"mem","model":"smartcam","target":"aarch64-unknown-linux-gnu","completed":17,"hal_peak":9382092,"peak_within_bounded":true,"admitted_budget_bytes":18222796,"peak_within_admitted_budget":true,"admission_mode":"unconditional","hal_bytes_per_call_amortized":18628317.2,"process_rss_kb":26376,"process_rss_delta_init_kb":1740}
.{"app":"AI_LEARNER","stage":"run","model":"smartcam","target":"aarch64-unknown-linux-gnu","attempted":18,"completed":18,"fail_input":0,"fail_invoke":0,"fail_output":0,"mean_us":7764903.36,"max_us":8211872.46,"last_us":7630039.02,"out0":0.84148,"out":[0.841482,0.111485,0.047032]}
EVS Port1 1980-012-14:08:13.34764 66/1/AI_LEARNER 4: AI_LEARNER completed=18/18 mean=7764903.4us max=8211872.5us hal_peak=9382092 within_bounded=1
{"app":"AI_LEARNER","stage":"mem","model":"smartcam","target":"aarch64-unknown-linux-gnu","completed":18,"hal_peak":9382092,"peak_within_bounded":true,"admitted_budget_bytes":18222796,"peak_within_admitted_budget":true,"admission_mode":"unconditional","hal_bytes_per_call_amortized":18081187.3,"process_rss_kb":26376,"process_rss_delta_init_kb":1740}
.EVS Port1 1980-012-14:08:17.70027 66/1/CFE_SB 17: Msg Limit Err,MsgId 0x800,pipe AI_LEARNER_PIPE,sender CFE_ES
{"app":"AI_LEARNER","stage":"run","model":"smartcam","target":"aarch64-unknown-linux-gnu","attempted":19,"completed":19,"fail_input":0,"fail_invoke":0,"fail_output":0,"mean_us":7751267.69,"max_us":8211872.46,"last_us":7505825.60,"out0":0.84148,"out":[0.841482,0.111485,0.047032]}
{"app":"AI_LEARNER","stage":"mem","model":"smartcam","target":"aarch64-unknown-linux-gnu","completed":19,"hal_peak":9382092,"peak_within_bounded":true,"admitted_budget_bytes":18222796,"peak_within_admitted_budget":true,"admission_mode":"unconditional","hal_bytes_per_call_amortized":17591650.1,"process_rss_kb":26376,"process_rss_delta_init_kb":1740}
EVS Port1 1980-012-14:08:20.84590 66/1/AI_LEARNER 4: AI_LEARNER completed=19/19 mean=7751267.7us max=8211872.5us hal_peak=9382092 within_bounded=1
.EVS Port1 1980-012-14:08:25.70288 66/1/CFE_SB 17: Msg Limit Err,MsgId 0x800,pipe AI_LEARNER_PIPE,sender CFE_ES
EVS Port1 1980-012-14:08:28.58943 66/1/AI_LEARNER 4: AI_LEARNER completed=20/20 mean=7750216.9us max=8211872.5us hal_peak=9382092 within_bounded=1
{"app":"AI_LEARNER","stage":"run","model":"smartcam","target":"aarch64-unknown-linux-gnu","attempted":20,"completed":20,"fail_input":0,"fail_invoke":0,"fail_output":0,"mean_us":7750216.88,"max_us":8211872.46,"last_us":7730251.58,"out0":0.84148,"out":[0.841482,0.111485,0.047032]}
{"app":"AI_LEARNER","stage":"mem","model":"smartcam","target":"aarch64-unknown-linux-gnu","completed":20,"hal_peak":9382092,"peak_within_bounded":true,"admitted_budget_bytes":18222796,"peak_within_admitted_budget":true,"admission_mode":"unconditional","hal_bytes_per_call_amortized":17151066.6,"process_rss_kb":26376,"process_rss_delta_init_kb":1740}
.EVS Port1 1980-012-14:08:30.11511 66/1/CFE_TIME 20: Start FLYWHEEL
EVS Port1 1980-012-14:08:31.00466 66/1/CFE_TIME 21: Stop FLYWHEEL
EVS Port1 1980-012-14:08:33.68928 66/1/CFE_SB 17: Msg Limit Err,MsgId 0x800,pipe AI_LEARNER_PIPE,sender CFE_ES
.EVS Port1 1980-012-14:08:35.98213 66/1/AI_LEARNER 4: AI_LEARNER completed=21/21 mean=7738055.3us max=8211872.5us hal_peak=9382092 within_bounded=1
{"app":"AI_LEARNER","stage":"run","model":"smartcam","target":"aarch64-unknown-linux-gnu","attempted":21,"completed":21,"fail_input":0,"fail_invoke":0,"fail_output":0,"mean_us":7738055.32,"max_us":8211872.46,"last_us":7494824.18,"out0":0.84148,"out":[0.841482,0.111485,0.047032]}
{"app":"AI_LEARNER","stage":"mem","model":"smartcam","target":"aarch64-unknown-linux-gnu","completed":21,"hal_peak":9382092,"peak_within_bounded":true,"admitted_budget_bytes":18222796,"peak_within_admitted_budget":true,"admission_mode":"unconditional","hal_bytes_per_call_amortized":16752443.4,"process_rss_kb":26376,"process_rss_delta_init_kb":1740}
.{"app":"AI_LEARNER","stage":"run","model":"smartcam","target":"aarch64-unknown-linux-gnu","attempted":22,"completed":22,"fail_input":0,"fail_invoke":0,"fail_output":0,"mean_us":7736694.58,"max_us":8211872.46,"last_us":7708118.99,"out0":0.84148,"out":[0.841482,0.111485,0.047032]}
EVS Port1 1980-012-14:08:43.70471 66/1/AI_LEARNER 4: AI_LEARNER completed=22/22 mean=7736694.6us max=8211872.5us hal_peak=9382092 within_bounded=1
{"app":"AI_LEARNER","stage":"mem","model":"smartcam","target":"aarch64-unknown-linux-gnu","completed":22,"hal_peak":9382092,"peak_within_bounded":true,"admitted_budget_bytes":18222796,"peak_within_admitted_budget":true,"admission_mode":"unconditional","hal_bytes_per_call_amortized":16390058.7,"process_rss_kb":26376,"process_rss_delta_init_kb":1740}
.{"app":"AI_LEARNER","stage":"run","model":"smartcam","target":"aarch64-unknown-linux-gnu","attempted":23,"completed":23,"fail_input":0,"fail_invoke":0,"fail_output":0,"mean_us":7726853.82,"max_us":8211872.46,"last_us":7510356.98,"out0":0.84148,"out":[0.841482,0.111485,0.047032]}
EVS Port1 1980-012-14:08:51.21682 66/1/AI_LEARNER 4: AI_LEARNER completed=23/23 mean=7726853.8us max=8211872.5us hal_peak=9382092 within_bounded=1
{"app":"AI_LEARNER","stage":"mem","model":"smartcam","target":"aarch64-unknown-linux-gnu","completed":23,"hal_peak":9382092,"peak_within_bounded":true,"admitted_budget_bytes":18222796,"peak_within_admitted_budget":true,"admission_mode":"unconditional","hal_bytes_per_call_amortized":16059185.7,"process_rss_kb":26376,"process_rss_delta_init_kb":1740}
.EVS Port1 1980-012-14:08:59.00640 66/1/CFE_TIME 21: Stop FLYWHEEL
EVS Port1 1980-012-14:08:59.12832 66/1/AI_LEARNER 4: AI_LEARNER completed=24/24 mean=7735014.9us max=8211872.5us hal_peak=9382092 within_bounded=1
{"app":"AI_LEARNER","stage":"run","model":"smartcam","target":"aarch64-unknown-linux-gnu","attempted":24,"completed":24,"fail_input":0,"fail_invoke":0,"fail_output":0,"mean_us":7735014.89,"max_us":8211872.46,"last_us":7922719.66,"out0":0.84148,"out":[0.841482,0.111485,0.047032]}
{"app":"AI_LEARNER","stage":"mem","model":"smartcam","target":"aarch64-unknown-linux-gnu","completed":24,"hal_peak":9382092,"peak_within_bounded":true,"admitted_budget_bytes":18222796,"peak_within_admitted_budget":true,"admission_mode":"unconditional","hal_bytes_per_call_amortized":15755885.5,"process_rss_kb":26376,"process_rss_delta_init_kb":1740}
.EVS Port1 1980-012-14:08:59.99955 66/1/CFE_TIME 20: Start FLYWHEEL
.EVS Port1 1980-012-14:09:07.28401 66/1/AI_LEARNER 4: AI_LEARNER completed=25/25 mean=7751150.9us max=8211872.5us hal_peak=9382092 within_bounded=1
{"app":"AI_LEARNER","stage":"run","model":"smartcam","target":"aarch64-unknown-linux-gnu","attempted":25,"completed":25,"fail_input":0,"fail_invoke":0,"fail_output":0,"mean_us":7751150.86,"max_us":8211872.46,"last_us":8138414.06,"out0":0.84148,"out":[0.841482,0.111485,0.047032]}
{"app":"AI_LEARNER","stage":"mem","model":"smartcam","target":"aarch64-unknown-linux-gnu","completed":25,"hal_peak":9382092,"peak_within_bounded":true,"admitted_budget_bytes":18222796,"peak_within_admitted_budget":true,"admission_mode":"unconditional","hal_bytes_per_call_amortized":15476849.3,"process_rss_kb":26376,"process_rss_delta_init_kb":1740}
.{"app":"AI_LEARNER","stage":"run","model":"smartcam","target":"aarch64-unknown-linux-gnu","attempted":26,"completed":26,"fail_input":0,"fail_invoke":0,"fail_output":0,"mean_us":7746446.43,"max_us":8211872.46,"last_us":7628835.71,"out0":0.84148,"out":[0.841482,0.111485,0.047032]}
{"app":"AI_LEARNER","stage":"mem","model":"smartcam","target":"aarch64-unknown-linux-gnu","completed":26,"hal_peak":9382092,"peak_within_bounded":true,"admitted_budget_bytes":18222796,"peak_within_admitted_budget":true,"admission_mode":"unconditional","hal_bytes_per_call_amortized":15219277.4,"process_rss_kb":26376,"process_rss_delta_init_kb":1740}
EVS Port1 1980-012-14:09:14.92939 66/1/AI_LEARNER 4: AI_LEARNER completed=26/26 mean=7746446.4us max=8211872.5us hal_peak=9382092 within_bounded=1
.EVS Port1 1980-012-14:09:23.28211 66/1/AI_LEARNER 4: AI_LEARNER completed=27/27 mean=7768472.1us max=8341139.2us hal_peak=9382092 within_bounded=1
{"app":"AI_LEARNER","stage":"run","model":"smartcam","target":"aarch64-unknown-linux-gnu","attempted":27,"completed":27,"fail_input":0,"fail_invoke":0,"fail_output":0,"mean_us":7768472.09,"max_us":8341139.15,"last_us":8341139.15,"out0":0.84148,"out":[0.841482,0.111485,0.047032]}
{"app":"AI_LEARNER","stage":"mem","model":"smartcam","target":"aarch64-unknown-linux-gnu","completed":27,"hal_peak":9382092,"peak_within_bounded":true,"admitted_budget_bytes":18222796,"peak_within_admitted_budget":true,"admission_mode":"unconditional","hal_bytes_per_call_amortized":14980784.9,"process_rss_kb":26376,"process_rss_delta_init_kb":1740}
.EVS Port1 1980-012-14:09:29.01025 66/1/CFE_TIME 21: Stop FLYWHEEL
.EVS Port1 1980-012-14:09:30.03453 66/1/CFE_TIME 20: Start FLYWHEEL
EVS Port1 1980-012-14:09:31.00521 66/1/CFE_TIME 21: Stop FLYWHEEL
EVS Port1 1980-012-14:09:31.32142 66/1/AI_LEARNER 4: AI_LEARNER completed=28/28 mean=7780415.9us max=8341139.2us hal_peak=9382092 within_bounded=1
{"app":"AI_LEARNER","stage":"run","model":"smartcam","target":"aarch64-unknown-linux-gnu","attempted":28,"completed":28,"fail_input":0,"fail_invoke":0,"fail_output":0,"mean_us":7780415.88,"max_us":8341139.15,"last_us":8102898.24,"out0":0.84148,"out":[0.841482,0.111485,0.047032]}
{"app":"AI_LEARNER","stage":"mem","model":"smartcam","target":"aarch64-unknown-linux-gnu","completed":28,"hal_peak":9382092,"peak_within_bounded":true,"admitted_budget_bytes":18222796,"peak_within_admitted_budget":true,"admission_mode":"unconditional","hal_bytes_per_call_amortized":14759327.6,"process_rss_kb":26376,"process_rss_delta_init_kb":1740}
EVS Port1 1980-012-14:09:31.99638 66/1/CFE_TIME 20: Start FLYWHEEL
.EVS Port1 1980-012-14:09:39.19995 66/1/AI_LEARNER 4: AI_LEARNER completed=29/29 mean=7783200.7us max=8341139.2us hal_peak=9382092 within_bounded=1
{"app":"AI_LEARNER","stage":"run","model":"smartcam","target":"aarch64-unknown-linux-gnu","attempted":29,"completed":29,"fail_input":0,"fail_invoke":0,"fail_output":0,"mean_us":7783200.68,"max_us":8341139.15,"last_us":7861175.18,"out0":0.84148,"out":[0.841482,0.111485,0.047032]}
{"app":"AI_LEARNER","stage":"mem","model":"smartcam","target":"aarch64-unknown-linux-gnu","completed":29,"hal_peak":9382092,"peak_within_bounded":true,"admitted_budget_bytes":18222796,"peak_within_admitted_budget":true,"admission_mode":"unconditional","hal_bytes_per_call_amortized":14553143.2,"process_rss_kb":26376,"process_rss_delta_init_kb":1740}
.EVS Port1 1980-012-14:09:47.00749 66/1/CFE_TIME 21: Stop FLYWHEEL
{"app":"AI_LEARNER","stage":"run","model":"smartcam","target":"aarch64-unknown-linux-gnu","attempted":30,"completed":30,"fail_input":0,"fail_invoke":0,"fail_output":0,"mean_us":7789937.67,"max_us":8341139.15,"last_us":7985310.37,"out0":0.84148,"out":[0.841482,0.111485,0.047032]}
{"app":"AI_LEARNER","stage":"mem","model":"smartcam","target":"aarch64-unknown-linux-gnu","completed":30,"hal_peak":9382092,"peak_within_bounded":true,"admitted_budget_bytes":18222796,"peak_within_admitted_budget":true,"admission_mode":"unconditional","hal_bytes_per_call_amortized":14360704.4,"process_rss_kb":26376,"process_rss_delta_init_kb":1740}
EVS Port1 1980-012-14:09:47.18740 66/1/AI_LEARNER 4: AI_LEARNER completed=30/30 mean=7789937.7us max=8341139.2us hal_peak=9382092 within_bounded=1
.EVS Port1 1980-012-14:09:47.99732 66/1/CFE_TIME 20: Start FLYWHEEL
.EVS Port1 1980-012-14:09:55.07043 66/1/AI_LEARNER 4: AI_LEARNER completed=31/31 mean=7792772.0us max=8341139.2us hal_peak=9382092 within_bounded=1
{"app":"AI_LEARNER","stage":"run","model":"smartcam","target":"aarch64-unknown-linux-gnu","attempted":31,"completed":31,"fail_input":0,"fail_invoke":0,"fail_output":0,"mean_us":7792772.02,"max_us":8341139.15,"last_us":7877802.58,"out0":0.84148,"out":[0.841482,0.111485,0.047032]}
{"app":"AI_LEARNER","stage":"mem","model":"smartcam","target":"aarch64-unknown-linux-gnu","completed":31,"hal_peak":9382092,"peak_within_bounded":true,"admitted_budget_bytes":18222796,"peak_within_admitted_budget":true,"admission_mode":"unconditional","hal_bytes_per_call_amortized":14180681.0,"process_rss_kb":26376,"process_rss_delta_init_kb":1740}
EVS Port1 1980-012-14:09:59.00444 66/1/CFE_TIME 21: Stop FLYWHEEL
.EVS Port1 1980-012-14:10:00.00640 66/1/CFE_TIME 20: Start FLYWHEEL
EVS Port1 1980-012-14:10:03.05497 66/1/AI_LEARNER 4: AI_LEARNER completed=32/32 mean=7802337.3us max=8341139.2us hal_peak=9382092 within_bounded=1
{"app":"AI_LEARNER","stage":"run","model":"smartcam","target":"aarch64-unknown-linux-gnu","attempted":32,"completed":32,"fail_input":0,"fail_invoke":0,"fail_output":0,"mean_us":7802337.33,"max_us":8341139.15,"last_us":8098861.79,"out0":0.84148,"out":[0.841482,0.111485,0.047032]}
{"app":"AI_LEARNER","stage":"mem","model":"smartcam","target":"aarch64-unknown-linux-gnu","completed":32,"hal_peak":9382092,"peak_within_bounded":true,"admitted_budget_bytes":18222796,"peak_within_admitted_budget":true,"admission_mode":"unconditional","hal_bytes_per_call_amortized":14011909.1,"process_rss_kb":26376,"process_rss_delta_init_kb":1740}
.EVS Port1 1980-012-14:10:07.00437 66/1/CFE_TIME 21: Stop FLYWHEEL
EVS Port1 1980-012-14:10:07.99801 66/1/CFE_TIME 20: Start FLYWHEEL
EVS Port1 1980-012-14:10:11.06396 66/1/AI_LEARNER 4: AI_LEARNER completed=33/33 mean=7808524.8us max=8341139.2us hal_peak=9382092 within_bounded=1
{"app":"AI_LEARNER","stage":"run","model":"smartcam","target":"aarch64-unknown-linux-gnu","attempted":33,"completed":33,"fail_input":0,"fail_invoke":0,"fail_output":0,"mean_us":7808524.83,"max_us":8341139.15,"last_us":8006524.99,"out0":0.84148,"out":[0.841482,0.111485,0.047032]}
{"app":"AI_LEARNER","stage":"mem","model":"smartcam","target":"aarch64-unknown-linux-gnu","completed":33,"hal_peak":9382092,"peak_within_bounded":true,"admitted_budget_bytes":18222796,"peak_within_admitted_budget":true,"admission_mode":"unconditional","hal_bytes_per_call_amortized":13853365.8,"process_rss_kb":26376,"process_rss_delta_init_kb":1740}
..EVS Port1 1980-012-14:10:19.07620 66/1/AI_LEARNER 4: AI_LEARNER completed=34/34 mean=7814738.3us max=8341139.2us hal_peak=9382092 within_bounded=1
{"app":"AI_LEARNER","stage":"run","model":"smartcam","target":"aarch64-unknown-linux-gnu","attempted":34,"completed":34,"fail_input":0,"fail_invoke":0,"fail_output":0,"mean_us":7814738.31,"max_us":8341139.15,"last_us":8019783.06,"out0":0.84148,"out":[0.841482,0.111485,0.047032]}
{"app":"AI_LEARNER","stage":"mem","model":"smartcam","target":"aarch64-unknown-linux-gnu","completed":34,"hal_peak":9382092,"peak_within_bounded":true,"admitted_budget_bytes":18222796,"peak_within_admitted_budget":true,"admission_mode":"unconditional","hal_bytes_per_call_amortized":13704148.6,"process_rss_kb":26376,"process_rss_delta_init_kb":1740}
EVS Port1 1980-012-14:10:20.00402 66/1/CFE_TIME 21: Stop FLYWHEEL
EVS Port1 1980-012-14:10:21.00000 66/1/CFE_TIME 20: Start FLYWHEEL
.EVS Port1 1980-012-14:10:27.34216 66/1/AI_LEARNER 4: AI_LEARNER completed=35/35 mean=7827941.2us max=8341139.2us hal_peak=9382092 within_bounded=1
{"app":"AI_LEARNER","stage":"run","model":"smartcam","target":"aarch64-unknown-linux-gnu","attempted":35,"completed":35,"fail_input":0,"fail_invoke":0,"fail_output":0,"mean_us":7827941.15,"max_us":8341139.15,"last_us":8276837.74,"out0":0.84148,"out":[0.841482,0.111485,0.047032]}
{"app":"AI_LEARNER","stage":"mem","model":"smartcam","target":"aarch64-unknown-linux-gnu","completed":35,"hal_peak":9382092,"peak_within_bounded":true,"admitted_budget_bytes":18222796,"peak_within_admitted_budget":true,"admission_mode":"unconditional","hal_bytes_per_call_amortized":13563458.1,"process_rss_kb":26376,"process_rss_delta_init_kb":1740}
EVS Port1 1980-012-14:10:29.00405 66/1/CFE_TIME 21: Stop FLYWHEEL
.EVS Port1 1980-012-14:10:29.99772 66/1/CFE_TIME 20: Start FLYWHEEL
EVS Port1 1980-012-14:10:35.27371 66/1/AI_LEARNER 4: AI_LEARNER completed=36/36 mean=7831115.8us max=8341139.2us hal_peak=9382092 within_bounded=1
{"app":"AI_LEARNER","stage":"run","model":"smartcam","target":"aarch64-unknown-linux-gnu","attempted":36,"completed":36,"fail_input":0,"fail_invoke":0,"fail_output":0,"mean_us":7831115.81,"max_us":8341139.15,"last_us":7942228.82,"out0":0.84148,"out":[0.841482,0.111485,0.047032]}
{"app":"AI_LEARNER","stage":"mem","model":"smartcam","target":"aarch64-unknown-linux-gnu","completed":36,"hal_peak":9382092,"peak_within_bounded":true,"admitted_budget_bytes":18222796,"peak_within_admitted_budget":true,"admission_mode":"unconditional","hal_bytes_per_call_amortized":13430583.7,"process_rss_kb":26376,"process_rss_delta_init_kb":1740}
.EVS Port1 1980-012-14:10:39.00610 66/1/CFE_TIME 20: Start FLYWHEEL
EVS Port1 1980-012-14:10:39.00654 66/1/CFE_TIME 21: Stop FLYWHEEL
.EVS Port1 1980-012-14:10:43.13174 66/1/AI_LEARNER 4: AI_LEARNER completed=37/37 mean=7832033.9us max=8341139.2us hal_peak=9382092 within_bounded=1
{"app":"AI_LEARNER","stage":"run","model":"smartcam","target":"aarch64-unknown-linux-gnu","attempted":37,"completed":37,"fail_input":0,"fail_invoke":0,"fail_output":0,"mean_us":7832033.88,"max_us":8341139.15,"last_us":7865084.48,"out0":0.84148,"out":[0.841482,0.111485,0.047032]}
{"app":"AI_LEARNER","stage":"mem","model":"smartcam","target":"aarch64-unknown-linux-gnu","completed":37,"hal_peak":9382092,"peak_within_bounded":true,"admitted_budget_bytes":18222796,"peak_within_admitted_budget":true,"admission_mode":"unconditional","hal_bytes_per_call_amortized":13304891.7,"process_rss_kb":26376,"process_rss_delta_init_kb":1740}
.EVS Port1 1980-012-14:10:48.00349 66/1/CFE_TIME 21: Stop FLYWHEEL
EVS Port1 1980-012-14:10:48.99787 66/1/CFE_TIME 20: Start FLYWHEEL
EVS Port1 1980-012-14:10:50.84249 66/1/AI_LEARNER 4: AI_LEARNER completed=38/38 mean=7828986.7us max=8341139.2us hal_peak=9382092 within_bounded=1
{"app":"AI_LEARNER","stage":"run","model":"smartcam","target":"aarch64-unknown-linux-gnu","attempted":38,"completed":38,"fail_input":0,"fail_invoke":0,"fail_output":0,"mean_us":7828986.70,"max_us":8341139.15,"last_us":7716241.01,"out0":0.84148,"out":[0.841482,0.111485,0.047032]}
{"app":"AI_LEARNER","stage":"mem","model":"smartcam","target":"aarch64-unknown-linux-gnu","completed":38,"hal_peak":9382092,"peak_within_bounded":true,"admitted_budget_bytes":18222796,"peak_within_admitted_budget":true,"admission_mode":"unconditional","hal_bytes_per_call_amortized":13185815.1,"process_rss_kb":26376,"process_rss_delta_init_kb":1740}
.EVS Port1 1980-012-14:10:59.01989 66/1/AI_LEARNER 4: AI_LEARNER completed=39/39 mean=7837691.4us max=8341139.2us hal_peak=9382092 within_bounded=1
{"app":"AI_LEARNER","stage":"run","model":"smartcam","target":"aarch64-unknown-linux-gnu","attempted":39,"completed":39,"fail_input":0,"fail_invoke":0,"fail_output":0,"mean_us":7837691.42,"max_us":8341139.15,"last_us":8168470.58,"out0":0.84148,"out":[0.841482,0.111485,0.047032]}
{"app":"AI_LEARNER","stage":"mem","model":"smartcam","target":"aarch64-unknown-linux-gnu","completed":39,"hal_peak":9382092,"peak_within_bounded":true,"admitted_budget_bytes":18222796,"peak_within_admitted_budget":true,"admission_mode":"unconditional","hal_bytes_per_call_amortized":13072844.9,"process_rss_kb":26376,"process_rss_delta_init_kb":1740}
.EVS Port1 1980-012-14:11:00.15415 66/1/CFE_TIME 20: Start FLYWHEEL
EVS Port1 1980-012-14:11:00.00488 66/1/CFE_TIME 21: Stop FLYWHEEL
.EVS Port1 1980-012-14:11:06.60913 66/1/AI_LEARNER 4: AI_LEARNER completed=40/40 mean=7835001.1us max=8341139.2us hal_peak=9382092 within_bounded=1
{"app":"AI_LEARNER","stage":"run","model":"smartcam","target":"aarch64-unknown-linux-gnu","attempted":40,"completed":40,"fail_input":0,"fail_invoke":0,"fail_output":0,"mean_us":7835001.07,"max_us":8341139.15,"last_us":7730077.49,"out0":0.84148,"out":[0.841482,0.111485,0.047032]}
{"app":"AI_LEARNER","stage":"mem","model":"smartcam","target":"aarch64-unknown-linux-gnu","completed":40,"hal_peak":9382092,"peak_within_bounded":true,"admitted_budget_bytes":18222796,"peak_within_admitted_budget":true,"admission_mode":"unconditional","hal_bytes_per_call_amortized":12965523.3,"process_rss_kb":26376,"process_rss_delta_init_kb":1740}
.EVS Port1 1980-012-14:11:14.56893 66/1/AI_LEARNER 4: AI_LEARNER completed=41/41 mean=7837685.4us max=8341139.2us hal_peak=9382092 within_bounded=1
{"app":"AI_LEARNER","stage":"run","model":"smartcam","target":"aarch64-unknown-linux-gnu","attempted":41,"completed":41,"fail_input":0,"fail_invoke":0,"fail_output":0,"mean_us":7837685.41,"max_us":8341139.15,"last_us":7945058.93,"out0":0.84148,"out":[0.841482,0.111485,0.047032]}
{"app":"AI_LEARNER","stage":"mem","model":"smartcam","target":"aarch64-unknown-linux-gnu","completed":41,"hal_peak":9382092,"peak_within_bounded":true,"admitted_budget_bytes":18222796,"peak_within_admitted_budget":true,"admission_mode":"unconditional","hal_bytes_per_call_amortized":12863436.9,"process_rss_kb":26376,"process_rss_delta_init_kb":1740}
.EVS Port1 1980-012-14:11:22.91592 66/1/AI_LEARNER 4: AI_LEARNER completed=42/42 mean=7849488.8us max=8341139.2us hal_peak=9382092 within_bounded=1
{"app":"AI_LEARNER","stage":"run","model":"smartcam","target":"aarch64-unknown-linux-gnu","attempted":42,"completed":42,"fail_input":0,"fail_invoke":0,"fail_output":0,"mean_us":7849488.83,"max_us":8341139.15,"last_us":8333429.18,"out0":0.84148,"out":[0.841482,0.111485,0.047032]}
{"app":"AI_LEARNER","stage":"mem","model":"smartcam","target":"aarch64-unknown-linux-gnu","completed":42,"hal_peak":9382092,"peak_within_bounded":true,"admitted_budget_bytes":18222796,"peak_within_admitted_budget":true,"admission_mode":"unconditional","hal_bytes_per_call_amortized":12766211.7,"process_rss_kb":26376,"process_rss_delta_init_kb":1740}
.EVS Port1 1980-012-14:11:27.00619 66/1/CFE_TIME 21: Stop FLYWHEEL
EVS Port1 1980-012-14:11:28.03285 66/1/CFE_TIME 20: Start FLYWHEEL
EVS Port1 1980-012-14:11:29.00387 66/1/CFE_TIME 21: Stop FLYWHEEL
.EVS Port1 1980-012-14:11:30.01014 66/1/CFE_TIME 20: Start FLYWHEEL
EVS Port1 1980-012-14:11:31.87693 66/1/AI_LEARNER 4: AI_LEARNER completed=43/43 mean=7877085.7us max=9036152.8us hal_peak=9382092 within_bounded=1
{"app":"AI_LEARNER","stage":"run","model":"smartcam","target":"aarch64-unknown-linux-gnu","attempted":43,"completed":43,"fail_input":0,"fail_invoke":0,"fail_output":0,"mean_us":7877085.67,"max_us":9036152.85,"last_us":9036152.85,"out0":0.84148,"out":[0.841482,0.111485,0.047032]}
{"app":"AI_LEARNER","stage":"mem","model":"smartcam","target":"aarch64-unknown-linux-gnu","completed":43,"hal_peak":9382092,"peak_within_bounded":true,"admitted_budget_bytes":18222796,"peak_within_admitted_budget":true,"admission_mode":"unconditional","hal_bytes_per_call_amortized":12673508.7,"process_rss_kb":26376,"process_rss_delta_init_kb":1740}
.EVS Port1 1980-012-14:11:39.85375 66/1/AI_LEARNER 4: AI_LEARNER completed=44/44 mean=7879413.6us max=9036152.8us hal_peak=9382092 within_bounded=1
{"app":"AI_LEARNER","stage":"run","model":"smartcam","target":"aarch64-unknown-linux-gnu","attempted":44,"completed":44,"fail_input":0,"fail_invoke":0,"fail_output":0,"mean_us":7879413.64,"max_us":9036152.85,"last_us":7979516.56,"out0":0.84148,"out":[0.841482,0.111485,0.047032]}
{"app":"AI_LEARNER","stage":"mem","model":"smartcam","target":"aarch64-unknown-linux-gnu","completed":44,"hal_peak":9382092,"peak_within_bounded":true,"admitted_budget_bytes":18222796,"peak_within_admitted_budget":true,"admission_mode":"unconditional","hal_bytes_per_call_amortized":12585019.4,"process_rss_kb":26376,"process_rss_delta_init_kb":1740}
.EVS Port1 1980-012-14:11:44.00465 66/1/CFE_TIME 21: Stop FLYWHEEL
EVS Port1 1980-012-14:11:44.99890 66/1/CFE_TIME 20: Start FLYWHEEL
.{"app":"AI_LEARNER","stage":"run","model":"smartcam","target":"aarch64-unknown-linux-gnu","attempted":45,"completed":45,"fail_input":0,"fail_invoke":0,"fail_output":0,"mean_us":7872289.95,"max_us":9036152.85,"last_us":7558847.55,"out0":0.84148,"out":[0.841482,0.111485,0.047032]}
EVS Port1 1980-012-14:11:47.39476 66/1/AI_LEARNER 4: AI_LEARNER completed=45/45 mean=7872290.0us max=9036152.8us hal_peak=9382092 within_bounded=1
{"app":"AI_LEARNER","stage":"mem","model":"smartcam","target":"aarch64-unknown-linux-gnu","completed":45,"hal_peak":9382092,"peak_within_bounded":true,"admitted_budget_bytes":18222796,"peak_within_admitted_budget":true,"admission_mode":"unconditional","hal_bytes_per_call_amortized":12500462.9,"process_rss_kb":26376,"process_rss_delta_init_kb":1740}
.EVS Port1 1980-012-14:11:55.04994 66/1/AI_LEARNER 4: AI_LEARNER completed=46/46 mean=7867337.5us max=9036152.8us hal_peak=9382092 within_bounded=1
{"app":"AI_LEARNER","stage":"run","model":"smartcam","target":"aarch64-unknown-linux-gnu","attempted":46,"completed":46,"fail_input":0,"fail_invoke":0,"fail_output":0,"mean_us":7867337.50,"max_us":9036152.85,"last_us":7644477.09,"out0":0.84148,"out":[0.841482,0.111485,0.047032]}
{"app":"AI_LEARNER","stage":"mem","model":"smartcam","target":"aarch64-unknown-linux-gnu","completed":46,"hal_peak":9382092,"peak_within_bounded":true,"admitted_budget_bytes":18222796,"peak_within_admitted_budget":true,"admission_mode":"unconditional","hal_bytes_per_call_amortized":12419582.9,"process_rss_kb":26376,"process_rss_delta_init_kb":1740}
EVS Port1 1980-012-14:11:59.00427 66/1/CFE_TIME 21: Stop FLYWHEEL
.EVS Port1 1980-012-14:11:59.99417 66/1/CFE_TIME 20: Start FLYWHEEL
{"app":"AI_LEARNER","stage":"run","model":"smartcam","target":"aarch64-unknown-linux-gnu","attempted":47,"completed":47,"fail_input":0,"fail_invoke":0,"fail_output":0,"mean_us":7860178.38,"max_us":9036152.85,"last_us":7530858.83,"out0":0.84148,"out":[0.841482,0.111485,0.047032]}
EVS Port1 1980-012-14:12:02.55639 66/1/AI_LEARNER 4: AI_LEARNER completed=47/47 mean=7860178.4us max=9036152.8us hal_peak=9382092 within_bounded=1
{"app":"AI_LEARNER","stage":"mem","model":"smartcam","target":"aarch64-unknown-linux-gnu","completed":47,"hal_peak":9382092,"peak_within_bounded":true,"admitted_budget_bytes":18222796,"peak_within_admitted_budget":true,"admission_mode":"unconditional","hal_bytes_per_call_amortized":12342144.5,"process_rss_kb":26376,"process_rss_delta_init_kb":1740}
.EVS Port1 1980-012-14:12:10.16548 66/1/AI_LEARNER 4: AI_LEARNER completed=48/48 mean=7854808.7us max=9036152.8us hal_peak=9382092 within_bounded=1
{"app":"AI_LEARNER","stage":"run","model":"smartcam","target":"aarch64-unknown-linux-gnu","attempted":48,"completed":48,"fail_input":0,"fail_invoke":0,"fail_output":0,"mean_us":7854808.71,"max_us":9036152.85,"last_us":7602434.35,"out0":0.84148,"out":[0.841482,0.111485,0.047032]}
{"app":"AI_LEARNER","stage":"mem","model":"smartcam","target":"aarch64-unknown-linux-gnu","completed":48,"hal_peak":9382092,"peak_within_bounded":true,"admitted_budget_bytes":18222796,"peak_within_admitted_budget":true,"admission_mode":"unconditional","hal_bytes_per_call_amortized":12267932.8,"process_rss_kb":26376,"process_rss_delta_init_kb":1740}
.EVS Port1 1980-012-14:12:14.00660 66/1/CFE_TIME 21: Stop FLYWHEEL
EVS Port1 1980-012-14:12:14.99800 66/1/CFE_TIME 20: Start FLYWHEEL
.EVS Port1 1980-012-14:12:18.31053 66/1/AI_LEARNER 4: AI_LEARNER completed=49/49 mean=7861321.0us max=9036152.8us hal_peak=9382092 within_bounded=1
{"app":"AI_LEARNER","stage":"run","model":"smartcam","target":"aarch64-unknown-linux-gnu","attempted":49,"completed":49,"fail_input":0,"fail_invoke":0,"fail_output":0,"mean_us":7861320.98,"max_us":9036152.85,"last_us":8173909.98,"out0":0.84148,"out":[0.841482,0.111485,0.047032]}
{"app":"AI_LEARNER","stage":"mem","model":"smartcam","target":"aarch64-unknown-linux-gnu","completed":49,"hal_peak":9382092,"peak_within_bounded":true,"admitted_budget_bytes":18222796,"peak_within_admitted_budget":true,"admission_mode":"unconditional","hal_bytes_per_call_amortized":12196750.0,"process_rss_kb":26376,"process_rss_delta_init_kb":1740}
.EVS Port1 1980-012-14:12:25.00473 66/1/CFE_TIME 21: Stop FLYWHEEL
EVS Port1 1980-012-14:12:25.99812 66/1/CFE_TIME 20: Start FLYWHEEL
EVS Port1 1980-012-14:12:26.92329 66/1/AI_LEARNER 4: AI_LEARNER completed=50/50 mean=7876393.4us max=9036152.8us hal_peak=9382092 within_bounded=1
{"app":"AI_LEARNER","stage":"run","model":"smartcam","target":"aarch64-unknown-linux-gnu","attempted":50,"completed":50,"fail_input":0,"fail_invoke":0,"fail_output":0,"mean_us":7876393.35,"max_us":9036152.85,"last_us":8614939.52,"out0":0.84148,"out":[0.841482,0.111485,0.047032]}
{"app":"AI_LEARNER","stage":"mem","model":"smartcam","target":"aarch64-unknown-linux-gnu","completed":50,"hal_peak":9382092,"peak_within_bounded":true,"admitted_budget_bytes":18222796,"peak_within_admitted_budget":true,"admission_mode":"unconditional","hal_bytes_per_call_amortized":12128414.6,"process_rss_kb":26376,"process_rss_delta_init_kb":1740}
.EVS Port1 1980-012-14:12:30.07716 66/1/CFE_TIME 20: Start FLYWHEEL
EVS Port1 1980-012-14:12:30.00985 66/1/CFE_TIME 21: Stop FLYWHEEL
EVS Port1 1980-012-14:12:33.00491 66/1/CFE_TIME 21: Stop FLYWHEEL
EVS Port1 1980-012-14:12:33.99922 66/1/CFE_TIME 20: Start FLYWHEEL
EVS Port1 1980-012-14:12:34.88024 66/1/AI_LEARNER 4: AI_LEARNER completed=51/51 mean=7880034.3us max=9036152.8us hal_peak=9382092 within_bounded=1
{"app":"AI_LEARNER","stage":"run","model":"smartcam","target":"aarch64-unknown-linux-gnu","attempted":51,"completed":51,"fail_input":0,"fail_invoke":0,"fail_output":0,"mean_us":7880034.27,"max_us":9036152.85,"last_us":8062080.18,"out0":0.84148,"out":[0.841482,0.111485,0.047032]}
{"app":"AI_LEARNER","stage":"mem","model":"smartcam","target":"aarch64-unknown-linux-gnu","completed":51,"hal_peak":9382092,"peak_within_bounded":true,"admitted_budget_bytes":18222796,"peak_within_admitted_budget":true,"admission_mode":"unconditional","hal_bytes_per_call_amortized":12062759.1,"process_rss_kb":26376,"process_rss_delta_init_kb":1740}
..EVS Port1 1980-012-14:12:42.52037 66/1/AI_LEARNER 4: AI_LEARNER completed=52/52 mean=7875240.1us max=9036152.8us hal_peak=9382092 within_bounded=1
{"app":"AI_LEARNER","stage":"run","model":"smartcam","target":"aarch64-unknown-linux-gnu","attempted":52,"completed":52,"fail_input":0,"fail_invoke":0,"fail_output":0,"mean_us":7875240.07,"max_us":9036152.85,"last_us":7630735.73,"out0":0.84148,"out":[0.841482,0.111485,0.047032]}
{"app":"AI_LEARNER","stage":"mem","model":"smartcam","target":"aarch64-unknown-linux-gnu","completed":52,"hal_peak":9382092,"peak_within_bounded":true,"admitted_budget_bytes":18222796,"peak_within_admitted_budget":true,"admission_mode":"unconditional","hal_bytes_per_call_amortized":11999628.7,"process_rss_kb":26376,"process_rss_delta_init_kb":1740}
EVS Port1 1980-012-14:12:45.00413 66/1/CFE_TIME 21: Stop FLYWHEEL
EVS Port1 1980-012-14:12:46.00120 66/1/CFE_TIME 20: Start FLYWHEEL
.EVS Port1 1980-012-14:12:50.11700 66/1/AI_LEARNER 4: AI_LEARNER completed=53/53 mean=7870815.4us max=9036152.8us hal_peak=9382092 within_bounded=1
{"app":"AI_LEARNER","stage":"run","model":"smartcam","target":"aarch64-unknown-linux-gnu","attempted":53,"completed":53,"fail_input":0,"fail_invoke":0,"fail_output":0,"mean_us":7870815.39,"max_us":9036152.85,"last_us":7640732.03,"out0":0.84148,"out":[0.841482,0.111485,0.047032]}
{"app":"AI_LEARNER","stage":"mem","model":"smartcam","target":"aarch64-unknown-linux-gnu","completed":53,"hal_peak":9382092,"peak_within_bounded":true,"admitted_budget_bytes":18222796,"peak_within_admitted_budget":true,"admission_mode":"unconditional","hal_bytes_per_call_amortized":11938880.6,"process_rss_kb":26376,"process_rss_delta_init_kb":1740}
.EVS Port1 1980-012-14:12:53.00453 66/1/CFE_TIME 21: Stop FLYWHEEL
EVS Port1 1980-012-14:12:54.00585 66/1/CFE_TIME 20: Start FLYWHEEL
{"app":"AI_LEARNER","stage":"run","model":"smartcam","target":"aarch64-unknown-linux-gnu","attempted":54,"completed":54,"fail_input":0,"fail_invoke":0,"fail_output":0,"mean_us":7869922.14,"max_us":9036152.85,"last_us":7822580.24,"out0":0.84148,"out":[0.841482,0.111485,0.047032]}
EVS Port1 1980-012-14:12:57.92494 66/1/AI_LEARNER 4: AI_LEARNER completed=54/54 mean=7869922.1us max=9036152.8us hal_peak=9382092 within_bounded=1
{"app":"AI_LEARNER","stage":"mem","model":"smartcam","target":"aarch64-unknown-linux-gnu","completed":54,"hal_peak":9382092,"peak_within_bounded":true,"admitted_budget_bytes":18222796,"peak_within_admitted_budget":true,"admission_mode":"unconditional","hal_bytes_per_call_amortized":11880382.4,"process_rss_kb":26376,"process_rss_delta_init_kb":1740}
..{"app":"AI_LEARNER","stage":"run","model":"smartcam","target":"aarch64-unknown-linux-gnu","attempted":55,"completed":55,"fail_input":0,"fail_invoke":0,"fail_output":0,"mean_us":7861964.40,"max_us":9036152.85,"last_us":7432246.21,"out0":0.84148,"out":[0.841482,0.111485,0.047032]}
{"app":"AI_LEARNER","stage":"mem","model":"smartcam","target":"aarch64-unknown-linux-gnu","completed":55,"hal_peak":9382092,"peak_within_bounded":true,"admitted_budget_bytes":18222796,"peak_within_admitted_budget":true,"admission_mode":"unconditional","hal_bytes_per_call_amortized":11824011.5,"process_rss_kb":26376,"process_rss_delta_init_kb":1740}
EVS Port1 1980-012-14:13:05.37205 66/1/AI_LEARNER 4: AI_LEARNER completed=55/55 mean=7861964.4us max=9036152.8us hal_peak=9382092 within_bounded=1
.EVS Port1 1980-012-14:13:13.13812 66/1/AI_LEARNER 4: AI_LEARNER completed=56/56 mean=7860005.8us max=9036152.8us hal_peak=9382092 within_bounded=1
{"app":"AI_LEARNER","stage":"run","model":"smartcam","target":"aarch64-unknown-linux-gnu","attempted":56,"completed":56,"fail_input":0,"fail_invoke":0,"fail_output":0,"mean_us":7860005.80,"max_us":9036152.85,"last_us":7752283.12,"out0":0.84148,"out":[0.841482,0.111485,0.047032]}
{"app":"AI_LEARNER","stage":"mem","model":"smartcam","target":"aarch64-unknown-linux-gnu","completed":56,"hal_peak":9382092,"peak_within_bounded":true,"admitted_budget_bytes":18222796,"peak_within_admitted_budget":true,"admission_mode":"unconditional","hal_bytes_per_call_amortized":11769653.8,"process_rss_kb":26376,"process_rss_delta_init_kb":1740}
.{"app":"AI_LEARNER","stage":"run","model":"smartcam","target":"aarch64-unknown-linux-gnu","attempted":57,"completed":57,"fail_input":0,"fail_invoke":0,"fail_output":0,"mean_us":7854494.83,"max_us":9036152.85,"last_us":7545880.38,"out0":0.84148,"out":[0.841482,0.111485,0.047032]}
EVS Port1 1980-012-14:13:20.69049 66/1/AI_LEARNER 4: AI_LEARNER completed=57/57 mean=7854494.8us max=9036152.8us hal_peak=9382092 within_bounded=1
{"app":"AI_LEARNER","stage":"mem","model":"smartcam","target":"aarch64-unknown-linux-gnu","completed":57,"hal_peak":9382092,"peak_within_bounded":true,"admitted_budget_bytes":18222796,"peak_within_admitted_budget":true,"admission_mode":"unconditional","hal_bytes_per_call_amortized":11717203.4,"process_rss_kb":26376,"process_rss_delta_init_kb":1740}
.EVS Port1 1980-012-14:13:28.00454 66/1/CFE_TIME 21: Stop FLYWHEEL
EVS Port1 1980-012-14:13:28.68540 66/1/AI_LEARNER 4: AI_LEARNER completed=58/58 mean=7857304.7us max=9036152.8us hal_peak=9382092 within_bounded=1
{"app":"AI_LEARNER","stage":"run","model":"smartcam","target":"aarch64-unknown-linux-gnu","attempted":58,"completed":58,"fail_input":0,"fail_invoke":0,"fail_output":0,"mean_us":7857304.70,"max_us":9036152.85,"last_us":8017467.31,"out0":0.84148,"out":[0.841482,0.111485,0.047032]}
{"app":"AI_LEARNER","stage":"mem","model":"smartcam","target":"aarch64-unknown-linux-gnu","completed":58,"hal_peak":9382092,"peak_within_bounded":true,"admitted_budget_bytes":18222796,"peak_within_admitted_budget":true,"admission_mode":"unconditional","hal_bytes_per_call_amortized":11666561.6,"process_rss_kb":26376,"process_rss_delta_init_kb":1740}
.EVS Port1 1980-012-14:13:29.00329 66/1/CFE_TIME 20: Start FLYWHEEL
.EVS Port1 1980-012-14:13:36.33930 66/1/AI_LEARNER 4: AI_LEARNER completed=59/59 mean=7853842.8us max=9036152.8us hal_peak=9382092 within_bounded=1
{"app":"AI_LEARNER","stage":"run","model":"smartcam","target":"aarch64-unknown-linux-gnu","attempted":59,"completed":59,"fail_input":0,"fail_invoke":0,"fail_output":0,"mean_us":7853842.76,"max_us":9036152.85,"last_us":7653050.37,"out0":0.84148,"out":[0.841482,0.111485,0.047032]}
{"app":"AI_LEARNER","stage":"mem","model":"smartcam","target":"aarch64-unknown-linux-gnu","completed":59,"hal_peak":9382092,"peak_within_bounded":true,"admitted_budget_bytes":18222796,"peak_within_admitted_budget":true,"admission_mode":"unconditional","hal_bytes_per_call_amortized":11617636.5,"process_rss_kb":26376,"process_rss_delta_init_kb":1740}
EVS Port1 1980-012-14:13:36.99974 66/1/CFE_TIME 20: Start FLYWHEEL
EVS Port1 1980-012-14:13:37.00726 66/1/CFE_TIME 21: Stop FLYWHEEL
.EVS Port1 1980-012-14:13:44.06105 66/1/AI_LEARNER 4: AI_LEARNER completed=60/60 mean=7851426.7us max=9036152.8us hal_peak=9382092 within_bounded=1
{"app":"AI_LEARNER","stage":"run","model":"smartcam","target":"aarch64-unknown-linux-gnu","attempted":60,"completed":60,"fail_input":0,"fail_invoke":0,"fail_output":0,"mean_us":7851426.69,"max_us":9036152.85,"last_us":7708878.32,"out0":0.84148,"out":[0.841482,0.111485,0.047032]}
{"app":"AI_LEARNER","stage":"mem","model":"smartcam","target":"aarch64-unknown-linux-gnu","completed":60,"hal_peak":9382092,"peak_within_bounded":true,"admitted_budget_bytes":18222796,"peak_within_admitted_budget":true,"admission_mode":"unconditional","hal_bytes_per_call_amortized":11570342.2,"process_rss_kb":26376,"process_rss_delta_init_kb":1740}
.EVS Port1 1980-012-14:13:51.82807 66/1/AI_LEARNER 4: AI_LEARNER completed=61/61 mean=7849913.0us max=9036152.8us hal_peak=9382092 within_bounded=1
{"app":"AI_LEARNER","stage":"run","model":"smartcam","target":"aarch64-unknown-linux-gnu","attempted":61,"completed":61,"fail_input":0,"fail_invoke":0,"fail_output":0,"mean_us":7849913.00,"max_us":9036152.85,"last_us":7759091.62,"out0":0.84148,"out":[0.841482,0.111485,0.047032]}
{"app":"AI_LEARNER","stage":"mem","model":"smartcam","target":"aarch64-unknown-linux-gnu","completed":61,"hal_peak":9382092,"peak_within_bounded":true,"admitted_budget_bytes":18222796,"peak_within_admitted_budget":true,"admission_mode":"unconditional","hal_bytes_per_call_amortized":11524598.6,"process_rss_kb":26376,"process_rss_delta_init_kb":1740}
..EVS Port1 1980-012-14:13:59.71893 66/1/AI_LEARNER 4: AI_LEARNER completed=62/62 mean=7850832.4us max=9036152.8us hal_peak=9382092 within_bounded=1
{"app":"AI_LEARNER","stage":"run","model":"smartcam","target":"aarch64-unknown-linux-gnu","attempted":62,"completed":62,"fail_input":0,"fail_invoke":0,"fail_output":0,"mean_us":7850832.37,"max_us":9036152.85,"last_us":7906913.66,"out0":0.84148,"out":[0.841482,0.111485,0.047032]}
{"app":"AI_LEARNER","stage":"mem","model":"smartcam","target":"aarch64-unknown-linux-gnu","completed":62,"hal_peak":9382092,"peak_within_bounded":true,"admitted_budget_bytes":18222796,"peak_within_admitted_budget":true,"admission_mode":"unconditional","hal_bytes_per_call_amortized":11480330.5,"process_rss_kb":26376,"process_rss_delta_init_kb":1740}
.EVS Port1 1980-012-14:14:07.54110 66/1/AI_LEARNER 4: AI_LEARNER completed=63/63 mean=7850386.1us max=9036152.8us hal_peak=9382092 within_bounded=1
{"app":"AI_LEARNER","stage":"run","model":"smartcam","target":"aarch64-unknown-linux-gnu","attempted":63,"completed":63,"fail_input":0,"fail_invoke":0,"fail_output":0,"mean_us":7850386.11,"max_us":9036152.85,"last_us":7822718.02,"out0":0.84148,"out":[0.841482,0.111485,0.047032]}
{"app":"AI_LEARNER","stage":"mem","model":"smartcam","target":"aarch64-unknown-linux-gnu","completed":63,"hal_peak":9382092,"peak_within_bounded":true,"admitted_budget_bytes":18222796,"peak_within_admitted_budget":true,"admission_mode":"unconditional","hal_bytes_per_call_amortized":11437467.8,"process_rss_kb":26376,"process_rss_delta_init_kb":1740}
.EVS Port1 1980-012-14:14:15.18249 66/1/AI_LEARNER 4: AI_LEARNER completed=64/64 mean=7846970.0us max=9036152.8us hal_peak=9382092 within_bounded=1
{"app":"AI_LEARNER","stage":"run","model":"smartcam","target":"aarch64-unknown-linux-gnu","attempted":64,"completed":64,"fail_input":0,"fail_invoke":0,"fail_output":0,"mean_us":7846969.97,"max_us":9036152.85,"last_us":7631753.47,"out0":0.84148,"out":[0.841482,0.111485,0.047032]}
{"app":"AI_LEARNER","stage":"mem","model":"smartcam","target":"aarch64-unknown-linux-gnu","completed":64,"hal_peak":9382092,"peak_within_bounded":true,"admitted_budget_bytes":18222796,"peak_within_admitted_budget":true,"admission_mode":"unconditional","hal_bytes_per_call_amortized":11395944.6,"process_rss_kb":26376,"process_rss_delta_init_kb":1740}
EVS Port1 1980-012-14:14:16.00471 66/1/CFE_TIME 21: Stop FLYWHEEL
EVS Port1 1980-012-14:14:17.00315 66/1/CFE_TIME 20: Start FLYWHEEL
.EVS Port1 1980-012-14:14:22.97650 66/1/AI_LEARNER 4: AI_LEARNER completed=65/65 mean=7846556.2us max=9036152.8us hal_peak=9382092 within_bounded=1
{"app":"AI_LEARNER","stage":"run","model":"smartcam","target":"aarch64-unknown-linux-gnu","attempted":65,"completed":65,"fail_input":0,"fail_invoke":0,"fail_output":0,"mean_us":7846556.17,"max_us":9036152.85,"last_us":7820073.15,"out0":0.84148,"out":[0.841482,0.111485,0.047032]}
{"app":"AI_LEARNER","stage":"mem","model":"smartcam","target":"aarch64-unknown-linux-gnu","completed":65,"hal_peak":9382092,"peak_within_bounded":true,"admitted_budget_bytes":18222796,"peak_within_admitted_budget":true,"admission_mode":"unconditional","hal_bytes_per_call_amortized":11355699.0,"process_rss_kb":26376,"process_rss_delta_init_kb":1740}
.EVS Port1 1980-012-14:14:28.00584 66/1/CFE_TIME 21: Stop FLYWHEEL
EVS Port1 1980-012-14:14:28.99928 66/1/CFE_TIME 20: Start FLYWHEEL
.{"app":"AI_LEARNER","stage":"run","model":"smartcam","target":"aarch64-unknown-linux-gnu","attempted":66,"completed":66,"fail_input":0,"fail_invoke":0,"fail_output":0,"mean_us":7857453.30,"max_us":9036152.85,"last_us":8565766.27,"out0":0.84148,"out":[0.841482,0.111485,0.047032]}
{"app":"AI_LEARNER","stage":"mem","model":"smartcam","target":"aarch64-unknown-linux-gnu","completed":66,"hal_peak":9382092,"peak_within_bounded":true,"admitted_budget_bytes":18222796,"peak_within_admitted_budget":true,"admission_mode":"unconditional","hal_bytes_per_call_amortized":11316672.9,"process_rss_kb":26376,"process_rss_delta_init_kb":1740}
EVS Port1 1980-012-14:14:31.52108 66/1/AI_LEARNER 4: AI_LEARNER completed=66/66 mean=7857453.3us max=9036152.8us hal_peak=9382092 within_bounded=1
.EVS Port1 1980-012-14:14:38.00422 66/1/CFE_TIME 21: Stop FLYWHEEL
EVS Port1 1980-012-14:14:38.99700 66/1/CFE_TIME 20: Start FLYWHEEL
EVS Port1 1980-012-14:14:39.90852 66/1/AI_LEARNER 4: AI_LEARNER completed=67/67 mean=7865441.3us max=9036152.8us hal_peak=9382092 within_bounded=1
{"app":"AI_LEARNER","stage":"run","model":"smartcam","target":"aarch64-unknown-linux-gnu","attempted":67,"completed":67,"fail_input":0,"fail_invoke":0,"fail_output":0,"mean_us":7865441.32,"max_us":9036152.85,"last_us":8392650.91,"out0":0.84148,"out":[0.841482,0.111485,0.047032]}
{"app":"AI_LEARNER","stage":"mem","model":"smartcam","target":"aarch64-unknown-linux-gnu","completed":67,"hal_peak":9382092,"peak_within_bounded":true,"admitted_budget_bytes":18222796,"peak_within_admitted_budget":true,"admission_mode":"unconditional","hal_bytes_per_call_amortized":11278811.8,"process_rss_kb":26376,"process_rss_delta_init_kb":1740}
..{"app":"AI_LEARNER","stage":"run","model":"smartcam","target":"aarch64-unknown-linux-gnu","attempted":68,"completed":68,"fail_input":0,"fail_invoke":0,"fail_output":0,"mean_us":7868120.62,"max_us":9036152.85,"last_us":8047633.74,"out0":0.84148,"out":[0.841482,0.111485,0.047032]}
{"app":"AI_LEARNER","stage":"mem","model":"smartcam","target":"aarch64-unknown-linux-gnu","completed":68,"hal_peak":9382092,"peak_within_bounded":true,"admitted_budget_bytes":18222796,"peak_within_admitted_budget":true,"admission_mode":"unconditional","hal_bytes_per_call_amortized":11242064.3,"process_rss_kb":26376,"process_rss_delta_init_kb":1740}
EVS Port1 1980-012-14:14:47.94165 66/1/AI_LEARNER 4: AI_LEARNER completed=68/68 mean=7868120.6us max=9036152.8us hal_peak=9382092 within_bounded=1
.{"app":"AI_LEARNER","stage":"run","model":"smartcam","target":"aarch64-unknown-linux-gnu","attempted":69,"completed":69,"fail_input":0,"fail_invoke":0,"fail_output":0,"mean_us":7866801.30,"max_us":9036152.85,"last_us":7777087.31,"out0":0.84148,"out":[0.841482,0.111485,0.047032]}
{"app":"AI_LEARNER","stage":"mem","model":"smartcam","target":"aarch64-unknown-linux-gnu","completed":69,"hal_peak":9382092,"peak_within_bounded":true,"admitted_budget_bytes":18222796,"peak_within_admitted_budget":true,"admission_mode":"unconditional","hal_bytes_per_call_amortized":11206381.9,"process_rss_kb":26376,"process_rss_delta_init_kb":1740}
EVS Port1 1980-012-14:14:55.73374 66/1/AI_LEARNER 4: AI_LEARNER completed=69/69 mean=7866801.3us max=9036152.8us hal_peak=9382092 within_bounded=1
.EVS Port1 1980-012-14:15:03.51376 66/1/AI_LEARNER 4: AI_LEARNER completed=70/70 mean=7865682.2us max=9036152.8us hal_peak=9382092 within_bounded=1
{"app":"AI_LEARNER","stage":"run","model":"smartcam","target":"aarch64-unknown-linux-gnu","attempted":70,"completed":70,"fail_input":0,"fail_invoke":0,"fail_output":0,"mean_us":7865682.16,"max_us":9036152.85,"last_us":7788461.41,"out0":0.84148,"out":[0.841482,0.111485,0.047032]}
{"app":"AI_LEARNER","stage":"mem","model":"smartcam","target":"aarch64-unknown-linux-gnu","completed":70,"hal_peak":9382092,"peak_within_bounded":true,"admitted_budget_bytes":18222796,"peak_within_admitted_budget":true,"admission_mode":"unconditional","hal_bytes_per_call_amortized":11171719.0,"process_rss_kb":26376,"process_rss_delta_init_kb":1740}
..EVS Port1 1980-012-14:15:11.28822 66/1/AI_LEARNER 4: AI_LEARNER completed=71/71 mean=7864119.8us max=9036152.8us hal_peak=9382092 within_bounded=1
{"app":"AI_LEARNER","stage":"run","model":"smartcam","target":"aarch64-unknown-linux-gnu","attempted":71,"completed":71,"fail_input":0,"fail_invoke":0,"fail_output":0,"mean_us":7864119.80,"max_us":9036152.85,"last_us":7754754.96,"out0":0.84148,"out":[0.841482,0.111485,0.047032]}
{"app":"AI_LEARNER","stage":"mem","model":"smartcam","target":"aarch64-unknown-linux-gnu","completed":71,"hal_peak":9382092,"peak_within_bounded":true,"admitted_budget_bytes":18222796,"peak_within_admitted_budget":true,"admission_mode":"unconditional","hal_bytes_per_call_amortized":11138032.6,"process_rss_kb":26376,"process_rss_delta_init_kb":1740}
.EVS Port1 1980-012-14:15:18.87648 66/1/AI_LEARNER 4: AI_LEARNER completed=72/72 mean=7860232.8us max=9036152.8us hal_peak=9382092 within_bounded=1
{"app":"AI_LEARNER","stage":"run","model":"smartcam","target":"aarch64-unknown-linux-gnu","attempted":72,"completed":72,"fail_input":0,"fail_invoke":0,"fail_output":0,"mean_us":7860232.77,"max_us":9036152.85,"last_us":7584253.55,"out0":0.84148,"out":[0.841482,0.111485,0.047032]}
{"app":"AI_LEARNER","stage":"mem","model":"smartcam","target":"aarch64-unknown-linux-gnu","completed":72,"hal_peak":9382092,"peak_within_bounded":true,"admitted_budget_bytes":18222796,"peak_within_admitted_budget":true,"admission_mode":"unconditional","hal_bytes_per_call_amortized":11105281.8,"process_rss_kb":26376,"process_rss_delta_init_kb":1740}
.EVS Port1 1980-012-14:15:26.52159 66/1/AI_LEARNER 4: AI_LEARNER completed=73/73 mean=7857250.2us max=9036152.8us hal_peak=9382092 within_bounded=1
{"app":"AI_LEARNER","stage":"run","model":"smartcam","target":"aarch64-unknown-linux-gnu","attempted":73,"completed":73,"fail_input":0,"fail_invoke":0,"fail_output":0,"mean_us":7857250.18,"max_us":9036152.85,"last_us":7642503.65,"out0":0.84148,"out":[0.841482,0.111485,0.047032]}
{"app":"AI_LEARNER","stage":"mem","model":"smartcam","target":"aarch64-unknown-linux-gnu","completed":73,"hal_peak":9382092,"peak_within_bounded":true,"admitted_budget_bytes":18222796,"peak_within_admitted_budget":true,"admission_mode":"unconditional","hal_bytes_per_call_amortized":11073428.4,"process_rss_kb":26376,"process_rss_delta_init_kb":1740}
EVS Port1 1980-012-14:15:28.01210 66/1/CFE_TIME 21: Stop FLYWHEEL
.EVS Port1 1980-012-14:15:28.99699 66/1/CFE_TIME 20: Start FLYWHEEL
EVS Port1 1980-012-14:15:34.54310 66/1/AI_LEARNER 4: AI_LEARNER completed=74/74 mean=7859782.3us max=9036152.8us hal_peak=9382092 within_bounded=1
{"app":"AI_LEARNER","stage":"run","model":"smartcam","target":"aarch64-unknown-linux-gnu","attempted":74,"completed":74,"fail_input":0,"fail_invoke":0,"fail_output":0,"mean_us":7859782.30,"max_us":9036152.85,"last_us":8044627.30,"out0":0.84148,"out":[0.841482,0.111485,0.047032]}
{"app":"AI_LEARNER","stage":"mem","model":"smartcam","target":"aarch64-unknown-linux-gnu","completed":74,"hal_peak":9382092,"peak_within_bounded":true,"admitted_budget_bytes":18222796,"peak_within_admitted_budget":true,"admission_mode":"unconditional","hal_bytes_per_call_amortized":11042435.8,"process_rss_kb":26376,"process_rss_delta_init_kb":1740}
..{"app":"AI_LEARNER","stage":"run","model":"smartcam","target":"aarch64-unknown-linux-gnu","attempted":75,"completed":75,"fail_input":0,"fail_invoke":0,"fail_output":0,"mean_us":7859281.88,"max_us":9036152.85,"last_us":7822250.34,"out0":0.84148,"out":[0.841482,0.111485,0.047032]}
EVS Port1 1980-012-14:15:42.36895 66/1/AI_LEARNER 4: AI_LEARNER completed=75/75 mean=7859281.9us max=9036152.8us hal_peak=9382092 within_bounded=1
{"app":"AI_LEARNER","stage":"mem","model":"smartcam","target":"aarch64-unknown-linux-gnu","completed":75,"hal_peak":9382092,"peak_within_bounded":true,"admitted_budget_bytes":18222796,"peak_within_admitted_budget":true,"admission_mode":"unconditional","hal_bytes_per_call_amortized":11012269.8,"process_rss_kb":26376,"process_rss_delta_init_kb":1740}
.{"app":"AI_LEARNER","stage":"run","model":"smartcam","target":"aarch64-unknown-linux-gnu","attempted":76,"completed":76,"fail_input":0,"fail_invoke":0,"fail_output":0,"mean_us":7854923.59,"max_us":9036152.85,"last_us":7528051.87,"out0":0.84148,"out":[0.841482,0.111485,0.047032]}
EVS Port1 1980-012-14:15:49.90908 66/1/AI_LEARNER 4: AI_LEARNER completed=76/76 mean=7854923.6us max=9036152.8us hal_peak=9382092 within_bounded=1
{"app":"AI_LEARNER","stage":"mem","model":"smartcam","target":"aarch64-unknown-linux-gnu","completed":76,"hal_peak":9382092,"peak_within_bounded":true,"admitted_budget_bytes":18222796,"peak_within_admitted_budget":true,"admission_mode":"unconditional","hal_bytes_per_call_amortized":10982897.5,"process_rss_kb":26376,"process_rss_delta_init_kb":1740}
.{"app":"AI_LEARNER","stage":"run","model":"smartcam","target":"aarch64-unknown-linux-gnu","attempted":77,"completed":77,"fail_input":0,"fail_invoke":0,"fail_output":0,"mean_us":7850803.95,"max_us":9036152.85,"last_us":7537711.38,"out0":0.84148,"out":[0.841482,0.111485,0.047032]}
EVS Port1 1980-012-14:15:57.45498 66/1/AI_LEARNER 4: AI_LEARNER completed=77/77 mean=7850803.9us max=9036152.8us hal_peak=9382092 within_bounded=1
{"app":"AI_LEARNER","stage":"mem","model":"smartcam","target":"aarch64-unknown-linux-gnu","completed":77,"hal_peak":9382092,"peak_within_bounded":true,"admitted_budget_bytes":18222796,"peak_within_admitted_budget":true,"admission_mode":"unconditional","hal_bytes_per_call_amortized":10954288.2,"process_rss_kb":26376,"process_rss_delta_init_kb":1740}
EVS Port1 1980-012-14:15:58.01577 66/1/CFE_TIME 21: Stop FLYWHEEL
.EVS Port1 1980-012-14:15:59.00219 66/1/CFE_TIME 20: Start FLYWHEEL
EVS Port1 1980-012-14:16:04.00396 66/1/CFE_TIME 21: Stop FLYWHEEL
.EVS Port1 1980-012-14:16:04.99894 66/1/CFE_TIME 20: Start FLYWHEEL
EVS Port1 1980-012-14:16:05.03558 66/1/AI_LEARNER 4: AI_LEARNER completed=78/78 mean=7847987.3us max=9036152.8us hal_peak=9382092 within_bounded=1
{"app":"AI_LEARNER","stage":"run","model":"smartcam","target":"aarch64-unknown-linux-gnu","attempted":78,"completed":78,"fail_input":0,"fail_invoke":0,"fail_output":0,"mean_us":7847987.32,"max_us":9036152.85,"last_us":7631107.30,"out0":0.84148,"out":[0.841482,0.111485,0.047032]}
{"app":"AI_LEARNER","stage":"mem","model":"smartcam","target":"aarch64-unknown-linux-gnu","completed":78,"hal_peak":9382092,"peak_within_bounded":true,"admitted_budget_bytes":18222796,"peak_within_admitted_budget":true,"admission_mode":"unconditional","hal_bytes_per_call_amortized":10926412.5,"process_rss_kb":26376,"process_rss_delta_init_kb":1740}
.{"app":"AI_LEARNER","stage":"run","model":"smartcam","target":"aarch64-unknown-linux-gnu","attempted":79,"completed":79,"fail_input":0,"fail_invoke":0,"fail_output":0,"mean_us":7850304.02,"max_us":9036152.85,"last_us":8031006.13,"out0":0.84148,"out":[0.841482,0.111485,0.047032]}
{"app":"AI_LEARNER","stage":"mem","model":"smartcam","target":"aarch64-unknown-linux-gnu","completed":79,"hal_peak":9382092,"peak_within_bounded":true,"admitted_budget_bytes":18222796,"peak_within_admitted_budget":true,"admission_mode":"unconditional","hal_bytes_per_call_amortized":10899242.4,"process_rss_kb":26376,"process_rss_delta_init_kb":1740}
EVS Port1 1980-012-14:16:13.08644 66/1/AI_LEARNER 4: AI_LEARNER completed=79/79 mean=7850304.0us max=9036152.8us hal_peak=9382092 within_bounded=1
.EVS Port1 1980-012-14:16:21.17547 66/1/AI_LEARNER 4: AI_LEARNER completed=80/80 mean=7853160.1us max=9036152.8us hal_peak=9382092 within_bounded=1
{"app":"AI_LEARNER","stage":"run","model":"smartcam","target":"aarch64-unknown-linux-gnu","attempted":80,"completed":80,"fail_input":0,"fail_invoke":0,"fail_output":0,"mean_us":7853160.15,"max_us":9036152.85,"last_us":8078794.27,"out0":0.84148,"out":[0.841482,0.111485,0.047032]}
{"app":"AI_LEARNER","stage":"mem","model":"smartcam","target":"aarch64-unknown-linux-gnu","completed":80,"hal_peak":9382092,"peak_within_bounded":true,"admitted_budget_bytes":18222796,"peak_within_admitted_budget":true,"admission_mode":"unconditional","hal_bytes_per_call_amortized":10872751.7,"process_rss_kb":26376,"process_rss_delta_init_kb":1740}
.EVS Port1 1980-012-14:16:27.01490 66/1/CFE_TIME 21: Stop FLYWHEEL
EVS Port1 1980-012-14:16:28.04267 66/1/CFE_TIME 20: Start FLYWHEEL
.EVS Port1 1980-012-14:16:29.00738 66/1/CFE_TIME 21: Stop FLYWHEEL
EVS Port1 1980-012-14:16:29.43516 66/1/AI_LEARNER 4: AI_LEARNER completed=81/81 mean=7858982.3us max=9036152.8us hal_peak=9382092 within_bounded=1
{"app":"AI_LEARNER","stage":"run","model":"smartcam","target":"aarch64-unknown-linux-gnu","attempted":81,"completed":81,"fail_input":0,"fail_invoke":0,"fail_output":0,"mean_us":7858982.27,"max_us":9036152.85,"last_us":8324751.90,"out0":0.84148,"out":[0.841482,0.111485,0.047032]}
{"app":"AI_LEARNER","stage":"mem","model":"smartcam","target":"aarch64-unknown-linux-gnu","completed":81,"hal_peak":9382092,"peak_within_bounded":true,"admitted_budget_bytes":18222796,"peak_within_admitted_budget":true,"admission_mode":"unconditional","hal_bytes_per_call_amortized":10846915.0,"process_rss_kb":26376,"process_rss_delta_init_kb":1740}
EVS Port1 1980-012-14:16:29.99822 66/1/CFE_TIME 20: Start FLYWHEEL
.EVS Port1 1980-012-14:16:37.39393 66/1/AI_LEARNER 4: AI_LEARNER completed=82/82 mean=7860031.7us max=9036152.8us hal_peak=9382092 within_bounded=1
{"app":"AI_LEARNER","stage":"run","model":"smartcam","target":"aarch64-unknown-linux-gnu","attempted":82,"completed":82,"fail_input":0,"fail_invoke":0,"fail_output":0,"mean_us":7860031.67,"max_us":9036152.85,"last_us":7945033.15,"out0":0.84148,"out":[0.841482,0.111485,0.047032]}
{"app":"AI_LEARNER","stage":"mem","model":"smartcam","target":"aarch64-unknown-linux-gnu","completed":82,"hal_peak":9382092,"peak_within_bounded":true,"admitted_budget_bytes":18222796,"peak_within_admitted_budget":true,"admission_mode":"unconditional","hal_bytes_per_call_amortized":10821708.4,"process_rss_kb":26376,"process_rss_delta_init_kb":1740}
.EVS Port1 1980-012-14:16:45.14997 66/1/AI_LEARNER 4: AI_LEARNER completed=83/83 mean=7858693.0us max=9036152.8us hal_peak=9382092 within_bounded=1
{"app":"AI_LEARNER","stage":"run","model":"smartcam","target":"aarch64-unknown-linux-gnu","attempted":83,"completed":83,"fail_input":0,"fail_invoke":0,"fail_output":0,"mean_us":7858693.00,"max_us":9036152.85,"last_us":7748922.16,"out0":0.84148,"out":[0.841482,0.111485,0.047032]}
{"app":"AI_LEARNER","stage":"mem","model":"smartcam","target":"aarch64-unknown-linux-gnu","completed":83,"hal_peak":9382092,"peak_within_bounded":true,"admitted_budget_bytes":18222796,"peak_within_admitted_budget":true,"admission_mode":"unconditional","hal_bytes_per_call_amortized":10797109.3,"process_rss_kb":26376,"process_rss_delta_init_kb":1740}
.EVS Port1 1980-012-14:16:50.00683 66/1/CFE_TIME 21: Stop FLYWHEEL
EVS Port1 1980-012-14:16:50.99722 66/1/CFE_TIME 20: Start FLYWHEEL
.EVS Port1 1980-012-14:16:53.57106 66/1/AI_LEARNER 4: AI_LEARNER completed=84/84 mean=7865577.6us max=9036152.8us hal_peak=9382092 within_bounded=1
{"app":"AI_LEARNER","stage":"run","model":"smartcam","target":"aarch64-unknown-linux-gnu","attempted":84,"completed":84,"fail_input":0,"fail_invoke":0,"fail_output":0,"mean_us":7865577.62,"max_us":9036152.85,"last_us":8437001.38,"out0":0.84148,"out":[0.841482,0.111485,0.047032]}
{"app":"AI_LEARNER","stage":"mem","model":"smartcam","target":"aarch64-unknown-linux-gnu","completed":84,"hal_peak":9382092,"peak_within_bounded":true,"admitted_budget_bytes":18222796,"peak_within_admitted_budget":true,"admission_mode":"unconditional","hal_bytes_per_call_amortized":10773095.9,"process_rss_kb":26376,"process_rss_delta_init_kb":1740}
.EVS Port1 1980-012-14:17:01.44801 66/1/AI_LEARNER 4: AI_LEARNER completed=85/85 mean=7865675.3us max=9036152.8us hal_peak=9382092 within_bounded=1
{"app":"AI_LEARNER","stage":"run","model":"smartcam","target":"aarch64-unknown-linux-gnu","attempted":85,"completed":85,"fail_input":0,"fail_invoke":0,"fail_output":0,"mean_us":7865675.25,"max_us":9036152.85,"last_us":7873876.16,"out0":0.84148,"out":[0.841482,0.111485,0.047032]}
{"app":"AI_LEARNER","stage":"mem","model":"smartcam","target":"aarch64-unknown-linux-gnu","completed":85,"hal_peak":9382092,"peak_within_bounded":true,"admitted_budget_bytes":18222796,"peak_within_admitted_budget":true,"admission_mode":"unconditional","hal_bytes_per_call_amortized":10749647.4,"process_rss_kb":26376,"process_rss_delta_init_kb":1740}
.EVS Port1 1980-012-14:17:09.36001 66/1/AI_LEARNER 4: AI_LEARNER completed=86/86 mean=7866051.6us max=9036152.8us hal_peak=9382092 within_bounded=1
{"app":"AI_LEARNER","stage":"run","model":"smartcam","target":"aarch64-unknown-linux-gnu","attempted":86,"completed":86,"fail_input":0,"fail_invoke":0,"fail_output":0,"mean_us":7866051.56,"max_us":9036152.85,"last_us":7898037.47,"out0":0.84148,"out":[0.841482,0.111485,0.047032]}
{"app":"AI_LEARNER","stage":"mem","model":"smartcam","target":"aarch64-unknown-linux-gnu","completed":86,"hal_peak":9382092,"peak_within_bounded":true,"admitted_budget_bytes":18222796,"peak_within_admitted_budget":true,"admission_mode":"unconditional","hal_bytes_per_call_amortized":10726744.3,"process_rss_kb":26376,"process_rss_delta_init_kb":1740}
..EVS Port1 1980-012-14:17:17.07276 66/1/AI_LEARNER 4: AI_LEARNER completed=87/87 mean=7864336.5us max=9036152.8us hal_peak=9382092 within_bounded=1
{"app":"AI_LEARNER","stage":"run","model":"smartcam","target":"aarch64-unknown-linux-gnu","attempted":87,"completed":87,"fail_input":0,"fail_invoke":0,"fail_output":0,"mean_us":7864336.55,"max_us":9036152.85,"last_us":7716845.81,"out0":0.84148,"out":[0.841482,0.111485,0.047032]}
{"app":"AI_LEARNER","stage":"mem","model":"smartcam","target":"aarch64-unknown-linux-gnu","completed":87,"hal_peak":9382092,"peak_within_bounded":true,"admitted_budget_bytes":18222796,"peak_within_admitted_budget":true,"admission_mode":"unconditional","hal_bytes_per_call_amortized":10704367.7,"process_rss_kb":26376,"process_rss_delta_init_kb":1740}
.{"app":"AI_LEARNER","stage":"run","model":"smartcam","target":"aarch64-unknown-linux-gnu","attempted":88,"completed":88,"fail_input":0,"fail_invoke":0,"fail_output":0,"mean_us":7861462.65,"max_us":9036152.85,"last_us":7611433.07,"out0":0.84148,"out":[0.841482,0.111485,0.047032]}
EVS Port1 1980-012-14:17:24.67449 66/1/AI_LEARNER 4: AI_LEARNER completed=88/88 mean=7861462.6us max=9036152.8us hal_peak=9382092 within_bounded=1
{"app":"AI_LEARNER","stage":"mem","model":"smartcam","target":"aarch64-unknown-linux-gnu","completed":88,"hal_peak":9382092,"peak_within_bounded":true,"admitted_budget_bytes":18222796,"peak_within_admitted_budget":true,"admission_mode":"unconditional","hal_bytes_per_call_amortized":10682499.7,"process_rss_kb":26376,"process_rss_delta_init_kb":1740}
.EVS Port1 1980-012-14:17:29.18960 66/1/CFE_TIME 20: Start FLYWHEEL
EVS Port1 1980-012-14:17:29.01692 66/1/CFE_TIME 21: Stop FLYWHEEL
EVS Port1 1980-012-14:17:32.12773 66/1/AI_LEARNER 4: AI_LEARNER completed=89/89 mean=7858679.8us max=9036152.8us hal_peak=9382092 within_bounded=1
{"app":"AI_LEARNER","stage":"run","model":"smartcam","target":"aarch64-unknown-linux-gnu","attempted":89,"completed":89,"fail_input":0,"fail_invoke":0,"fail_output":0,"mean_us":7858679.81,"max_us":9036152.85,"last_us":7613790.46,"out0":0.84148,"out":[0.841482,0.111485,0.047032]}
{"app":"AI_LEARNER","stage":"mem","model":"smartcam","target":"aarch64-unknown-linux-gnu","completed":89,"hal_peak":9382092,"peak_within_bounded":true,"admitted_budget_bytes":18222796,"peak_within_admitted_budget":true,"admission_mode":"unconditional","hal_bytes_per_call_amortized":10661123.1,"process_rss_kb":26376,"process_rss_delta_init_kb":1740}
.EVS Port1 1980-012-14:17:39.86775 66/1/AI_LEARNER 4: AI_LEARNER completed=90/90 mean=7857421.2us max=9036152.8us hal_peak=9382092 within_bounded=1
{"app":"AI_LEARNER","stage":"run","model":"smartcam","target":"aarch64-unknown-linux-gnu","attempted":90,"completed":90,"fail_input":0,"fail_invoke":0,"fail_output":0,"mean_us":7857421.25,"max_us":9036152.85,"last_us":7745408.96,"out0":0.84148,"out":[0.841482,0.111485,0.047032]}
{"app":"AI_LEARNER","stage":"mem","model":"smartcam","target":"aarch64-unknown-linux-gnu","completed":90,"hal_peak":9382092,"peak_within_bounded":true,"admitted_budget_bytes":18222796,"peak_within_admitted_budget":true,"admission_mode":"unconditional","hal_bytes_per_call_amortized":10640221.5,"process_rss_kb":26376,"process_rss_delta_init_kb":1740}
..EVS Port1 1980-012-14:17:47.35374 66/1/AI_LEARNER 4: AI_LEARNER completed=91/91 mean=7853219.7us max=9036152.8us hal_peak=9382092 within_bounded=1
{"app":"AI_LEARNER","stage":"run","model":"smartcam","target":"aarch64-unknown-linux-gnu","attempted":91,"completed":91,"fail_input":0,"fail_invoke":0,"fail_output":0,"mean_us":7853219.73,"max_us":9036152.85,"last_us":7475083.12,"out0":0.84148,"out":[0.841482,0.111485,0.047032]}
{"app":"AI_LEARNER","stage":"mem","model":"smartcam","target":"aarch64-unknown-linux-gnu","completed":91,"hal_peak":9382092,"peak_within_bounded":true,"admitted_budget_bytes":18222796,"peak_within_admitted_budget":true,"admission_mode":"unconditional","hal_bytes_per_call_amortized":10619779.3,"process_rss_kb":26376,"process_rss_delta_init_kb":1740}
.EVS Port1 1980-012-14:17:55.00836 66/1/AI_LEARNER 4: AI_LEARNER completed=92/92 mean=7851230.3us max=9036152.8us hal_peak=9382092 within_bounded=1
{"app":"AI_LEARNER","stage":"run","model":"smartcam","target":"aarch64-unknown-linux-gnu","attempted":92,"completed":92,"fail_input":0,"fail_invoke":0,"fail_output":0,"mean_us":7851230.30,"max_us":9036152.85,"last_us":7670191.82,"out0":0.84148,"out":[0.841482,0.111485,0.047032]}
{"app":"AI_LEARNER","stage":"mem","model":"smartcam","target":"aarch64-unknown-linux-gnu","completed":92,"hal_peak":9382092,"peak_within_bounded":true,"admitted_budget_bytes":18222796,"peak_within_admitted_budget":true,"admission_mode":"unconditional","hal_bytes_per_call_amortized":10599781.4,"process_rss_kb":26376,"process_rss_delta_init_kb":1740}
EVS Port1 1980-012-14:17:58.10794 66/1/CFE_TIME 20: Start FLYWHEEL
EVS Port1 1980-012-14:17:58.01377 66/1/CFE_TIME 21: Stop FLYWHEEL
.EVS Port1 1980-012-14:18:02.75732 66/1/AI_LEARNER 4: AI_LEARNER completed=93/93 mean=7851162.2us max=9036152.8us hal_peak=9382092 within_bounded=1
{"app":"AI_LEARNER","stage":"run","model":"smartcam","target":"aarch64-unknown-linux-gnu","attempted":93,"completed":93,"fail_input":0,"fail_invoke":0,"fail_output":0,"mean_us":7851162.18,"max_us":9036152.85,"last_us":7844895.25,"out0":0.84148,"out":[0.841482,0.111485,0.047032]}
{"app":"AI_LEARNER","stage":"mem","model":"smartcam","target":"aarch64-unknown-linux-gnu","completed":93,"hal_peak":9382092,"peak_within_bounded":true,"admitted_budget_bytes":18222796,"peak_within_admitted_budget":true,"admission_mode":"unconditional","hal_bytes_per_call_amortized":10580213.7,"process_rss_kb":26376,"process_rss_delta_init_kb":1740}
.EVS Port1 1980-012-14:18:10.48298 66/1/AI_LEARNER 4: AI_LEARNER completed=94/94 mean=7849735.4us max=9036152.8us hal_peak=9382092 within_bounded=1
{"app":"AI_LEARNER","stage":"run","model":"smartcam","target":"aarch64-unknown-linux-gnu","attempted":94,"completed":94,"fail_input":0,"fail_invoke":0,"fail_output":0,"mean_us":7849735.39,"max_us":9036152.85,"last_us":7717044.53,"out0":0.84148,"out":[0.841482,0.111485,0.047032]}
{"app":"AI_LEARNER","stage":"mem","model":"smartcam","target":"aarch64-unknown-linux-gnu","completed":94,"hal_peak":9382092,"peak_within_bounded":true,"admitted_budget_bytes":18222796,"peak_within_admitted_budget":true,"admission_mode":"unconditional","hal_bytes_per_call_amortized":10561062.3,"process_rss_kb":26376,"process_rss_delta_init_kb":1740}
..EVS Port1 1980-012-14:18:18.19769 66/1/AI_LEARNER 4: AI_LEARNER completed=95/95 mean=7848201.5us max=9036152.8us hal_peak=9382092 within_bounded=1
{"app":"AI_LEARNER","stage":"run","model":"smartcam","target":"aarch64-unknown-linux-gnu","attempted":95,"completed":95,"fail_input":0,"fail_invoke":0,"fail_output":0,"mean_us":7848201.54,"max_us":9036152.85,"last_us":7704019.33,"out0":0.84148,"out":[0.841482,0.111485,0.047032]}
{"app":"AI_LEARNER","stage":"mem","model":"smartcam","target":"aarch64-unknown-linux-gnu","completed":95,"hal_peak":9382092,"peak_within_bounded":true,"admitted_budget_bytes":18222796,"peak_within_admitted_budget":true,"admission_mode":"unconditional","hal_bytes_per_call_amortized":10542314.0,"process_rss_kb":26376,"process_rss_delta_init_kb":1740}
.{"app":"AI_LEARNER","stage":"run","model":"smartcam","target":"aarch64-unknown-linux-gnu","attempted":96,"completed":96,"fail_input":0,"fail_invoke":0,"fail_output":0,"mean_us":7844962.49,"max_us":9036152.85,"last_us":7537252.27,"out0":0.84148,"out":[0.841482,0.111485,0.047032]}
{"app":"AI_LEARNER","stage":"mem","model":"smartcam","target":"aarch64-unknown-linux-gnu","completed":96,"hal_peak":9382092,"peak_within_bounded":true,"admitted_budget_bytes":18222796,"peak_within_admitted_budget":true,"admission_mode":"unconditional","hal_bytes_per_call_amortized":10523956.4,"process_rss_kb":26376,"process_rss_delta_init_kb":1740}
EVS Port1 1980-012-14:18:25.75119 66/1/AI_LEARNER 4: AI_LEARNER completed=96/96 mean=7844962.5us max=9036152.8us hal_peak=9382092 within_bounded=1
EVS Port1 1980-012-14:18:27.00349 66/1/CFE_TIME 21: Stop FLYWHEEL
EVS Port1 1980-012-14:18:27.99829 66/1/CFE_TIME 20: Start FLYWHEEL
.EVS Port1 1980-012-14:18:33.54374 66/1/AI_LEARNER 4: AI_LEARNER completed=97/97 mean=7844821.7us max=9036152.8us hal_peak=9382092 within_bounded=1
{"app":"AI_LEARNER","stage":"run","model":"smartcam","target":"aarch64-unknown-linux-gnu","attempted":97,"completed":97,"fail_input":0,"fail_invoke":0,"fail_output":0,"mean_us":7844821.74,"max_us":9036152.85,"last_us":7831310.38,"out0":0.84148,"out":[0.841482,0.111485,0.047032]}
{"app":"AI_LEARNER","stage":"mem","model":"smartcam","target":"aarch64-unknown-linux-gnu","completed":97,"hal_peak":9382092,"peak_within_bounded":true,"admitted_budget_bytes":18222796,"peak_within_admitted_budget":true,"admission_mode":"unconditional","hal_bytes_per_call_amortized":10505977.2,"process_rss_kb":26376,"process_rss_delta_init_kb":1740}
..EVS Port1 1980-012-14:18:41.05137 66/1/AI_LEARNER 4: AI_LEARNER completed=98/98 mean=7841124.7us max=9036152.8us hal_peak=9382092 within_bounded=1
{"app":"AI_LEARNER","stage":"run","model":"smartcam","target":"aarch64-unknown-linux-gnu","attempted":98,"completed":98,"fail_input":0,"fail_invoke":0,"fail_output":0,"mean_us":7841124.69,"max_us":9036152.85,"last_us":7482510.82,"out0":0.84148,"out":[0.841482,0.111485,0.047032]}
{"app":"AI_LEARNER","stage":"mem","model":"smartcam","target":"aarch64-unknown-linux-gnu","completed":98,"hal_peak":9382092,"peak_within_bounded":true,"admitted_budget_bytes":18222796,"peak_within_admitted_budget":true,"admission_mode":"unconditional","hal_bytes_per_call_amortized":10488365.0,"process_rss_kb":26376,"process_rss_delta_init_kb":1740}
.{"app":"AI_LEARNER","stage":"run","model":"smartcam","target":"aarch64-unknown-linux-gnu","attempted":99,"completed":99,"fail_input":0,"fail_invoke":0,"fail_output":0,"mean_us":7845478.70,"max_us":9036152.85,"last_us":8272171.98,"out0":0.84148,"out":[0.841482,0.111485,0.047032]}
{"app":"AI_LEARNER","stage":"mem","model":"smartcam","target":"aarch64-unknown-linux-gnu","completed":99,"hal_peak":9382092,"peak_within_bounded":true,"admitted_budget_bytes":18222796,"peak_within_admitted_budget":true,"admission_mode":"unconditional","hal_bytes_per_call_amortized":10471108.6,"process_rss_kb":26376,"process_rss_delta_init_kb":1740}
EVS Port1 1980-012-14:18:49.32112 66/1/AI_LEARNER 4: AI_LEARNER completed=99/99 mean=7845478.7us max=9036152.8us hal_peak=9382092 within_bounded=1
EVS Port1 1980-012-14:18:50.00604 66/1/CFE_TIME 21: Stop FLYWHEEL
EVS Port1 1980-012-14:18:50.99633 66/1/CFE_TIME 20: Start FLYWHEEL
.EVS Port1 1980-012-14:18:53.00402 66/1/CFE_TIME 21: Stop FLYWHEEL
EVS Port1 1980-012-14:18:54.00569 66/1/CFE_TIME 20: Start FLYWHEEL
EVS Port1 1980-012-14:18:57.00384 66/1/CFE_TIME 21: Stop FLYWHEEL
EVS Port1 1980-012-14:18:57.02110 66/1/AI_LEARNER 4: AI_LEARNER completed=100/100 mean=7844933.0us max=9036152.8us hal_peak=9382092 within_bounded=1
{"app":"AI_LEARNER","stage":"run","model":"smartcam","target":"aarch64-unknown-linux-gnu","attempted":100,"completed":100,"fail_input":0,"fail_invoke":0,"fail_output":0,"mean_us":7844933.01,"max_us":9036152.85,"last_us":7790909.02,"out0":0.84148,"out":[0.841482,0.111485,0.047032]}
{"app":"AI_LEARNER","stage":"mem","model":"smartcam","target":"aarch64-unknown-linux-gnu","completed":100,"hal_peak":9382092,"peak_within_bounded":true,"admitted_budget_bytes":18222796,"peak_within_admitted_budget":true,"admission_mode":"unconditional","hal_bytes_per_call_amortized":10454197.3,"process_rss_kb":26376,"process_rss_delta_init_kb":1740}
EVS Port1 1980-012-14:18:58.02990 66/1/CFE_TIME 20: Start FLYWHEEL
.EVS Port1 1980-012-14:18:59.00483 66/1/CFE_TIME 21: Stop FLYWHEEL
EVS Port1 1980-012-14:19:00.00497 66/1/CFE_TIME 20: Start FLYWHEEL
EVS Port1 1980-012-14:19:02.00068 66/1/CFE_TIME 20: Start FLYWHEEL
EVS Port1 1980-012-14:19:02.00531 66/1/CFE_TIME 21: Stop FLYWHEEL
.{"app":"AI_LEARNER","stage":"run","model":"smartcam","target":"aarch64-unknown-linux-gnu","attempted":101,"completed":101,"fail_input":0,"fail_invoke":0,"fail_output":0,"mean_us":7845347.64,"max_us":9036152.85,"last_us":7886810.77,"out0":0.84148,"out":[0.841482,0.111485,0.047032]}
EVS Port1 1980-012-14:19:04.88027 66/1/AI_LEARNER 4: AI_LEARNER completed=101/101 mean=7845347.6us max=9036152.8us hal_peak=9382092 within_bounded=1
{"app":"AI_LEARNER","stage":"mem","model":"smartcam","target":"aarch64-unknown-linux-gnu","completed":101,"hal_peak":9382092,"peak_within_bounded":true,"admitted_budget_bytes":18222796,"peak_within_admitted_budget":true,"admission_mode":"unconditional","hal_bytes_per_call_amortized":10437620.9,"process_rss_kb":26376,"process_rss_delta_init_kb":1740}
EVS Port1 1980-012-14:19:07.00546 66/1/CFE_TIME 21: Stop FLYWHEEL
EVS Port1 1980-012-14:19:08.00195 66/1/CFE_TIME 20: Start FLYWHEEL
.EVS Port1 1980-012-14:19:12.65168 66/1/AI_LEARNER 4: AI_LEARNER completed=102/102 mean=7844726.4us max=9036152.8us hal_peak=9382092 within_bounded=1
{"app":"AI_LEARNER","stage":"run","model":"smartcam","target":"aarch64-unknown-linux-gnu","attempted":102,"completed":102,"fail_input":0,"fail_invoke":0,"fail_output":0,"mean_us":7844726.42,"max_us":9036152.85,"last_us":7781983.58,"out0":0.84148,"out":[0.841482,0.111485,0.047032]}
{"app":"AI_LEARNER","stage":"mem","model":"smartcam","target":"aarch64-unknown-linux-gnu","completed":102,"hal_peak":9382092,"peak_within_bounded":true,"admitted_budget_bytes":18222796,"peak_within_admitted_budget":true,"admission_mode":"unconditional","hal_bytes_per_call_amortized":10421369.5,"process_rss_kb":26376,"process_rss_delta_init_kb":1740}
.EVS Port1 1980-012-14:19:20.12083 66/1/AI_LEARNER 4: AI_LEARNER completed=103/103 mean=7840959.2us max=9036152.8us hal_peak=9382092 within_bounded=1
{"app":"AI_LEARNER","stage":"run","model":"smartcam","target":"aarch64-unknown-linux-gnu","attempted":103,"completed":103,"fail_input":0,"fail_invoke":0,"fail_output":0,"mean_us":7840959.16,"max_us":9036152.85,"last_us":7456698.58,"out0":0.84148,"out":[0.841482,0.111485,0.047032]}
{"app":"AI_LEARNER","stage":"mem","model":"smartcam","target":"aarch64-unknown-linux-gnu","completed":103,"hal_peak":9382092,"peak_within_bounded":true,"admitted_budget_bytes":18222796,"peak_within_admitted_budget":true,"admission_mode":"unconditional","hal_bytes_per_call_amortized":10405433.7,"process_rss_kb":26376,"process_rss_delta_init_kb":1740}
.EVS Port1 1980-012-14:19:28.08103 66/1/AI_LEARNER 4: AI_LEARNER completed=104/104 mean=7841993.3us max=9036152.8us hal_peak=9382092 within_bounded=1
{"app":"AI_LEARNER","stage":"run","model":"smartcam","target":"aarch64-unknown-linux-gnu","attempted":104,"completed":104,"fail_input":0,"fail_invoke":0,"fail_output":0,"mean_us":7841993.28,"max_us":9036152.85,"last_us":7948507.50,"out0":0.84148,"out":[0.841482,0.111485,0.047032]}
{"app":"AI_LEARNER","stage":"mem","model":"smartcam","target":"aarch64-unknown-linux-gnu","completed":104,"hal_peak":9382092,"peak_within_bounded":true,"admitted_budget_bytes":18222796,"peak_within_admitted_budget":true,"admission_mode":"unconditional","hal_bytes_per_call_amortized":10389804.3,"process_rss_kb":26376,"process_rss_delta_init_kb":1740}
..EVS Port1 1980-012-14:19:35.74223 66/1/AI_LEARNER 4: AI_LEARNER completed=105/105 mean=7840218.6us max=9036152.8us hal_peak=9382092 within_bounded=1
{"app":"AI_LEARNER","stage":"run","model":"smartcam","target":"aarch64-unknown-linux-gnu","attempted":105,"completed":105,"fail_input":0,"fail_invoke":0,"fail_output":0,"mean_us":7840218.57,"max_us":9036152.85,"last_us":7655648.94,"out0":0.84148,"out":[0.841482,0.111485,0.047032]}
{"app":"AI_LEARNER","stage":"mem","model":"smartcam","target":"aarch64-unknown-linux-gnu","completed":105,"hal_peak":9382092,"peak_within_bounded":true,"admitted_budget_bytes":18222796,"peak_within_admitted_budget":true,"admission_mode":"unconditional","hal_bytes_per_call_amortized":10374472.7,"process_rss_kb":26376,"process_rss_delta_init_kb":1740}
.EVS Port1 1980-012-14:19:43.49963 66/1/AI_LEARNER 4: AI_LEARNER completed=106/106 mean=7839331.2us max=9036152.8us hal_peak=9382092 within_bounded=1
{"app":"AI_LEARNER","stage":"run","model":"smartcam","target":"aarch64-unknown-linux-gnu","attempted":106,"completed":106,"fail_input":0,"fail_invoke":0,"fail_output":0,"mean_us":7839331.22,"max_us":9036152.85,"last_us":7746159.49,"out0":0.84148,"out":[0.841482,0.111485,0.047032]}
{"app":"AI_LEARNER","stage":"mem","model":"smartcam","target":"aarch64-unknown-linux-gnu","completed":106,"hal_peak":9382092,"peak_within_bounded":true,"admitted_budget_bytes":18222796,"peak_within_admitted_budget":true,"admission_mode":"unconditional","hal_bytes_per_call_amortized":10359430.3,"process_rss_kb":26376,"process_rss_delta_init_kb":1740}
.EVS Port1 1980-012-14:19:51.39025 66/1/AI_LEARNER 4: AI_LEARNER completed=107/107 mean=7839859.3us max=9036152.8us hal_peak=9382092 within_bounded=1
{"app":"AI_LEARNER","stage":"run","model":"smartcam","target":"aarch64-unknown-linux-gnu","attempted":107,"completed":107,"fail_input":0,"fail_invoke":0,"fail_output":0,"mean_us":7839859.29,"max_us":9036152.85,"last_us":7895834.22,"out0":0.84148,"out":[0.841482,0.111485,0.047032]}
{"app":"AI_LEARNER","stage":"mem","model":"smartcam","target":"aarch64-unknown-linux-gnu","completed":107,"hal_peak":9382092,"peak_within_bounded":true,"admitted_budget_bytes":18222796,"peak_within_admitted_budget":true,"admission_mode":"unconditional","hal_bytes_per_call_amortized":10344669.1,"process_rss_kb":26376,"process_rss_delta_init_kb":1740}
.EVS Port1 1980-012-14:19:57.00427 66/1/CFE_TIME 21: Stop FLYWHEEL
EVS Port1 1980-012-14:19:57.99658 66/1/CFE_TIME 20: Start FLYWHEEL
.EVS Port1 1980-012-14:19:59.40815 66/1/AI_LEARNER 4: AI_LEARNER completed=108/108 mean=7841828.9us max=9036152.8us hal_peak=9382092 within_bounded=1
{"app":"AI_LEARNER","stage":"run","model":"smartcam","target":"aarch64-unknown-linux-gnu","attempted":108,"completed":108,"fail_input":0,"fail_invoke":0,"fail_output":0,"mean_us":7841828.90,"max_us":9036152.85,"last_us":8052577.71,"out0":0.84148,"out":[0.841482,0.111485,0.047032]}
{"app":"AI_LEARNER","stage":"mem","model":"smartcam","target":"aarch64-unknown-linux-gnu","completed":108,"hal_peak":9382092,"peak_within_bounded":true,"admitted_budget_bytes":18222796,"peak_within_admitted_budget":true,"admission_mode":"unconditional","hal_bytes_per_call_amortized":10330181.2,"process_rss_kb":26376,"process_rss_delta_init_kb":1740}
.EVS Port1 1980-012-14:20:07.42503 66/1/AI_LEARNER 4: AI_LEARNER completed=109/109 mean=7843398.5us max=9036152.8us hal_peak=9382092 within_bounded=1
{"app":"AI_LEARNER","stage":"run","model":"smartcam","target":"aarch64-unknown-linux-gnu","attempted":109,"completed":109,"fail_input":0,"fail_invoke":0,"fail_output":0,"mean_us":7843398.49,"max_us":9036152.85,"last_us":8012914.19,"out0":0.84148,"out":[0.841482,0.111485,0.047032]}
{"app":"AI_LEARNER","stage":"mem","model":"smartcam","target":"aarch64-unknown-linux-gnu","completed":109,"hal_peak":9382092,"peak_within_bounded":true,"admitted_budget_bytes":18222796,"peak_within_admitted_budget":true,"admission_mode":"unconditional","hal_bytes_per_call_amortized":10315959.2,"process_rss_kb":26376,"process_rss_delta_init_kb":1740}
.EVS Port1 1980-012-14:20:15.52987 66/1/AI_LEARNER 4: AI_LEARNER completed=110/110 mean=7845650.3us max=9036152.8us hal_peak=9382092 within_bounded=1
{"app":"AI_LEARNER","stage":"run","model":"smartcam","target":"aarch64-unknown-linux-gnu","attempted":110,"completed":110,"fail_input":0,"fail_invoke":0,"fail_output":0,"mean_us":7845650.33,"max_us":9036152.85,"last_us":8091100.22,"out0":0.84148,"out":[0.841482,0.111485,0.047032]}
{"app":"AI_LEARNER","stage":"mem","model":"smartcam","target":"aarch64-unknown-linux-gnu","completed":110,"hal_peak":9382092,"peak_within_bounded":true,"admitted_budget_bytes":18222796,"peak_within_admitted_budget":true,"admission_mode":"unconditional","hal_bytes_per_call_amortized":10301995.7,"process_rss_kb":26376,"process_rss_delta_init_kb":1740}
..EVS Port1 1980-012-14:20:23.63378 66/1/AI_LEARNER 4: AI_LEARNER completed=111/111 mean=7847891.9us max=9036152.8us hal_peak=9382092 within_bounded=1
{"app":"AI_LEARNER","stage":"run","model":"smartcam","target":"aarch64-unknown-linux-gnu","attempted":111,"completed":111,"fail_input":0,"fail_invoke":0,"fail_output":0,"mean_us":7847891.85,"max_us":9036152.85,"last_us":8094459.63,"out0":0.84148,"out":[0.841482,0.111485,0.047032]}
{"app":"AI_LEARNER","stage":"mem","model":"smartcam","target":"aarch64-unknown-linux-gnu","completed":111,"hal_peak":9382092,"peak_within_bounded":true,"admitted_budget_bytes":18222796,"peak_within_admitted_budget":true,"admission_mode":"unconditional","hal_bytes_per_call_amortized":10288283.9,"process_rss_kb":26376,"process_rss_delta_init_kb":1740}
EVS Port1 1980-012-14:20:24.00379 66/1/CFE_TIME 21: Stop FLYWHEEL
EVS Port1 1980-012-14:20:24.99694 66/1/CFE_TIME 20: Start FLYWHEEL
.EVS Port1 1980-012-14:20:30.15403 66/1/AI_LEARNER 4: AI_LEARNER completed=112/112 mean=7844781.0us max=9036152.8us hal_peak=9382092 within_bounded=1
{"app":"AI_LEARNER","stage":"run","model":"smartcam","target":"aarch64-unknown-linux-gnu","attempted":112,"completed":112,"fail_input":0,"fail_invoke":0,"fail_output":0,"mean_us":7844780.99,"max_us":9036152.85,"last_us":7499474.93,"out0":0.84148,"out":[0.841482,0.111485,0.047032]}
{"app":"AI_LEARNER","stage":"mem","model":"smartcam","target":"aarch64-unknown-linux-gnu","completed":112,"hal_peak":9382092,"peak_within_bounded":true,"admitted_budget_bytes":18222796,"peak_within_admitted_budget":true,"admission_mode":"unconditional","hal_bytes_per_call_amortized":10274816.9,"process_rss_kb":26376,"process_rss_delta_init_kb":1740}
.EVS Port1 1980-012-14:20:38.05674 66/1/AI_LEARNER 4: AI_LEARNER completed=113/113 mean=7845380.2us max=9036152.8us hal_peak=9382092 within_bounded=1
{"app":"AI_LEARNER","stage":"run","model":"smartcam","target":"aarch64-unknown-linux-gnu","attempted":113,"completed":113,"fail_input":0,"fail_invoke":0,"fail_output":0,"mean_us":7845380.23,"max_us":9036152.85,"last_us":7912495.82,"out0":0.84148,"out":[0.841482,0.111485,0.047032]}
{"app":"AI_LEARNER","stage":"mem","model":"smartcam","target":"aarch64-unknown-linux-gnu","completed":113,"hal_peak":9382092,"peak_within_bounded":true,"admitted_budget_bytes":18222796,"peak_within_admitted_budget":true,"admission_mode":"unconditional","hal_bytes_per_call_amortized":10261588.2,"process_rss_kb":26376,"process_rss_delta_init_kb":1740}
.EVS Port1 1980-012-14:20:45.71940 66/1/AI_LEARNER 4: AI_LEARNER completed=114/114 mean=7843710.1us max=9036152.8us hal_peak=9382092 within_bounded=1
{"app":"AI_LEARNER","stage":"run","model":"smartcam","target":"aarch64-unknown-linux-gnu","attempted":114,"completed":114,"fail_input":0,"fail_invoke":0,"fail_output":0,"mean_us":7843710.10,"max_us":9036152.85,"last_us":7654985.49,"out0":0.84148,"out":[0.841482,0.111485,0.047032]}
{"app":"AI_LEARNER","stage":"mem","model":"smartcam","target":"aarch64-unknown-linux-gnu","completed":114,"hal_peak":9382092,"peak_within_bounded":true,"admitted_budget_bytes":18222796,"peak_within_admitted_budget":true,"admission_mode":"unconditional","hal_bytes_per_call_amortized":10248591.7,"process_rss_kb":26376,"process_rss_delta_init_kb":1740}
.EVS Port1 1980-012-14:20:46.00518 66/1/CFE_TIME 21: Stop FLYWHEEL
EVS Port1 1980-012-14:20:47.00053 66/1/CFE_TIME 20: Start FLYWHEEL
.EVS Port1 1980-012-14:20:53.41520 66/1/AI_LEARNER 4: AI_LEARNER completed=115/115 mean=7842335.9us max=9036152.8us hal_peak=9382092 within_bounded=1
{"app":"AI_LEARNER","stage":"run","model":"smartcam","target":"aarch64-unknown-linux-gnu","attempted":115,"completed":115,"fail_input":0,"fail_invoke":0,"fail_output":0,"mean_us":7842335.91,"max_us":9036152.85,"last_us":7685677.44,"out0":0.84148,"out":[0.841482,0.111485,0.047032]}
{"app":"AI_LEARNER","stage":"mem","model":"smartcam","target":"aarch64-unknown-linux-gnu","completed":115,"hal_peak":9382092,"peak_within_bounded":true,"admitted_budget_bytes":18222796,"peak_within_admitted_budget":true,"admission_mode":"unconditional","hal_bytes_per_call_amortized":10235821.1,"process_rss_kb":26376,"process_rss_delta_init_kb":1740}
.EVS Port1 1980-012-14:21:01.21781 66/1/AI_LEARNER 4: AI_LEARNER completed=116/116 mean=7841915.7us max=9036152.8us hal_peak=9382092 within_bounded=1
{"app":"AI_LEARNER","stage":"run","model":"smartcam","target":"aarch64-unknown-linux-gnu","attempted":116,"completed":116,"fail_input":0,"fail_invoke":0,"fail_output":0,"mean_us":7841915.69,"max_us":9036152.85,"last_us":7793591.17,"out0":0.84148,"out":[0.841482,0.111485,0.047032]}
{"app":"AI_LEARNER","stage":"mem","model":"smartcam","target":"aarch64-unknown-linux-gnu","completed":116,"hal_peak":9382092,"peak_within_bounded":true,"admitted_budget_bytes":18222796,"peak_within_admitted_budget":true,"admission_mode":"unconditional","hal_bytes_per_call_amortized":10223270.8,"process_rss_kb":26376,"process_rss_delta_init_kb":1740}
.EVS Port1 1980-012-14:21:09.11486 66/1/AI_LEARNER 4: AI_LEARNER completed=117/117 mean=7842307.7us max=9036152.8us hal_peak=9382092 within_bounded=1
{"app":"AI_LEARNER","stage":"run","model":"smartcam","target":"aarch64-unknown-linux-gnu","attempted":117,"completed":117,"fail_input":0,"fail_invoke":0,"fail_output":0,"mean_us":7842307.75,"max_us":9036152.85,"last_us":7887785.86,"out0":0.84148,"out":[0.841482,0.111485,0.047032]}
{"app":"AI_LEARNER","stage":"mem","model":"smartcam","target":"aarch64-unknown-linux-gnu","completed":117,"hal_peak":9382092,"peak_within_bounded":true,"admitted_budget_bytes":18222796,"peak_within_admitted_budget":true,"admission_mode":"unconditional","hal_bytes_per_call_amortized":10210935.0,"process_rss_kb":26376,"process_rss_delta_init_kb":1740}
..{"app":"AI_LEARNER","stage":"run","model":"smartcam","target":"aarch64-unknown-linux-gnu","attempted":118,"completed":118,"fail_input":0,"fail_invoke":0,"fail_output":0,"mean_us":7840172.72,"max_us":9036152.85,"last_us":7590375.17,"out0":0.84148,"out":[0.841482,0.111485,0.047032]}
EVS Port1 1980-012-14:21:16.71861 66/1/AI_LEARNER 4: AI_LEARNER completed=118/118 mean=7840172.7us max=9036152.8us hal_peak=9382092 within_bounded=1
{"app":"AI_LEARNER","stage":"mem","model":"smartcam","target":"aarch64-unknown-linux-gnu","completed":118,"hal_peak":9382092,"peak_within_bounded":true,"admitted_budget_bytes":18222796,"peak_within_admitted_budget":true,"admission_mode":"unconditional","hal_bytes_per_call_amortized":10198808.2,"process_rss_kb":26376,"process_rss_delta_init_kb":1740}
.{"app":"AI_LEARNER","stage":"run","model":"smartcam","target":"aarch64-unknown-linux-gnu","attempted":119,"completed":119,"fail_input":0,"fail_invoke":0,"fail_output":0,"mean_us":7843476.14,"max_us":9036152.85,"last_us":8233279.65,"out0":0.84148,"out":[0.841482,0.111485,0.047032]}
EVS Port1 1980-012-14:21:24.97181 66/1/AI_LEARNER 4: AI_LEARNER completed=119/119 mean=7843476.1us max=9036152.8us hal_peak=9382092 within_bounded=1
{"app":"AI_LEARNER","stage":"mem","model":"smartcam","target":"aarch64-unknown-linux-gnu","completed":119,"hal_peak":9382092,"peak_within_bounded":true,"admitted_budget_bytes":18222796,"peak_within_admitted_budget":true,"admission_mode":"unconditional","hal_bytes_per_call_amortized":10186885.3,"process_rss_kb":26376,"process_rss_delta_init_kb":1740}
EVS Port1 1980-012-14:21:26.00790 66/1/CFE_TIME 21: Stop FLYWHEEL
EVS Port1 1980-012-14:21:27.00929 66/1/CFE_TIME 20: Start FLYWHEEL
.EVS Port1 1980-012-14:21:29.00236 66/1/CFE_TIME 20: Start FLYWHEEL
EVS Port1 1980-012-14:21:29.00491 66/1/CFE_TIME 21: Stop FLYWHEEL
EVS Port1 1980-012-14:21:32.55020 66/1/AI_LEARNER 4: AI_LEARNER completed=120/120 mean=7841323.5us max=9036152.8us hal_peak=9382092 within_bounded=1
{"app":"AI_LEARNER","stage":"run","model":"smartcam","target":"aarch64-unknown-linux-gnu","attempted":120,"completed":120,"fail_input":0,"fail_invoke":0,"fail_output":0,"mean_us":7841323.46,"max_us":9036152.85,"last_us":7585153.71,"out0":0.84148,"out":[0.841482,0.111485,0.047032]}
{"app":"AI_LEARNER","stage":"mem","model":"smartcam","target":"aarch64-unknown-linux-gnu","completed":120,"hal_peak":9382092,"peak_within_bounded":true,"admitted_budget_bytes":18222796,"peak_within_admitted_budget":true,"admission_mode":"unconditional","hal_bytes_per_call_amortized":10175161.1,"process_rss_kb":26376,"process_rss_delta_init_kb":1740}
..EVS Port1 1980-012-14:21:40.07458 66/1/AI_LEARNER 4: AI_LEARNER completed=121/121 mean=7838583.5us max=9036152.8us hal_peak=9382092 within_bounded=1
{"app":"AI_LEARNER","stage":"run","model":"smartcam","target":"aarch64-unknown-linux-gnu","attempted":121,"completed":121,"fail_input":0,"fail_invoke":0,"fail_output":0,"mean_us":7838583.52,"max_us":9036152.85,"last_us":7509791.15,"out0":0.84148,"out":[0.841482,0.111485,0.047032]}
{"app":"AI_LEARNER","stage":"mem","model":"smartcam","target":"aarch64-unknown-linux-gnu","completed":121,"hal_peak":9382092,"peak_within_bounded":true,"admitted_budget_bytes":18222796,"peak_within_admitted_budget":true,"admission_mode":"unconditional","hal_bytes_per_call_amortized":10163630.7,"process_rss_kb":26376,"process_rss_delta_init_kb":1740}
.EVS Port1 1980-012-14:21:47.72209 66/1/AI_LEARNER 4: AI_LEARNER completed=122/122 mean=7836990.4us max=9036152.8us hal_peak=9382092 within_bounded=1
{"app":"AI_LEARNER","stage":"run","model":"smartcam","target":"aarch64-unknown-linux-gnu","attempted":122,"completed":122,"fail_input":0,"fail_invoke":0,"fail_output":0,"mean_us":7836990.39,"max_us":9036152.85,"last_us":7644221.30,"out0":0.84148,"out":[0.841482,0.111485,0.047032]}
{"app":"AI_LEARNER","stage":"mem","model":"smartcam","target":"aarch64-unknown-linux-gnu","completed":122,"hal_peak":9382092,"peak_within_bounded":true,"admitted_budget_bytes":18222796,"peak_within_admitted_budget":true,"admission_mode":"unconditional","hal_bytes_per_call_amortized":10152289.3,"process_rss_kb":26376,"process_rss_delta_init_kb":1740}
.{"app":"AI_LEARNER","stage":"run","model":"smartcam","target":"aarch64-unknown-linux-gnu","attempted":123,"completed":123,"fail_input":0,"fail_invoke":0,"fail_output":0,"mean_us":7835658.57,"max_us":9036152.85,"last_us":7673176.85,"out0":0.84148,"out":[0.841482,0.111485,0.047032]}
EVS Port1 1980-012-14:21:55.40948 66/1/AI_LEARNER 4: AI_LEARNER completed=123/123 mean=7835658.6us max=9036152.8us hal_peak=9382092 within_bounded=1
{"app":"AI_LEARNER","stage":"mem","model":"smartcam","target":"aarch64-unknown-linux-gnu","completed":123,"hal_peak":9382092,"peak_within_bounded":true,"admitted_budget_bytes":18222796,"peak_within_admitted_budget":true,"admission_mode":"unconditional","hal_bytes_per_call_amortized":10141132.3,"process_rss_kb":26376,"process_rss_delta_init_kb":1740}
EVS Port1 1980-012-14:21:56.00354 66/1/CFE_TIME 21: Stop FLYWHEEL
EVS Port1 1980-012-14:21:57.00242 66/1/CFE_TIME 20: Start FLYWHEEL
.EVS Port1 1980-012-14:22:02.82620 66/1/AI_LEARNER 4: AI_LEARNER completed=124/124 mean=7833143.9us max=9036152.8us hal_peak=9382092 within_bounded=1
{"app":"AI_LEARNER","stage":"run","model":"smartcam","target":"aarch64-unknown-linux-gnu","attempted":124,"completed":124,"fail_input":0,"fail_invoke":0,"fail_output":0,"mean_us":7833143.94,"max_us":9036152.85,"last_us":7523844.26,"out0":0.84148,"out":[0.841482,0.111485,0.047032]}
{"app":"AI_LEARNER","stage":"mem","model":"smartcam","target":"aarch64-unknown-linux-gnu","completed":124,"hal_peak":9382092,"peak_within_bounded":true,"admitted_budget_bytes":18222796,"peak_within_admitted_budget":true,"admission_mode":"unconditional","hal_bytes_per_call_amortized":10130155.3,"process_rss_kb":26376,"process_rss_delta_init_kb":1740}
..EVS Port1 1980-012-14:22:10.32774 66/1/AI_LEARNER 4: AI_LEARNER completed=125/125 mean=7830362.3us max=9036152.8us hal_peak=9382092 within_bounded=1
{"app":"AI_LEARNER","stage":"run","model":"smartcam","target":"aarch64-unknown-linux-gnu","attempted":125,"completed":125,"fail_input":0,"fail_invoke":0,"fail_output":0,"mean_us":7830362.27,"max_us":9036152.85,"last_us":7485434.88,"out0":0.84148,"out":[0.841482,0.111485,0.047032]}
{"app":"AI_LEARNER","stage":"mem","model":"smartcam","target":"aarch64-unknown-linux-gnu","completed":125,"hal_peak":9382092,"peak_within_bounded":true,"admitted_budget_bytes":18222796,"peak_within_admitted_budget":true,"admission_mode":"unconditional","hal_bytes_per_call_amortized":10119353.9,"process_rss_kb":26376,"process_rss_delta_init_kb":1740}
.{"app":"AI_LEARNER","stage":"run","model":"smartcam","target":"aarch64-unknown-linux-gnu","attempted":126,"completed":126,"fail_input":0,"fail_invoke":0,"fail_output":0,"mean_us":7828397.14,"max_us":9036152.85,"last_us":7582756.19,"out0":0.84148,"out":[0.841482,0.111485,0.047032]}
{"app":"AI_LEARNER","stage":"mem","model":"smartcam","target":"aarch64-unknown-linux-gnu","completed":126,"hal_peak":9382092,"peak_within_bounded":true,"admitted_budget_bytes":18222796,"peak_within_admitted_budget":true,"admission_mode":"unconditional","hal_bytes_per_call_amortized":10108723.9,"process_rss_kb":26376,"process_rss_delta_init_kb":1740}
EVS Port1 1980-012-14:22:17.91995 66/1/AI_LEARNER 4: AI_LEARNER completed=126/126 mean=7828397.1us max=9036152.8us hal_peak=9382092 within_bounded=1
.EVS Port1 1980-012-14:22:25.35403 66/1/AI_LEARNER 4: AI_LEARNER completed=127/127 mean=7825211.9us max=9036152.8us hal_peak=9382092 within_bounded=1
{"app":"AI_LEARNER","stage":"run","model":"smartcam","target":"aarch64-unknown-linux-gnu","attempted":127,"completed":127,"fail_input":0,"fail_invoke":0,"fail_output":0,"mean_us":7825211.94,"max_us":9036152.85,"last_us":7423876.72,"out0":0.84148,"out":[0.841482,0.111485,0.047032]}
{"app":"AI_LEARNER","stage":"mem","model":"smartcam","target":"aarch64-unknown-linux-gnu","completed":127,"hal_peak":9382092,"peak_within_bounded":true,"admitted_budget_bytes":18222796,"peak_within_admitted_budget":true,"admission_mode":"unconditional","hal_bytes_per_call_amortized":10098261.4,"process_rss_kb":26376,"process_rss_delta_init_kb":1740}
.{"app":"AI_LEARNER","stage":"run","model":"smartcam","target":"aarch64-unknown-linux-gnu","attempted":128,"completed":128,"fail_input":0,"fail_invoke":0,"fail_output":0,"mean_us":7822780.90,"max_us":9036152.85,"last_us":7514038.42,"out0":0.84148,"out":[0.841482,0.111485,0.047032]}
{"app":"AI_LEARNER","stage":"mem","model":"smartcam","target":"aarch64-unknown-linux-gnu","completed":128,"hal_peak":9382092,"peak_within_bounded":true,"admitted_budget_bytes":18222796,"peak_within_admitted_budget":true,"admission_mode":"unconditional","hal_bytes_per_call_amortized":10087962.3,"process_rss_kb":26376,"process_rss_delta_init_kb":1740}
EVS Port1 1980-012-14:22:32.86997 66/1/AI_LEARNER 4: AI_LEARNER completed=128/128 mean=7822780.9us max=9036152.8us hal_peak=9382092 within_bounded=1
..{"app":"AI_LEARNER","stage":"run","model":"smartcam","target":"aarch64-unknown-linux-gnu","attempted":129,"completed":129,"fail_input":0,"fail_invoke":0,"fail_output":0,"mean_us":7820274.02,"max_us":9036152.85,"last_us":7499393.95,"out0":0.84148,"out":[0.841482,0.111485,0.047032]}
EVS Port1 1980-012-14:22:40.38113 66/1/AI_LEARNER 4: AI_LEARNER completed=129/129 mean=7820274.0us max=9036152.8us hal_peak=9382092 within_bounded=1
{"app":"AI_LEARNER","stage":"mem","model":"smartcam","target":"aarch64-unknown-linux-gnu","completed":129,"hal_peak":9382092,"peak_within_bounded":true,"admitted_budget_bytes":18222796,"peak_within_admitted_budget":true,"admission_mode":"unconditional","hal_bytes_per_call_amortized":10077822.9,"process_rss_kb":26376,"process_rss_delta_init_kb":1740}
.{"app":"AI_LEARNER","stage":"run","model":"smartcam","target":"aarch64-unknown-linux-gnu","attempted":130,"completed":130,"fail_input":0,"fail_invoke":0,"fail_output":0,"mean_us":7819264.53,"max_us":9036152.85,"last_us":7689040.13,"out0":0.84148,"out":[0.841482,0.111485,0.047032]}
{"app":"AI_LEARNER","stage":"mem","model":"smartcam","target":"aarch64-unknown-linux-gnu","completed":130,"hal_peak":9382092,"peak_within_bounded":true,"admitted_budget_bytes":18222796,"peak_within_admitted_budget":true,"admission_mode":"unconditional","hal_bytes_per_call_amortized":10067839.5,"process_rss_kb":26376,"process_rss_delta_init_kb":1740}
EVS Port1 1980-012-14:22:48.09619 66/1/AI_LEARNER 4: AI_LEARNER completed=130/130 mean=7819264.5us max=9036152.8us hal_peak=9382092 within_bounded=1
.EVS Port1 1980-012-14:22:55.85275 66/1/AI_LEARNER 4: AI_LEARNER completed=131/131 mean=7818767.8us max=9036152.8us hal_peak=9382092 within_bounded=1
{"app":"AI_LEARNER","stage":"run","model":"smartcam","target":"aarch64-unknown-linux-gnu","attempted":131,"completed":131,"fail_input":0,"fail_invoke":0,"fail_output":0,"mean_us":7818767.83,"max_us":9036152.85,"last_us":7754197.38,"out0":0.84148,"out":[0.841482,0.111485,0.047032]}
{"app":"AI_LEARNER","stage":"mem","model":"smartcam","target":"aarch64-unknown-linux-gnu","completed":131,"hal_peak":9382092,"peak_within_bounded":true,"admitted_budget_bytes":18222796,"peak_within_admitted_budget":true,"admission_mode":"unconditional","hal_bytes_per_call_amortized":10058008.5,"process_rss_kb":26376,"process_rss_delta_init_kb":1740}
EVS Port1 1980-012-14:22:57.13777 66/1/CFE_TIME 20: Start FLYWHEEL
EVS Port1 1980-012-14:22:57.00732 66/1/CFE_TIME 21: Stop FLYWHEEL
.EVS Port1 1980-012-14:23:03.41314 66/1/AI_LEARNER 4: AI_LEARNER completed=132/132 mean=7817820.1us max=9036152.8us hal_peak=9382092 within_bounded=1
{"app":"AI_LEARNER","stage":"run","model":"smartcam","target":"aarch64-unknown-linux-gnu","attempted":132,"completed":132,"fail_input":0,"fail_invoke":0,"fail_output":0,"mean_us":7817820.14,"max_us":9036152.85,"last_us":7693671.97,"out0":0.84148,"out":[0.841482,0.111485,0.047032]}
{"app":"AI_LEARNER","stage":"mem","model":"smartcam","target":"aarch64-unknown-linux-gnu","completed":132,"hal_peak":9382092,"peak_within_bounded":true,"admitted_budget_bytes":18222796,"peak_within_admitted_budget":true,"admission_mode":"unconditional","hal_bytes_per_call_amortized":10048326.5,"process_rss_kb":26376,"process_rss_delta_init_kb":1740}
..{"app":"AI_LEARNER","stage":"run","model":"smartcam","target":"aarch64-unknown-linux-gnu","attempted":133,"completed":133,"fail_input":0,"fail_invoke":0,"fail_output":0,"mean_us":7817654.43,"max_us":9036152.85,"last_us":7795781.71,"out0":0.84148,"out":[0.841482,0.111485,0.047032]}
{"app":"AI_LEARNER","stage":"mem","model":"smartcam","target":"aarch64-unknown-linux-gnu","completed":133,"hal_peak":9382092,"peak_within_bounded":true,"admitted_budget_bytes":18222796,"peak_within_admitted_budget":true,"admission_mode":"unconditional","hal_bytes_per_call_amortized":10038790.0,"process_rss_kb":26376,"process_rss_delta_init_kb":1740}
EVS Port1 1980-012-14:23:11.20101 66/1/AI_LEARNER 4: AI_LEARNER completed=133/133 mean=7817654.4us max=9036152.8us hal_peak=9382092 within_bounded=1
EVS Port1 1980-012-14:23:13.00440 66/1/CFE_TIME 21: Stop FLYWHEEL
EVS Port1 1980-012-14:23:14.00001 66/1/CFE_TIME 20: Start FLYWHEEL
.EVS Port1 1980-012-14:23:18.91911 66/1/AI_LEARNER 4: AI_LEARNER completed=134/134 mean=7816865.9us max=9036152.8us hal_peak=9382092 within_bounded=1
{"app":"AI_LEARNER","stage":"run","model":"smartcam","target":"aarch64-unknown-linux-gnu","attempted":134,"completed":134,"fail_input":0,"fail_invoke":0,"fail_output":0,"mean_us":7816865.89,"max_us":9036152.85,"last_us":7711989.01,"out0":0.84148,"out":[0.841482,0.111485,0.047032]}
{"app":"AI_LEARNER","stage":"mem","model":"smartcam","target":"aarch64-unknown-linux-gnu","completed":134,"hal_peak":9382092,"peak_within_bounded":true,"admitted_budget_bytes":18222796,"peak_within_admitted_budget":true,"admission_mode":"unconditional","hal_bytes_per_call_amortized":10029395.9,"process_rss_kb":26376,"process_rss_delta_init_kb":1740}
.EVS Port1 1980-012-14:23:25.00445 66/1/CFE_TIME 21: Stop FLYWHEEL
EVS Port1 1980-012-14:23:25.99903 66/1/CFE_TIME 20: Start FLYWHEEL
{"app":"AI_LEARNER","stage":"run","model":"smartcam","target":"aarch64-unknown-linux-gnu","attempted":135,"completed":135,"fail_input":0,"fail_invoke":0,"fail_output":0,"mean_us":7815140.88,"max_us":9036152.85,"last_us":7583990.02,"out0":0.84148,"out":[0.841482,0.111485,0.047032]}
{"app":"AI_LEARNER","stage":"mem","model":"smartcam","target":"aarch64-unknown-linux-gnu","completed":135,"hal_peak":9382092,"peak_within_bounded":true,"admitted_budget_bytes":18222796,"peak_within_admitted_budget":true,"admission_mode":"unconditional","hal_bytes_per_call_amortized":10020141.0,"process_rss_kb":26376,"process_rss_delta_init_kb":1740}
EVS Port1 1980-012-14:23:26.48132 66/1/AI_LEARNER 4: AI_LEARNER completed=135/135 mean=7815140.9us max=9036152.8us hal_peak=9382092 within_bounded=1
..EVS Port1 1980-012-14:23:34.37979 66/1/AI_LEARNER 4: AI_LEARNER completed=136/136 mean=7815762.0us max=9036152.8us hal_peak=9382092 within_bounded=1
{"app":"AI_LEARNER","stage":"run","model":"smartcam","target":"aarch64-unknown-linux-gnu","attempted":136,"completed":136,"fail_input":0,"fail_invoke":0,"fail_output":0,"mean_us":7815761.98,"max_us":9036152.85,"last_us":7899610.50,"out0":0.84148,"out":[0.841482,0.111485,0.047032]}
{"app":"AI_LEARNER","stage":"mem","model":"smartcam","target":"aarch64-unknown-linux-gnu","completed":136,"hal_peak":9382092,"peak_within_bounded":true,"admitted_budget_bytes":18222796,"peak_within_admitted_budget":true,"admission_mode":"unconditional","hal_bytes_per_call_amortized":10011022.1,"process_rss_kb":26376,"process_rss_delta_init_kb":1740}
.{"app":"AI_LEARNER","stage":"run","model":"smartcam","target":"aarch64-unknown-linux-gnu","attempted":137,"completed":137,"fail_input":0,"fail_invoke":0,"fail_output":0,"mean_us":7814469.11,"max_us":9036152.85,"last_us":7638638.43,"out0":0.84148,"out":[0.841482,0.111485,0.047032]}
EVS Port1 1980-012-14:23:42.03341 66/1/AI_LEARNER 4: AI_LEARNER completed=137/137 mean=7814469.1us max=9036152.8us hal_peak=9382092 within_bounded=1
{"app":"AI_LEARNER","stage":"mem","model":"smartcam","target":"aarch64-unknown-linux-gnu","completed":137,"hal_peak":9382092,"peak_within_bounded":true,"admitted_budget_bytes":18222796,"peak_within_admitted_budget":true,"admission_mode":"unconditional","hal_bytes_per_call_amortized":10002036.4,"process_rss_kb":26376,"process_rss_delta_init_kb":1740}
.EVS Port1 1980-012-14:23:49.47984 66/1/AI_LEARNER 4: AI_LEARNER completed=138/138 mean=7811685.4us max=9036152.8us hal_peak=9382092 within_bounded=1
{"app":"AI_LEARNER","stage":"run","model":"smartcam","target":"aarch64-unknown-linux-gnu","attempted":138,"completed":138,"fail_input":0,"fail_invoke":0,"fail_output":0,"mean_us":7811685.45,"max_us":9036152.85,"last_us":7430324.38,"out0":0.84148,"out":[0.841482,0.111485,0.047032]}
{"app":"AI_LEARNER","stage":"mem","model":"smartcam","target":"aarch64-unknown-linux-gnu","completed":138,"hal_peak":9382092,"peak_within_bounded":true,"admitted_budget_bytes":18222796,"peak_within_admitted_budget":true,"admission_mode":"unconditional","hal_bytes_per_call_amortized":9993181.0,"process_rss_kb":26376,"process_rss_delta_init_kb":1740}
.EVS Port1 1980-012-14:23:57.07690 66/1/AI_LEARNER 4: AI_LEARNER completed=139/139 mean=7810173.4us max=9036152.8us hal_peak=9382092 within_bounded=1
{"app":"AI_LEARNER","stage":"run","model":"smartcam","target":"aarch64-unknown-linux-gnu","attempted":139,"completed":139,"fail_input":0,"fail_invoke":0,"fail_output":0,"mean_us":7810173.38,"max_us":9036152.85,"last_us":7601507.33,"out0":0.84148,"out":[0.841482,0.111485,0.047032]}
{"app":"AI_LEARNER","stage":"mem","model":"smartcam","target":"aarch64-unknown-linux-gnu","completed":139,"hal_peak":9382092,"peak_within_bounded":true,"admitted_budget_bytes":18222796,"peak_within_admitted_budget":true,"admission_mode":"unconditional","hal_bytes_per_call_amortized":9984452.9,"process_rss_kb":26376,"process_rss_delta_init_kb":1740}
..EVS Port1 1980-012-14:24:04.82421 66/1/AI_LEARNER 4: AI_LEARNER completed=140/140 mean=7809773.5us max=9036152.8us hal_peak=9382092 within_bounded=1
{"app":"AI_LEARNER","stage":"run","model":"smartcam","target":"aarch64-unknown-linux-gnu","attempted":140,"completed":140,"fail_input":0,"fail_invoke":0,"fail_output":0,"mean_us":7809773.48,"max_us":9036152.85,"last_us":7754187.22,"out0":0.84148,"out":[0.841482,0.111485,0.047032]}
{"app":"AI_LEARNER","stage":"mem","model":"smartcam","target":"aarch64-unknown-linux-gnu","completed":140,"hal_peak":9382092,"peak_within_bounded":true,"admitted_budget_bytes":18222796,"peak_within_admitted_budget":true,"admission_mode":"unconditional","hal_bytes_per_call_amortized":9975849.5,"process_rss_kb":26376,"process_rss_delta_init_kb":1740}
.EVS Port1 1980-012-14:24:12.56250 66/1/AI_LEARNER 4: AI_LEARNER completed=141/141 mean=7809317.0us max=9036152.8us hal_peak=9382092 within_bounded=1
{"app":"AI_LEARNER","stage":"run","model":"smartcam","target":"aarch64-unknown-linux-gnu","attempted":141,"completed":141,"fail_input":0,"fail_invoke":0,"fail_output":0,"mean_us":7809316.98,"max_us":9036152.85,"last_us":7745407.10,"out0":0.84148,"out":[0.841482,0.111485,0.047032]}
{"app":"AI_LEARNER","stage":"mem","model":"smartcam","target":"aarch64-unknown-linux-gnu","completed":141,"hal_peak":9382092,"peak_within_bounded":true,"admitted_budget_bytes":18222796,"peak_within_admitted_budget":true,"admission_mode":"unconditional","hal_bytes_per_call_amortized":9967368.2,"process_rss_kb":26376,"process_rss_delta_init_kb":1740}
.EVS Port1 1980-012-14:24:20.36058 66/1/AI_LEARNER 4: AI_LEARNER completed=142/142 mean=7809197.2us max=9036152.8us hal_peak=9382092 within_bounded=1
{"app":"AI_LEARNER","stage":"run","model":"smartcam","target":"aarch64-unknown-linux-gnu","attempted":142,"completed":142,"fail_input":0,"fail_invoke":0,"fail_output":0,"mean_us":7809197.23,"max_us":9036152.85,"last_us":7792313.34,"out0":0.84148,"out":[0.841482,0.111485,0.047032]}
{"app":"AI_LEARNER","stage":"mem","model":"smartcam","target":"aarch64-unknown-linux-gnu","completed":142,"hal_peak":9382092,"peak_within_bounded":true,"admitted_budget_bytes":18222796,"peak_within_admitted_budget":true,"admission_mode":"unconditional","hal_bytes_per_call_amortized":9959006.3,"process_rss_kb":26376,"process_rss_delta_init_kb":1740}
EVS Port1 1980-012-14:24:21.00987 66/1/CFE_TIME 21: Stop FLYWHEEL
.EVS Port1 1980-012-14:24:21.98063 66/1/CFE_TIME 20: Start FLYWHEEL
.EVS Port1 1980-012-14:24:28.25935 66/1/AI_LEARNER 4: AI_LEARNER completed=143/143 mean=7809990.2us max=9036152.8us hal_peak=9382092 within_bounded=1
{"app":"AI_LEARNER","stage":"run","model":"smartcam","target":"aarch64-unknown-linux-gnu","attempted":143,"completed":143,"fail_input":0,"fail_invoke":0,"fail_output":0,"mean_us":7809990.24,"max_us":9036152.85,"last_us":7922597.39,"out0":0.84148,"out":[0.841482,0.111485,0.047032]}
{"app":"AI_LEARNER","stage":"mem","model":"smartcam","target":"aarch64-unknown-linux-gnu","completed":143,"hal_peak":9382092,"peak_within_bounded":true,"admitted_budget_bytes":18222796,"peak_within_admitted_budget":true,"admission_mode":"unconditional","hal_bytes_per_call_amortized":9950761.3,"process_rss_kb":26376,"process_rss_delta_init_kb":1740}
EVS Port1 1980-012-14:24:33.00531 66/1/CFE_TIME 21: Stop FLYWHEEL
.EVS Port1 1980-012-14:24:34.00000 66/1/CFE_TIME 20: Start FLYWHEEL
{"app":"AI_LEARNER","stage":"run","model":"smartcam","target":"aarch64-unknown-linux-gnu","attempted":144,"completed":144,"fail_input":0,"fail_invoke":0,"fail_output":0,"mean_us":7811339.19,"max_us":9036152.85,"last_us":8004239.07,"out0":0.84148,"out":[0.841482,0.111485,0.047032]}
EVS Port1 1980-012-14:24:36.20619 66/1/AI_LEARNER 4: AI_LEARNER completed=144/144 mean=7811339.2us max=9036152.8us hal_peak=9382092 within_bounded=1
{"app":"AI_LEARNER","stage":"mem","model":"smartcam","target":"aarch64-unknown-linux-gnu","completed":144,"hal_peak":9382092,"peak_within_bounded":true,"admitted_budget_bytes":18222796,"peak_within_admitted_budget":true,"admission_mode":"unconditional","hal_bytes_per_call_amortized":9942630.9,"process_rss_kb":26376,"process_rss_delta_init_kb":1740}
.EVS Port1 1980-012-14:24:44.10722 66/1/AI_LEARNER 4: AI_LEARNER completed=145/145 mean=7811841.6us max=9036152.8us hal_peak=9382092 within_bounded=1
{"app":"AI_LEARNER","stage":"run","model":"smartcam","target":"aarch64-unknown-linux-gnu","attempted":145,"completed":145,"fail_input":0,"fail_invoke":0,"fail_output":0,"mean_us":7811841.62,"max_us":9036152.85,"last_us":7884191.68,"out0":0.84148,"out":[0.841482,0.111485,0.047032]}
{"app":"AI_LEARNER","stage":"mem","model":"smartcam","target":"aarch64-unknown-linux-gnu","completed":145,"hal_peak":9382092,"peak_within_bounded":true,"admitted_budget_bytes":18222796,"peak_within_admitted_budget":true,"admission_mode":"unconditional","hal_bytes_per_call_amortized":9934612.6,"process_rss_kb":26376,"process_rss_delta_init_kb":1740}
..EVS Port1 1980-012-14:24:52.80410 66/1/AI_LEARNER 4: AI_LEARNER completed=146/146 mean=7817957.6us max=9036152.8us hal_peak=9382092 within_bounded=1
{"app":"AI_LEARNER","stage":"run","model":"smartcam","target":"aarch64-unknown-linux-gnu","attempted":146,"completed":146,"fail_input":0,"fail_invoke":0,"fail_output":0,"mean_us":7817957.60,"max_us":9036152.85,"last_us":8704775.07,"out0":0.84148,"out":[0.841482,0.111485,0.047032]}
{"app":"AI_LEARNER","stage":"mem","model":"smartcam","target":"aarch64-unknown-linux-gnu","completed":146,"hal_peak":9382092,"peak_within_bounded":true,"admitted_budget_bytes":18222796,"peak_within_admitted_budget":true,"admission_mode":"unconditional","hal_bytes_per_call_amortized":9926704.2,"process_rss_kb":26376,"process_rss_delta_init_kb":1740}
EVS Port1 1980-012-14:24:55.00799 66/1/CFE_TIME 21: Stop FLYWHEEL
EVS Port1 1980-012-14:24:55.99522 66/1/CFE_TIME 20: Start FLYWHEEL
.EVS Port1 1980-012-14:24:59.00386 66/1/CFE_TIME 21: Stop FLYWHEEL
EVS Port1 1980-012-14:24:59.99955 66/1/CFE_TIME 20: Start FLYWHEEL
EVS Port1 1980-012-14:25:00.81112 66/1/AI_LEARNER 4: AI_LEARNER completed=147/147 mean=7819752.5us max=9036152.8us hal_peak=9382092 within_bounded=1
{"app":"AI_LEARNER","stage":"run","model":"smartcam","target":"aarch64-unknown-linux-gnu","attempted":147,"completed":147,"fail_input":0,"fail_invoke":0,"fail_output":0,"mean_us":7819752.50,"max_us":9036152.85,"last_us":8081807.49,"out0":0.84148,"out":[0.841482,0.111485,0.047032]}
{"app":"AI_LEARNER","stage":"mem","model":"smartcam","target":"aarch64-unknown-linux-gnu","completed":147,"hal_peak":9382092,"peak_within_bounded":true,"admitted_budget_bytes":18222796,"peak_within_admitted_budget":true,"admission_mode":"unconditional","hal_bytes_per_call_amortized":9918903.3,"process_rss_kb":26376,"process_rss_delta_init_kb":1740}
.EVS Port1 1980-012-14:25:05.00794 66/1/CFE_TIME 20: Start FLYWHEEL
EVS Port1 1980-012-14:25:05.00419 66/1/CFE_TIME 21: Stop FLYWHEEL
EVS Port1 1980-012-14:25:08.02699 66/1/CFE_TIME 20: Start FLYWHEEL
EVS Port1 1980-012-14:25:08.00674 66/1/CFE_TIME 21: Stop FLYWHEEL
.EVS Port1 1980-012-14:25:11.93241 66/1/AI_LEARNER 4: AI_LEARNER completed=148/148 mean=7842376.9us max=11168162.5us hal_peak=9382092 within_bounded=1
{"app":"AI_LEARNER","stage":"run","model":"smartcam","target":"aarch64-unknown-linux-gnu","attempted":148,"completed":148,"fail_input":0,"fail_invoke":0,"fail_output":0,"mean_us":7842376.89,"max_us":11168162.53,"last_us":11168162.53,"out0":0.84148,"out":[0.841482,0.111485,0.047032]}
{"app":"AI_LEARNER","stage":"mem","model":"smartcam","target":"aarch64-unknown-linux-gnu","completed":148,"hal_peak":9382092,"peak_within_bounded":true,"admitted_budget_bytes":18222796,"peak_within_admitted_budget":true,"admission_mode":"unconditional","hal_bytes_per_call_amortized":9911207.9,"process_rss_kb":26376,"process_rss_delta_init_kb":1740}
..{"app":"AI_LEARNER","stage":"run","model":"smartcam","target":"aarch64-unknown-linux-gnu","attempted":149,"completed":149,"fail_input":0,"fail_invoke":0,"fail_output":0,"mean_us":7880646.50,"max_us":13544548.50,"last_us":13544548.50,"out0":0.84148,"out":[0.841482,0.111485,0.047032]}
EVS Port1 1980-012-14:25:25.46427 66/1/AI_LEARNER 4: AI_LEARNER completed=149/149 mean=7880646.5us max=13544548.5us hal_peak=9382092 within_bounded=1
{"app":"AI_LEARNER","stage":"mem","model":"smartcam","target":"aarch64-unknown-linux-gnu","completed":149,"hal_peak":9382092,"peak_within_bounded":true,"admitted_budget_bytes":18222796,"peak_within_admitted_budget":true,"admission_mode":"unconditional","hal_bytes_per_call_amortized":9903615.8,"process_rss_kb":26376,"process_rss_delta_init_kb":1740}
.EVS Port1 1980-012-14:25:29.01475 66/1/CFE_TIME 21: Stop FLYWHEEL
EVS Port1 1980-012-14:25:29.99206 66/1/CFE_TIME 20: Start FLYWHEEL
EVS Port1 1980-012-14:25:32.01493 66/1/CFE_TIME 21: Stop FLYWHEEL
EVS Port1 1980-012-14:25:32.99113 66/1/CFE_TIME 20: Start FLYWHEEL
.EVS Port1 1980-012-14:25:37.00395 66/1/CFE_TIME 21: Stop FLYWHEEL
EVS Port1 1980-012-14:25:37.92103 66/1/AI_LEARNER 4: AI_LEARNER completed=150/150 mean=7911969.6us max=13544548.5us hal_peak=9382092 within_bounded=1
{"app":"AI_LEARNER","stage":"run","model":"smartcam","target":"aarch64-unknown-linux-gnu","attempted":150,"completed":150,"fail_input":0,"fail_invoke":0,"fail_output":0,"mean_us":7911969.56,"max_us":13544548.50,"last_us":12579105.58,"out0":0.84148,"out":[0.841482,0.111485,0.047032]}
{"app":"AI_LEARNER","stage":"mem","model":"smartcam","target":"aarch64-unknown-linux-gnu","completed":150,"hal_peak":9382092,"peak_within_bounded":true,"admitted_budget_bytes":18222796,"peak_within_admitted_budget":true,"admission_mode":"unconditional","hal_bytes_per_call_amortized":9896124.9,"process_rss_kb":26376,"process_rss_delta_init_kb":1740}
EVS Port1 1980-012-14:25:37.99888 66/1/CFE_TIME 20: Start FLYWHEEL
.EVS Port1 1980-012-14:25:45.74937 66/1/AI_LEARNER 4: AI_LEARNER completed=151/151 mean=7911351.7us max=13544548.5us hal_peak=9382092 within_bounded=1
{"app":"AI_LEARNER","stage":"run","model":"smartcam","target":"aarch64-unknown-linux-gnu","attempted":151,"completed":151,"fail_input":0,"fail_invoke":0,"fail_output":0,"mean_us":7911351.68,"max_us":13544548.50,"last_us":7818669.58,"out0":0.84148,"out":[0.841482,0.111485,0.047032]}
{"app":"AI_LEARNER","stage":"mem","model":"smartcam","target":"aarch64-unknown-linux-gnu","completed":151,"hal_peak":9382092,"peak_within_bounded":true,"admitted_budget_bytes":18222796,"peak_within_admitted_budget":true,"admission_mode":"unconditional","hal_bytes_per_call_amortized":9888733.2,"process_rss_kb":26376,"process_rss_delta_init_kb":1740}
..{"app":"AI_LEARNER","stage":"run","model":"smartcam","target":"aarch64-unknown-linux-gnu","attempted":152,"completed":152,"fail_input":0,"fail_invoke":0,"fail_output":0,"mean_us":7911329.67,"max_us":13544548.50,"last_us":7908006.45,"out0":0.84148,"out":[0.841482,0.111485,0.047032]}
EVS Port1 1980-012-14:25:53.66564 66/1/AI_LEARNER 4: AI_LEARNER completed=152/152 mean=7911329.7us max=13544548.5us hal_peak=9382092 within_bounded=1
{"app":"AI_LEARNER","stage":"mem","model":"smartcam","target":"aarch64-unknown-linux-gnu","completed":152,"hal_peak":9382092,"peak_within_bounded":true,"admitted_budget_bytes":18222796,"peak_within_admitted_budget":true,"admission_mode":"unconditional","hal_bytes_per_call_amortized":9881438.8,"process_rss_kb":26376,"process_rss_delta_init_kb":1740}
EVS Port1 1980-012-14:25:55.00558 66/1/CFE_TIME 21: Stop FLYWHEEL
EVS Port1 1980-012-14:25:55.99749 66/1/CFE_TIME 20: Start FLYWHEEL
.{"app":"AI_LEARNER","stage":"run","model":"smartcam","target":"aarch64-unknown-linux-gnu","attempted":153,"completed":153,"fail_input":0,"fail_invoke":0,"fail_output":0,"mean_us":7912948.13,"max_us":13544548.50,"last_us":8158952.96,"out0":0.84148,"out":[0.841482,0.111485,0.047032]}
{"app":"AI_LEARNER","stage":"mem","model":"smartcam","target":"aarch64-unknown-linux-gnu","completed":153,"hal_peak":9382092,"peak_within_bounded":true,"admitted_budget_bytes":18222796,"peak_within_admitted_budget":true,"admission_mode":"unconditional","hal_bytes_per_call_amortized":9874239.7,"process_rss_kb":26376,"process_rss_delta_init_kb":1740}
EVS Port1 1980-012-14:26:01.71754 66/1/AI_LEARNER 4: AI_LEARNER completed=153/153 mean=7912948.1us max=13544548.5us hal_peak=9382092 within_bounded=1
.EVS Port1 1980-012-14:26:09.49871 66/1/AI_LEARNER 4: AI_LEARNER completed=154/154 mean=7912180.7us max=13544548.5us hal_peak=9382092 within_bounded=1
{"app":"AI_LEARNER","stage":"run","model":"smartcam","target":"aarch64-unknown-linux-gnu","attempted":154,"completed":154,"fail_input":0,"fail_invoke":0,"fail_output":0,"mean_us":7912180.69,"max_us":13544548.50,"last_us":7794762.45,"out0":0.84148,"out":[0.841482,0.111485,0.047032]}
{"app":"AI_LEARNER","stage":"mem","model":"smartcam","target":"aarch64-unknown-linux-gnu","completed":154,"hal_peak":9382092,"peak_within_bounded":true,"admitted_budget_bytes":18222796,"peak_within_admitted_budget":true,"admission_mode":"unconditional","hal_bytes_per_call_amortized":9867134.1,"process_rss_kb":26376,"process_rss_delta_init_kb":1740}
..EVS Port1 1980-012-14:26:17.79302 66/1/AI_LEARNER 4: AI_LEARNER completed=155/155 mean=7914597.5us max=13544548.5us hal_peak=9382092 within_bounded=1
{"app":"AI_LEARNER","stage":"run","model":"smartcam","target":"aarch64-unknown-linux-gnu","attempted":155,"completed":155,"fail_input":0,"fail_invoke":0,"fail_output":0,"mean_us":7914597.50,"max_us":13544548.50,"last_us":8286786.45,"out0":0.84148,"out":[0.841482,0.111485,0.047032]}
{"app":"AI_LEARNER","stage":"mem","model":"smartcam","target":"aarch64-unknown-linux-gnu","completed":155,"hal_peak":9382092,"peak_within_bounded":true,"admitted_budget_bytes":18222796,"peak_within_admitted_budget":true,"admission_mode":"unconditional","hal_bytes_per_call_amortized":9860120.2,"process_rss_kb":26376,"process_rss_delta_init_kb":1740}
.EVS Port1 1980-012-14:26:25.41058 66/1/AI_LEARNER 4: AI_LEARNER completed=156/156 mean=7912827.0us max=13544548.5us hal_peak=9382092 within_bounded=1
{"app":"AI_LEARNER","stage":"run","model":"smartcam","target":"aarch64-unknown-linux-gnu","attempted":156,"completed":156,"fail_input":0,"fail_invoke":0,"fail_output":0,"mean_us":7912826.97,"max_us":13544548.50,"last_us":7638394.50,"out0":0.84148,"out":[0.841482,0.111485,0.047032]}
{"app":"AI_LEARNER","stage":"mem","model":"smartcam","target":"aarch64-unknown-linux-gnu","completed":156,"hal_peak":9382092,"peak_within_bounded":true,"admitted_budget_bytes":18222796,"peak_within_admitted_budget":true,"admission_mode":"unconditional","hal_bytes_per_call_amortized":9853196.2,"process_rss_kb":26376,"process_rss_delta_init_kb":1740}
.EVS Port1 1980-012-14:26:33.55165 66/1/AI_LEARNER 4: AI_LEARNER completed=157/157 mean=7914031.7us max=13544548.5us hal_peak=9382092 within_bounded=1
{"app":"AI_LEARNER","stage":"run","model":"smartcam","target":"aarch64-unknown-linux-gnu","attempted":157,"completed":157,"fail_input":0,"fail_invoke":0,"fail_output":0,"mean_us":7914031.72,"max_us":13544548.50,"last_us":8101972.61,"out0":0.84148,"out":[0.841482,0.111485,0.047032]}
{"app":"AI_LEARNER","stage":"mem","model":"smartcam","target":"aarch64-unknown-linux-gnu","completed":157,"hal_peak":9382092,"peak_within_bounded":true,"admitted_budget_bytes":18222796,"peak_within_admitted_budget":true,"admission_mode":"unconditional","hal_bytes_per_call_amortized":9846360.5,"process_rss_kb":26376,"process_rss_delta_init_kb":1740}
.EVS Port1 1980-012-14:26:35.00404 66/1/CFE_TIME 21: Stop FLYWHEEL
EVS Port1 1980-012-14:26:35.99780 66/1/CFE_TIME 20: Start FLYWHEEL
EVS Port1 1980-012-14:26:38.00376 66/1/CFE_TIME 21: Stop FLYWHEEL
EVS Port1 1980-012-14:26:38.99478 66/1/CFE_TIME 20: Start FLYWHEEL
.{"app":"AI_LEARNER","stage":"run","model":"smartcam","target":"aarch64-unknown-linux-gnu","attempted":158,"completed":158,"fail_input":0,"fail_invoke":0,"fail_output":0,"mean_us":7913019.88,"max_us":13544548.50,"last_us":7754161.54,"out0":0.84148,"out":[0.841482,0.111485,0.047032]}
EVS Port1 1980-012-14:26:41.30224 66/1/AI_LEARNER 4: AI_LEARNER completed=158/158 mean=7913019.9us max=13544548.5us hal_peak=9382092 within_bounded=1
{"app":"AI_LEARNER","stage":"mem","model":"smartcam","target":"aarch64-unknown-linux-gnu","completed":158,"hal_peak":9382092,"peak_within_bounded":true,"admitted_budget_bytes":18222796,"peak_within_admitted_budget":true,"admission_mode":"unconditional","hal_bytes_per_call_amortized":9839611.2,"process_rss_kb":26376,"process_rss_delta_init_kb":1740}
.EVS Port1 1980-012-14:26:49.20565 66/1/AI_LEARNER 4: AI_LEARNER completed=159/159 mean=7912921.4us max=13544548.5us hal_peak=9382092 within_bounded=1
{"app":"AI_LEARNER","stage":"run","model":"smartcam","target":"aarch64-unknown-linux-gnu","attempted":159,"completed":159,"fail_input":0,"fail_invoke":0,"fail_output":0,"mean_us":7912921.43,"max_us":13544548.50,"last_us":7897365.97,"out0":0.84148,"out":[0.841482,0.111485,0.047032]}
{"app":"AI_LEARNER","stage":"mem","model":"smartcam","target":"aarch64-unknown-linux-gnu","completed":159,"hal_peak":9382092,"peak_within_bounded":true,"admitted_budget_bytes":18222796,"peak_within_admitted_budget":true,"admission_mode":"unconditional","hal_bytes_per_call_amortized":9832946.9,"process_rss_kb":26376,"process_rss_delta_init_kb":1740}
.EVS Port1 1980-012-14:26:55.14775 66/1/CFE_TIME 20: Start FLYWHEEL
EVS Port1 1980-012-14:26:55.00317 66/1/CFE_TIME 21: Stop FLYWHEEL
{"app":"AI_LEARNER","stage":"run","model":"smartcam","target":"aarch64-unknown-linux-gnu","attempted":160,"completed":160,"fail_input":0,"fail_invoke":0,"fail_output":0,"mean_us":7911901.96,"max_us":13544548.50,"last_us":7749806.00,"out0":0.84148,"out":[0.841482,0.111485,0.047032]}
{"app":"AI_LEARNER","stage":"mem","model":"smartcam","target":"aarch64-unknown-linux-gnu","completed":160,"hal_peak":9382092,"peak_within_bounded":true,"admitted_budget_bytes":18222796,"peak_within_admitted_budget":true,"admission_mode":"unconditional","hal_bytes_per_call_amortized":9826365.8,"process_rss_kb":26376,"process_rss_delta_init_kb":1740}
EVS Port1 1980-012-14:26:56.82725 66/1/AI_LEARNER 4: AI_LEARNER completed=160/160 mean=7911902.0us max=13544548.5us hal_peak=9382092 within_bounded=1
..EVS Port1 1980-012-14:27:04.70689 66/1/AI_LEARNER 4: AI_LEARNER completed=161/161 mean=7911618.7us max=13544548.5us hal_peak=9382092 within_bounded=1
{"app":"AI_LEARNER","stage":"run","model":"smartcam","target":"aarch64-unknown-linux-gnu","attempted":161,"completed":161,"fail_input":0,"fail_invoke":0,"fail_output":0,"mean_us":7911618.70,"max_us":13544548.50,"last_us":7866297.14,"out0":0.84148,"out":[0.841482,0.111485,0.047032]}
{"app":"AI_LEARNER","stage":"mem","model":"smartcam","target":"aarch64-unknown-linux-gnu","completed":161,"hal_peak":9382092,"peak_within_bounded":true,"admitted_budget_bytes":18222796,"peak_within_admitted_budget":true,"admission_mode":"unconditional","hal_bytes_per_call_amortized":9819866.5,"process_rss_kb":26376,"process_rss_delta_init_kb":1740}
.{"app":"AI_LEARNER","stage":"run","model":"smartcam","target":"aarch64-unknown-linux-gnu","attempted":162,"completed":162,"fail_input":0,"fail_invoke":0,"fail_output":0,"mean_us":7908311.08,"max_us":13544548.50,"last_us":7375784.46,"out0":0.84148,"out":[0.841482,0.111485,0.047032]}
EVS Port1 1980-012-14:27:12.08621 66/1/AI_LEARNER 4: AI_LEARNER completed=162/162 mean=7908311.1us max=13544548.5us hal_peak=9382092 within_bounded=1
{"app":"AI_LEARNER","stage":"mem","model":"smartcam","target":"aarch64-unknown-linux-gnu","completed":162,"hal_peak":9382092,"peak_within_bounded":true,"admitted_budget_bytes":18222796,"peak_within_admitted_budget":true,"admission_mode":"unconditional","hal_bytes_per_call_amortized":9813447.5,"process_rss_kb":26376,"process_rss_delta_init_kb":1740}
.EVS Port1 1980-012-14:27:19.80543 66/1/AI_LEARNER 4: AI_LEARNER completed=163/163 mean=7907055.1us max=13544548.5us hal_peak=9382092 within_bounded=1
{"app":"AI_LEARNER","stage":"run","model":"smartcam","target":"aarch64-unknown-linux-gnu","attempted":163,"completed":163,"fail_input":0,"fail_invoke":0,"fail_output":0,"mean_us":7907055.15,"max_us":13544548.50,"last_us":7703594.53,"out0":0.84148,"out":[0.841482,0.111485,0.047032]}
{"app":"AI_LEARNER","stage":"mem","model":"smartcam","target":"aarch64-unknown-linux-gnu","completed":163,"hal_peak":9382092,"peak_within_bounded":true,"admitted_budget_bytes":18222796,"peak_within_admitted_budget":true,"admission_mode":"unconditional","hal_bytes_per_call_amortized":9807107.2,"process_rss_kb":26376,"process_rss_delta_init_kb":1740}
.EVS Port1 1980-012-14:27:24.00376 66/1/CFE_TIME 21: Stop FLYWHEEL
EVS Port1 1980-012-14:27:24.99699 66/1/CFE_TIME 20: Start FLYWHEEL
EVS Port1 1980-012-14:27:27.43603 66/1/AI_LEARNER 4: AI_LEARNER completed=164/164 mean=7905594.1us max=13544548.5us hal_peak=9382092 within_bounded=1
{"app":"AI_LEARNER","stage":"run","model":"smartcam","target":"aarch64-unknown-linux-gnu","attempted":164,"completed":164,"fail_input":0,"fail_invoke":0,"fail_output":0,"mean_us":7905594.07,"max_us":13544548.50,"last_us":7667438.34,"out0":0.84148,"out":[0.841482,0.111485,0.047032]}
{"app":"AI_LEARNER","stage":"mem","model":"smartcam","target":"aarch64-unknown-linux-gnu","completed":164,"hal_peak":9382092,"peak_within_bounded":true,"admitted_budget_bytes":18222796,"peak_within_admitted_budget":true,"admission_mode":"unconditional","hal_bytes_per_call_amortized":9800844.2,"process_rss_kb":26376,"process_rss_delta_init_kb":1740}
..EVS Port1 1980-012-14:27:35.02090 66/1/AI_LEARNER 4: AI_LEARNER completed=165/165 mean=7903609.9us max=13544548.5us hal_peak=9382092 within_bounded=1
{"app":"AI_LEARNER","stage":"run","model":"smartcam","target":"aarch64-unknown-linux-gnu","attempted":165,"completed":165,"fail_input":0,"fail_invoke":0,"fail_output":0,"mean_us":7903609.93,"max_us":13544548.50,"last_us":7578211.36,"out0":0.84148,"out":[0.841482,0.111485,0.047032]}
{"app":"AI_LEARNER","stage":"mem","model":"smartcam","target":"aarch64-unknown-linux-gnu","completed":165,"hal_peak":9382092,"peak_within_bounded":true,"admitted_budget_bytes":18222796,"peak_within_admitted_budget":true,"admission_mode":"unconditional","hal_bytes_per_call_amortized":9794657.2,"process_rss_kb":26376,"process_rss_delta_init_kb":1740}
.EVS Port1 1980-012-14:27:42.94059 66/1/AI_LEARNER 4: AI_LEARNER completed=166/166 mean=7903617.1us max=13544548.5us hal_peak=9382092 within_bounded=1
{"app":"AI_LEARNER","stage":"run","model":"smartcam","target":"aarch64-unknown-linux-gnu","attempted":166,"completed":166,"fail_input":0,"fail_invoke":0,"fail_output":0,"mean_us":7903617.14,"max_us":13544548.50,"last_us":7904806.75,"out0":0.84148,"out":[0.841482,0.111485,0.047032]}
{"app":"AI_LEARNER","stage":"mem","model":"smartcam","target":"aarch64-unknown-linux-gnu","completed":166,"hal_peak":9382092,"peak_within_bounded":true,"admitted_budget_bytes":18222796,"peak_within_admitted_budget":true,"admission_mode":"unconditional","hal_bytes_per_call_amortized":9788544.7,"process_rss_kb":26376,"process_rss_delta_init_kb":1740}
.EVS Port1 1980-012-14:27:50.79821 66/1/AI_LEARNER 4: AI_LEARNER completed=167/167 mean=7903218.3us max=13544548.5us hal_peak=9382092 within_bounded=1
{"app":"AI_LEARNER","stage":"run","model":"smartcam","target":"aarch64-unknown-linux-gnu","attempted":167,"completed":167,"fail_input":0,"fail_invoke":0,"fail_output":0,"mean_us":7903218.27,"max_us":13544548.50,"last_us":7837005.98,"out0":0.84148,"out":[0.841482,0.111485,0.047032]}
{"app":"AI_LEARNER","stage":"mem","model":"smartcam","target":"aarch64-unknown-linux-gnu","completed":167,"hal_peak":9382092,"peak_within_bounded":true,"admitted_budget_bytes":18222796,"peak_within_admitted_budget":true,"admission_mode":"unconditional","hal_bytes_per_call_amortized":9782505.3,"process_rss_kb":26376,"process_rss_delta_init_kb":1740}
.EVS Port1 1980-012-14:27:54.00703 66/1/CFE_TIME 21: Stop FLYWHEEL
EVS Port1 1980-012-14:27:54.99696 66/1/CFE_TIME 20: Start FLYWHEEL
.{"app":"AI_LEARNER","stage":"run","model":"smartcam","target":"aarch64-unknown-linux-gnu","attempted":168,"completed":168,"fail_input":0,"fail_invoke":0,"fail_output":0,"mean_us":7901228.07,"max_us":13544548.50,"last_us":7568863.76,"out0":0.84148,"out":[0.841482,0.111485,0.047032]}
{"app":"AI_LEARNER","stage":"mem","model":"smartcam","target":"aarch64-unknown-linux-gnu","completed":168,"hal_peak":9382092,"peak_within_bounded":true,"admitted_budget_bytes":18222796,"peak_within_admitted_budget":true,"admission_mode":"unconditional","hal_bytes_per_call_amortized":9776537.9,"process_rss_kb":26376,"process_rss_delta_init_kb":1740}
EVS Port1 1980-012-14:27:58.34100 66/1/AI_LEARNER 4: AI_LEARNER completed=168/168 mean=7901228.1us max=13544548.5us hal_peak=9382092 within_bounded=1
.EVS Port1 1980-012-14:28:06.37416 66/1/AI_LEARNER 4: AI_LEARNER completed=169/169 mean=7902075.5us max=13544548.5us hal_peak=9382092 within_bounded=1
{"app":"AI_LEARNER","stage":"run","model":"smartcam","target":"aarch64-unknown-linux-gnu","attempted":169,"completed":169,"fail_input":0,"fail_invoke":0,"fail_output":0,"mean_us":7902075.55,"max_us":13544548.50,"last_us":8044452.66,"out0":0.84148,"out":[0.841482,0.111485,0.047032]}
{"app":"AI_LEARNER","stage":"mem","model":"smartcam","target":"aarch64-unknown-linux-gnu","completed":169,"hal_peak":9382092,"peak_within_bounded":true,"admitted_budget_bytes":18222796,"peak_within_admitted_budget":true,"admission_mode":"unconditional","hal_bytes_per_call_amortized":9770641.1,"process_rss_kb":26376,"process_rss_delta_init_kb":1740}
.EVS Port1 1980-012-14:28:14.33485 66/1/AI_LEARNER 4: AI_LEARNER completed=170/170 mean=7902395.5us max=13544548.5us hal_peak=9382092 within_bounded=1
{"app":"AI_LEARNER","stage":"run","model":"smartcam","target":"aarch64-unknown-linux-gnu","attempted":170,"completed":170,"fail_input":0,"fail_invoke":0,"fail_output":0,"mean_us":7902395.45,"max_us":13544548.50,"last_us":7956458.64,"out0":0.84148,"out":[0.841482,0.111485,0.047032]}
{"app":"AI_LEARNER","stage":"mem","model":"smartcam","target":"aarch64-unknown-linux-gnu","completed":170,"hal_peak":9382092,"peak_within_bounded":true,"admitted_budget_bytes":18222796,"peak_within_admitted_budget":true,"admission_mode":"unconditional","hal_bytes_per_call_amortized":9764813.7,"process_rss_kb":26376,"process_rss_delta_init_kb":1740}
..{"app":"AI_LEARNER","stage":"run","model":"smartcam","target":"aarch64-unknown-linux-gnu","attempted":171,"completed":171,"fail_input":0,"fail_invoke":0,"fail_output":0,"mean_us":7901440.22,"max_us":13544548.50,"last_us":7739051.09,"out0":0.84148,"out":[0.841482,0.111485,0.047032]}
EVS Port1 1980-012-14:28:22.09555 66/1/AI_LEARNER 4: AI_LEARNER completed=171/171 mean=7901440.2us max=13544548.5us hal_peak=9382092 within_bounded=1
{"app":"AI_LEARNER","stage":"mem","model":"smartcam","target":"aarch64-unknown-linux-gnu","completed":171,"hal_peak":9382092,"peak_within_bounded":true,"admitted_budget_bytes":18222796,"peak_within_admitted_budget":true,"admission_mode":"unconditional","hal_bytes_per_call_amortized":9759054.5,"process_rss_kb":26376,"process_rss_delta_init_kb":1740}
EVS Port1 1980-012-14:28:24.00723 66/1/CFE_TIME 21: Stop FLYWHEEL
EVS Port1 1980-012-14:28:24.99212 66/1/CFE_TIME 20: Start FLYWHEEL
.{"app":"AI_LEARNER","stage":"run","model":"smartcam","target":"aarch64-unknown-linux-gnu","attempted":172,"completed":172,"fail_input":0,"fail_invoke":0,"fail_output":0,"mean_us":7899169.95,"max_us":13544548.50,"last_us":7510953.20,"out0":0.84148,"out":[0.841482,0.111485,0.047032]}
{"app":"AI_LEARNER","stage":"mem","model":"smartcam","target":"aarch64-unknown-linux-gnu","completed":172,"hal_peak":9382092,"peak_within_bounded":true,"admitted_budget_bytes":18222796,"peak_within_admitted_budget":true,"admission_mode":"unconditional","hal_bytes_per_call_amortized":9753362.2,"process_rss_kb":26376,"process_rss_delta_init_kb":1740}
EVS Port1 1980-012-14:28:29.55389 66/1/AI_LEARNER 4: AI_LEARNER completed=172/172 mean=7899169.9us max=13544548.5us hal_peak=9382092 within_bounded=1
EVS Port1 1980-012-14:28:32.00549 66/1/CFE_TIME 21: Stop FLYWHEEL
EVS Port1 1980-012-14:28:32.99853 66/1/CFE_TIME 20: Start FLYWHEEL
.EVS Port1 1980-012-14:28:37.25749 66/1/AI_LEARNER 4: AI_LEARNER completed=173/173 mean=7898008.9us max=13544548.5us hal_peak=9382092 within_bounded=1
{"app":"AI_LEARNER","stage":"run","model":"smartcam","target":"aarch64-unknown-linux-gnu","attempted":173,"completed":173,"fail_input":0,"fail_invoke":0,"fail_output":0,"mean_us":7898008.92,"max_us":13544548.50,"last_us":7698312.98,"out0":0.84148,"out":[0.841482,0.111485,0.047032]}
{"app":"AI_LEARNER","stage":"mem","model":"smartcam","target":"aarch64-unknown-linux-gnu","completed":173,"hal_peak":9382092,"peak_within_bounded":true,"admitted_budget_bytes":18222796,"peak_within_admitted_budget":true,"admission_mode":"unconditional","hal_bytes_per_call_amortized":9747735.7,"process_rss_kb":26376,"process_rss_delta_init_kb":1740}
..EVS Port1 1980-012-14:28:45.83821 66/1/AI_LEARNER 4: AI_LEARNER completed=174/174 mean=7901982.3us max=13544548.5us hal_peak=9382092 within_bounded=1
{"app":"AI_LEARNER","stage":"run","model":"smartcam","target":"aarch64-unknown-linux-gnu","attempted":174,"completed":174,"fail_input":0,"fail_invoke":0,"fail_output":0,"mean_us":7901982.32,"max_us":13544548.50,"last_us":8589380.00,"out0":0.84148,"out":[0.841482,0.111485,0.047032]}
{"app":"AI_LEARNER","stage":"mem","model":"smartcam","target":"aarch64-unknown-linux-gnu","completed":174,"hal_peak":9382092,"peak_within_bounded":true,"admitted_budget_bytes":18222796,"peak_within_admitted_budget":true,"admission_mode":"unconditional","hal_bytes_per_call_amortized":9742173.9,"process_rss_kb":26376,"process_rss_delta_init_kb":1740}
.EVS Port1 1980-012-14:28:53.85246 66/1/AI_LEARNER 4: AI_LEARNER completed=175/175 mean=7902462.7us max=13544548.5us hal_peak=9382092 within_bounded=1
{"app":"AI_LEARNER","stage":"run","model":"smartcam","target":"aarch64-unknown-linux-gnu","attempted":175,"completed":175,"fail_input":0,"fail_invoke":0,"fail_output":0,"mean_us":7902462.66,"max_us":13544548.50,"last_us":7986041.68,"out0":0.84148,"out":[0.841482,0.111485,0.047032]}
{"app":"AI_LEARNER","stage":"mem","model":"smartcam","target":"aarch64-unknown-linux-gnu","completed":175,"hal_peak":9382092,"peak_within_bounded":true,"admitted_budget_bytes":18222796,"peak_within_admitted_budget":true,"admission_mode":"unconditional","hal_bytes_per_call_amortized":9736675.6,"process_rss_kb":26376,"process_rss_delta_init_kb":1740}
EVS Port1 1980-012-14:28:54.00466 66/1/CFE_TIME 21: Stop FLYWHEEL
EVS Port1 1980-012-14:28:54.99986 66/1/CFE_TIME 20: Start FLYWHEEL
.{"app":"AI_LEARNER","stage":"run","model":"smartcam","target":"aarch64-unknown-linux-gnu","attempted":176,"completed":176,"fail_input":0,"fail_invoke":0,"fail_output":0,"mean_us":7899494.96,"max_us":13544548.50,"last_us":7380148.13,"out0":0.84148,"out":[0.841482,0.111485,0.047032]}
{"app":"AI_LEARNER","stage":"mem","model":"smartcam","target":"aarch64-unknown-linux-gnu","completed":176,"hal_peak":9382092,"peak_within_bounded":true,"admitted_budget_bytes":18222796,"peak_within_admitted_budget":true,"admission_mode":"unconditional","hal_bytes_per_call_amortized":9731239.8,"process_rss_kb":26376,"process_rss_delta_init_kb":1740}
EVS Port1 1980-012-14:29:01.20416 66/1/AI_LEARNER 4: AI_LEARNER completed=176/176 mean=7899495.0us max=13544548.5us hal_peak=9382092 within_bounded=1
.EVS Port1 1980-012-14:29:08.90864 66/1/AI_LEARNER 4: AI_LEARNER completed=177/177 mean=7898301.9us max=13544548.5us hal_peak=9382092 within_bounded=1
{"app":"AI_LEARNER","stage":"run","model":"smartcam","target":"aarch64-unknown-linux-gnu","attempted":177,"completed":177,"fail_input":0,"fail_invoke":0,"fail_output":0,"mean_us":7898301.86,"max_us":13544548.50,"last_us":7688314.98,"out0":0.84148,"out":[0.841482,0.111485,0.047032]}
{"app":"AI_LEARNER","stage":"mem","model":"smartcam","target":"aarch64-unknown-linux-gnu","completed":177,"hal_peak":9382092,"peak_within_bounded":true,"admitted_budget_bytes":18222796,"peak_within_admitted_budget":true,"admission_mode":"unconditional","hal_bytes_per_call_amortized":9725865.5,"process_rss_kb":26376,"process_rss_delta_init_kb":1740}
..{"app":"AI_LEARNER","stage":"run","model":"smartcam","target":"aarch64-unknown-linux-gnu","attempted":178,"completed":178,"fail_input":0,"fail_invoke":0,"fail_output":0,"mean_us":7896998.41,"max_us":13544548.50,"last_us":7666287.71,"out0":0.84148,"out":[0.841482,0.111485,0.047032]}
{"app":"AI_LEARNER","stage":"mem","model":"smartcam","target":"aarch64-unknown-linux-gnu","completed":178,"hal_peak":9382092,"peak_within_bounded":true,"admitted_budget_bytes":18222796,"peak_within_admitted_budget":true,"admission_mode":"unconditional","hal_bytes_per_call_amortized":9720551.5,"process_rss_kb":26376,"process_rss_delta_init_kb":1740}
EVS Port1 1980-012-14:29:16.58818 66/1/AI_LEARNER 4: AI_LEARNER completed=178/178 mean=7896998.4us max=13544548.5us hal_peak=9382092 within_bounded=1
.EVS Port1 1980-012-14:29:24.49945 66/1/AI_LEARNER 4: AI_LEARNER completed=179/179 mean=7897016.8us max=13544548.5us hal_peak=9382092 within_bounded=1
{"app":"AI_LEARNER","stage":"run","model":"smartcam","target":"aarch64-unknown-linux-gnu","attempted":179,"completed":179,"fail_input":0,"fail_invoke":0,"fail_output":0,"mean_us":7897016.78,"max_us":13544548.50,"last_us":7900287.68,"out0":0.84148,"out":[0.841482,0.111485,0.047032]}
{"app":"AI_LEARNER","stage":"mem","model":"smartcam","target":"aarch64-unknown-linux-gnu","completed":179,"hal_peak":9382092,"peak_within_bounded":true,"admitted_budget_bytes":18222796,"peak_within_admitted_budget":true,"admission_mode":"unconditional","hal_bytes_per_call_amortized":9715296.9,"process_rss_kb":26376,"process_rss_delta_init_kb":1740}
EVS Port1 1980-012-14:29:25.09684 66/1/CFE_TIME 20: Start FLYWHEEL
EVS Port1 1980-012-14:29:25.00553 66/1/CFE_TIME 21: Stop FLYWHEEL
.EVS Port1 1980-012-14:29:32.02616 66/1/AI_LEARNER 4: AI_LEARNER completed=180/180 mean=7895495.8us max=13544548.5us hal_peak=9382092 within_bounded=1
{"app":"AI_LEARNER","stage":"run","model":"smartcam","target":"aarch64-unknown-linux-gnu","attempted":180,"completed":180,"fail_input":0,"fail_invoke":0,"fail_output":0,"mean_us":7895495.78,"max_us":13544548.50,"last_us":7623236.51,"out0":0.84148,"out":[0.841482,0.111485,0.047032]}
{"app":"AI_LEARNER","stage":"mem","model":"smartcam","target":"aarch64-unknown-linux-gnu","completed":180,"hal_peak":9382092,"peak_within_bounded":true,"admitted_budget_bytes":18222796,"peak_within_admitted_budget":true,"admission_mode":"unconditional","hal_bytes_per_call_amortized":9710100.7,"process_rss_kb":26376,"process_rss_delta_init_kb":1740}
.{"app":"AI_LEARNER","stage":"run","model":"smartcam","target":"aarch64-unknown-linux-gnu","attempted":181,"completed":181,"fail_input":0,"fail_invoke":0,"fail_output":0,"mean_us":7894309.68,"max_us":13544548.50,"last_us":7680812.08,"out0":0.84148,"out":[0.841482,0.111485,0.047032]}
EVS Port1 1980-012-14:29:39.70880 66/1/AI_LEARNER 4: AI_LEARNER completed=181/181 mean=7894309.7us max=13544548.5us hal_peak=9382092 within_bounded=1
{"app":"AI_LEARNER","stage":"mem","model":"smartcam","target":"aarch64-unknown-linux-gnu","completed":181,"hal_peak":9382092,"peak_within_bounded":true,"admitted_budget_bytes":18222796,"peak_within_admitted_budget":true,"admission_mode":"unconditional","hal_bytes_per_call_amortized":9704961.9,"process_rss_kb":26376,"process_rss_delta_init_kb":1740}
..{"app":"AI_LEARNER","stage":"run","model":"smartcam","target":"aarch64-unknown-linux-gnu","attempted":182,"completed":182,"fail_input":0,"fail_invoke":0,"fail_output":0,"mean_us":7893094.88,"max_us":13544548.50,"last_us":7673216.13,"out0":0.84148,"out":[0.841482,0.111485,0.047032]}
{"app":"AI_LEARNER","stage":"mem","model":"smartcam","target":"aarch64-unknown-linux-gnu","completed":182,"hal_peak":9382092,"peak_within_bounded":true,"admitted_budget_bytes":18222796,"peak_within_admitted_budget":true,"admission_mode":"unconditional","hal_bytes_per_call_amortized":9699879.6,"process_rss_kb":26376,"process_rss_delta_init_kb":1740}
EVS Port1 1980-012-14:29:47.40527 66/1/AI_LEARNER 4: AI_LEARNER completed=182/182 mean=7893094.9us max=13544548.5us hal_peak=9382092 within_bounded=1
.EVS Port1 1980-012-14:29:54.00418 66/1/CFE_TIME 21: Stop FLYWHEEL
EVS Port1 1980-012-14:29:54.99848 66/1/CFE_TIME 20: Start FLYWHEEL
EVS Port1 1980-012-14:29:55.00338 66/1/AI_LEARNER 4: AI_LEARNER completed=183/183 mean=7891803.3us max=13544548.5us hal_peak=9382092 within_bounded=1
{"app":"AI_LEARNER","stage":"run","model":"smartcam","target":"aarch64-unknown-linux-gnu","attempted":183,"completed":183,"fail_input":0,"fail_invoke":0,"fail_output":0,"mean_us":7891803.29,"max_us":13544548.50,"last_us":7656734.02,"out0":0.84148,"out":[0.841482,0.111485,0.047032]}
{"app":"AI_LEARNER","stage":"mem","model":"smartcam","target":"aarch64-unknown-linux-gnu","completed":183,"hal_peak":9382092,"peak_within_bounded":true,"admitted_budget_bytes":18222796,"peak_within_admitted_budget":true,"admission_mode":"unconditional","hal_bytes_per_call_amortized":9694852.9,"process_rss_kb":26376,"process_rss_delta_init_kb":1740}
.EVS Port1 1980-012-14:30:02.85295 66/1/AI_LEARNER 4: AI_LEARNER completed=184/184 mean=7891528.9us max=13544548.5us hal_peak=9382092 within_bounded=1
{"app":"AI_LEARNER","stage":"run","model":"smartcam","target":"aarch64-unknown-linux-gnu","attempted":184,"completed":184,"fail_input":0,"fail_invoke":0,"fail_output":0,"mean_us":7891528.87,"max_us":13544548.50,"last_us":7841309.58,"out0":0.84148,"out":[0.841482,0.111485,0.047032]}
{"app":"AI_LEARNER","stage":"mem","model":"smartcam","target":"aarch64-unknown-linux-gnu","completed":184,"hal_peak":9382092,"peak_within_bounded":true,"admitted_budget_bytes":18222796,"peak_within_admitted_budget":true,"admission_mode":"unconditional","hal_bytes_per_call_amortized":9689880.7,"process_rss_kb":26376,"process_rss_delta_init_kb":1740}
.EVS Port1 1980-012-14:30:08.00476 66/1/CFE_TIME 21: Stop FLYWHEEL
EVS Port1 1980-012-14:30:09.00894 66/1/CFE_TIME 20: Start FLYWHEEL
.EVS Port1 1980-012-14:30:10.74472 66/1/AI_LEARNER 4: AI_LEARNER completed=185/185 mean=7891641.5us max=13544548.5us hal_peak=9382092 within_bounded=1
{"app":"AI_LEARNER","stage":"run","model":"smartcam","target":"aarch64-unknown-linux-gnu","attempted":185,"completed":185,"fail_input":0,"fail_invoke":0,"fail_output":0,"mean_us":7891641.45,"max_us":13544548.50,"last_us":7912356.58,"out0":0.84148,"out":[0.841482,0.111485,0.047032]}
{"app":"AI_LEARNER","stage":"mem","model":"smartcam","target":"aarch64-unknown-linux-gnu","completed":185,"hal_peak":9382092,"peak_within_bounded":true,"admitted_budget_bytes":18222796,"peak_within_admitted_budget":true,"admission_mode":"unconditional","hal_bytes_per_call_amortized":9684962.3,"process_rss_kb":26376,"process_rss_delta_init_kb":1740}
.EVS Port1 1980-012-14:30:18.69461 66/1/AI_LEARNER 4: AI_LEARNER completed=186/186 mean=7891934.8us max=13544548.5us hal_peak=9382092 within_bounded=1
{"app":"AI_LEARNER","stage":"run","model":"smartcam","target":"aarch64-unknown-linux-gnu","attempted":186,"completed":186,"fail_input":0,"fail_invoke":0,"fail_output":0,"mean_us":7891934.79,"max_us":13544548.50,"last_us":7946202.78,"out0":0.84148,"out":[0.841482,0.111485,0.047032]}
{"app":"AI_LEARNER","stage":"mem","model":"smartcam","target":"aarch64-unknown-linux-gnu","completed":186,"hal_peak":9382092,"peak_within_bounded":true,"admitted_budget_bytes":18222796,"peak_within_admitted_budget":true,"admission_mode":"unconditional","hal_bytes_per_call_amortized":9680096.8,"process_rss_kb":26376,"process_rss_delta_init_kb":1740}
.EVS Port1 1980-012-14:30:24.00524 66/1/CFE_TIME 21: Stop FLYWHEEL
EVS Port1 1980-012-14:30:24.99612 66/1/CFE_TIME 20: Start FLYWHEEL
EVS Port1 1980-012-14:30:26.75939 66/1/AI_LEARNER 4: AI_LEARNER completed=187/187 mean=7893059.8us max=13544548.5us hal_peak=9382092 within_bounded=1
{"app":"AI_LEARNER","stage":"run","model":"smartcam","target":"aarch64-unknown-linux-gnu","attempted":187,"completed":187,"fail_input":0,"fail_invoke":0,"fail_output":0,"mean_us":7893059.76,"max_us":13544548.50,"last_us":8102304.00,"out0":0.84148,"out":[0.841482,0.111485,0.047032]}
{"app":"AI_LEARNER","stage":"mem","model":"smartcam","target":"aarch64-unknown-linux-gnu","completed":187,"hal_peak":9382092,"peak_within_bounded":true,"admitted_budget_bytes":18222796,"peak_within_admitted_budget":true,"admission_mode":"unconditional","hal_bytes_per_call_amortized":9675283.4,"process_rss_kb":26376,"process_rss_delta_init_kb":1740}
..EVS Port1 1980-012-14:30:34.33334 66/1/AI_LEARNER 4: AI_LEARNER completed=188/188 mean=7891334.6us max=13544548.5us hal_peak=9382092 within_bounded=1
{"app":"AI_LEARNER","stage":"run","model":"smartcam","target":"aarch64-unknown-linux-gnu","attempted":188,"completed":188,"fail_input":0,"fail_invoke":0,"fail_output":0,"mean_us":7891334.64,"max_us":13544548.50,"last_us":7568736.86,"out0":0.84148,"out":[0.841482,0.111485,0.047032]}
{"app":"AI_LEARNER","stage":"mem","model":"smartcam","target":"aarch64-unknown-linux-gnu","completed":188,"hal_peak":9382092,"peak_within_bounded":true,"admitted_budget_bytes":18222796,"peak_within_admitted_budget":true,"admission_mode":"unconditional","hal_bytes_per_call_amortized":9670521.1,"process_rss_kb":26376,"process_rss_delta_init_kb":1740}
.EVS Port1 1980-012-14:30:42.18347 66/1/AI_LEARNER 4: AI_LEARNER completed=189/189 mean=7891160.0us max=13544548.5us hal_peak=9382092 within_bounded=1
{"app":"AI_LEARNER","stage":"run","model":"smartcam","target":"aarch64-unknown-linux-gnu","attempted":189,"completed":189,"fail_input":0,"fail_invoke":0,"fail_output":0,"mean_us":7891160.02,"max_us":13544548.50,"last_us":7858331.17,"out0":0.84148,"out":[0.841482,0.111485,0.047032]}
{"app":"AI_LEARNER","stage":"mem","model":"smartcam","target":"aarch64-unknown-linux-gnu","completed":189,"hal_peak":9382092,"peak_within_bounded":true,"admitted_budget_bytes":18222796,"peak_within_admitted_budget":true,"admission_mode":"unconditional","hal_bytes_per_call_amortized":9665809.3,"process_rss_kb":26376,"process_rss_delta_init_kb":1740}
.EVS Port1 1980-012-14:30:50.18667 66/1/AI_LEARNER 4: AI_LEARNER completed=190/190 mean=7891780.7us max=13544548.5us hal_peak=9382092 within_bounded=1
{"app":"AI_LEARNER","stage":"run","model":"smartcam","target":"aarch64-unknown-linux-gnu","attempted":190,"completed":190,"fail_input":0,"fail_invoke":0,"fail_output":0,"mean_us":7891780.69,"max_us":13544548.50,"last_us":8009087.07,"out0":0.84148,"out":[0.841482,0.111485,0.047032]}
{"app":"AI_LEARNER","stage":"mem","model":"smartcam","target":"aarch64-unknown-linux-gnu","completed":190,"hal_peak":9382092,"peak_within_bounded":true,"admitted_budget_bytes":18222796,"peak_within_admitted_budget":true,"admission_mode":"unconditional","hal_bytes_per_call_amortized":9661147.0,"process_rss_kb":26376,"process_rss_delta_init_kb":1740}
.EVS Port1 1980-012-14:30:56.00624 66/1/CFE_TIME 21: Stop FLYWHEEL
EVS Port1 1980-012-14:30:57.01327 66/1/CFE_TIME 20: Start FLYWHEEL
.EVS Port1 1980-012-14:30:58.00370 66/1/CFE_TIME 21: Stop FLYWHEEL
EVS Port1 1980-012-14:30:58.24285 66/1/AI_LEARNER 4: AI_LEARNER completed=191/191 mean=7892613.2us max=13544548.5us hal_peak=9382092 within_bounded=1
{"app":"AI_LEARNER","stage":"run","model":"smartcam","target":"aarch64-unknown-linux-gnu","attempted":191,"completed":191,"fail_input":0,"fail_invoke":0,"fail_output":0,"mean_us":7892613.22,"max_us":13544548.50,"last_us":8050794.14,"out0":0.84148,"out":[0.841482,0.111485,0.047032]}
{"app":"AI_LEARNER","stage":"mem","model":"smartcam","target":"aarch64-unknown-linux-gnu","completed":191,"hal_peak":9382092,"peak_within_bounded":true,"admitted_budget_bytes":18222796,"peak_within_admitted_budget":true,"admission_mode":"unconditional","hal_bytes_per_call_amortized":9656533.6,"process_rss_kb":26376,"process_rss_delta_init_kb":1740}
EVS Port1 1980-012-14:30:59.00202 66/1/CFE_TIME 20: Start FLYWHEEL
.{"app":"AI_LEARNER","stage":"run","model":"smartcam","target":"aarch64-unknown-linux-gnu","attempted":192,"completed":192,"fail_input":0,"fail_invoke":0,"fail_output":0,"mean_us":7892847.14,"max_us":13544548.50,"last_us":7937526.43,"out0":0.84148,"out":[0.841482,0.111485,0.047032]}
{"app":"AI_LEARNER","stage":"mem","model":"smartcam","target":"aarch64-unknown-linux-gnu","completed":192,"hal_peak":9382092,"peak_within_bounded":true,"admitted_budget_bytes":18222796,"peak_within_admitted_budget":true,"admission_mode":"unconditional","hal_bytes_per_call_amortized":9651968.2,"process_rss_kb":26376,"process_rss_delta_init_kb":1740}
EVS Port1 1980-012-14:31:06.16523 66/1/AI_LEARNER 4: AI_LEARNER completed=192/192 mean=7892847.1us max=13544548.5us hal_peak=9382092 within_bounded=1
EVS Port1 1980-012-14:31:07.00546 66/1/CFE_TIME 21: Stop FLYWHEEL
EVS Port1 1980-012-14:31:07.99839 66/1/CFE_TIME 20: Start FLYWHEEL
.{"app":"AI_LEARNER","stage":"run","model":"smartcam","target":"aarch64-unknown-linux-gnu","attempted":193,"completed":193,"fail_input":0,"fail_invoke":0,"fail_output":0,"mean_us":7894470.00,"max_us":13544548.50,"last_us":8206059.44,"out0":0.84148,"out":[0.841482,0.111485,0.047032]}
EVS Port1 1980-012-14:31:14.35707 66/1/AI_LEARNER 4: AI_LEARNER completed=193/193 mean=7894470.0us max=13544548.5us hal_peak=9382092 within_bounded=1
{"app":"AI_LEARNER","stage":"mem","model":"smartcam","target":"aarch64-unknown-linux-gnu","completed":193,"hal_peak":9382092,"peak_within_bounded":true,"admitted_budget_bytes":18222796,"peak_within_admitted_budget":true,"admission_mode":"unconditional","hal_bytes_per_call_amortized":9647450.1,"process_rss_kb":26376,"process_rss_delta_init_kb":1740}
..{"app":"AI_LEARNER","stage":"run","model":"smartcam","target":"aarch64-unknown-linux-gnu","attempted":194,"completed":194,"fail_input":0,"fail_invoke":0,"fail_output":0,"mean_us":7894921.23,"max_us":13544548.50,"last_us":7982007.68,"out0":0.84148,"out":[0.841482,0.111485,0.047032]}
EVS Port1 1980-012-14:31:22.34071 66/1/AI_LEARNER 4: AI_LEARNER completed=194/194 mean=7894921.2us max=13544548.5us hal_peak=9382092 within_bounded=1
{"app":"AI_LEARNER","stage":"mem","model":"smartcam","target":"aarch64-unknown-linux-gnu","completed":194,"hal_peak":9382092,"peak_within_bounded":true,"admitted_budget_bytes":18222796,"peak_within_admitted_budget":true,"admission_mode":"unconditional","hal_bytes_per_call_amortized":9642978.6,"process_rss_kb":26376,"process_rss_delta_init_kb":1740}
.{"app":"AI_LEARNER","stage":"run","model":"smartcam","target":"aarch64-unknown-linux-gnu","attempted":195,"completed":195,"fail_input":0,"fail_invoke":0,"fail_output":0,"mean_us":7897488.61,"max_us":13544548.50,"last_us":8395559.82,"out0":0.84148,"out":[0.841482,0.111485,0.047032]}
EVS Port1 1980-012-14:31:30.75390 66/1/AI_LEARNER 4: AI_LEARNER completed=195/195 mean=7897488.6us max=13544548.5us hal_peak=9382092 within_bounded=1
{"app":"AI_LEARNER","stage":"mem","model":"smartcam","target":"aarch64-unknown-linux-gnu","completed":195,"hal_peak":9382092,"peak_within_bounded":true,"admitted_budget_bytes":18222796,"peak_within_admitted_budget":true,"admission_mode":"unconditional","hal_bytes_per_call_amortized":9638553.0,"process_rss_kb":26376,"process_rss_delta_init_kb":1740}
.EVS Port1 1980-012-14:31:38.60099 66/1/AI_LEARNER 4: AI_LEARNER completed=196/196 mean=7897155.8us max=13544548.5us hal_peak=9382092 within_bounded=1
{"app":"AI_LEARNER","stage":"run","model":"smartcam","target":"aarch64-unknown-linux-gnu","attempted":196,"completed":196,"fail_input":0,"fail_invoke":0,"fail_output":0,"mean_us":7897155.78,"max_us":13544548.50,"last_us":7832254.46,"out0":0.84148,"out":[0.841482,0.111485,0.047032]}
{"app":"AI_LEARNER","stage":"mem","model":"smartcam","target":"aarch64-unknown-linux-gnu","completed":196,"hal_peak":9382092,"peak_within_bounded":true,"admitted_budget_bytes":18222796,"peak_within_admitted_budget":true,"admission_mode":"unconditional","hal_bytes_per_call_amortized":9634172.5,"process_rss_kb":26376,"process_rss_delta_init_kb":1740}
..EVS Port1 1980-012-14:31:46.67601 66/1/AI_LEARNER 4: AI_LEARNER completed=197/197 mean=7898070.4us max=13544548.5us hal_peak=9382092 within_bounded=1
{"app":"AI_LEARNER","stage":"run","model":"smartcam","target":"aarch64-unknown-linux-gnu","attempted":197,"completed":197,"fail_input":0,"fail_invoke":0,"fail_output":0,"mean_us":7898070.38,"max_us":13544548.50,"last_us":8077332.05,"out0":0.84148,"out":[0.841482,0.111485,0.047032]}
{"app":"AI_LEARNER","stage":"mem","model":"smartcam","target":"aarch64-unknown-linux-gnu","completed":197,"hal_peak":9382092,"peak_within_bounded":true,"admitted_budget_bytes":18222796,"peak_within_admitted_budget":true,"admission_mode":"unconditional","hal_bytes_per_call_amortized":9629836.5,"process_rss_kb":26376,"process_rss_delta_init_kb":1740}
EVS Port1 1980-012-14:31:47.00460 66/1/CFE_TIME 21: Stop FLYWHEEL
EVS Port1 1980-012-14:31:48.00103 66/1/CFE_TIME 20: Start FLYWHEEL
.EVS Port1 1980-012-14:31:54.15785 66/1/AI_LEARNER 4: AI_LEARNER completed=198/198 mean=7900888.6us max=13544548.5us hal_peak=9382092 within_bounded=1
{"app":"AI_LEARNER","stage":"run","model":"smartcam","target":"aarch64-unknown-linux-gnu","attempted":198,"completed":198,"fail_input":0,"fail_invoke":0,"fail_output":0,"mean_us":7900888.59,"max_us":13544548.50,"last_us":8456076.14,"out0":0.84148,"out":[0.841482,0.111485,0.047032]}
{"app":"AI_LEARNER","stage":"mem","model":"smartcam","target":"aarch64-unknown-linux-gnu","completed":198,"hal_peak":9382092,"peak_within_bounded":true,"admitted_budget_bytes":18222796,"peak_within_admitted_budget":true,"admission_mode":"unconditional","hal_bytes_per_call_amortized":9625544.3,"process_rss_kb":26376,"process_rss_delta_init_kb":1740}
.{"app":"AI_LEARNER","stage":"run","model":"smartcam","target":"aarch64-unknown-linux-gnu","attempted":199,"completed":199,"fail_input":0,"fail_invoke":0,"fail_output":0,"mean_us":7900944.27,"max_us":13544548.50,"last_us":7911969.26,"out0":0.84148,"out":[0.841482,0.111485,0.047032]}
EVS Port1 1980-012-14:32:02.07368 66/1/AI_LEARNER 4: AI_LEARNER completed=199/199 mean=7900944.3us max=13544548.5us hal_peak=9382092 within_bounded=1
{"app":"AI_LEARNER","stage":"mem","model":"smartcam","target":"aarch64-unknown-linux-gnu","completed":199,"hal_peak":9382092,"peak_within_bounded":true,"admitted_budget_bytes":18222796,"peak_within_admitted_budget":true,"admission_mode":"unconditional","hal_bytes_per_call_amortized":9621295.2,"process_rss_kb":26376,"process_rss_delta_init_kb":1740}
..{"app":"AI_LEARNER","stage":"run","model":"smartcam","target":"aarch64-unknown-linux-gnu","attempted":200,"completed":200,"fail_input":0,"fail_invoke":0,"fail_output":0,"mean_us":7901031.61,"max_us":13544548.50,"last_us":7918411.02,"out0":0.84148,"out":[0.841482,0.111485,0.047032]}
{"app":"AI_LEARNER","stage":"mem","model":"smartcam","target":"aarch64-unknown-linux-gnu","completed":200,"hal_peak":9382092,"peak_within_bounded":true,"admitted_budget_bytes":18222796,"peak_within_admitted_budget":true,"admission_mode":"unconditional","hal_bytes_per_call_amortized":9617088.7,"process_rss_kb":26376,"process_rss_delta_init_kb":1740}
EVS Port1 1980-012-14:32:09.97451 66/1/AI_LEARNER 4: AI_LEARNER completed=200/200 mean=7901031.6us max=13544548.5us hal_peak=9382092 within_bounded=1
.EVS Port1 1980-012-14:32:17.67744 66/1/AI_LEARNER 4: AI_LEARNER completed=201/201 mean=7900000.2us max=13544548.5us hal_peak=9382092 within_bounded=1
{"app":"AI_LEARNER","stage":"run","model":"smartcam","target":"aarch64-unknown-linux-gnu","attempted":201,"completed":201,"fail_input":0,"fail_invoke":0,"fail_output":0,"mean_us":7900000.22,"max_us":13544548.50,"last_us":7693723.18,"out0":0.84148,"out":[0.841482,0.111485,0.047032]}
{"app":"AI_LEARNER","stage":"mem","model":"smartcam","target":"aarch64-unknown-linux-gnu","completed":201,"hal_peak":9382092,"peak_within_bounded":true,"admitted_budget_bytes":18222796,"peak_within_admitted_budget":true,"admission_mode":"unconditional","hal_bytes_per_call_amortized":9612923.9,"process_rss_kb":26376,"process_rss_delta_init_kb":1740}
.EVS Port1 1980-012-14:32:23.00921 66/1/CFE_TIME 21: Stop FLYWHEEL
EVS Port1 1980-012-14:32:23.99317 66/1/CFE_TIME 20: Start FLYWHEEL
EVS Port1 1980-012-14:32:25.37687 66/1/AI_LEARNER 4: AI_LEARNER completed=202/202 mean=7899450.6us max=13544548.5us hal_peak=9382092 within_bounded=1
{"app":"AI_LEARNER","stage":"run","model":"smartcam","target":"aarch64-unknown-linux-gnu","attempted":202,"completed":202,"fail_input":0,"fail_invoke":0,"fail_output":0,"mean_us":7899450.59,"max_us":13544548.50,"last_us":7788974.24,"out0":0.84148,"out":[0.841482,0.111485,0.047032]}
{"app":"AI_LEARNER","stage":"mem","model":"smartcam","target":"aarch64-unknown-linux-gnu","completed":202,"hal_peak":9382092,"peak_within_bounded":true,"admitted_budget_bytes":18222796,"peak_within_admitted_budget":true,"admission_mode":"unconditional","hal_bytes_per_call_amortized":9608800.5,"process_rss_kb":26376,"process_rss_delta_init_kb":1740}
..EVS Port1 1980-012-14:32:33.08633 66/1/AI_LEARNER 4: AI_LEARNER completed=203/203 mean=7898521.8us max=13544548.5us hal_peak=9382092 within_bounded=1
{"app":"AI_LEARNER","stage":"run","model":"smartcam","target":"aarch64-unknown-linux-gnu","attempted":203,"completed":203,"fail_input":0,"fail_invoke":0,"fail_output":0,"mean_us":7898521.80,"max_us":13544548.50,"last_us":7710906.38,"out0":0.84148,"out":[0.841482,0.111485,0.047032]}
{"app":"AI_LEARNER","stage":"mem","model":"smartcam","target":"aarch64-unknown-linux-gnu","completed":203,"hal_peak":9382092,"peak_within_bounded":true,"admitted_budget_bytes":18222796,"peak_within_admitted_budget":true,"admission_mode":"unconditional","hal_bytes_per_call_amortized":9604717.6,"process_rss_kb":26376,"process_rss_delta_init_kb":1740}
.EVS Port1 1980-012-14:32:39.01554 66/1/CFE_TIME 21: Stop FLYWHEEL
EVS Port1 1980-012-14:32:39.99215 66/1/CFE_TIME 20: Start FLYWHEEL
{"app":"AI_LEARNER","stage":"run","model":"smartcam","target":"aarch64-unknown-linux-gnu","attempted":204,"completed":204,"fail_input":0,"fail_invoke":0,"fail_output":0,"mean_us":7898690.78,"max_us":13544548.50,"last_us":7932993.65,"out0":0.84148,"out":[0.841482,0.111485,0.047032]}
EVS Port1 1980-012-14:32:40.98574 66/1/AI_LEARNER 4: AI_LEARNER completed=204/204 mean=7898690.8us max=13544548.5us hal_peak=9382092 within_bounded=1
{"app":"AI_LEARNER","stage":"mem","model":"smartcam","target":"aarch64-unknown-linux-gnu","completed":204,"hal_peak":9382092,"peak_within_bounded":true,"admitted_budget_bytes":18222796,"peak_within_admitted_budget":true,"admission_mode":"unconditional","hal_bytes_per_call_amortized":9600674.8,"process_rss_kb":26376,"process_rss_delta_init_kb":1740}
.EVS Port1 1980-012-14:32:49.01403 66/1/AI_LEARNER 4: AI_LEARNER completed=205/205 mean=7899200.3us max=13544548.5us hal_peak=9382092 within_bounded=1
{"app":"AI_LEARNER","stage":"run","model":"smartcam","target":"aarch64-unknown-linux-gnu","attempted":205,"completed":205,"fail_input":0,"fail_invoke":0,"fail_output":0,"mean_us":7899200.28,"max_us":13544548.50,"last_us":8003138.13,"out0":0.84148,"out":[0.841482,0.111485,0.047032]}
{"app":"AI_LEARNER","stage":"mem","model":"smartcam","target":"aarch64-unknown-linux-gnu","completed":205,"hal_peak":9382092,"peak_within_bounded":true,"admitted_budget_bytes":18222796,"peak_within_admitted_budget":true,"admission_mode":"unconditional","hal_bytes_per_call_amortized":9596671.4,"process_rss_kb":26376,"process_rss_delta_init_kb":1740}
.EVS Port1 1980-012-14:32:53.07745 66/1/CFE_TIME 20: Start FLYWHEEL
EVS Port1 1980-012-14:32:53.00500 66/1/CFE_TIME 21: Stop FLYWHEEL
{"app":"AI_LEARNER","stage":"run","model":"smartcam","target":"aarch64-unknown-linux-gnu","attempted":206,"completed":206,"fail_input":0,"fail_invoke":0,"fail_output":0,"mean_us":7898177.51,"max_us":13544548.50,"last_us":7688511.20,"out0":0.84148,"out":[0.841482,0.111485,0.047032]}
{"app":"AI_LEARNER","stage":"mem","model":"smartcam","target":"aarch64-unknown-linux-gnu","completed":206,"hal_peak":9382092,"peak_within_bounded":true,"admitted_budget_bytes":18222796,"peak_within_admitted_budget":true,"admission_mode":"unconditional","hal_bytes_per_call_amortized":9592706.9,"process_rss_kb":26376,"process_rss_delta_init_kb":1740}
EVS Port1 1980-012-14:32:56.64576 66/1/AI_LEARNER 4: AI_LEARNER completed=206/206 mean=7898177.5us max=13544548.5us hal_peak=9382092 within_bounded=1
..EVS Port1 1980-012-14:33:04.54675 66/1/AI_LEARNER 4: AI_LEARNER completed=207/207 mean=7898124.8us max=13544548.5us hal_peak=9382092 within_bounded=1
{"app":"AI_LEARNER","stage":"run","model":"smartcam","target":"aarch64-unknown-linux-gnu","attempted":207,"completed":207,"fail_input":0,"fail_invoke":0,"fail_output":0,"mean_us":7898124.84,"max_us":13544548.50,"last_us":7887273.68,"out0":0.84148,"out":[0.841482,0.111485,0.047032]}
{"app":"AI_LEARNER","stage":"mem","model":"smartcam","target":"aarch64-unknown-linux-gnu","completed":207,"hal_peak":9382092,"peak_within_bounded":true,"admitted_budget_bytes":18222796,"peak_within_admitted_budget":true,"admission_mode":"unconditional","hal_bytes_per_call_amortized":9588780.6,"process_rss_kb":26376,"process_rss_delta_init_kb":1740}
.EVS Port1 1980-012-14:33:12.00495 66/1/CFE_TIME 21: Stop FLYWHEEL
EVS Port1 1980-012-14:33:12.35704 66/1/AI_LEARNER 4: AI_LEARNER completed=208/208 mean=7897670.8us max=13544548.5us hal_peak=9382092 within_bounded=1
{"app":"AI_LEARNER","stage":"run","model":"smartcam","target":"aarch64-unknown-linux-gnu","attempted":208,"completed":208,"fail_input":0,"fail_invoke":0,"fail_output":0,"mean_us":7897670.75,"max_us":13544548.50,"last_us":7803675.10,"out0":0.84148,"out":[0.841482,0.111485,0.047032]}
{"app":"AI_LEARNER","stage":"mem","model":"smartcam","target":"aarch64-unknown-linux-gnu","completed":208,"hal_peak":9382092,"peak_within_bounded":true,"admitted_budget_bytes":18222796,"peak_within_admitted_budget":true,"admission_mode":"unconditional","hal_bytes_per_call_amortized":9584892.2,"process_rss_kb":26376,"process_rss_delta_init_kb":1740}
EVS Port1 1980-012-14:33:12.99911 66/1/CFE_TIME 20: Start FLYWHEEL
.EVS Port1 1980-012-14:33:20.31411 66/1/AI_LEARNER 4: AI_LEARNER completed=209/209 mean=7898005.9us max=13544548.5us hal_peak=9382092 within_bounded=1
{"app":"AI_LEARNER","stage":"run","model":"smartcam","target":"aarch64-unknown-linux-gnu","attempted":209,"completed":209,"fail_input":0,"fail_invoke":0,"fail_output":0,"mean_us":7898005.87,"max_us":13544548.50,"last_us":7967709.15,"out0":0.84148,"out":[0.841482,0.111485,0.047032]}
{"app":"AI_LEARNER","stage":"mem","model":"smartcam","target":"aarch64-unknown-linux-gnu","completed":209,"hal_peak":9382092,"peak_within_bounded":true,"admitted_budget_bytes":18222796,"peak_within_admitted_budget":true,"admission_mode":"unconditional","hal_bytes_per_call_amortized":9581040.9,"process_rss_kb":26376,"process_rss_delta_init_kb":1740}
.EVS Port1 1980-012-14:33:23.00778 66/1/CFE_TIME 21: Stop FLYWHEEL
EVS Port1 1980-012-14:33:24.02900 66/1/CFE_TIME 20: Start FLYWHEEL
EVS Port1 1980-012-14:33:25.00585 66/1/CFE_TIME 21: Stop FLYWHEEL
EVS Port1 1980-012-14:33:25.99696 66/1/CFE_TIME 20: Start FLYWHEEL
.EVS Port1 1980-012-14:33:28.43199 66/1/AI_LEARNER 4: AI_LEARNER completed=210/210 mean=7899452.9us max=13544548.5us hal_peak=9382092 within_bounded=1
{"app":"AI_LEARNER","stage":"run","model":"smartcam","target":"aarch64-unknown-linux-gnu","attempted":210,"completed":210,"fail_input":0,"fail_invoke":0,"fail_output":0,"mean_us":7899452.95,"max_us":13544548.50,"last_us":8201893.44,"out0":0.84148,"out":[0.841482,0.111485,0.047032]}
{"app":"AI_LEARNER","stage":"mem","model":"smartcam","target":"aarch64-unknown-linux-gnu","completed":210,"hal_peak":9382092,"peak_within_bounded":true,"admitted_budget_bytes":18222796,"peak_within_admitted_budget":true,"admission_mode":"unconditional","hal_bytes_per_call_amortized":9577226.3,"process_rss_kb":26376,"process_rss_delta_init_kb":1740}
.{"app":"AI_LEARNER","stage":"run","model":"smartcam","target":"aarch64-unknown-linux-gnu","attempted":211,"completed":211,"fail_input":0,"fail_invoke":0,"fail_output":0,"mean_us":7898044.27,"max_us":13544548.50,"last_us":7602221.38,"out0":0.84148,"out":[0.841482,0.111485,0.047032]}
{"app":"AI_LEARNER","stage":"mem","model":"smartcam","target":"aarch64-unknown-linux-gnu","completed":211,"hal_peak":9382092,"peak_within_bounded":true,"admitted_budget_bytes":18222796,"peak_within_admitted_budget":true,"admission_mode":"unconditional","hal_bytes_per_call_amortized":9573447.9,"process_rss_kb":26376,"process_rss_delta_init_kb":1740}
EVS Port1 1980-012-14:33:36.03450 66/1/AI_LEARNER 4: AI_LEARNER completed=211/211 mean=7898044.3us max=13544548.5us hal_peak=9382092 within_bounded=1
.{"app":"AI_LEARNER","stage":"run","model":"smartcam","target":"aarch64-unknown-linux-gnu","attempted":212,"completed":212,"fail_input":0,"fail_invoke":0,"fail_output":0,"mean_us":7899150.15,"max_us":13544548.50,"last_us":8132490.05,"out0":0.84148,"out":[0.841482,0.111485,0.047032]}
{"app":"AI_LEARNER","stage":"mem","model":"smartcam","target":"aarch64-unknown-linux-gnu","completed":212,"hal_peak":9382092,"peak_within_bounded":true,"admitted_budget_bytes":18222796,"peak_within_admitted_budget":true,"admission_mode":"unconditional","hal_bytes_per_call_amortized":9569705.2,"process_rss_kb":26376,"process_rss_delta_init_kb":1740}
EVS Port1 1980-012-14:33:44.16586 66/1/AI_LEARNER 4: AI_LEARNER completed=212/212 mean=7899150.1us max=13544548.5us hal_peak=9382092 within_bounded=1
..EVS Port1 1980-012-14:33:52.01066 66/1/CFE_TIME 21: Stop FLYWHEEL
EVS Port1 1980-012-14:33:52.49598 66/1/AI_LEARNER 4: AI_LEARNER completed=213/213 mean=7901650.9us max=13544548.5us hal_peak=9382092 within_bounded=1
{"app":"AI_LEARNER","stage":"run","model":"smartcam","target":"aarch64-unknown-linux-gnu","attempted":213,"completed":213,"fail_input":0,"fail_invoke":0,"fail_output":0,"mean_us":7901650.87,"max_us":13544548.50,"last_us":8431803.98,"out0":0.84148,"out":[0.841482,0.111485,0.047032]}
{"app":"AI_LEARNER","stage":"mem","model":"smartcam","target":"aarch64-unknown-linux-gnu","completed":213,"hal_peak":9382092,"peak_within_bounded":true,"admitted_budget_bytes":18222796,"peak_within_admitted_budget":true,"admission_mode":"unconditional","hal_bytes_per_call_amortized":9565997.5,"process_rss_kb":26376,"process_rss_delta_init_kb":1740}
EVS Port1 1980-012-14:33:52.99082 66/1/CFE_TIME 20: Start FLYWHEEL
.EVS Port1 1980-012-14:33:59.01768 66/1/CFE_TIME 20: Start FLYWHEEL
EVS Port1 1980-012-14:33:59.00657 66/1/CFE_TIME 21: Stop FLYWHEEL
{"app":"AI_LEARNER","stage":"run","model":"smartcam","target":"aarch64-unknown-linux-gnu","attempted":214,"completed":214,"fail_input":0,"fail_invoke":0,"fail_output":0,"mean_us":7903682.78,"max_us":13544548.50,"last_us":8336479.89,"out0":0.84148,"out":[0.841482,0.111485,0.047032]}
{"app":"AI_LEARNER","stage":"mem","model":"smartcam","target":"aarch64-unknown-linux-gnu","completed":214,"hal_peak":9382092,"peak_within_bounded":true,"admitted_budget_bytes":18222796,"peak_within_admitted_budget":true,"admission_mode":"unconditional","hal_bytes_per_call_amortized":9562324.5,"process_rss_kb":26376,"process_rss_delta_init_kb":1740}
EVS Port1 1980-012-14:34:00.82687 66/1/AI_LEARNER 4: AI_LEARNER completed=214/214 mean=7903682.8us max=13544548.5us hal_peak=9382092 within_bounded=1
..EVS Port1 1980-012-14:34:09.00018 66/1/AI_LEARNER 4: AI_LEARNER completed=215/215 mean=7905001.8us max=13544548.5us hal_peak=9382092 within_bounded=1
{"app":"AI_LEARNER","stage":"run","model":"smartcam","target":"aarch64-unknown-linux-gnu","attempted":215,"completed":215,"fail_input":0,"fail_invoke":0,"fail_output":0,"mean_us":7905001.77,"max_us":13544548.50,"last_us":8187266.69,"out0":0.84148,"out":[0.841482,0.111485,0.047032]}
{"app":"AI_LEARNER","stage":"mem","model":"smartcam","target":"aarch64-unknown-linux-gnu","completed":215,"hal_peak":9382092,"peak_within_bounded":true,"admitted_budget_bytes":18222796,"peak_within_admitted_budget":true,"admission_mode":"unconditional","hal_bytes_per_call_amortized":9558685.7,"process_rss_kb":26376,"process_rss_delta_init_kb":1740}
.EVS Port1 1980-012-14:34:16.88302 66/1/AI_LEARNER 4: AI_LEARNER completed=216/216 mean=7904881.9us max=13544548.5us hal_peak=9382092 within_bounded=1
{"app":"AI_LEARNER","stage":"run","model":"smartcam","target":"aarch64-unknown-linux-gnu","attempted":216,"completed":216,"fail_input":0,"fail_invoke":0,"fail_output":0,"mean_us":7904881.92,"max_us":13544548.50,"last_us":7879114.32,"out0":0.84148,"out":[0.841482,0.111485,0.047032]}
{"app":"AI_LEARNER","stage":"mem","model":"smartcam","target":"aarch64-unknown-linux-gnu","completed":216,"hal_peak":9382092,"peak_within_bounded":true,"admitted_budget_bytes":18222796,"peak_within_admitted_budget":true,"admission_mode":"unconditional","hal_bytes_per_call_amortized":9555080.6,"process_rss_kb":26376,"process_rss_delta_init_kb":1740}
.EVS Port1 1980-012-14:34:24.00444 66/1/CFE_TIME 21: Stop FLYWHEEL
EVS Port1 1980-012-14:34:24.65353 66/1/AI_LEARNER 4: AI_LEARNER completed=217/217 mean=7904435.2us max=13544548.5us hal_peak=9382092 within_bounded=1
{"app":"AI_LEARNER","stage":"run","model":"smartcam","target":"aarch64-unknown-linux-gnu","attempted":217,"completed":217,"fail_input":0,"fail_invoke":0,"fail_output":0,"mean_us":7904435.24,"max_us":13544548.50,"last_us":7807951.38,"out0":0.84148,"out":[0.841482,0.111485,0.047032]}
{"app":"AI_LEARNER","stage":"mem","model":"smartcam","target":"aarch64-unknown-linux-gnu","completed":217,"hal_peak":9382092,"peak_within_bounded":true,"admitted_budget_bytes":18222796,"peak_within_admitted_budget":true,"admission_mode":"unconditional","hal_bytes_per_call_amortized":9551508.7,"process_rss_kb":26376,"process_rss_delta_init_kb":1740}
EVS Port1 1980-012-14:34:24.98754 66/1/CFE_TIME 20: Start FLYWHEEL
..EVS Port1 1980-012-14:34:32.89210 66/1/AI_LEARNER 4: AI_LEARNER completed=218/218 mean=7905908.5us max=13544548.5us hal_peak=9382092 within_bounded=1
{"app":"AI_LEARNER","stage":"run","model":"smartcam","target":"aarch64-unknown-linux-gnu","attempted":218,"completed":218,"fail_input":0,"fail_invoke":0,"fail_output":0,"mean_us":7905908.52,"max_us":13544548.50,"last_us":8225609.87,"out0":0.84148,"out":[0.841482,0.111485,0.047032]}
{"app":"AI_LEARNER","stage":"mem","model":"smartcam","target":"aarch64-unknown-linux-gnu","completed":218,"hal_peak":9382092,"peak_within_bounded":true,"admitted_budget_bytes":18222796,"peak_within_admitted_budget":true,"admission_mode":"unconditional","hal_bytes_per_call_amortized":9547969.6,"process_rss_kb":26376,"process_rss_delta_init_kb":1740}
.{"app":"AI_LEARNER","stage":"run","model":"smartcam","target":"aarch64-unknown-linux-gnu","attempted":219,"completed":219,"fail_input":0,"fail_invoke":0,"fail_output":0,"mean_us":7908220.54,"max_us":13544548.50,"last_us":8412241.70,"out0":0.84148,"out":[0.841482,0.111485,0.047032]}
EVS Port1 1980-012-14:34:41.33699 66/1/AI_LEARNER 4: AI_LEARNER completed=219/219 mean=7908220.5us max=13544548.5us hal_peak=9382092 within_bounded=1
{"app":"AI_LEARNER","stage":"mem","model":"smartcam","target":"aarch64-unknown-linux-gnu","completed":219,"hal_peak":9382092,"peak_within_bounded":true,"admitted_budget_bytes":18222796,"peak_within_admitted_budget":true,"admission_mode":"unconditional","hal_bytes_per_call_amortized":9544462.8,"process_rss_kb":26376,"process_rss_delta_init_kb":1740}
.{"app":"AI_LEARNER","stage":"run","model":"smartcam","target":"aarch64-unknown-linux-gnu","attempted":220,"completed":220,"fail_input":0,"fail_invoke":0,"fail_output":0,"mean_us":7907891.21,"max_us":13544548.50,"last_us":7835767.89,"out0":0.84148,"out":[0.841482,0.111485,0.047032]}
{"app":"AI_LEARNER","stage":"mem","model":"smartcam","target":"aarch64-unknown-linux-gnu","completed":220,"hal_peak":9382092,"peak_within_bounded":true,"admitted_budget_bytes":18222796,"peak_within_admitted_budget":true,"admission_mode":"unconditional","hal_bytes_per_call_amortized":9540987.9,"process_rss_kb":26376,"process_rss_delta_init_kb":1740}
EVS Port1 1980-012-14:34:49.18876 66/1/AI_LEARNER 4: AI_LEARNER completed=220/220 mean=7907891.2us max=13544548.5us hal_peak=9382092 within_bounded=1
.EVS Port1 1980-012-14:34:56.00497 66/1/CFE_TIME 21: Stop FLYWHEEL
.{"app":"AI_LEARNER","stage":"run","model":"smartcam","target":"aarch64-unknown-linux-gnu","attempted":221,"completed":221,"fail_input":0,"fail_invoke":0,"fail_output":0,"mean_us":7906571.34,"max_us":13544548.50,"last_us":7616198.83,"out0":0.84148,"out":[0.841482,0.111485,0.047032]}
EVS Port1 1980-012-14:34:56.79229 66/1/AI_LEARNER 4: AI_LEARNER completed=221/221 mean=7906571.3us max=13544548.5us hal_peak=9382092 within_bounded=1
{"app":"AI_LEARNER","stage":"mem","model":"smartcam","target":"aarch64-unknown-linux-gnu","completed":221,"hal_peak":9382092,"peak_within_bounded":true,"admitted_budget_bytes":18222796,"peak_within_admitted_budget":true,"admission_mode":"unconditional","hal_bytes_per_call_amortized":9537544.4,"process_rss_kb":26376,"process_rss_delta_init_kb":1740}
EVS Port1 1980-012-14:34:56.99822 66/1/CFE_TIME 20: Start FLYWHEEL
EVS Port1 1980-012-14:34:59.00445 66/1/CFE_TIME 21: Stop FLYWHEEL
EVS Port1 1980-012-14:34:59.99890 66/1/CFE_TIME 20: Start FLYWHEEL
.EVS Port1 1980-012-14:35:04.72117 66/1/AI_LEARNER 4: AI_LEARNER completed=222/222 mean=7906748.6us max=13544548.5us hal_peak=9382092 within_bounded=1
{"app":"AI_LEARNER","stage":"run","model":"smartcam","target":"aarch64-unknown-linux-gnu","attempted":222,"completed":222,"fail_input":0,"fail_invoke":0,"fail_output":0,"mean_us":7906748.61,"max_us":13544548.50,"last_us":7945926.06,"out0":0.84148,"out":[0.841482,0.111485,0.047032]}
{"app":"AI_LEARNER","stage":"mem","model":"smartcam","target":"aarch64-unknown-linux-gnu","completed":222,"hal_peak":9382092,"peak_within_bounded":true,"admitted_budget_bytes":18222796,"peak_within_admitted_budget":true,"admission_mode":"unconditional","hal_bytes_per_call_amortized":9534131.9,"process_rss_kb":26376,"process_rss_delta_init_kb":1740}
.EVS Port1 1980-012-14:35:13.08064 66/1/AI_LEARNER 4: AI_LEARNER completed=223/223 mean=7908823.7us max=13544548.5us hal_peak=9382092 within_bounded=1
{"app":"AI_LEARNER","stage":"run","model":"smartcam","target":"aarch64-unknown-linux-gnu","attempted":223,"completed":223,"fail_input":0,"fail_invoke":0,"fail_output":0,"mean_us":7908823.68,"max_us":13544548.50,"last_us":8369489.60,"out0":0.84148,"out":[0.841482,0.111485,0.047032]}
{"app":"AI_LEARNER","stage":"mem","model":"smartcam","target":"aarch64-unknown-linux-gnu","completed":223,"hal_peak":9382092,"peak_within_bounded":true,"admitted_budget_bytes":18222796,"peak_within_admitted_budget":true,"admission_mode":"unconditional","hal_bytes_per_call_amortized":9530750.1,"process_rss_kb":26376,"process_rss_delta_init_kb":1740}
..EVS Port1 1980-012-14:35:20.61802 66/1/AI_LEARNER 4: AI_LEARNER completed=224/224 mean=7907189.1us max=13544548.5us hal_peak=9382092 within_bounded=1
{"app":"AI_LEARNER","stage":"run","model":"smartcam","target":"aarch64-unknown-linux-gnu","attempted":224,"completed":224,"fail_input":0,"fail_invoke":0,"fail_output":0,"mean_us":7907189.12,"max_us":13544548.50,"last_us":7542681.42,"out0":0.84148,"out":[0.841482,0.111485,0.047032]}
{"app":"AI_LEARNER","stage":"mem","model":"smartcam","target":"aarch64-unknown-linux-gnu","completed":224,"hal_peak":9382092,"peak_within_bounded":true,"admitted_budget_bytes":18222796,"peak_within_admitted_budget":true,"admission_mode":"unconditional","hal_bytes_per_call_amortized":9527398.4,"process_rss_kb":26376,"process_rss_delta_init_kb":1740}
.EVS Port1 1980-012-14:35:28.50413 66/1/AI_LEARNER 4: AI_LEARNER completed=225/225 mean=7907033.6us max=13544548.5us hal_peak=9382092 within_bounded=1
{"app":"AI_LEARNER","stage":"run","model":"smartcam","target":"aarch64-unknown-linux-gnu","attempted":225,"completed":225,"fail_input":0,"fail_invoke":0,"fail_output":0,"mean_us":7907033.55,"max_us":13544548.50,"last_us":7872187.17,"out0":0.84148,"out":[0.841482,0.111485,0.047032]}
{"app":"AI_LEARNER","stage":"mem","model":"smartcam","target":"aarch64-unknown-linux-gnu","completed":225,"hal_peak":9382092,"peak_within_bounded":true,"admitted_budget_bytes":18222796,"peak_within_admitted_budget":true,"admission_mode":"unconditional","hal_bytes_per_call_amortized":9524076.6,"process_rss_kb":26376,"process_rss_delta_init_kb":1740}
.EVS Port1 1980-012-14:35:36.59735 66/1/AI_LEARNER 4: AI_LEARNER completed=226/226 mean=7907889.6us max=13544548.5us hal_peak=9382092 within_bounded=1
{"app":"AI_LEARNER","stage":"run","model":"smartcam","target":"aarch64-unknown-linux-gnu","attempted":226,"completed":226,"fail_input":0,"fail_invoke":0,"fail_output":0,"mean_us":7907889.64,"max_us":13544548.50,"last_us":8100508.88,"out0":0.84148,"out":[0.841482,0.111485,0.047032]}
{"app":"AI_LEARNER","stage":"mem","model":"smartcam","target":"aarch64-unknown-linux-gnu","completed":226,"hal_peak":9382092,"peak_within_bounded":true,"admitted_budget_bytes":18222796,"peak_within_admitted_budget":true,"admission_mode":"unconditional","hal_bytes_per_call_amortized":9520784.1,"process_rss_kb":26376,"process_rss_delta_init_kb":1740}
.{"app":"AI_LEARNER","stage":"run","model":"smartcam","target":"aarch64-unknown-linux-gnu","attempted":227,"completed":227,"fail_input":0,"fail_invoke":0,"fail_output":0,"mean_us":7908275.59,"max_us":13544548.50,"last_us":7995500.98,"out0":0.84148,"out":[0.841482,0.111485,0.047032]}
EVS Port1 1980-012-14:35:44.60661 66/1/AI_LEARNER 4: AI_LEARNER completed=227/227 mean=7908275.6us max=13544548.5us hal_peak=9382092 within_bounded=1
{"app":"AI_LEARNER","stage":"mem","model":"smartcam","target":"aarch64-unknown-linux-gnu","completed":227,"hal_peak":9382092,"peak_within_bounded":true,"admitted_budget_bytes":18222796,"peak_within_admitted_budget":true,"admission_mode":"unconditional","hal_bytes_per_call_amortized":9517520.7,"process_rss_kb":26376,"process_rss_delta_init_kb":1740}
.EVS Port1 1980-012-14:35:47.99891 66/1/CFE_TIME 20: Start FLYWHEEL
EVS Port1 1980-012-14:35:48.00360 66/1/CFE_TIME 21: Stop FLYWHEEL
.EVS Port1 1980-012-14:35:52.02311 66/1/CFE_TIME 21: Stop FLYWHEEL
EVS Port1 1980-012-14:35:52.31217 66/1/AI_LEARNER 4: AI_LEARNER completed=228/228 mean=7907686.8us max=13544548.5us hal_peak=9382092 within_bounded=1
{"app":"AI_LEARNER","stage":"run","model":"smartcam","target":"aarch64-unknown-linux-gnu","attempted":228,"completed":228,"fail_input":0,"fail_invoke":0,"fail_output":0,"mean_us":7907686.78,"max_us":13544548.50,"last_us":7774026.77,"out0":0.84148,"out":[0.841482,0.111485,0.047032]}
{"app":"AI_LEARNER","stage":"mem","model":"smartcam","target":"aarch64-unknown-linux-gnu","completed":228,"hal_peak":9382092,"peak_within_bounded":true,"admitted_budget_bytes":18222796,"peak_within_admitted_budget":true,"admission_mode":"unconditional","hal_bytes_per_call_amortized":9514285.8,"process_rss_kb":26376,"process_rss_delta_init_kb":1740}
EVS Port1 1980-012-14:35:53.00837 66/1/CFE_TIME 20: Start FLYWHEEL
.{"app":"AI_LEARNER","stage":"run","model":"smartcam","target":"aarch64-unknown-linux-gnu","attempted":229,"completed":229,"fail_input":0,"fail_invoke":0,"fail_output":0,"mean_us":7907405.21,"max_us":13544548.50,"last_us":7843207.81,"out0":0.84148,"out":[0.841482,0.111485,0.047032]}
{"app":"AI_LEARNER","stage":"mem","model":"smartcam","target":"aarch64-unknown-linux-gnu","completed":229,"hal_peak":9382092,"peak_within_bounded":true,"admitted_budget_bytes":18222796,"peak_within_admitted_budget":true,"admission_mode":"unconditional","hal_bytes_per_call_amortized":9511079.3,"process_rss_kb":26376,"process_rss_delta_init_kb":1740}
EVS Port1 1980-012-14:36:00.16284 66/1/AI_LEARNER 4: AI_LEARNER completed=229/229 mean=7907405.2us max=13544548.5us hal_peak=9382092 within_bounded=1
.EVS Port1 1980-012-14:36:08.18544 66/1/AI_LEARNER 4: AI_LEARNER completed=230/230 mean=7907903.1us max=13544548.5us hal_peak=9382092 within_bounded=1
{"app":"AI_LEARNER","stage":"run","model":"smartcam","target":"aarch64-unknown-linux-gnu","attempted":230,"completed":230,"fail_input":0,"fail_invoke":0,"fail_output":0,"mean_us":7907903.12,"max_us":13544548.50,"last_us":8021923.58,"out0":0.84148,"out":[0.841482,0.111485,0.047032]}
{"app":"AI_LEARNER","stage":"mem","model":"smartcam","target":"aarch64-unknown-linux-gnu","completed":230,"hal_peak":9382092,"peak_within_bounded":true,"admitted_budget_bytes":18222796,"peak_within_admitted_budget":true,"admission_mode":"unconditional","hal_bytes_per_call_amortized":9507900.6,"process_rss_kb":26376,"process_rss_delta_init_kb":1740}
.EVS Port1 1980-012-14:36:14.00598 66/1/CFE_TIME 21: Stop FLYWHEEL
.EVS Port1 1980-012-14:36:15.00097 66/1/CFE_TIME 20: Start FLYWHEEL
EVS Port1 1980-012-14:36:16.34384 66/1/AI_LEARNER 4: AI_LEARNER completed=231/231 mean=7909104.1us max=13544548.5us hal_peak=9382092 within_bounded=1
{"app":"AI_LEARNER","stage":"run","model":"smartcam","target":"aarch64-unknown-linux-gnu","attempted":231,"completed":231,"fail_input":0,"fail_invoke":0,"fail_output":0,"mean_us":7909104.11,"max_us":13544548.50,"last_us":8185332.02,"out0":0.84148,"out":[0.841482,0.111485,0.047032]}
{"app":"AI_LEARNER","stage":"mem","model":"smartcam","target":"aarch64-unknown-linux-gnu","completed":231,"hal_peak":9382092,"peak_within_bounded":true,"admitted_budget_bytes":18222796,"peak_within_admitted_budget":true,"admission_mode":"unconditional","hal_bytes_per_call_amortized":9504749.4,"process_rss_kb":26376,"process_rss_delta_init_kb":1740}
.EVS Port1 1980-012-14:36:22.01029 66/1/CFE_TIME 21: Stop FLYWHEEL
EVS Port1 1980-012-14:36:22.99441 66/1/CFE_TIME 20: Start FLYWHEEL
EVS Port1 1980-012-14:36:24.22065 66/1/AI_LEARNER 4: AI_LEARNER completed=232/232 mean=7909482.6us max=13544548.5us hal_peak=9382092 within_bounded=1
{"app":"AI_LEARNER","stage":"run","model":"smartcam","target":"aarch64-unknown-linux-gnu","attempted":232,"completed":232,"fail_input":0,"fail_invoke":0,"fail_output":0,"mean_us":7909482.65,"max_us":13544548.50,"last_us":7996924.45,"out0":0.84148,"out":[0.841482,0.111485,0.047032]}
{"app":"AI_LEARNER","stage":"mem","model":"smartcam","target":"aarch64-unknown-linux-gnu","completed":232,"hal_peak":9382092,"peak_within_bounded":true,"admitted_budget_bytes":18222796,"peak_within_admitted_budget":true,"admission_mode":"unconditional","hal_bytes_per_call_amortized":9501625.4,"process_rss_kb":26376,"process_rss_delta_init_kb":1740}
EVS Port1 1980-012-14:36:26.00634 66/1/CFE_TIME 21: Stop FLYWHEEL
.EVS Port1 1980-012-14:36:27.00781 66/1/CFE_TIME 20: Start FLYWHEEL
.{"app":"AI_LEARNER","stage":"run","model":"smartcam","target":"aarch64-unknown-linux-gnu","attempted":233,"completed":233,"fail_input":0,"fail_invoke":0,"fail_output":0,"mean_us":7912416.13,"max_us":13544548.50,"last_us":8592984.27,"out0":0.84148,"out":[0.841482,0.111485,0.047032]}
EVS Port1 1980-012-14:36:32.79614 66/1/AI_LEARNER 4: AI_LEARNER completed=233/233 mean=7912416.1us max=13544548.5us hal_peak=9382092 within_bounded=1
{"app":"AI_LEARNER","stage":"mem","model":"smartcam","target":"aarch64-unknown-linux-gnu","completed":233,"hal_peak":9382092,"peak_within_bounded":true,"admitted_budget_bytes":18222796,"peak_within_admitted_budget":true,"admission_mode":"unconditional","hal_bytes_per_call_amortized":9498528.2,"process_rss_kb":26376,"process_rss_delta_init_kb":1740}
.{"app":"AI_LEARNER","stage":"run","model":"smartcam","target":"aarch64-unknown-linux-gnu","attempted":234,"completed":234,"fail_input":0,"fail_invoke":0,"fail_output":0,"mean_us":7914465.66,"max_us":13544548.50,"last_us":8392006.45,"out0":0.84148,"out":[0.841482,0.111485,0.047032]}
EVS Port1 1980-012-14:36:41.17864 66/1/AI_LEARNER 4: AI_LEARNER completed=234/234 mean=7914465.7us max=13544548.5us hal_peak=9382092 within_bounded=1
{"app":"AI_LEARNER","stage":"mem","model":"smartcam","target":"aarch64-unknown-linux-gnu","completed":234,"hal_peak":9382092,"peak_within_bounded":true,"admitted_budget_bytes":18222796,"peak_within_admitted_budget":true,"admission_mode":"unconditional","hal_bytes_per_call_amortized":9495457.5,"process_rss_kb":26376,"process_rss_delta_init_kb":1740}
.{"app":"AI_LEARNER","stage":"run","model":"smartcam","target":"aarch64-unknown-linux-gnu","attempted":235,"completed":235,"fail_input":0,"fail_invoke":0,"fail_output":0,"mean_us":7916462.93,"max_us":13544548.50,"last_us":8383823.73,"out0":0.84148,"out":[0.841482,0.111485,0.047032]}
EVS Port1 1980-012-14:36:49.54946 66/1/AI_LEARNER 4: AI_LEARNER completed=235/235 mean=7916462.9us max=13544548.5us hal_peak=9382092 within_bounded=1
{"app":"AI_LEARNER","stage":"mem","model":"smartcam","target":"aarch64-unknown-linux-gnu","completed":235,"hal_peak":9382092,"peak_within_bounded":true,"admitted_budget_bytes":18222796,"peak_within_admitted_budget":true,"admission_mode":"unconditional","hal_bytes_per_call_amortized":9492412.9,"process_rss_kb":26376,"process_rss_delta_init_kb":1740}
.EVS Port1 1980-012-14:36:51.19810 66/1/CFE_TIME 20: Start FLYWHEEL
EVS Port1 1980-012-14:36:52.02505 66/1/CFE_TIME 21: Stop FLYWHEEL
.EVS Port1 1980-012-14:36:57.91059 66/1/AI_LEARNER 4: AI_LEARNER completed=236/236 mean=7919121.2us max=13544548.5us hal_peak=9382092 within_bounded=1
{"app":"AI_LEARNER","stage":"run","model":"smartcam","target":"aarch64-unknown-linux-gnu","attempted":236,"completed":236,"fail_input":0,"fail_invoke":0,"fail_output":0,"mean_us":7919121.16,"max_us":13544548.50,"last_us":8543804.38,"out0":0.84148,"out":[0.841482,0.111485,0.047032]}
{"app":"AI_LEARNER","stage":"mem","model":"smartcam","target":"aarch64-unknown-linux-gnu","completed":236,"hal_peak":9382092,"peak_within_bounded":true,"admitted_budget_bytes":18222796,"peak_within_admitted_budget":true,"admission_mode":"unconditional","hal_bytes_per_call_amortized":9489394.1,"process_rss_kb":26376,"process_rss_delta_init_kb":1740}
.{"app":"AI_LEARNER","stage":"run","model":"smartcam","target":"aarch64-unknown-linux-gnu","attempted":237,"completed":237,"fail_input":0,"fail_invoke":0,"fail_output":0,"mean_us":7918813.38,"max_us":13544548.50,"last_us":7846179.15,"out0":0.84148,"out":[0.841482,0.111485,0.047032]}
EVS Port1 1980-012-14:37:05.76058 66/1/AI_LEARNER 4: AI_LEARNER completed=237/237 mean=7918813.4us max=13544548.5us hal_peak=9382092 within_bounded=1
{"app":"AI_LEARNER","stage":"mem","model":"smartcam","target":"aarch64-unknown-linux-gnu","completed":237,"hal_peak":9382092,"peak_within_bounded":true,"admitted_budget_bytes":18222796,"peak_within_admitted_budget":true,"admission_mode":"unconditional","hal_bytes_per_call_amortized":9486400.8,"process_rss_kb":26376,"process_rss_delta_init_kb":1740}
.EVS Port1 1980-012-14:37:13.00338 66/1/CFE_TIME 21: Stop FLYWHEEL
EVS Port1 1980-012-14:37:13.99952 66/1/CFE_TIME 20: Start FLYWHEEL
{"app":"AI_LEARNER","stage":"run","model":"smartcam","target":"aarch64-unknown-linux-gnu","attempted":238,"completed":238,"fail_input":0,"fail_invoke":0,"fail_output":0,"mean_us":7920932.44,"max_us":13544548.50,"last_us":8423148.10,"out0":0.84148,"out":[0.841482,0.111485,0.047032]}
{"app":"AI_LEARNER","stage":"mem","model":"smartcam","target":"aarch64-unknown-linux-gnu","completed":238,"hal_peak":9382092,"peak_within_bounded":true,"admitted_budget_bytes":18222796,"peak_within_admitted_budget":true,"admission_mode":"unconditional","hal_bytes_per_call_amortized":9483432.7,"process_rss_kb":26376,"process_rss_delta_init_kb":1740}
EVS Port1 1980-012-14:37:14.14823 66/1/AI_LEARNER 4: AI_LEARNER completed=238/238 mean=7920932.4us max=13544548.5us hal_peak=9382092 within_bounded=1
..EVS Port1 1980-012-14:37:22.01303 66/1/CFE_TIME 21: Stop FLYWHEEL
{"app":"AI_LEARNER","stage":"run","model":"smartcam","target":"aarch64-unknown-linux-gnu","attempted":239,"completed":239,"fail_input":0,"fail_invoke":0,"fail_output":0,"mean_us":7920883.57,"max_us":13544548.50,"last_us":7909252.13,"out0":0.84148,"out":[0.841482,0.111485,0.047032]}
EVS Port1 1980-012-14:37:22.02420 66/1/AI_LEARNER 4: AI_LEARNER completed=239/239 mean=7920883.6us max=13544548.5us hal_peak=9382092 within_bounded=1
{"app":"AI_LEARNER","stage":"mem","model":"smartcam","target":"aarch64-unknown-linux-gnu","completed":239,"hal_peak":9382092,"peak_within_bounded":true,"admitted_budget_bytes":18222796,"peak_within_admitted_budget":true,"admission_mode":"unconditional","hal_bytes_per_call_amortized":9480489.3,"process_rss_kb":26376,"process_rss_delta_init_kb":1740}
EVS Port1 1980-012-14:37:22.99705 66/1/CFE_TIME 20: Start FLYWHEEL
.EVS Port1 1980-012-14:37:30.14109 66/1/AI_LEARNER 4: AI_LEARNER completed=240/240 mean=7921627.5us max=13544548.5us hal_peak=9382092 within_bounded=1
{"app":"AI_LEARNER","stage":"run","model":"smartcam","target":"aarch64-unknown-linux-gnu","attempted":240,"completed":240,"fail_input":0,"fail_invoke":0,"fail_output":0,"mean_us":7921627.53,"max_us":13544548.50,"last_us":8099435.41,"out0":0.84148,"out":[0.841482,0.111485,0.047032]}
{"app":"AI_LEARNER","stage":"mem","model":"smartcam","target":"aarch64-unknown-linux-gnu","completed":240,"hal_peak":9382092,"peak_within_bounded":true,"admitted_budget_bytes":18222796,"peak_within_admitted_budget":true,"admission_mode":"unconditional","hal_bytes_per_call_amortized":9477570.6,"process_rss_kb":26376,"process_rss_delta_init_kb":1740}
.EVS Port1 1980-012-14:37:38.00723 66/1/AI_LEARNER 4: AI_LEARNER completed=241/241 mean=7921382.8us max=13544548.5us hal_peak=9382092 within_bounded=1
{"app":"AI_LEARNER","stage":"run","model":"smartcam","target":"aarch64-unknown-linux-gnu","attempted":241,"completed":241,"fail_input":0,"fail_invoke":0,"fail_output":0,"mean_us":7921382.82,"max_us":13544548.50,"last_us":7862652.93,"out0":0.84148,"out":[0.841482,0.111485,0.047032]}
{"app":"AI_LEARNER","stage":"mem","model":"smartcam","target":"aarch64-unknown-linux-gnu","completed":241,"hal_peak":9382092,"peak_within_bounded":true,"admitted_budget_bytes":18222796,"peak_within_admitted_budget":true,"admission_mode":"unconditional","hal_bytes_per_call_amortized":9474676.0,"process_rss_kb":26376,"process_rss_delta_init_kb":1740}
..EVS Port1 1980-012-14:37:45.00903 66/1/CFE_TIME 21: Stop FLYWHEEL
EVS Port1 1980-012-14:37:46.00231 66/1/CFE_TIME 20: Start FLYWHEEL
EVS Port1 1980-012-14:37:46.17993 66/1/AI_LEARNER 4: AI_LEARNER completed=242/242 mean=7922662.0us max=13544548.5us hal_peak=9382092 within_bounded=1
{"app":"AI_LEARNER","stage":"run","model":"smartcam","target":"aarch64-unknown-linux-gnu","attempted":242,"completed":242,"fail_input":0,"fail_invoke":0,"fail_output":0,"mean_us":7922661.97,"max_us":13544548.50,"last_us":8230936.67,"out0":0.84148,"out":[0.841482,0.111485,0.047032]}
{"app":"AI_LEARNER","stage":"mem","model":"smartcam","target":"aarch64-unknown-linux-gnu","completed":242,"hal_peak":9382092,"peak_within_bounded":true,"admitted_budget_bytes":18222796,"peak_within_admitted_budget":true,"admission_mode":"unconditional","hal_bytes_per_call_amortized":9471805.3,"process_rss_kb":26376,"process_rss_delta_init_kb":1740}
.EVS Port1 1980-012-14:37:51.00575 66/1/CFE_TIME 21: Stop FLYWHEEL
EVS Port1 1980-012-14:37:51.99957 66/1/CFE_TIME 20: Start FLYWHEEL
{"app":"AI_LEARNER","stage":"run","model":"smartcam","target":"aarch64-unknown-linux-gnu","attempted":243,"completed":243,"fail_input":0,"fail_invoke":0,"fail_output":0,"mean_us":7921885.07,"max_us":13544548.50,"last_us":7733874.77,"out0":0.84148,"out":[0.841482,0.111485,0.047032]}
EVS Port1 1980-012-14:37:53.90097 66/1/AI_LEARNER 4: AI_LEARNER completed=243/243 mean=7921885.1us max=13544548.5us hal_peak=9382092 within_bounded=1
{"app":"AI_LEARNER","stage":"mem","model":"smartcam","target":"aarch64-unknown-linux-gnu","completed":243,"hal_peak":9382092,"peak_within_bounded":true,"admitted_budget_bytes":18222796,"peak_within_admitted_budget":true,"admission_mode":"unconditional","hal_bytes_per_call_amortized":9468958.3,"process_rss_kb":26376,"process_rss_delta_init_kb":1740}
.EVS Port1 1980-012-14:37:59.02210 66/1/CFE_TIME 21: Stop FLYWHEEL
EVS Port1 1980-012-14:37:59.98640 66/1/CFE_TIME 20: Start FLYWHEEL
.EVS Port1 1980-012-14:38:02.99189 66/1/CFE_TIME 20: Start FLYWHEEL
EVS Port1 1980-012-14:38:03.02183 66/1/CFE_TIME 21: Stop FLYWHEEL
EVS Port1 1980-012-14:38:04.78295 66/1/AI_LEARNER 4: AI_LEARNER completed=244/244 mean=7934064.4us max=13544548.5us hal_peak=9382092 within_bounded=1
{"app":"AI_LEARNER","stage":"run","model":"smartcam","target":"aarch64-unknown-linux-gnu","attempted":244,"completed":244,"fail_input":0,"fail_invoke":0,"fail_output":0,"mean_us":7934064.39,"max_us":13544548.50,"last_us":10893640.27,"out0":0.84148,"out":[0.841482,0.111485,0.047032]}
{"app":"AI_LEARNER","stage":"mem","model":"smartcam","target":"aarch64-unknown-linux-gnu","completed":244,"hal_peak":9382092,"peak_within_bounded":true,"admitted_budget_bytes":18222796,"peak_within_admitted_budget":true,"admission_mode":"unconditional","hal_bytes_per_call_amortized":9466134.6,"process_rss_kb":26376,"process_rss_delta_init_kb":1740}
.EVS Port1 1980-012-14:38:13.52720 66/1/AI_LEARNER 4: AI_LEARNER completed=245/245 mean=7937281.9us max=13544548.5us hal_peak=9382092 within_bounded=1
{"app":"AI_LEARNER","stage":"run","model":"smartcam","target":"aarch64-unknown-linux-gnu","attempted":245,"completed":245,"fail_input":0,"fail_invoke":0,"fail_output":0,"mean_us":7937281.88,"max_us":13544548.50,"last_us":8722348.74,"out0":0.84148,"out":[0.841482,0.111485,0.047032]}
{"app":"AI_LEARNER","stage":"mem","model":"smartcam","target":"aarch64-unknown-linux-gnu","completed":245,"hal_peak":9382092,"peak_within_bounded":true,"admitted_budget_bytes":18222796,"peak_within_admitted_budget":true,"admission_mode":"unconditional","hal_bytes_per_call_amortized":9463334.0,"process_rss_kb":26376,"process_rss_delta_init_kb":1740}
..EVS Port1 1980-012-14:38:21.25595 66/1/AI_LEARNER 4: AI_LEARNER completed=246/246 mean=7936378.1us max=13544548.5us hal_peak=9382092 within_bounded=1
{"app":"AI_LEARNER","stage":"run","model":"smartcam","target":"aarch64-unknown-linux-gnu","attempted":246,"completed":246,"fail_input":0,"fail_invoke":0,"fail_output":0,"mean_us":7936378.13,"max_us":13544548.50,"last_us":7714959.33,"out0":0.84148,"out":[0.841482,0.111485,0.047032]}
{"app":"AI_LEARNER","stage":"mem","model":"smartcam","target":"aarch64-unknown-linux-gnu","completed":246,"hal_peak":9382092,"peak_within_bounded":true,"admitted_budget_bytes":18222796,"peak_within_admitted_budget":true,"admission_mode":"unconditional","hal_bytes_per_call_amortized":9460556.1,"process_rss_kb":26376,"process_rss_delta_init_kb":1740}
EVS Port1 1980-012-14:38:26.00389 66/1/CFE_TIME 21: Stop FLYWHEEL
.EVS Port1 1980-012-14:38:26.99714 66/1/CFE_TIME 20: Start FLYWHEEL
EVS Port1 1980-012-14:38:29.02667 66/1/AI_LEARNER 4: AI_LEARNER completed=247/247 mean=7935861.0us max=13544548.5us hal_peak=9382092 within_bounded=1
{"app":"AI_LEARNER","stage":"run","model":"smartcam","target":"aarch64-unknown-linux-gnu","attempted":247,"completed":247,"fail_input":0,"fail_invoke":0,"fail_output":0,"mean_us":7935861.01,"max_us":13544548.50,"last_us":7808650.29,"out0":0.84148,"out":[0.841482,0.111485,0.047032]}
{"app":"AI_LEARNER","stage":"mem","model":"smartcam","target":"aarch64-unknown-linux-gnu","completed":247,"hal_peak":9382092,"peak_within_bounded":true,"admitted_budget_bytes":18222796,"peak_within_admitted_budget":true,"admission_mode":"unconditional","hal_bytes_per_call_amortized":9457800.8,"process_rss_kb":26376,"process_rss_delta_init_kb":1740}
.{"app":"AI_LEARNER","stage":"run","model":"smartcam","target":"aarch64-unknown-linux-gnu","attempted":248,"completed":248,"fail_input":0,"fail_invoke":0,"fail_output":0,"mean_us":7935024.97,"max_us":13544548.50,"last_us":7728521.74,"out0":0.84148,"out":[0.841482,0.111485,0.047032]}
EVS Port1 1980-012-14:38:36.76918 66/1/AI_LEARNER 4: AI_LEARNER completed=248/248 mean=7935025.0us max=13544548.5us hal_peak=9382092 within_bounded=1
{"app":"AI_LEARNER","stage":"mem","model":"smartcam","target":"aarch64-unknown-linux-gnu","completed":248,"hal_peak":9382092,"peak_within_bounded":true,"admitted_budget_bytes":18222796,"peak_within_admitted_budget":true,"admission_mode":"unconditional","hal_bytes_per_call_amortized":9455067.6,"process_rss_kb":26376,"process_rss_delta_init_kb":1740}
..{"app":"AI_LEARNER","stage":"run","model":"smartcam","target":"aarch64-unknown-linux-gnu","attempted":249,"completed":249,"fail_input":0,"fail_invoke":0,"fail_output":0,"mean_us":7935157.25,"max_us":13544548.50,"last_us":7967963.90,"out0":0.84148,"out":[0.841482,0.111485,0.047032]}
{"app":"AI_LEARNER","stage":"mem","model":"smartcam","target":"aarch64-unknown-linux-gnu","completed":249,"hal_peak":9382092,"peak_within_bounded":true,"admitted_budget_bytes":18222796,"peak_within_admitted_budget":true,"admission_mode":"unconditional","hal_bytes_per_call_amortized":9452356.4,"process_rss_kb":26376,"process_rss_delta_init_kb":1740}
EVS Port1 1980-012-14:38:44.75466 66/1/AI_LEARNER 4: AI_LEARNER completed=249/249 mean=7935157.3us max=13544548.5us hal_peak=9382092 within_bounded=1
.EVS Port1 1980-012-14:38:51.00495 66/1/CFE_TIME 21: Stop FLYWHEEL
EVS Port1 1980-012-14:38:51.99996 66/1/CFE_TIME 20: Start FLYWHEEL
{"app":"AI_LEARNER","stage":"run","model":"smartcam","target":"aarch64-unknown-linux-gnu","attempted":250,"completed":250,"fail_input":0,"fail_invoke":0,"fail_output":0,"mean_us":7935247.55,"max_us":13544548.50,"last_us":7957730.30,"out0":0.84148,"out":[0.841482,0.111485,0.047032]}
EVS Port1 1980-012-14:38:52.66741 66/1/AI_LEARNER 4: AI_LEARNER completed=250/250 mean=7935247.5us max=13544548.5us hal_peak=9382092 within_bounded=1
{"app":"AI_LEARNER","stage":"mem","model":"smartcam","target":"aarch64-unknown-linux-gnu","completed":250,"hal_peak":9382092,"peak_within_bounded":true,"admitted_budget_bytes":18222796,"peak_within_admitted_budget":true,"admission_mode":"unconditional","hal_bytes_per_call_amortized":9449666.9,"process_rss_kb":26376,"process_rss_delta_init_kb":1740}
.EVS Port1 1980-012-14:39:00.40437 66/1/AI_LEARNER 4: AI_LEARNER completed=251/251 mean=7934401.9us max=13544548.5us hal_peak=9382092 within_bounded=1
{"app":"AI_LEARNER","stage":"run","model":"smartcam","target":"aarch64-unknown-linux-gnu","attempted":251,"completed":251,"fail_input":0,"fail_invoke":0,"fail_output":0,"mean_us":7934401.85,"max_us":13544548.50,"last_us":7722978.53,"out0":0.84148,"out":[0.841482,0.111485,0.047032]}
{"app":"AI_LEARNER","stage":"mem","model":"smartcam","target":"aarch64-unknown-linux-gnu","completed":251,"hal_peak":9382092,"peak_within_bounded":true,"admitted_budget_bytes":18222796,"peak_within_admitted_budget":true,"admission_mode":"unconditional","hal_bytes_per_call_amortized":9446998.9,"process_rss_kb":26376,"process_rss_delta_init_kb":1740}
EVS Port1 1980-012-14:39:01.00445 66/1/CFE_TIME 21: Stop FLYWHEEL
EVS Port1 1980-012-14:39:02.00753 66/1/CFE_TIME 20: Start FLYWHEEL
.EVS Port1 1980-012-14:39:07.93289 66/1/AI_LEARNER 4: AI_LEARNER completed=252/252 mean=7932933.2us max=13544548.5us hal_peak=9382092 within_bounded=1
{"app":"AI_LEARNER","stage":"run","model":"smartcam","target":"aarch64-unknown-linux-gnu","attempted":252,"completed":252,"fail_input":0,"fail_invoke":0,"fail_output":0,"mean_us":7932933.19,"max_us":13544548.50,"last_us":7564299.89,"out0":0.84148,"out":[0.841482,0.111485,0.047032]}
{"app":"AI_LEARNER","stage":"mem","model":"smartcam","target":"aarch64-unknown-linux-gnu","completed":252,"hal_peak":9382092,"peak_within_bounded":true,"admitted_budget_bytes":18222796,"peak_within_admitted_budget":true,"admission_mode":"unconditional","hal_bytes_per_call_amortized":9444352.0,"process_rss_kb":26376,"process_rss_delta_init_kb":1740}
..EVS Port1 1980-012-14:39:15.96343 66/1/AI_LEARNER 4: AI_LEARNER completed=253/253 mean=7933344.6us max=13544548.5us hal_peak=9382092 within_bounded=1
{"app":"AI_LEARNER","stage":"run","model":"smartcam","target":"aarch64-unknown-linux-gnu","attempted":253,"completed":253,"fail_input":0,"fail_invoke":0,"fail_output":0,"mean_us":7933344.56,"max_us":13544548.50,"last_us":8037008.08,"out0":0.84148,"out":[0.841482,0.111485,0.047032]}
{"app":"AI_LEARNER","stage":"mem","model":"smartcam","target":"aarch64-unknown-linux-gnu","completed":253,"hal_peak":9382092,"peak_within_bounded":true,"admitted_budget_bytes":18222796,"peak_within_admitted_budget":true,"admission_mode":"unconditional","hal_bytes_per_call_amortized":9441726.0,"process_rss_kb":26376,"process_rss_delta_init_kb":1740}
.EVS Port1 1980-012-14:39:21.03984 66/1/CFE_TIME 20: Start FLYWHEEL
EVS Port1 1980-012-14:39:21.00445 66/1/CFE_TIME 21: Stop FLYWHEEL
EVS Port1 1980-012-14:39:24.07601 66/1/AI_LEARNER 4: AI_LEARNER completed=254/254 mean=7934156.9us max=13544548.5us hal_peak=9382092 within_bounded=1
{"app":"AI_LEARNER","stage":"run","model":"smartcam","target":"aarch64-unknown-linux-gnu","attempted":254,"completed":254,"fail_input":0,"fail_invoke":0,"fail_output":0,"mean_us":7934156.88,"max_us":13544548.50,"last_us":8139674.77,"out0":0.84148,"out":[0.841482,0.111485,0.047032]}
{"app":"AI_LEARNER","stage":"mem","model":"smartcam","target":"aarch64-unknown-linux-gnu","completed":254,"hal_peak":9382092,"peak_within_bounded":true,"admitted_budget_bytes":18222796,"peak_within_admitted_budget":true,"admission_mode":"unconditional","hal_bytes_per_call_amortized":9439120.7,"process_rss_kb":26376,"process_rss_delta_init_kb":1740}
.EVS Port1 1980-012-14:39:32.03329 66/1/AI_LEARNER 4: AI_LEARNER completed=255/255 mean=7934293.2us max=13544548.5us hal_peak=9382092 within_bounded=1
{"app":"AI_LEARNER","stage":"run","model":"smartcam","target":"aarch64-unknown-linux-gnu","attempted":255,"completed":255,"fail_input":0,"fail_invoke":0,"fail_output":0,"mean_us":7934293.17,"max_us":13544548.50,"last_us":7968910.29,"out0":0.84148,"out":[0.841482,0.111485,0.047032]}
{"app":"AI_LEARNER","stage":"mem","model":"smartcam","target":"aarch64-unknown-linux-gnu","completed":255,"hal_peak":9382092,"peak_within_bounded":true,"admitted_budget_bytes":18222796,"peak_within_admitted_budget":true,"admission_mode":"unconditional","hal_bytes_per_call_amortized":9436535.8,"process_rss_kb":26376,"process_rss_delta_init_kb":1740}
..{"app":"AI_LEARNER","stage":"run","model":"smartcam","target":"aarch64-unknown-linux-gnu","attempted":256,"completed":256,"fail_input":0,"fail_invoke":0,"fail_output":0,"mean_us":7934306.99,"max_us":13544548.50,"last_us":7937831.36,"out0":0.84148,"out":[0.841482,0.111485,0.047032]}
EVS Port1 1980-012-14:39:39.98330 66/1/AI_LEARNER 4: AI_LEARNER completed=256/256 mean=7934307.0us max=13544548.5us hal_peak=9382092 within_bounded=1
{"app":"AI_LEARNER","stage":"mem","model":"smartcam","target":"aarch64-unknown-linux-gnu","completed":256,"hal_peak":9382092,"peak_within_bounded":true,"admitted_budget_bytes":18222796,"peak_within_admitted_budget":true,"admission_mode":"unconditional","hal_bytes_per_call_amortized":9433971.1,"process_rss_kb":26376,"process_rss_delta_init_kb":1740}
.EVS Port1 1980-012-14:39:48.17100 66/1/AI_LEARNER 4: AI_LEARNER completed=257/257 mean=7935269.9us max=13544548.5us hal_peak=9382092 within_bounded=1
{"app":"AI_LEARNER","stage":"run","model":"smartcam","target":"aarch64-unknown-linux-gnu","attempted":257,"completed":257,"fail_input":0,"fail_invoke":0,"fail_output":0,"mean_us":7935269.91,"max_us":13544548.50,"last_us":8181777.25,"out0":0.84148,"out":[0.841482,0.111485,0.047032]}
{"app":"AI_LEARNER","stage":"mem","model":"smartcam","target":"aarch64-unknown-linux-gnu","completed":257,"hal_peak":9382092,"peak_within_bounded":true,"admitted_budget_bytes":18222796,"peak_within_admitted_budget":true,"admission_mode":"unconditional","hal_bytes_per_call_amortized":9431426.4,"process_rss_kb":26376,"process_rss_delta_init_kb":1740}
.EVS Port1 1980-012-14:39:51.00628 66/1/CFE_TIME 21: Stop FLYWHEEL
EVS Port1 1980-012-14:39:52.00369 66/1/CFE_TIME 20: Start FLYWHEEL
.EVS Port1 1980-012-14:39:56.45657 66/1/AI_LEARNER 4: AI_LEARNER completed=258/258 mean=7936843.4us max=13544548.5us hal_peak=9382092 within_bounded=1
{"app":"AI_LEARNER","stage":"run","model":"smartcam","target":"aarch64-unknown-linux-gnu","attempted":258,"completed":258,"fail_input":0,"fail_invoke":0,"fail_output":0,"mean_us":7936843.40,"max_us":13544548.50,"last_us":8341229.18,"out0":0.84148,"out":[0.841482,0.111485,0.047032]}
{"app":"AI_LEARNER","stage":"mem","model":"smartcam","target":"aarch64-unknown-linux-gnu","completed":258,"hal_peak":9382092,"peak_within_bounded":true,"admitted_budget_bytes":18222796,"peak_within_admitted_budget":true,"admission_mode":"unconditional","hal_bytes_per_call_amortized":9428901.4,"process_rss_kb":26376,"process_rss_delta_init_kb":1740}
EVS Port1 1980-012-14:40:01.00454 66/1/CFE_TIME 21: Stop FLYWHEEL
.EVS Port1 1980-012-14:40:01.99653 66/1/CFE_TIME 20: Start FLYWHEEL
EVS Port1 1980-012-14:40:03.42298 66/1/AI_LEARNER 4: AI_LEARNER completed=259/259 mean=7936890.2us max=13544548.5us hal_peak=9382092 within_bounded=1
{"app":"AI_LEARNER","stage":"run","model":"smartcam","target":"aarch64-unknown-linux-gnu","attempted":259,"completed":259,"fail_input":0,"fail_invoke":0,"fail_output":0,"mean_us":7936890.23,"max_us":13544548.50,"last_us":7948973.63,"out0":0.84148,"out":[0.841482,0.111485,0.047032]}
{"app":"AI_LEARNER","stage":"mem","model":"smartcam","target":"aarch64-unknown-linux-gnu","completed":259,"hal_peak":9382092,"peak_within_bounded":true,"admitted_budget_bytes":18222796,"peak_within_admitted_budget":true,"admission_mode":"unconditional","hal_bytes_per_call_amortized":9426396.0,"process_rss_kb":26376,"process_rss_delta_init_kb":1740}
EVS Port1 1980-012-14:40:05.00782 66/1/CFE_TIME 21: Stop FLYWHEEL
EVS Port1 1980-012-14:40:05.99800 66/1/CFE_TIME 20: Start FLYWHEEL
.EVS Port1 1980-012-14:40:11.65582 66/1/AI_LEARNER 4: AI_LEARNER completed=260/260 mean=7938140.3us max=13544548.5us hal_peak=9382092 within_bounded=1
{"app":"AI_LEARNER","stage":"run","model":"smartcam","target":"aarch64-unknown-linux-gnu","attempted":260,"completed":260,"fail_input":0,"fail_invoke":0,"fail_output":0,"mean_us":7938140.27,"max_us":13544548.50,"last_us":8261900.06,"out0":0.84148,"out":[0.841482,0.111485,0.047032]}
{"app":"AI_LEARNER","stage":"mem","model":"smartcam","target":"aarch64-unknown-linux-gnu","completed":260,"hal_peak":9382092,"peak_within_bounded":true,"admitted_budget_bytes":18222796,"peak_within_admitted_budget":true,"admission_mode":"unconditional","hal_bytes_per_call_amortized":9423909.7,"process_rss_kb":26376,"process_rss_delta_init_kb":1740}
..{"app":"AI_LEARNER","stage":"run","model":"smartcam","target":"aarch64-unknown-linux-gnu","attempted":261,"completed":261,"fail_input":0,"fail_invoke":0,"fail_output":0,"mean_us":7939040.06,"max_us":13544548.50,"last_us":8172987.15,"out0":0.84148,"out":[0.841482,0.111485,0.047032]}
EVS Port1 1980-012-14:40:19.82934 66/1/AI_LEARNER 4: AI_LEARNER completed=261/261 mean=7939040.1us max=13544548.5us hal_peak=9382092 within_bounded=1
{"app":"AI_LEARNER","stage":"mem","model":"smartcam","target":"aarch64-unknown-linux-gnu","completed":261,"hal_peak":9382092,"peak_within_bounded":true,"admitted_budget_bytes":18222796,"peak_within_admitted_budget":true,"admission_mode":"unconditional","hal_bytes_per_call_amortized":9421442.6,"process_rss_kb":26376,"process_rss_delta_init_kb":1740}
EVS Port1 1980-012-14:40:22.00398 66/1/CFE_TIME 21: Stop FLYWHEEL
EVS Port1 1980-012-14:40:22.98431 66/1/CFE_TIME 20: Start FLYWHEEL
.EVS Port1 1980-012-14:40:27.62696 66/1/AI_LEARNER 4: AI_LEARNER completed=262/262 mean=7938487.5us max=13544548.5us hal_peak=9382092 within_bounded=1
{"app":"AI_LEARNER","stage":"run","model":"smartcam","target":"aarch64-unknown-linux-gnu","attempted":262,"completed":262,"fail_input":0,"fail_invoke":0,"fail_output":0,"mean_us":7938487.49,"max_us":13544548.50,"last_us":7794264.62,"out0":0.84148,"out":[0.841482,0.111485,0.047032]}
{"app":"AI_LEARNER","stage":"mem","model":"smartcam","target":"aarch64-unknown-linux-gnu","completed":262,"hal_peak":9382092,"peak_within_bounded":true,"admitted_budget_bytes":18222796,"peak_within_admitted_budget":true,"admission_mode":"unconditional","hal_bytes_per_call_amortized":9418994.2,"process_rss_kb":26376,"process_rss_delta_init_kb":1740}
.EVS Port1 1980-012-14:40:35.53666 66/1/AI_LEARNER 4: AI_LEARNER completed=263/263 mean=7938302.8us max=13544548.5us hal_peak=9382092 within_bounded=1
{"app":"AI_LEARNER","stage":"run","model":"smartcam","target":"aarch64-unknown-linux-gnu","attempted":263,"completed":263,"fail_input":0,"fail_invoke":0,"fail_output":0,"mean_us":7938302.77,"max_us":13544548.50,"last_us":7889906.72,"out0":0.84148,"out":[0.841482,0.111485,0.047032]}
{"app":"AI_LEARNER","stage":"mem","model":"smartcam","target":"aarch64-unknown-linux-gnu","completed":263,"hal_peak":9382092,"peak_within_bounded":true,"admitted_budget_bytes":18222796,"peak_within_admitted_budget":true,"admission_mode":"unconditional","hal_bytes_per_call_amortized":9416564.5,"process_rss_kb":26376,"process_rss_delta_init_kb":1740}
..EVS Port1 1980-012-14:40:43.55892 66/1/AI_LEARNER 4: AI_LEARNER completed=264/264 mean=7938568.8us max=13544548.5us hal_peak=9382092 within_bounded=1
{"app":"AI_LEARNER","stage":"run","model":"smartcam","target":"aarch64-unknown-linux-gnu","attempted":264,"completed":264,"fail_input":0,"fail_invoke":0,"fail_output":0,"mean_us":7938568.81,"max_us":13544548.50,"last_us":8008538.26,"out0":0.84148,"out":[0.841482,0.111485,0.047032]}
{"app":"AI_LEARNER","stage":"mem","model":"smartcam","target":"aarch64-unknown-linux-gnu","completed":264,"hal_peak":9382092,"peak_within_bounded":true,"admitted_budget_bytes":18222796,"peak_within_admitted_budget":true,"admission_mode":"unconditional","hal_bytes_per_call_amortized":9414153.2,"process_rss_kb":26376,"process_rss_delta_init_kb":1740}
.EVS Port1 1980-012-14:40:50.00534 66/1/CFE_TIME 21: Stop FLYWHEEL
EVS Port1 1980-012-14:40:50.99812 66/1/CFE_TIME 20: Start FLYWHEEL
EVS Port1 1980-012-14:40:51.47000 66/1/AI_LEARNER 4: AI_LEARNER completed=265/265 mean=7938626.1us max=13544548.5us hal_peak=9382092 within_bounded=1
{"app":"AI_LEARNER","stage":"run","model":"smartcam","target":"aarch64-unknown-linux-gnu","attempted":265,"completed":265,"fail_input":0,"fail_invoke":0,"fail_output":0,"mean_us":7938626.14,"max_us":13544548.50,"last_us":7953760.96,"out0":0.84148,"out":[0.841482,0.111485,0.047032]}
{"app":"AI_LEARNER","stage":"mem","model":"smartcam","target":"aarch64-unknown-linux-gnu","completed":265,"hal_peak":9382092,"peak_within_bounded":true,"admitted_budget_bytes":18222796,"peak_within_admitted_budget":true,"admission_mode":"unconditional","hal_bytes_per_call_amortized":9411760.1,"process_rss_kb":26376,"process_rss_delta_init_kb":1740}
.{"app":"AI_LEARNER","stage":"run","model":"smartcam","target":"aarch64-unknown-linux-gnu","attempted":266,"completed":266,"fail_input":0,"fail_invoke":0,"fail_output":0,"mean_us":7938412.54,"max_us":13544548.50,"last_us":7881808.18,"out0":0.84148,"out":[0.841482,0.111485,0.047032]}
EVS Port1 1980-012-14:40:59.36956 66/1/AI_LEARNER 4: AI_LEARNER completed=266/266 mean=7938412.5us max=13544548.5us hal_peak=9382092 within_bounded=1
{"app":"AI_LEARNER","stage":"mem","model":"smartcam","target":"aarch64-unknown-linux-gnu","completed":266,"hal_peak":9382092,"peak_within_bounded":true,"admitted_budget_bytes":18222796,"peak_within_admitted_budget":true,"admission_mode":"unconditional","hal_bytes_per_call_amortized":9409385.0,"process_rss_kb":26376,"process_rss_delta_init_kb":1740}
.EVS Port1 1980-012-14:41:07.08726 66/1/AI_LEARNER 4: AI_LEARNER completed=267/267 mean=7937638.5us max=13544548.5us hal_peak=9382092 within_bounded=1
{"app":"AI_LEARNER","stage":"run","model":"smartcam","target":"aarch64-unknown-linux-gnu","attempted":267,"completed":267,"fail_input":0,"fail_invoke":0,"fail_output":0,"mean_us":7937638.53,"max_us":13544548.50,"last_us":7731751.46,"out0":0.84148,"out":[0.841482,0.111485,0.047032]}
{"app":"AI_LEARNER","stage":"mem","model":"smartcam","target":"aarch64-unknown-linux-gnu","completed":267,"hal_peak":9382092,"peak_within_bounded":true,"admitted_budget_bytes":18222796,"peak_within_admitted_budget":true,"admission_mode":"unconditional","hal_bytes_per_call_amortized":9407027.7,"process_rss_kb":26376,"process_rss_delta_init_kb":1740}
..EVS Port1 1980-012-14:41:14.78466 66/1/AI_LEARNER 4: AI_LEARNER completed=268/268 mean=7936689.0us max=13544548.5us hal_peak=9382092 within_bounded=1
{"app":"AI_LEARNER","stage":"run","model":"smartcam","target":"aarch64-unknown-linux-gnu","attempted":268,"completed":268,"fail_input":0,"fail_invoke":0,"fail_output":0,"mean_us":7936688.96,"max_us":13544548.50,"last_us":7683153.71,"out0":0.84148,"out":[0.841482,0.111485,0.047032]}
{"app":"AI_LEARNER","stage":"mem","model":"smartcam","target":"aarch64-unknown-linux-gnu","completed":268,"hal_peak":9382092,"peak_within_bounded":true,"admitted_budget_bytes":18222796,"peak_within_admitted_budget":true,"admission_mode":"unconditional","hal_bytes_per_call_amortized":9404688.0,"process_rss_kb":26376,"process_rss_delta_init_kb":1740}
.EVS Port1 1980-012-14:41:21.15711 66/1/CFE_TIME 20: Start FLYWHEEL
EVS Port1 1980-012-14:41:21.00509 66/1/CFE_TIME 21: Stop FLYWHEEL
EVS Port1 1980-012-14:41:22.64305 66/1/AI_LEARNER 4: AI_LEARNER completed=269/269 mean=7936948.3us max=13544548.5us hal_peak=9382092 within_bounded=1
{"app":"AI_LEARNER","stage":"run","model":"smartcam","target":"aarch64-unknown-linux-gnu","attempted":269,"completed":269,"fail_input":0,"fail_invoke":0,"fail_output":0,"mean_us":7936948.27,"max_us":13544548.50,"last_us":8006444.90,"out0":0.84148,"out":[0.841482,0.111485,0.047032]}
{"app":"AI_LEARNER","stage":"mem","model":"smartcam","target":"aarch64-unknown-linux-gnu","completed":269,"hal_peak":9382092,"peak_within_bounded":true,"admitted_budget_bytes":18222796,"peak_within_admitted_budget":true,"admission_mode":"unconditional","hal_bytes_per_call_amortized":9402365.6,"process_rss_kb":26376,"process_rss_delta_init_kb":1740}
..{"app":"AI_LEARNER","stage":"run","model":"smartcam","target":"aarch64-unknown-linux-gnu","attempted":270,"completed":270,"fail_input":0,"fail_invoke":0,"fail_output":0,"mean_us":7939588.49,"max_us":13544548.50,"last_us":8649806.11,"out0":0.84148,"out":[0.841482,0.111485,0.047032]}
EVS Port1 1980-012-14:41:31.30043 66/1/AI_LEARNER 4: AI_LEARNER completed=270/270 mean=7939588.5us max=13544548.5us hal_peak=9382092 within_bounded=1
{"app":"AI_LEARNER","stage":"mem","model":"smartcam","target":"aarch64-unknown-linux-gnu","completed":270,"hal_peak":9382092,"peak_within_bounded":true,"admitted_budget_bytes":18222796,"peak_within_admitted_budget":true,"admission_mode":"unconditional","hal_bytes_per_call_amortized":9400060.5,"process_rss_kb":26376,"process_rss_delta_init_kb":1740}
.EVS Port1 1980-012-14:41:39.23179 66/1/AI_LEARNER 4: AI_LEARNER completed=271/271 mean=7939573.0us max=13544548.5us hal_peak=9382092 within_bounded=1
{"app":"AI_LEARNER","stage":"run","model":"smartcam","target":"aarch64-unknown-linux-gnu","attempted":271,"completed":271,"fail_input":0,"fail_invoke":0,"fail_output":0,"mean_us":7939572.96,"max_us":13544548.50,"last_us":7935380.93,"out0":0.84148,"out":[0.841482,0.111485,0.047032]}
{"app":"AI_LEARNER","stage":"mem","model":"smartcam","target":"aarch64-unknown-linux-gnu","completed":271,"hal_peak":9382092,"peak_within_bounded":true,"admitted_budget_bytes":18222796,"peak_within_admitted_budget":true,"admission_mode":"unconditional","hal_bytes_per_call_amortized":9397772.4,"process_rss_kb":26376,"process_rss_delta_init_kb":1740}
.EVS Port1 1980-012-14:41:47.31388 66/1/AI_LEARNER 4: AI_LEARNER completed=272/272 mean=7940031.8us max=13544548.5us hal_peak=9382092 within_bounded=1
{"app":"AI_LEARNER","stage":"run","model":"smartcam","target":"aarch64-unknown-linux-gnu","attempted":272,"completed":272,"fail_input":0,"fail_invoke":0,"fail_output":0,"mean_us":7940031.81,"max_us":13544548.50,"last_us":8064380.72,"out0":0.84148,"out":[0.841482,0.111485,0.047032]}
{"app":"AI_LEARNER","stage":"mem","model":"smartcam","target":"aarch64-unknown-linux-gnu","completed":272,"hal_peak":9382092,"peak_within_bounded":true,"admitted_budget_bytes":18222796,"peak_within_admitted_budget":true,"admission_mode":"unconditional","hal_bytes_per_call_amortized":9395501.1,"process_rss_kb":26376,"process_rss_delta_init_kb":1740}
.EVS Port1 1980-012-14:41:50.00373 66/1/CFE_TIME 21: Stop FLYWHEEL
EVS Port1 1980-012-14:41:50.99832 66/1/CFE_TIME 20: Start FLYWHEEL
{"app":"AI_LEARNER","stage":"run","model":"smartcam","target":"aarch64-unknown-linux-gnu","attempted":273,"completed":273,"fail_input":0,"fail_invoke":0,"fail_output":0,"mean_us":7939749.66,"max_us":13544548.50,"last_us":7863004.86,"out0":0.84148,"out":[0.841482,0.111485,0.047032]}
{"app":"AI_LEARNER","stage":"mem","model":"smartcam","target":"aarch64-unknown-linux-gnu","completed":273,"hal_peak":9382092,"peak_within_bounded":true,"admitted_budget_bytes":18222796,"peak_within_admitted_budget":true,"admission_mode":"unconditional","hal_bytes_per_call_amortized":9393246.4,"process_rss_kb":26376,"process_rss_delta_init_kb":1740}
EVS Port1 1980-012-14:41:55.18109 66/1/AI_LEARNER 4: AI_LEARNER completed=273/273 mean=7939749.7us max=13544548.5us hal_peak=9382092 within_bounded=1
.EVS Port1 1980-012-14:42:01.00495 66/1/CFE_TIME 21: Stop FLYWHEEL
.EVS Port1 1980-012-14:42:01.99113 66/1/CFE_TIME 20: Start FLYWHEEL
EVS Port1 1980-012-14:42:03.41615 66/1/AI_LEARNER 4: AI_LEARNER completed=274/274 mean=7940888.3us max=13544548.5us hal_peak=9382092 within_bounded=1
{"app":"AI_LEARNER","stage":"run","model":"smartcam","target":"aarch64-unknown-linux-gnu","attempted":274,"completed":274,"fail_input":0,"fail_invoke":0,"fail_output":0,"mean_us":7940888.35,"max_us":13544548.50,"last_us":8251748.30,"out0":0.84148,"out":[0.841482,0.111485,0.047032]}
{"app":"AI_LEARNER","stage":"mem","model":"smartcam","target":"aarch64-unknown-linux-gnu","completed":274,"hal_peak":9382092,"peak_within_bounded":true,"admitted_budget_bytes":18222796,"peak_within_admitted_budget":true,"admission_mode":"unconditional","hal_bytes_per_call_amortized":9391008.2,"process_rss_kb":26376,"process_rss_delta_init_kb":1740}
EVS Port1 1980-012-14:42:07.00914 66/1/CFE_TIME 21: Stop FLYWHEEL
.EVS Port1 1980-012-14:42:07.99412 66/1/CFE_TIME 20: Start FLYWHEEL
EVS Port1 1980-012-14:42:11.39329 66/1/AI_LEARNER 4: AI_LEARNER completed=275/275 mean=7941090.3us max=13544548.5us hal_peak=9382092 within_bounded=1
{"app":"AI_LEARNER","stage":"run","model":"smartcam","target":"aarch64-unknown-linux-gnu","attempted":275,"completed":275,"fail_input":0,"fail_invoke":0,"fail_output":0,"mean_us":7941090.27,"max_us":13544548.50,"last_us":7996416.91,"out0":0.84148,"out":[0.841482,0.111485,0.047032]}
{"app":"AI_LEARNER","stage":"mem","model":"smartcam","target":"aarch64-unknown-linux-gnu","completed":275,"hal_peak":9382092,"peak_within_bounded":true,"admitted_budget_bytes":18222796,"peak_within_admitted_budget":true,"admission_mode":"unconditional","hal_bytes_per_call_amortized":9388786.3,"process_rss_kb":26376,"process_rss_delta_init_kb":1740}
.EVS Port1 1980-012-14:42:19.12042 66/1/AI_LEARNER 4: AI_LEARNER completed=276/276 mean=7940279.3us max=13544548.5us hal_peak=9382092 within_bounded=1
{"app":"AI_LEARNER","stage":"run","model":"smartcam","target":"aarch64-unknown-linux-gnu","attempted":276,"completed":276,"fail_input":0,"fail_invoke":0,"fail_output":0,"mean_us":7940279.26,"max_us":13544548.50,"last_us":7717251.92,"out0":0.84148,"out":[0.841482,0.111485,0.047032]}
{"app":"AI_LEARNER","stage":"mem","model":"smartcam","target":"aarch64-unknown-linux-gnu","completed":276,"hal_peak":9382092,"peak_within_bounded":true,"admitted_budget_bytes":18222796,"peak_within_admitted_budget":true,"admission_mode":"unconditional","hal_bytes_per_call_amortized":9386580.5,"process_rss_kb":26376,"process_rss_delta_init_kb":1740}
.EVS Port1 1980-012-14:42:20.00994 66/1/CFE_TIME 21: Stop FLYWHEEL
EVS Port1 1980-012-14:42:20.99537 66/1/CFE_TIME 20: Start FLYWHEEL
.EVS Port1 1980-012-14:42:26.94291 66/1/AI_LEARNER 4: AI_LEARNER completed=277/277 mean=7939884.4us max=13544548.5us hal_peak=9382092 within_bounded=1
{"app":"AI_LEARNER","stage":"run","model":"smartcam","target":"aarch64-unknown-linux-gnu","attempted":277,"completed":277,"fail_input":0,"fail_invoke":0,"fail_output":0,"mean_us":7939884.36,"max_us":13544548.50,"last_us":7830891.94,"out0":0.84148,"out":[0.841482,0.111485,0.047032]}
{"app":"AI_LEARNER","stage":"mem","model":"smartcam","target":"aarch64-unknown-linux-gnu","completed":277,"hal_peak":9382092,"peak_within_bounded":true,"admitted_budget_bytes":18222796,"peak_within_admitted_budget":true,"admission_mode":"unconditional","hal_bytes_per_call_amortized":9384390.6,"process_rss_kb":26376,"process_rss_delta_init_kb":1740}
.EVS Port1 1980-012-14:42:34.66308 66/1/AI_LEARNER 4: AI_LEARNER completed=278/278 mean=7939041.0us max=13544548.5us hal_peak=9382092 within_bounded=1
{"app":"AI_LEARNER","stage":"run","model":"smartcam","target":"aarch64-unknown-linux-gnu","attempted":278,"completed":278,"fail_input":0,"fail_invoke":0,"fail_output":0,"mean_us":7939041.02,"max_us":13544548.50,"last_us":7705435.23,"out0":0.84148,"out":[0.841482,0.111485,0.047032]}
{"app":"AI_LEARNER","stage":"mem","model":"smartcam","target":"aarch64-unknown-linux-gnu","completed":278,"hal_peak":9382092,"peak_within_bounded":true,"admitted_budget_bytes":18222796,"peak_within_admitted_budget":true,"admission_mode":"unconditional","hal_bytes_per_call_amortized":9382216.4,"process_rss_kb":26376,"process_rss_delta_init_kb":1740}
.EVS Port1 1980-012-14:42:42.37635 66/1/AI_LEARNER 4: AI_LEARNER completed=279/279 mean=7938176.5us max=13544548.5us hal_peak=9382092 within_bounded=1
{"app":"AI_LEARNER","stage":"run","model":"smartcam","target":"aarch64-unknown-linux-gnu","attempted":279,"completed":279,"fail_input":0,"fail_invoke":0,"fail_output":0,"mean_us":7938176.46,"max_us":13544548.50,"last_us":7697830.11,"out0":0.84148,"out":[0.841482,0.111485,0.047032]}
{"app":"AI_LEARNER","stage":"mem","model":"smartcam","target":"aarch64-unknown-linux-gnu","completed":279,"hal_peak":9382092,"peak_within_bounded":true,"admitted_budget_bytes":18222796,"peak_within_admitted_budget":true,"admission_mode":"unconditional","hal_bytes_per_call_amortized":9380057.9,"process_rss_kb":26376,"process_rss_delta_init_kb":1740}
..EVS Port1 1980-012-14:42:50.00494 66/1/CFE_TIME 21: Stop FLYWHEEL
{"app":"AI_LEARNER","stage":"run","model":"smartcam","target":"aarch64-unknown-linux-gnu","attempted":280,"completed":280,"fail_input":0,"fail_invoke":0,"fail_output":0,"mean_us":7938066.91,"max_us":13544548.50,"last_us":7907502.62,"out0":0.84148,"out":[0.841482,0.111485,0.047032]}
EVS Port1 1980-012-14:42:50.18518 66/1/AI_LEARNER 4: AI_LEARNER completed=280/280 mean=7938066.9us max=13544548.5us hal_peak=9382092 within_bounded=1
{"app":"AI_LEARNER","stage":"mem","model":"smartcam","target":"aarch64-unknown-linux-gnu","completed":280,"hal_peak":9382092,"peak_within_bounded":true,"admitted_budget_bytes":18222796,"peak_within_admitted_budget":true,"admission_mode":"unconditional","hal_bytes_per_call_amortized":9377914.8,"process_rss_kb":26376,"process_rss_delta_init_kb":1740}
EVS Port1 1980-012-14:42:50.99728 66/1/CFE_TIME 20: Start FLYWHEEL
.EVS Port1 1980-012-14:42:57.85905 66/1/AI_LEARNER 4: AI_LEARNER completed=281/281 mean=7937109.5us max=13544548.5us hal_peak=9382092 within_bounded=1
{"app":"AI_LEARNER","stage":"run","model":"smartcam","target":"aarch64-unknown-linux-gnu","attempted":281,"completed":281,"fail_input":0,"fail_invoke":0,"fail_output":0,"mean_us":7937109.52,"max_us":13544548.50,"last_us":7669039.58,"out0":0.84148,"out":[0.841482,0.111485,0.047032]}
{"app":"AI_LEARNER","stage":"mem","model":"smartcam","target":"aarch64-unknown-linux-gnu","completed":281,"hal_peak":9382092,"peak_within_bounded":true,"admitted_budget_bytes":18222796,"peak_within_admitted_budget":true,"admission_mode":"unconditional","hal_bytes_per_call_amortized":9375786.9,"process_rss_kb":26376,"process_rss_delta_init_kb":1740}
.EVS Port1 1980-012-14:43:05.30059 66/1/AI_LEARNER 4: AI_LEARNER completed=282/282 mean=7935300.1us max=13544548.5us hal_peak=9382092 within_bounded=1
{"app":"AI_LEARNER","stage":"run","model":"smartcam","target":"aarch64-unknown-linux-gnu","attempted":282,"completed":282,"fail_input":0,"fail_invoke":0,"fail_output":0,"mean_us":7935300.15,"max_us":13544548.50,"last_us":7426866.74,"out0":0.84148,"out":[0.841482,0.111485,0.047032]}
{"app":"AI_LEARNER","stage":"mem","model":"smartcam","target":"aarch64-unknown-linux-gnu","completed":282,"hal_peak":9382092,"peak_within_bounded":true,"admitted_budget_bytes":18222796,"peak_within_admitted_budget":true,"admission_mode":"unconditional","hal_bytes_per_call_amortized":9373674.1,"process_rss_kb":26376,"process_rss_delta_init_kb":1740}
.1980-012-14:43:07.67700 CFE_ES_RunExceptionScan: ExceptionID 0x1110000 in TaskID 0: Caught SIGINT
1980-012-14:43:07.67764 CFE_ES_RunExceptionScan: Processor Reset count not reached (0/2)
CFE_PSP: Exiting cFE with PROCESSOR Reset status.

CFE_PSP: Shutdown initiated - Exiting cFE
CI delete callback -- Closing CI Network socket.
TO delete callback -- Closing TO Network socket.
EVS Port1 1980-012-14:43:12.55781 66/1/AI_LEARNER 4: AI_LEARNER completed=283/283 mean=7932867.6us max=13544548.5us hal_peak=9382092 within_bounded=1
EXIT=124
